Protocol,Seed,nNodes,nFlows,MaxPaths,InitEnergy_J,PktInterval_s,PDR,Throughput_kbps,Delay_ms,Jitter_ms,TxPkts,RxPkts,CtrlBytes,NRL,EnergyConsumed_J,EnergyPerPkt_J,LiveNodes,Tag,Speed_ms,GmAlpha,AreaZ,TxPowerDbm,RangeM,Bcast11,QoS,MacQueuePkts,RandomPairs,W3,Gamma,SilenceThr,DecayFactor,EnableDecay,AdaptiveW3,TrendEps,MacQueueSignal,MacFeedback,NextHopQueue,QueueState,QueueEps,HybridSelect,DecayPosOnly,DelayScale,DelayPw_ms,MeanMacQt,FracMacQtPos,MaxMacQt,MeanRouteQt,FbAck,FbDrop,FbExpired,Deg250,Deg500,Deg1000,TopoFingerprint,BaselineCfg,CtrlPktsAll,CtrlBytesAll,NRLall,NRLpkt,MeanNhQ,FracNhQPos,QsDecayed,QsTrendBumps
AODV,1,20,19,3,50.0,0.1,0.396683,16.695663,74.299098,29.27864,37022,14686,1036194,13.066034,0.0,0.0,20,A_N20_pi010|AODV,5.0,0.85,300.0,16.0,0.0,0,0,0,0,0.1,0.9,15.0,0.92,1,1,1,1,1,1,1,1,1,1,0.05,56.471585,0.0,0.0,0.0,0.0,0,0,0,2.44359,8.884615,18.407692,22539.664836,-,36691,1747092,22.030203,2.498366,0.0,0.0,0,0
AODV,10,20,19,3,50.0,0.1,0.566879,23.858905,42.179784,26.428334,37022,20987,882794,7.789602,0.0,0.0,20,A_N20_pi010|AODV,5.0,0.85,300.0,16.0,0.0,0,0,0,0,0.1,0.9,15.0,0.92,1,1,1,1,1,1,1,1,1,1,0.05,34.218751,0.0,0.0,0.0,0.0,0,0,0,2.266667,8.910256,18.530769,23279.71399,-,29883,1410680,12.447565,1.423881,0.0,0.0,0,0
AODV,11,20,19,3,50.0,0.1,0.502377,22.3188,10.321654,6.082793,37022,18599,171592,1.708495,0.0,0.0,20,A_N20_pi010|AODV,5.0,0.85,300.0,16.0,0.0,0,0,0,0,0.1,0.9,15.0,0.92,1,1,1,1,1,1,1,1,1,1,0.05,9.690468,0.0,0.0,0.0,0.0,0,0,0,2.235897,8.123077,18.446154,24281.639952,-,8703,411284,4.095043,0.467928,0.0,0.0,0,0
AODV,12,20,19,3,50.0,0.1,0.653179,27.491116,4.71882,3.1201,37022,24182,126788,0.97094,0.0,0.0,20,A_N20_pi010|AODV,5.0,0.85,300.0,16.0,0.0,0,0,0,0,0.1,0.9,15.0,0.92,1,1,1,1,1,1,1,1,1,1,0.05,4.620675,0.0,0.0,0.0,0.0,0,0,0,2.353846,8.851282,18.789744,24864.637506,-,7370,349124,2.673583,0.304772,0.0,0.0,0,0
AODV,13,20,19,3,50.0,0.1,0.597699,25.156042,65.919482,21.297338,37022,22128,721198,6.035574,0.0,0.0,20,A_N20_pi010|AODV,5.0,0.85,300.0,16.0,0.0,0,0,0,0,0.1,0.9,15.0,0.92,1,1,1,1,1,1,1,1,1,1,0.05,50.205196,0.0,0.0,0.0,0.0,0,0,0,2.353846,9.04359,18.530769,23376.285305,-,28348,1346088,11.265164,1.281092,0.0,0.0,0,0
AODV,14,20,19,3,50.0,0.1,0.633407,26.658947,91.425025,39.204865,37022,23450,1101106,8.695459,0.0,0.0,20,A_N20_pi010|AODV,5.0,0.85,300.0,16.0,0.0,0,0,0,0,0.1,0.9,15.0,0.92,1,1,1,1,1,1,1,1,1,1,0.05,72.306899,0.0,0.0,0.0,0.0,0,0,0,2.205128,8.733333,18.602564,24764.712314,-,39060,1856006,14.656922,1.665672,0.0,0.0,0,0
AODV,15,20,19,3,50.0,0.1,0.530684,22.335537,191.008564,77.260638,37022,19647,2946670,27.774196,0.0,0.0,20,A_N20_pi010|AODV,5.0,0.85,300.0,16.0,0.0,0,0,0,0,0.1,0.9,15.0,0.92,1,1,1,1,1,1,1,1,1,1,0.05,142.910314,0.0,0.0,0.0,0.0,0,0,0,1.969231,8.435897,18.364103,24698.448431,-,93500,4454052,41.982208,4.758996,0.0,0.0,0,0
AODV,16,20,19,3,50.0,0.1,0.674005,28.367621,18.542804,8.919768,37022,24953,253038,1.877886,0.0,0.0,20,A_N20_pi010|AODV,5.0,0.85,300.0,16.0,0.0,0,0,0,0,0.1,0.9,15.0,0.92,1,1,1,1,1,1,1,1,1,1,0.05,17.938999,0.0,0.0,0.0,0.0,0,0,0,1.825641,8.146154,18.448718,24356.530873,-,10863,511772,3.798044,0.435338,0.0,0.0,0,0
AODV,17,20,19,3,50.0,0.1,0.568392,23.922568,51.386418,19.122998,37022,21043,789278,6.945901,0.0,0.0,20,A_N20_pi010|AODV,5.0,0.85,300.0,16.0,0.0,0,0,0,0,0.1,0.9,15.0,0.92,1,1,1,1,1,1,1,1,1,1,0.05,44.812564,0.0,0.0,0.0,0.0,0,0,0,2.333333,8.448718,18.497436,22738.691762,-,28714,1363070,11.995456,1.364539,0.0,0.0,0,0
AODV,18,20,19,3,50.0,0.1,0.839042,35.313726,57.18274,17.783461,37022,31063,674330,4.020086,0.0,0.0,20,A_N20_pi010|AODV,5.0,0.85,300.0,16.0,0.0,0,0,0,0,0.1,0.9,15.0,0.92,1,1,1,1,1,1,1,1,1,1,0.05,49.636035,0.0,0.0,0.0,0.0,0,0,0,1.984615,7.946154,18.264103,21730.452487,-,25192,1185568,7.067882,0.810997,0.0,0.0,0,0
AODV,19,20,19,3,50.0,0.1,0.611015,25.716505,13.598186,6.859382,37022,22621,282822,2.315302,0.0,0.0,20,A_N20_pi010|AODV,5.0,0.85,300.0,16.0,0.0,0,0,0,0,0.1,0.9,15.0,0.92,1,1,1,1,1,1,1,1,1,1,0.05,11.909107,0.0,0.0,0.0,0.0,0,0,0,2.046154,7.533333,18.041026,19133.814224,-,13092,619106,5.068267,0.578754,0.0,0.0,0,0
AODV,2,20,19,3,50.0,0.1,0.40114,16.883242,97.542762,35.752325,37022,14851,1439158,17.945643,0.0,0.0,20,A_N20_pi010|AODV,5.0,0.85,300.0,16.0,0.0,0,0,0,0,0.1,0.9,15.0,0.92,1,1,1,1,1,1,1,1,1,1,0.05,77.387249,0.0,0.0,0.0,0.0,0,0,0,2.851282,8.679487,18.187179,22296.131007,-,52978,2516840,31.383845,3.567302,0.0,0.0,0,0
AODV,20,20,19,3,50.0,0.1,0.512101,21.553389,132.917259,55.371454,37022,18959,653190,6.380142,0.0,0.0,20,A_N20_pi010|AODV,5.0,0.85,300.0,16.0,0.0,0,0,0,0,0.1,0.9,15.0,0.92,1,1,1,1,1,1,1,1,1,1,0.05,28.18132,0.0,0.0,0.0,0.0,0,0,0,2.328205,8.379487,18.317949,20034.119132,-,24933,1185262,11.577244,1.315101,0.0,0.0,0,0
AODV,21,20,19,3,50.0,0.1,0.521555,21.951284,29.937155,16.023951,37022,19309,564540,5.414286,0.0,0.0,20,A_N20_pi010|AODV,5.0,0.85,300.0,16.0,0.0,0,0,0,0,0.1,0.9,15.0,0.92,1,1,1,1,1,1,1,1,1,1,0.05,27.79833,0.0,0.0,0.0,0.0,0,0,0,2.307692,9.294872,18.530769,23623.667358,-,19928,943980,9.053349,1.032058,0.0,0.0,0,0
AODV,22,20,19,3,50.0,0.1,0.491789,23.1336,9.300251,4.586203,37022,18207,111422,1.133284,0.0,0.0,20,A_N20_pi010|AODV,5.0,0.85,300.0,16.0,0.0,0,0,0,0,0.1,0.9,15.0,0.92,1,1,1,1,1,1,1,1,1,1,0.05,9.689687,0.0,0.0,0.0,0.0,0,0,0,2.446154,8.938462,18.538462,23564.178941,-,6881,326230,3.318117,0.377932,0.0,0.0,0,0
AODV,23,20,19,3,50.0,0.1,0.808438,34.025684,30.303702,16.0478,37022,29930,607362,3.757917,0.0,0.0,20,A_N20_pi010|AODV,5.0,0.85,300.0,16.0,0.0,0,0,0,0,0.1,0.9,15.0,0.92,1,1,1,1,1,1,1,1,1,1,0.05,27.482577,0.0,0.0,0.0,0.0,0,0,0,1.951282,8.24359,18.412821,24161.729664,-,21611,1020404,6.313522,0.722051,0.0,0.0,0,0
AODV,24,20,19,3,50.0,0.1,0.859057,36.156126,9.385886,6.257693,37022,31804,280378,1.632557,0.0,0.0,20,A_N20_pi010|AODV,5.0,0.85,300.0,16.0,0.0,0,0,0,0,0.1,0.9,15.0,0.92,1,1,1,1,1,1,1,1,1,1,0.05,9.317017,0.0,0.0,0.0,0.0,0,0,0,2.423077,9.830769,18.541026,25599.584026,-,11487,541618,3.15368,0.361181,0.0,0.0,0,0
AODV,25,20,19,3,50.0,0.1,0.71236,29.981937,18.357811,7.496073,37022,26373,227958,1.600669,0.0,0.0,20,A_N20_pi010|AODV,5.0,0.85,300.0,16.0,0.0,0,0,0,0,0.1,0.9,15.0,0.92,1,1,1,1,1,1,1,1,1,1,0.05,17.658671,0.0,0.0,0.0,0.0,0,0,0,2.528205,8.358974,18.412821,25034.497264,-,11126,529190,3.715851,0.421871,0.0,0.0,0,0
AODV,26,20,19,3,50.0,0.1,0.727594,30.623116,62.46196,26.839663,37022,26937,1018816,7.004107,0.0,0.0,20,A_N20_pi010|AODV,5.0,0.85,300.0,16.0,0.0,0,0,0,0,0.1,0.9,15.0,0.92,1,1,1,1,1,1,1,1,1,1,0.05,54.971588,0.0,0.0,0.0,0.0,0,0,0,1.869231,7.402564,18.15641,22478.078297,-,34776,1648170,11.330759,1.291012,0.0,0.0,0,0
AODV,27,20,19,3,50.0,0.1,0.734401,30.9096,66.004534,16.87335,37022,27189,498226,3.393434,0.0,0.0,20,A_N20_pi010|AODV,5.0,0.85,300.0,16.0,0.0,0,0,0,0,0.1,0.9,15.0,0.92,1,1,1,1,1,1,1,1,1,1,0.05,61.536481,0.0,0.0,0.0,0.0,0,0,0,2.594872,8.530769,18.615385,21516.540909,-,20267,954446,6.500764,0.745412,0.0,0.0,0,0
AODV,28,20,19,3,50.0,0.1,0.576873,24.279537,37.100151,17.72444,37022,21357,385172,3.339802,0.0,0.0,20,A_N20_pi010|AODV,5.0,0.85,300.0,16.0,0.0,0,0,0,0,0.1,0.9,15.0,0.92,1,1,1,1,1,1,1,1,1,1,0.05,30.623451,0.0,0.0,0.0,0.0,0,0,0,1.766667,8.138462,18.428205,23609.26465,-,15248,724640,6.283307,0.713958,0.0,0.0,0,0
AODV,29,20,19,3,50.0,0.1,0.866755,36.480126,13.251561,9.549479,37022,32089,465784,2.688033,0.0,0.0,20,A_N20_pi010|AODV,5.0,0.85,300.0,16.0,0.0,0,0,0,0,0.1,0.9,15.0,0.92,1,1,1,1,1,1,1,1,1,1,0.05,12.876231,0.0,0.0,0.0,0.0,0,0,0,2.551282,9.420513,18.528205,24391.427198,-,17734,827884,4.777707,0.55265,0.0,0.0,0,0
AODV,3,20,19,3,50.0,0.1,0.234833,12.51936,7.229756,6.126929,37022,8694,71326,1.519268,0.0,0.0,20,A_N20_pi010|AODV,5.0,0.85,300.0,16.0,0.0,0,0,0,0,0.1,0.9,15.0,0.92,1,1,1,1,1,1,1,1,1,1,0.05,2.944751,0.0,0.0,0.0,0.0,0,0,0,2.187179,8.523077,17.974359,26622.900406,-,5838,278266,5.927161,0.671498,0.0,0.0,0,0
AODV,30,20,19,3,50.0,0.1,0.600319,25.266316,61.826255,15.595685,37022,22225,386252,3.218364,0.0,0.0,20,A_N20_pi010|AODV,5.0,0.85,300.0,16.0,0.0,0,0,0,0,0.1,0.9,15.0,0.92,1,1,1,1,1,1,1,1,1,1,0.05,43.762262,0.0,0.0,0.0,0.0,0,0,0,2.010256,8.007692,18.5,22988.730745,-,15326,728864,6.073108,0.689584,0.0,0.0,0,0
AODV,4,20,19,3,50.0,0.1,0.616768,25.958653,45.447694,23.709988,37022,22834,1213474,9.841351,0.0,0.0,20,A_N20_pi010|AODV,5.0,0.85,300.0,16.0,0.0,0,0,0,0,0.1,0.9,15.0,0.92,1,1,1,1,1,1,1,1,1,1,0.05,43.122336,0.0,0.0,0.0,0.0,0,0,0,2.65641,9.266667,18.551282,21721.695025,-,40283,1916662,15.54425,1.764167,0.0,0.0,0,0
AODV,5,20,19,3,50.0,0.1,0.698369,29.393053,28.111408,10.258231,37022,25855,358738,2.569444,0.0,0.0,20,A_N20_pi010|AODV,5.0,0.85,300.0,16.0,0.0,0,0,0,0,0.1,0.9,15.0,0.92,1,1,1,1,1,1,1,1,1,1,0.05,27.037377,0.0,0.0,0.0,0.0,0,0,0,2.448718,9.497436,18.620513,25315.804661,-,13611,634850,4.547082,0.526436,0.0,0.0,0,0
AODV,6,20,19,3,50.0,0.1,0.654098,27.529768,40.642171,17.308705,37022,24216,1203774,9.20553,0.0,0.0,20,A_N20_pi010|AODV,5.0,0.85,300.0,16.0,0.0,0,0,0,0,0.1,0.9,15.0,0.92,1,1,1,1,1,1,1,1,1,1,0.05,39.98831,0.0,0.0,0.0,0.0,0,0,0,2.653846,9.589744,18.533333,22227.889823,-,43402,2062766,15.774434,1.792286,0.0,0.0,0,0
AODV,7,20,19,3,50.0,0.1,0.673789,28.358526,11.684823,5.211091,37022,24945,188358,1.398321,0.0,0.0,20,A_N20_pi010|AODV,5.0,0.85,300.0,16.0,0.0,0,0,0,0,0.1,0.9,15.0,0.92,1,1,1,1,1,1,1,1,1,1,0.05,11.218142,0.0,0.0,0.0,0.0,0,0,0,2.458974,9.976923,18.689744,22459.172633,-,8977,424362,3.150353,0.359872,0.0,0.0,0,0
AODV,8,20,19,3,50.0,0.1,0.39301,16.541053,10.260243,6.742621,37022,14550,159832,2.034262,0.0,0.0,20,A_N20_pi010|AODV,5.0,0.85,300.0,16.0,0.0,0,0,0,0,0.1,0.9,15.0,0.92,1,1,1,1,1,1,1,1,1,1,0.05,8.726576,0.0,0.0,0.0,0.0,0,0,0,2.597436,9.133333,18.505128,24158.272528,-,8106,384508,4.893827,0.557113,0.0,0.0,0,0
AODV,9,20,19,3,50.0,0.1,0.447194,18.821558,31.654784,20.359363,37022,16556,1361370,15.227444,0.0,0.0,20,A_N20_pi010|AODV,5.0,0.85,300.0,16.0,0.0,0,0,0,0,0.1,0.9,15.0,0.92,1,1,1,1,1,1,1,1,1,1,0.05,27.833858,0.0,0.0,0.0,0.0,0,0,0,2.220513,8.312821,18.128205,23364.794149,-,47533,2260180,25.280977,2.871044,0.0,0.0,0,0
QSQMAODV,1,20,19,3,50.0,0.1,0.470261,19.792421,48.352499,21.827766,37022,17410,615528,6.547195,0.0,0.0,20,A_N20_pi010|FULL-P,5.0,0.85,300.0,16.0,0.0,0,0,0,0,0.1,0.9,15.0,0.92,1,1,1,1,1,1,1,1,1,1,0.05,33.384617,0.056914,0.180696,1.0,0.0,95337,1239,0,2.44359,8.884615,18.407692,22539.664836,MaxPaths=3;Alpha0=0.5;Gamma=0.9;Epsilon0=0.5;RewardW1=0.6;RewardW2=0.4;FailurePenalty=0;,25618,1217176,12.946753,1.471453,0.017125,0.106289,12040,0
QSQMAODV,10,20,19,3,50.0,0.1,0.325401,13.695537,71.403081,48.260511,37022,12047,609050,9.362251,0.0,0.0,20,A_N20_pi010|FULL-P,5.0,0.85,300.0,16.0,0.0,0,0,0,0,0.1,0.9,15.0,0.92,1,1,1,1,1,1,1,1,1,1,0.05,43.003338,0.045639,0.176133,1.0,0.0,97724,1076,0,2.266667,8.910256,18.530769,23279.71399,MaxPaths=3;Alpha0=0.5;Gamma=0.9;Epsilon0=0.5;RewardW1=0.6;RewardW2=0.4;FailurePenalty=0;,22387,1054738,16.213319,1.858305,0.024292,0.100841,6345,0
QSQMAODV,11,20,19,3,50.0,0.1,0.500297,21.056589,60.98433,38.013805,37022,18522,951224,9.510452,0.0,0.0,20,A_N20_pi010|FULL-P,5.0,0.85,300.0,16.0,0.0,0,0,0,0,0.1,0.9,15.0,0.92,1,1,1,1,1,1,1,1,1,1,0.05,53.099259,0.068517,0.247898,1.0,0.0,113979,2002,0,2.235897,8.123077,18.446154,24281.639952,MaxPaths=3;Alpha0=0.5;Gamma=0.9;Epsilon0=0.5;RewardW1=0.6;RewardW2=0.4;FailurePenalty=0;,37622,1764028,17.636964,2.031206,0.018935,0.13848,11845,5
QSQMAODV,12,20,19,3,50.0,0.1,0.645211,27.155747,38.69862,21.863091,37022,23887,678656,5.261315,0.0,0.0,20,A_N20_pi010|FULL-P,5.0,0.85,300.0,16.0,0.0,0,0,0,0,0.1,0.9,15.0,0.92,1,1,1,1,1,1,1,1,1,1,0.05,36.808013,0.040128,0.167943,1.0,0.0,108696,1365,0,2.353846,8.851282,18.789744,24864.637506,MaxPaths=3;Alpha0=0.5;Gamma=0.9;Epsilon0=0.5;RewardW1=0.6;RewardW2=0.4;FailurePenalty=0;,25957,1220064,9.458608,1.086658,0.013396,0.092746,5567,1
QSQMAODV,13,20,19,3,50.0,0.1,0.300065,12.629179,208.956458,109.440485,37022,11109,1529076,25.489443,0.0,0.0,20,A_N20_pi010|FULL-P,5.0,0.85,300.0,16.0,0.0,0,0,0,0,0.1,0.9,15.0,0.92,1,1,1,1,1,1,1,1,1,1,0.05,198.863862,0.107847,0.359274,1.0,0.0,156235,3851,0,2.353846,9.04359,18.530769,23376.285305,MaxPaths=3;Alpha0=0.5;Gamma=0.9;Epsilon0=0.5;RewardW1=0.6;RewardW2=0.4;FailurePenalty=0;,54550,2562946,42.723884,4.910433,0.046786,0.195197,9152,2
QSQMAODV,14,20,19,3,50.0,0.1,0.454432,19.126232,94.270579,62.019687,37022,16824,1207928,13.295909,0.0,0.0,20,A_N20_pi010|FULL-P,5.0,0.85,300.0,16.0,0.0,0,0,0,0,0.1,0.9,15.0,0.92,1,1,1,1,1,1,1,1,1,1,0.05,79.113525,0.11969,0.344066,1.0,0.0,113868,2506,0,2.205128,8.733333,18.602564,24764.712314,MaxPaths=3;Alpha0=0.5;Gamma=0.9;Epsilon0=0.5;RewardW1=0.6;RewardW2=0.4;FailurePenalty=0;,47106,2219836,24.434186,2.799929,0.063162,0.229506,8118,3
QSQMAODV,15,20,19,3,50.0,0.1,0.443142,18.651032,69.166324,48.923864,37022,16406,1156692,13.056334,0.0,0.0,20,A_N20_pi010|FULL-P,5.0,0.85,300.0,16.0,0.0,0,0,0,0,0.1,0.9,15.0,0.92,1,1,1,1,1,1,1,1,1,1,0.05,57.874356,0.073759,0.259352,1.0,0.0,128516,2556,0,1.969231,8.435897,18.364103,24698.448431,MaxPaths=3;Alpha0=0.5;Gamma=0.9;Epsilon0=0.5;RewardW1=0.6;RewardW2=0.4;FailurePenalty=0;,42564,2020236,22.803717,2.594417,0.021984,0.152175,12752,7
QSQMAODV,16,20,19,3,50.0,0.1,0.557074,23.446232,138.304829,56.689533,37022,20624,1025394,9.207127,0.0,0.0,20,A_N20_pi010|FULL-P,5.0,0.85,300.0,16.0,0.0,0,0,0,0,0.1,0.9,15.0,0.92,1,1,1,1,1,1,1,1,1,1,0.05,126.490897,0.071262,0.270504,1.0,0.0,120397,2053,0,1.825641,8.146154,18.448718,24356.530873,MaxPaths=3;Alpha0=0.5;Gamma=0.9;Epsilon0=0.5;RewardW1=0.6;RewardW2=0.4;FailurePenalty=0;,38797,1801468,16.175581,1.881158,0.029575,0.156883,10648,1
QSQMAODV,17,20,19,3,50.0,0.1,0.497326,20.931537,33.094669,22.195172,37022,18412,445952,4.48532,0.0,0.0,20,A_N20_pi010|FULL-P,5.0,0.85,300.0,16.0,0.0,0,0,0,0,0.1,0.9,15.0,0.92,1,1,1,1,1,1,1,1,1,1,0.05,22.475744,0.035233,0.150031,1.0,0.0,85462,982,0,2.333333,8.448718,18.497436,22738.691762,MaxPaths=3;Alpha0=0.5;Gamma=0.9;Epsilon0=0.5;RewardW1=0.6;RewardW2=0.4;FailurePenalty=0;,17088,798358,8.029767,0.92809,0.00876,0.075704,9556,1
QSQMAODV,18,20,19,3,50.0,0.1,0.5235,22.033137,64.06862,35.714571,37022,19381,621062,5.934239,0.0,0.0,20,A_N20_pi010|FULL-P,5.0,0.85,300.0,16.0,0.0,0,0,0,0,0.1,0.9,15.0,0.92,1,1,1,1,1,1,1,1,1,1,0.05,57.564475,0.07165,0.23209,1.0,0.0,110643,1269,0,1.984615,7.946154,18.264103,21730.452487,MaxPaths=3;Alpha0=0.5;Gamma=0.9;Epsilon0=0.5;RewardW1=0.6;RewardW2=0.4;FailurePenalty=0;,24631,1154002,11.026473,1.270884,0.043439,0.147814,6337,3
QSQMAODV,19,20,19,3,50.0,0.1,0.64567,27.175074,107.642372,30.53098,37022,23904,369228,2.860423,0.0,0.0,20,A_N20_pi010|FULL-P,5.0,0.85,300.0,16.0,0.0,0,0,0,0,0.1,0.9,15.0,0.92,1,1,1,1,1,1,1,1,1,1,0.05,75.69126,0.030694,0.127493,1.0,0.0,90353,726,0,2.046154,7.533333,18.041026,19133.814224,MaxPaths=3;Alpha0=0.5;Gamma=0.9;Epsilon0=0.5;RewardW1=0.6;RewardW2=0.4;FailurePenalty=0;,15739,738704,5.722768,0.658425,0.01652,0.083841,4933,2
QSQMAODV,2,20,19,3,50.0,0.1,0.213252,10.65825,6.494647,6.857165,37022,7895,57102,1.339385,0.0,0.0,20,A_N20_pi010|FULL-P,5.0,0.85,300.0,16.0,0.0,0,0,0,0,0.1,0.9,15.0,0.92,1,1,1,1,1,1,1,1,1,1,0.05,3.593323,0.001357,0.020434,0.45,0.0,47322,68,0,2.851282,8.679487,18.187179,22296.131007,MaxPaths=3;Alpha0=0.5;Gamma=0.9;Epsilon0=0.5;RewardW1=0.6;RewardW2=0.4;FailurePenalty=0;,5510,263554,6.181925,0.69791,0.000883,0.013909,1260,0
QSQMAODV,20,20,19,3,50.0,0.1,0.510966,21.505642,100.090843,45.839047,37022,18917,1057516,10.352397,0.0,0.0,20,A_N20_pi010|FULL-P,5.0,0.85,300.0,16.0,0.0,0,0,0,0,0.1,0.9,15.0,0.92,1,1,1,1,1,1,1,1,1,1,0.05,84.155109,0.07055,0.262997,1.0,0.0,112629,1666,0,2.328205,8.379487,18.317949,20034.119132,MaxPaths=3;Alpha0=0.5;Gamma=0.9;Epsilon0=0.5;RewardW1=0.6;RewardW2=0.4;FailurePenalty=0;,42287,1980804,19.390789,2.235397,0.023288,0.150302,11227,0
QSQMAODV,21,20,19,3,50.0,0.1,0.365269,15.373516,36.479845,32.276143,37022,13523,303228,4.152432,0.0,0.0,20,A_N20_pi010|FULL-P,5.0,0.85,300.0,16.0,0.0,0,0,0,0,0.1,0.9,15.0,0.92,1,1,1,1,1,1,1,1,1,1,0.05,20.265281,0.035596,0.103031,1.0,0.0,69872,911,0,2.307692,9.294872,18.530769,23623.667358,MaxPaths=3;Alpha0=0.5;Gamma=0.9;Epsilon0=0.5;RewardW1=0.6;RewardW2=0.4;FailurePenalty=0;,14549,696352,9.535907,1.075871,0.007586,0.058114,10569,1
QSQMAODV,22,20,19,3,50.0,0.1,0.452515,19.045516,53.797584,34.898847,37022,16753,584820,6.464514,0.0,0.0,20,A_N20_pi010|FULL-P,5.0,0.85,300.0,16.0,0.0,0,0,0,0,0.1,0.9,15.0,0.92,1,1,1,1,1,1,1,1,1,1,0.05,47.477395,0.039511,0.178505,1.0,0.0,86618,1272,0,2.446154,8.938462,18.538462,23564.178941,MaxPaths=3;Alpha0=0.5;Gamma=0.9;Epsilon0=0.5;RewardW1=0.6;RewardW2=0.4;FailurePenalty=0;,22958,1076840,11.90323,1.370381,0.012488,0.093326,8570,1
QSQMAODV,23,20,19,3,50.0,0.1,0.482632,21.4416,53.237925,11.094839,37022,17868,271634,2.815234,0.0,0.0,20,A_N20_pi010|FULL-P,5.0,0.85,300.0,16.0,0.0,0,0,0,0,0.1,0.9,15.0,0.92,1,1,1,1,1,1,1,1,1,1,0.05,35.739145,0.01683,0.088347,1.0,0.0,70234,406,0,1.951282,8.24359,18.412821,24161.729664,MaxPaths=3;Alpha0=0.5;Gamma=0.9;Epsilon0=0.5;RewardW1=0.6;RewardW2=0.4;FailurePenalty=0;,12790,604294,6.262945,0.715805,0.007333,0.049387,6106,0
QSQMAODV,24,20,19,3,50.0,0.1,0.69637,29.308926,57.318083,26.056901,37022,25781,735520,5.283248,0.0,0.0,20,A_N20_pi010|FULL-P,5.0,0.85,300.0,16.0,0.0,0,0,0,0,0.1,0.9,15.0,0.92,1,1,1,1,1,1,1,1,1,1,0.05,52.341544,0.046337,0.210052,1.0,0.0,101389,1635,0,2.423077,9.830769,18.541026,25599.584026,MaxPaths=3;Alpha0=0.5;Gamma=0.9;Epsilon0=0.5;RewardW1=0.6;RewardW2=0.4;FailurePenalty=0;,28318,1321276,9.490739,1.098406,0.014931,0.113053,6767,0
QSQMAODV,25,20,19,3,50.0,0.1,0.601453,25.314063,77.094824,36.545876,37022,22267,648350,5.392052,0.0,0.0,20,A_N20_pi010|FULL-P,5.0,0.85,300.0,16.0,0.0,0,0,0,0,0.1,0.9,15.0,0.92,1,1,1,1,1,1,1,1,1,1,0.05,63.175872,0.049626,0.219192,1.0,0.0,102548,1455,0,2.528205,8.358974,18.412821,25034.497264,MaxPaths=3;Alpha0=0.5;Gamma=0.9;Epsilon0=0.5;RewardW1=0.6;RewardW2=0.4;FailurePenalty=0;,25964,1212618,10.084829,1.16603,0.020731,0.120407,8059,0
QSQMAODV,26,20,19,3,50.0,0.1,0.534223,22.484463,158.247465,69.663765,37022,19778,1126754,10.550013,0.0,0.0,20,A_N20_pi010|FULL-P,5.0,0.85,300.0,16.0,0.0,0,0,0,0,0.1,0.9,15.0,0.92,1,1,1,1,1,1,1,1,1,1,0.05,116.693675,0.086615,0.311378,1.0,0.0,124075,2433,0,1.869231,7.402564,18.15641,22478.078297,MaxPaths=3;Alpha0=0.5;Gamma=0.9;Epsilon0=0.5;RewardW1=0.6;RewardW2=0.4;FailurePenalty=0;,42470,1999336,18.720164,2.147335,0.028913,0.187657,13426,4
QSQMAODV,27,20,19,3,50.0,0.1,0.347523,14.626611,248.822058,100.336272,37022,12866,1305702,18.793461,0.0,0.0,20,A_N20_pi010|FULL-P,5.0,0.85,300.0,16.0,0.0,0,0,0,0,0.1,0.9,15.0,0.92,1,1,1,1,1,1,1,1,1,1,0.05,193.643303,0.182224,0.390586,1.0,0.0,133863,3363,0,2.594872,8.530769,18.615385,21516.540909,MaxPaths=3;Alpha0=0.5;Gamma=0.9;Epsilon0=0.5;RewardW1=0.6;RewardW2=0.4;FailurePenalty=0;,51034,2394286,34.46186,3.966579,0.109977,0.255062,7822,5
QSQMAODV,28,20,19,3,50.0,0.1,0.47931,20.173263,96.775719,50.593403,37022,17745,986498,10.295002,0.0,0.0,20,A_N20_pi010|FULL-P,5.0,0.85,300.0,16.0,0.0,0,0,0,0,0.1,0.9,15.0,0.92,1,1,1,1,1,1,1,1,1,1,0.05,69.171973,0.0904,0.294359,1.0,0.0,93430,2177,0,1.766667,8.138462,18.428205,23609.26465,MaxPaths=3;Alpha0=0.5;Gamma=0.9;Epsilon0=0.5;RewardW1=0.6;RewardW2=0.4;FailurePenalty=0;,40972,1938622,20.231281,2.308932,0.028723,0.173864,13218,1
QSQMAODV,29,20,19,3,50.0,0.1,0.71914,30.267284,69.141722,23.22856,37022,26624,256650,1.785148,0.0,0.0,20,A_N20_pi010|FULL-P,5.0,0.85,300.0,16.0,0.0,0,0,0,0,0.1,0.9,15.0,0.92,1,1,1,1,1,1,1,1,1,1,0.05,40.738819,0.014668,0.086598,1.0,0.0,78149,506,0,2.551282,9.420513,18.528205,24391.427198,MaxPaths=3;Alpha0=0.5;Gamma=0.9;Epsilon0=0.5;RewardW1=0.6;RewardW2=0.4;FailurePenalty=0;,11182,522566,3.634746,0.419997,0.005959,0.047097,5205,0
QSQMAODV,3,20,19,3,50.0,0.1,0.381098,16.039705,121.627074,73.744274,37022,14109,1737932,22.810919,0.0,0.0,20,A_N20_pi010|FULL-P,5.0,0.85,300.0,16.0,0.0,0,0,0,0,0.1,0.9,15.0,0.92,1,1,1,1,1,1,1,1,1,1,0.05,88.934974,0.140839,0.411688,1.0,0.0,124630,3166,0,2.187179,8.523077,17.974359,26622.900406,MaxPaths=3;Alpha0=0.5;Gamma=0.9;Epsilon0=0.5;RewardW1=0.6;RewardW2=0.4;FailurePenalty=0;,70507,3347794,43.940878,4.997307,0.056036,0.257175,13312,7
QSQMAODV,30,20,19,3,50.0,0.1,0.633704,26.671453,124.267351,43.403487,37022,23461,867280,6.845719,0.0,0.0,20,A_N20_pi010|FULL-P,5.0,0.85,300.0,16.0,0.0,0,0,0,0,0.1,0.9,15.0,0.92,1,1,1,1,1,1,1,1,1,1,0.05,92.599299,0.066227,0.248274,1.0,0.0,102061,1342,0,2.010256,8.007692,18.5,22988.730745,MaxPaths=3;Alpha0=0.5;Gamma=0.9;Epsilon0=0.5;RewardW1=0.6;RewardW2=0.4;FailurePenalty=0;,34010,1613680,12.737293,1.44964,0.022853,0.146327,10729,1
QSQMAODV,4,20,19,3,50.0,0.1,0.341797,16.078024,18.903358,12.243494,37022,12654,214986,3.146216,0.0,0.0,20,A_N20_pi010|FULL-P,5.0,0.85,300.0,16.0,0.0,0,0,0,0,0.1,0.9,15.0,0.92,1,1,1,1,1,1,1,1,1,1,0.05,19.499063,0.008219,0.065413,1.0,0.0,64786,418,0,2.65641,9.266667,18.551282,21721.695025,MaxPaths=3;Alpha0=0.5;Gamma=0.9;Epsilon0=0.5;RewardW1=0.6;RewardW2=0.4;FailurePenalty=0;,10110,478978,7.009612,0.798957,0.003471,0.034159,3967,0
QSQMAODV,5,20,19,3,50.0,0.1,0.557182,23.450779,87.761817,30.724584,37022,20628,607416,5.452998,0.0,0.0,20,A_N20_pi010|FULL-P,5.0,0.85,300.0,16.0,0.0,0,0,0,0,0.1,0.9,15.0,0.92,1,1,1,1,1,1,1,1,1,1,0.05,61.231709,0.048949,0.191266,1.0,0.0,92721,1430,0,2.448718,9.497436,18.620513,25315.804661,MaxPaths=3;Alpha0=0.5;Gamma=0.9;Epsilon0=0.5;RewardW1=0.6;RewardW2=0.4;FailurePenalty=0;,23184,1086500,9.753912,1.123909,0.011859,0.096435,8610,3
QSQMAODV,6,20,19,3,50.0,0.1,0.629869,26.510021,54.488272,22.886815,37022,23319,1086248,8.626315,0.0,0.0,20,A_N20_pi010|FULL-P,5.0,0.85,300.0,16.0,0.0,0,0,0,0,0.1,0.9,15.0,0.92,1,1,1,1,1,1,1,1,1,1,0.05,56.188097,0.115656,0.316423,1.0,0.0,105016,2731,0,2.653846,9.589744,18.533333,22227.889823,MaxPaths=3;Alpha0=0.5;Gamma=0.9;Epsilon0=0.5;RewardW1=0.6;RewardW2=0.4;FailurePenalty=0;,43439,2072664,16.459825,1.862816,0.031271,0.185068,11260,2
QSQMAODV,7,20,19,3,50.0,0.1,0.570039,23.991916,44.279919,18.186988,37022,21104,324946,2.851364,0.0,0.0,20,A_N20_pi010|FULL-P,5.0,0.85,300.0,16.0,0.0,0,0,0,0,0.1,0.9,15.0,0.92,1,1,1,1,1,1,1,1,1,1,0.05,30.651353,0.022841,0.128154,1.0,0.0,77418,701,0,2.458974,9.976923,18.689744,22459.172633,MaxPaths=3;Alpha0=0.5;Gamma=0.9;Epsilon0=0.5;RewardW1=0.6;RewardW2=0.4;FailurePenalty=0;,13579,637970,5.598114,0.643433,0.005827,0.059919,6118,0
QSQMAODV,8,20,19,3,50.0,0.1,0.302631,12.737179,41.100807,38.973415,37022,11204,456122,7.539007,0.0,0.0,20,A_N20_pi010|FULL-P,5.0,0.85,300.0,16.0,0.0,0,0,0,0,0.1,0.9,15.0,0.92,1,1,1,1,1,1,1,1,1,1,0.05,28.344095,0.043408,0.143987,1.0,0.0,84045,1055,0,2.597436,9.133333,18.505128,24158.272528,MaxPaths=3;Alpha0=0.5;Gamma=0.9;Epsilon0=0.5;RewardW1=0.6;RewardW2=0.4;FailurePenalty=0;,19281,920538,15.215102,1.720903,0.010127,0.080816,11709,0
QSQMAODV,9,20,19,3,50.0,0.1,0.342553,14.417432,47.894127,32.010315,37022,12682,533658,7.792584,0.0,0.0,20,A_N20_pi010|FULL-P,5.0,0.85,300.0,16.0,0.0,0,0,0,0,0.1,0.9,15.0,0.92,1,1,1,1,1,1,1,1,1,1,0.05,38.816308,0.041959,0.14525,1.0,0.0,93501,1130,0,2.220513,8.312821,18.128205,23364.794149,MaxPaths=3;Alpha0=0.5;Gamma=0.9;Epsilon0=0.5;RewardW1=0.6;RewardW2=0.4;FailurePenalty=0;,22480,1063884,15.535054,1.772591,0.01345,0.084399,5552,1
QSQMAODV,1,20,19,3,50.0,0.1,0.550402,23.165432,61.04088,25.314407,37022,20377,430980,3.916725,0.0,0.0,20,A_N20_pi010|FULL-R,5.0,0.85,300.0,16.0,0.0,0,0,0,0,0.1,0.9,15.0,0.92,1,1,1,1,1,1,1,1,1,1,0.05,48.974887,0.036238,0.128041,1.0,0.0,92056,711,0,2.44359,8.884615,18.407692,22539.664836,MaxPaths=3;Alpha0=0.5;Gamma=0.9;Epsilon0=0.5;RewardW1=0.6;RewardW2=0.4;QueueRewardWeight=0;,17039,806020,7.325071,0.836188,0.018065,0.082059,7709,1
QSQMAODV,10,20,19,3,50.0,0.1,0.37032,15.586105,144.526406,65.841461,37022,13710,550784,7.439609,0.0,0.0,20,A_N20_pi010|FULL-R,5.0,0.85,300.0,16.0,0.0,0,0,0,0,0.1,0.9,15.0,0.92,1,1,1,1,1,1,1,1,1,1,0.05,50.949347,0.056215,0.188822,1.0,0.0,75832,1182,0,2.266667,8.910256,18.530769,23279.71399,MaxPaths=3;Alpha0=0.5;Gamma=0.9;Epsilon0=0.5;RewardW1=0.6;RewardW2=0.4;QueueRewardWeight=0;,23613,1114222,15.050139,1.722319,0.022873,0.110144,6499,1
QSQMAODV,11,20,19,3,50.0,0.1,0.585625,24.647874,46.035199,25.20452,37022,21681,726920,6.208884,0.0,0.0,20,A_N20_pi010|FULL-R,5.0,0.85,300.0,16.0,0.0,0,0,0,0,0.1,0.9,15.0,0.92,1,1,1,1,1,1,1,1,1,1,0.05,40.627353,0.065267,0.229902,1.0,0.0,98887,1553,0,2.235897,8.123077,18.446154,24281.639952,MaxPaths=3;Alpha0=0.5;Gamma=0.9;Epsilon0=0.5;RewardW1=0.6;RewardW2=0.4;QueueRewardWeight=0;,30337,1430646,12.21966,1.399244,0.017894,0.132119,10941,1
QSQMAODV,12,20,19,3,50.0,0.1,0.574874,24.195411,53.893386,26.409143,37022,21283,663128,5.769933,0.0,0.0,20,A_N20_pi010|FULL-R,5.0,0.85,300.0,16.0,0.0,0,0,0,0,0.1,0.9,15.0,0.92,1,1,1,1,1,1,1,1,1,1,0.05,46.538768,0.0403,0.173648,1.0,0.0,103329,1237,0,2.353846,8.851282,18.789744,24864.637506,MaxPaths=3;Alpha0=0.5;Gamma=0.9;Epsilon0=0.5;RewardW1=0.6;RewardW2=0.4;QueueRewardWeight=0;,24928,1168888,10.170593,1.171263,0.012683,0.09066,6205,4
QSQMAODV,13,20,19,3,50.0,0.1,0.35749,15.046105,155.123019,79.005726,37022,13235,970472,13.578922,0.0,0.0,20,A_N20_pi010|FULL-R,5.0,0.85,300.0,16.0,0.0,0,0,0,0,0.1,0.9,15.0,0.92,1,1,1,1,1,1,1,1,1,1,0.05,126.512709,0.061257,0.243621,1.0,0.0,117122,2531,0,2.353846,9.04359,18.530769,23376.285305,MaxPaths=3;Alpha0=0.5;Gamma=0.9;Epsilon0=0.5;RewardW1=0.6;RewardW2=0.4;QueueRewardWeight=0;,36226,1717542,24.031986,2.737136,0.019204,0.12724,9454,1
QSQMAODV,14,20,19,3,50.0,0.1,0.454811,19.142147,113.236606,66.126857,37022,16838,1231750,13.546849,0.0,0.0,20,A_N20_pi010|FULL-R,5.0,0.85,300.0,16.0,0.0,0,0,0,0,0.1,0.9,15.0,0.92,1,1,1,1,1,1,1,1,1,1,0.05,82.639394,0.104059,0.332334,1.0,0.0,112770,2657,0,2.205128,8.733333,18.602564,24764.712314,MaxPaths=3;Alpha0=0.5;Gamma=0.9;Epsilon0=0.5;RewardW1=0.6;RewardW2=0.4;QueueRewardWeight=0;,49452,2329242,25.617123,2.936928,0.038491,0.205622,7882,3
QSQMAODV,15,20,19,3,50.0,0.1,0.364432,15.338274,220.926527,109.718794,37022,13492,2095074,28.756053,0.0,0.0,20,A_N20_pi010|FULL-R,5.0,0.85,300.0,16.0,0.0,0,0,0,0,0.1,0.9,15.0,0.92,1,1,1,1,1,1,1,1,1,1,0.05,192.995812,0.135525,0.404983,1.0,0.0,148127,5115,0,1.969231,8.435897,18.364103,24698.448431,MaxPaths=3;Alpha0=0.5;Gamma=0.9;Epsilon0=0.5;RewardW1=0.6;RewardW2=0.4;QueueRewardWeight=0;,77624,3684012,50.565109,5.753335,0.038883,0.245455,16220,8
QSQMAODV,16,20,19,3,50.0,0.1,0.556858,23.437137,59.322825,31.868255,37022,20616,773586,6.94881,0.0,0.0,20,A_N20_pi010|FULL-R,5.0,0.85,300.0,16.0,0.0,0,0,0,0,0.1,0.9,15.0,0.92,1,1,1,1,1,1,1,1,1,1,0.05,55.543561,0.057657,0.215656,1.0,0.0,110303,1377,0,1.825641,8.146154,18.448718,24356.530873,MaxPaths=3;Alpha0=0.5;Gamma=0.9;Epsilon0=0.5;RewardW1=0.6;RewardW2=0.4;QueueRewardWeight=0;,29649,1388000,12.467842,1.438155,0.030769,0.125376,9047,0
QSQMAODV,17,20,19,3,50.0,0.1,0.470936,20.922,14.127252,6.464494,37022,17435,158960,1.688388,0.0,0.0,20,A_N20_pi010|FULL-R,5.0,0.85,300.0,16.0,0.0,0,0,0,0,0.1,0.9,15.0,0.92,1,1,1,1,1,1,1,1,1,1,0.05,14.680871,0.004688,0.045922,1.0,0.0,61413,224,0,2.333333,8.448718,18.497436,22738.691762,MaxPaths=3;Alpha0=0.5;Gamma=0.9;Epsilon0=0.5;RewardW1=0.6;RewardW2=0.4;QueueRewardWeight=0;,8333,393416,4.178653,0.477947,0.002345,0.025828,3563,0
QSQMAODV,18,20,19,3,50.0,0.1,0.546621,23.006274,115.005459,53.715916,37022,20237,1066684,9.761035,0.0,0.0,20,A_N20_pi010|FULL-R,5.0,0.85,300.0,16.0,0.0,0,0,0,0,0.1,0.9,15.0,0.92,1,1,1,1,1,1,1,1,1,1,0.05,95.687017,0.126699,0.335483,1.0,0.0,128081,2549,0,1.984615,7.946154,18.264103,21730.452487,MaxPaths=3;Alpha0=0.5;Gamma=0.9;Epsilon0=0.5;RewardW1=0.6;RewardW2=0.4;QueueRewardWeight=0;,40721,1922040,17.588246,2.012205,0.071656,0.224142,9169,4
QSQMAODV,19,20,19,3,50.0,0.1,0.428151,19.0212,65.106134,10.824712,37022,15851,70814,0.827311,0.0,0.0,20,A_N20_pi010|FULL-R,5.0,0.85,300.0,16.0,0.0,0,0,0,0,0.1,0.9,15.0,0.92,1,1,1,1,1,1,1,1,1,1,0.05,26.642299,0.002847,0.02612,1.0,0.0,48537,90,0,2.046154,7.533333,18.041026,19133.814224,MaxPaths=3;Alpha0=0.5;Gamma=0.9;Epsilon0=0.5;RewardW1=0.6;RewardW2=0.4;QueueRewardWeight=0;,6158,294026,3.435068,0.388493,0.001838,0.016419,1944,0
QSQMAODV,2,20,19,3,50.0,0.1,0.262682,13.12875,9.910659,8.133538,37022,9725,51094,0.972941,0.0,0.0,20,A_N20_pi010|FULL-R,5.0,0.85,300.0,16.0,0.0,0,0,0,0,0.1,0.9,15.0,0.92,1,1,1,1,1,1,1,1,1,1,0.05,6.25515,0.001403,0.021613,0.55,0.0,47139,44,0,2.851282,8.679487,18.187179,22296.131007,MaxPaths=3;Alpha0=0.5;Gamma=0.9;Epsilon0=0.5;RewardW1=0.6;RewardW2=0.4;QueueRewardWeight=0;,5401,258710,4.926402,0.555373,0.001023,0.016513,1128,0
QSQMAODV,20,20,19,3,50.0,0.1,0.509022,21.423789,76.908754,42.346461,37022,18845,963338,9.466486,0.0,0.0,20,A_N20_pi010|FULL-R,5.0,0.85,300.0,16.0,0.0,0,0,0,0,0.1,0.9,15.0,0.92,1,1,1,1,1,1,1,1,1,1,0.05,61.001386,0.05873,0.252385,1.0,0.0,116878,1709,0,2.328205,8.379487,18.317949,20034.119132,MaxPaths=3;Alpha0=0.5;Gamma=0.9;Epsilon0=0.5;RewardW1=0.6;RewardW2=0.4;QueueRewardWeight=0;,37513,1763490,17.329383,1.990608,0.016848,0.135727,9052,1
QSQMAODV,21,20,19,3,50.0,0.1,0.456188,19.200126,53.946546,36.960377,37022,16889,700552,7.681441,0.0,0.0,20,A_N20_pi010|FULL-R,5.0,0.85,300.0,16.0,0.0,0,0,0,0,0.1,0.9,15.0,0.92,1,1,1,1,1,1,1,1,1,1,0.05,34.07932,0.054138,0.181422,1.0,0.0,94947,1245,0,2.307692,9.294872,18.530769,23623.667358,MaxPaths=3;Alpha0=0.5;Gamma=0.9;Epsilon0=0.5;RewardW1=0.6;RewardW2=0.4;QueueRewardWeight=0;,27541,1299620,14.250126,1.630706,0.019612,0.108942,10291,2
QSQMAODV,22,20,19,3,50.0,0.1,0.402004,16.919621,48.931193,28.72488,37022,14883,411674,5.122349,0.0,0.0,20,A_N20_pi010|FULL-R,5.0,0.85,300.0,16.0,0.0,0,0,0,0,0.1,0.9,15.0,0.92,1,1,1,1,1,1,1,1,1,1,0.05,38.91079,0.019942,0.123706,1.0,0.0,76143,774,0,2.446154,8.938462,18.538462,23564.178941,MaxPaths=3;Alpha0=0.5;Gamma=0.9;Epsilon0=0.5;RewardW1=0.6;RewardW2=0.4;QueueRewardWeight=0;,16363,768034,9.556441,1.099442,0.006686,0.058396,6725,0
QSQMAODV,23,20,19,3,50.0,0.1,0.500891,22.2528,32.008752,9.283987,37022,18544,201356,2.010793,0.0,0.0,20,A_N20_pi010|FULL-R,5.0,0.85,300.0,16.0,0.0,0,0,0,0,0.1,0.9,15.0,0.92,1,1,1,1,1,1,1,1,1,1,0.05,24.296462,0.014482,0.065846,1.0,0.0,63467,868,0,1.951282,8.24359,18.412821,24161.729664,MaxPaths=3;Alpha0=0.5;Gamma=0.9;Epsilon0=0.5;RewardW1=0.6;RewardW2=0.4;QueueRewardWeight=0;,10405,491284,4.906089,0.561098,0.009032,0.044935,3949,0
QSQMAODV,24,20,19,3,50.0,0.1,0.706796,29.747747,47.496606,21.219787,37022,26167,804218,5.691492,0.0,0.0,20,A_N20_pi010|FULL-R,5.0,0.85,300.0,16.0,0.0,0,0,0,0,0.1,0.9,15.0,0.92,1,1,1,1,1,1,1,1,1,1,0.05,43.9588,0.077238,0.243053,1.0,0.0,100685,1986,0,2.423077,9.830769,18.541026,25599.584026,MaxPaths=3;Alpha0=0.5;Gamma=0.9;Epsilon0=0.5;RewardW1=0.6;RewardW2=0.4;QueueRewardWeight=0;,32555,1537750,10.882735,1.244124,0.01971,0.143612,8751,2
QSQMAODV,25,20,19,3,50.0,0.1,0.692912,29.163411,51.130172,20.051752,37022,25653,413368,2.984042,0.0,0.0,20,A_N20_pi010|FULL-R,5.0,0.85,300.0,16.0,0.0,0,0,0,0,0.1,0.9,15.0,0.92,1,1,1,1,1,1,1,1,1,1,0.05,41.696599,0.037266,0.154133,1.0,0.0,87166,847,0,2.528205,8.358974,18.412821,25034.497264,MaxPaths=3;Alpha0=0.5;Gamma=0.9;Epsilon0=0.5;RewardW1=0.6;RewardW2=0.4;QueueRewardWeight=0;,17760,828904,5.983734,0.692317,0.016971,0.093806,7977,3
QSQMAODV,26,20,19,3,50.0,0.1,0.560532,23.591747,73.418736,41.036185,37022,20752,633628,5.654323,0.0,0.0,20,A_N20_pi010|FULL-R,5.0,0.85,300.0,16.0,0.0,0,0,0,0,0.1,0.9,15.0,0.92,1,1,1,1,1,1,1,1,1,1,0.05,51.842305,0.053482,0.21354,1.0,0.0,91940,1329,0,1.869231,7.402564,18.15641,22478.078297,MaxPaths=3;Alpha0=0.5;Gamma=0.9;Epsilon0=0.5;RewardW1=0.6;RewardW2=0.4;QueueRewardWeight=0;,24240,1144414,10.212438,1.16808,0.022709,0.130615,10869,0
QSQMAODV,27,20,19,3,50.0,0.1,0.466479,19.633263,161.428305,56.879148,37022,17270,1062556,11.393725,0.0,0.0,20,A_N20_pi010|FULL-R,5.0,0.85,300.0,16.0,0.0,0,0,0,0,0.1,0.9,15.0,0.92,1,1,1,1,1,1,1,1,1,1,0.05,155.699291,0.069994,0.276568,1.0,0.0,121660,2103,0,2.594872,8.530769,18.615385,21516.540909,MaxPaths=3;Alpha0=0.5;Gamma=0.9;Epsilon0=0.5;RewardW1=0.6;RewardW2=0.4;QueueRewardWeight=0;,40941,1905300,20.430419,2.370643,0.024704,0.142998,7640,1
QSQMAODV,28,20,19,3,50.0,0.1,0.541003,22.769811,86.591449,31.472975,37022,20029,797450,7.373105,0.0,0.0,20,A_N20_pi010|FULL-R,5.0,0.85,300.0,16.0,0.0,0,0,0,0,0.1,0.9,15.0,0.92,1,1,1,1,1,1,1,1,1,1,0.05,74.168492,0.073423,0.236299,1.0,0.0,92304,1605,0,1.766667,8.138462,18.428205,23609.26465,MaxPaths=3;Alpha0=0.5;Gamma=0.9;Epsilon0=0.5;RewardW1=0.6;RewardW2=0.4;QueueRewardWeight=0;,32544,1551748,14.347234,1.624844,0.021751,0.141146,12408,3
QSQMAODV,29,20,19,3,50.0,0.1,0.722219,30.396884,34.891109,10.13983,37022,26738,155404,1.076315,0.0,0.0,20,A_N20_pi010|FULL-R,5.0,0.85,300.0,16.0,0.0,0,0,0,0,0.1,0.9,15.0,0.92,1,1,1,1,1,1,1,1,1,1,0.05,27.677448,0.008633,0.053292,1.0,0.0,61713,265,0,2.551282,9.420513,18.528205,24391.427198,MaxPaths=3;Alpha0=0.5;Gamma=0.9;Epsilon0=0.5;RewardW1=0.6;RewardW2=0.4;QueueRewardWeight=0;,8444,397620,2.753883,0.315805,0.004332,0.032273,3954,0
QSQMAODV,3,20,19,3,50.0,0.1,0.381071,16.038568,7.645286,6.892807,37022,14108,271934,3.569475,0.0,0.0,20,A_N20_pi010|FULL-R,5.0,0.85,300.0,16.0,0.0,0,0,0,0,0.1,0.9,15.0,0.92,1,1,1,1,1,1,1,1,1,1,0.05,5.577951,0.076384,0.151879,1.0,0.0,88895,312,0,2.187179,8.523077,17.974359,26622.900406,MaxPaths=3;Alpha0=0.5;Gamma=0.9;Epsilon0=0.5;RewardW1=0.6;RewardW2=0.4;QueueRewardWeight=0;,12146,575558,7.55492,0.86093,0.068,0.128101,3928,1
QSQMAODV,30,20,19,3,50.0,0.1,0.630166,26.522526,133.209808,48.378334,37022,23330,1006774,7.991411,0.0,0.0,20,A_N20_pi010|FULL-R,5.0,0.85,300.0,16.0,0.0,0,0,0,0,0.1,0.9,15.0,0.92,1,1,1,1,1,1,1,1,1,1,0.05,106.128519,0.089606,0.285693,1.0,0.0,102964,2010,0,2.010256,8.007692,18.5,22988.730745,MaxPaths=3;Alpha0=0.5;Gamma=0.9;Epsilon0=0.5;RewardW1=0.6;RewardW2=0.4;QueueRewardWeight=0;,40107,1902554,15.101792,1.719117,0.029821,0.175698,11228,2
QSQMAODV,4,20,19,3,50.0,0.1,0.245422,10.329347,246.427911,135.711156,37022,9086,1320530,26.914219,0.0,0.0,20,A_N20_pi010|FULL-R,5.0,0.85,300.0,16.0,0.0,0,0,0,0,0.1,0.9,15.0,0.92,1,1,1,1,1,1,1,1,1,1,0.05,96.27476,0.140203,0.367371,1.0,0.0,111648,3883,0,2.65641,9.266667,18.551282,21721.695025,MaxPaths=3;Alpha0=0.5;Gamma=0.9;Epsilon0=0.5;RewardW1=0.6;RewardW2=0.4;QueueRewardWeight=0;,51475,2457248,50.082096,5.665309,0.033013,0.218059,15031,4
QSQMAODV,5,20,19,3,50.0,0.1,0.491573,20.689389,86.833736,35.537653,37022,18199,779822,7.935133,0.0,0.0,20,A_N20_pi010|FULL-R,5.0,0.85,300.0,16.0,0.0,0,0,0,0,0.1,0.9,15.0,0.92,1,1,1,1,1,1,1,1,1,1,0.05,70.702531,0.075198,0.239297,1.0,0.0,98151,2277,0,2.448718,9.497436,18.620513,25315.804661,MaxPaths=3;Alpha0=0.5;Gamma=0.9;Epsilon0=0.5;RewardW1=0.6;RewardW2=0.4;QueueRewardWeight=0;,30039,1414056,14.388825,1.650585,0.017467,0.12811,9828,4
QSQMAODV,6,20,19,3,50.0,0.1,0.479904,20.198274,75.397973,37.259947,37022,17767,1022066,10.652979,0.0,0.0,20,A_N20_pi010|FULL-R,5.0,0.85,300.0,16.0,0.0,0,0,0,0,0.1,0.9,15.0,0.92,1,1,1,1,1,1,1,1,1,1,0.05,64.735096,0.129259,0.33489,1.0,0.0,99111,2756,0,2.653846,9.589744,18.533333,22227.889823,MaxPaths=3;Alpha0=0.5;Gamma=0.9;Epsilon0=0.5;RewardW1=0.6;RewardW2=0.4;QueueRewardWeight=0;,41375,1968430,20.516918,2.328756,0.043215,0.202915,11136,4
QSQMAODV,7,20,19,3,50.0,0.1,0.672681,28.311916,29.371216,10.544189,37022,24904,179862,1.337447,0.0,0.0,20,A_N20_pi010|FULL-R,5.0,0.85,300.0,16.0,0.0,0,0,0,0,0.1,0.9,15.0,0.92,1,1,1,1,1,1,1,1,1,1,0.05,27.405414,0.01259,0.065667,1.0,0.0,69437,229,0,2.458974,9.976923,18.689744,22459.172633,MaxPaths=3;Alpha0=0.5;Gamma=0.9;Epsilon0=0.5;RewardW1=0.6;RewardW2=0.4;QueueRewardWeight=0;,9088,428396,3.185536,0.364921,0.008477,0.041573,5080,0
QSQMAODV,8,20,19,3,50.0,0.1,0.397034,16.710442,159.84508,63.557765,37022,14699,1105984,13.933727,0.0,0.0,20,A_N20_pi010|FULL-R,5.0,0.85,300.0,16.0,0.0,0,0,0,0,0.1,0.9,15.0,0.92,1,1,1,1,1,1,1,1,1,1,0.05,128.490781,0.106798,0.306127,1.0,0.0,110897,2495,0,2.597436,9.133333,18.505128,24158.272528,MaxPaths=3;Alpha0=0.5;Gamma=0.9;Epsilon0=0.5;RewardW1=0.6;RewardW2=0.4;QueueRewardWeight=0;,45669,2177636,27.434923,3.106946,0.043763,0.185527,12461,1
QSQMAODV,9,20,19,3,50.0,0.1,0.374858,15.777095,99.551285,37.203307,37022,13878,954746,12.739935,0.0,0.0,20,A_N20_pi010|FULL-R,5.0,0.85,300.0,16.0,0.0,0,0,0,0,0.1,0.9,15.0,0.92,1,1,1,1,1,1,1,1,1,1,0.05,96.328642,0.064244,0.222934,1.0,0.0,111113,1791,0,2.220513,8.312821,18.128205,23364.794149,MaxPaths=3;Alpha0=0.5;Gamma=0.9;Epsilon0=0.5;RewardW1=0.6;RewardW2=0.4;QueueRewardWeight=0;,37481,1779262,23.742107,2.700749,0.02309,0.132659,7093,2
QSQMAODV,1,20,19,3,50.0,0.1,0.587894,24.743368,73.18337,32.703989,37022,21765,897384,7.635296,0.0,0.0,20,A_N20_pi010|FULL-S,5.0,0.85,300.0,16.0,0.0,0,0,0,0,0.1,0.9,15.0,0.92,1,1,1,1,1,1,1,1,1,1,0.05,64.089462,0.090303,0.259224,1.0,0.0,105846,1831,0,2.44359,8.884615,18.407692,22539.664836,MaxPaths=3;Alpha0=0.5;Gamma=0.9;Epsilon0=0.5;RewardW1=0.6;RewardW2=0.4;QueueAwareSelect=false;,35707,1682968,14.319354,1.64057,0.03278,0.175949,13425,2
QSQMAODV,10,20,19,3,50.0,0.1,0.41759,17.575579,105.854282,29.372398,37022,15460,370304,4.435628,0.0,0.0,20,A_N20_pi010|FULL-S,5.0,0.85,300.0,16.0,0.0,0,0,0,0,0.1,0.9,15.0,0.92,1,1,1,1,1,1,1,1,1,1,0.05,63.754117,0.048837,0.14302,1.0,0.0,65958,663,0,2.266667,8.910256,18.530769,23279.71399,MaxPaths=3;Alpha0=0.5;Gamma=0.9;Epsilon0=0.5;RewardW1=0.6;RewardW2=0.4;QueueAwareSelect=false;,18343,867366,10.389608,1.186481,0.031936,0.105815,3338,0
QSQMAODV,11,20,19,3,50.0,0.1,0.616471,28.998635,27.686192,13.976422,37022,22823,410354,3.329601,0.0,0.0,20,A_N20_pi010|FULL-S,5.0,0.85,300.0,16.0,0.0,0,0,0,0,0.1,0.9,15.0,0.92,1,1,1,1,1,1,1,1,1,1,0.05,29.238861,0.038523,0.154333,1.0,0.0,83069,745,0,2.235897,8.123077,18.446154,24281.639952,MaxPaths=3;Alpha0=0.5;Gamma=0.9;Epsilon0=0.5;RewardW1=0.6;RewardW2=0.4;QueueAwareSelect=false;,18420,866674,7.032169,0.807081,0.014703,0.102471,8707,0
QSQMAODV,12,20,19,3,50.0,0.1,0.539868,22.722063,71.690543,38.159721,37022,19987,931266,8.628442,0.0,0.0,20,A_N20_pi010|FULL-S,5.0,0.85,300.0,16.0,0.0,0,0,0,0,0.1,0.9,15.0,0.92,1,1,1,1,1,1,1,1,1,1,0.05,63.803664,0.076849,0.256751,1.0,0.0,122034,1895,0,2.353846,8.851282,18.789744,24864.637506,MaxPaths=3;Alpha0=0.5;Gamma=0.9;Epsilon0=0.5;RewardW1=0.6;RewardW2=0.4;QueueAwareSelect=false;,34656,1631308,15.114528,1.733927,0.042579,0.173476,5762,2
QSQMAODV,13,20,19,3,50.0,0.1,0.338447,14.244632,125.688456,46.933631,37022,12530,553658,8.182702,0.0,0.0,20,A_N20_pi010|FULL-S,5.0,0.85,300.0,16.0,0.0,0,0,0,0,0.1,0.9,15.0,0.92,1,1,1,1,1,1,1,1,1,1,0.05,116.593168,0.105358,0.248919,1.0,0.0,103935,1610,0,2.353846,9.04359,18.530769,23376.285305,MaxPaths=3;Alpha0=0.5;Gamma=0.9;Epsilon0=0.5;RewardW1=0.6;RewardW2=0.4;QueueAwareSelect=false;,22300,1057858,15.634448,1.779729,0.077706,0.185316,7468,1
QSQMAODV,14,20,19,3,50.0,0.1,0.453379,19.081895,127.514967,48.389597,37022,16785,838452,9.250455,0.0,0.0,20,A_N20_pi010|FULL-S,5.0,0.85,300.0,16.0,0.0,0,0,0,0,0.1,0.9,15.0,0.92,1,1,1,1,1,1,1,1,1,1,0.05,101.527506,0.075676,0.257607,1.0,0.0,94230,1989,0,2.205128,8.733333,18.602564,24764.712314,MaxPaths=3;Alpha0=0.5;Gamma=0.9;Epsilon0=0.5;RewardW1=0.6;RewardW2=0.4;QueueAwareSelect=false;,34599,1627524,17.956112,2.061305,0.036533,0.173877,7152,1
QSQMAODV,15,20,19,3,50.0,0.1,0.306169,12.886105,214.472736,130.252761,37022,11335,1786370,29.18476,0.0,0.0,20,A_N20_pi010|FULL-S,5.0,0.85,300.0,16.0,0.0,0,0,0,0,0.1,0.9,15.0,0.92,1,1,1,1,1,1,1,1,1,1,0.05,155.055961,0.153308,0.419857,1.0,0.0,131868,4790,0,1.969231,8.435897,18.364103,24698.448431,MaxPaths=3;Alpha0=0.5;Gamma=0.9;Epsilon0=0.5;RewardW1=0.6;RewardW2=0.4;QueueAwareSelect=false;,68760,3261344,53.282099,6.066167,0.052974,0.282388,16691,15
QSQMAODV,16,20,19,3,50.0,0.1,0.586624,24.689937,68.182684,30.474911,37022,21718,642296,5.476734,0.0,0.0,20,A_N20_pi010|FULL-S,5.0,0.85,300.0,16.0,0.0,0,0,0,0,0.1,0.9,15.0,0.92,1,1,1,1,1,1,1,1,1,1,0.05,64.240427,0.062626,0.218213,1.0,0.0,96026,1526,0,1.825641,8.146154,18.448718,24356.530873,MaxPaths=3;Alpha0=0.5;Gamma=0.9;Epsilon0=0.5;RewardW1=0.6;RewardW2=0.4;QueueAwareSelect=false;,26835,1262238,10.762859,1.235611,0.029629,0.145472,9067,2
QSQMAODV,17,20,19,3,50.0,0.1,0.453946,20.1672,28.020992,9.07238,37022,16806,135600,1.494175,0.0,0.0,20,A_N20_pi010|FULL-S,5.0,0.85,300.0,16.0,0.0,0,0,0,0,0.1,0.9,15.0,0.92,1,1,1,1,1,1,1,1,1,1,0.05,31.887671,0.004245,0.045406,1.0,0.0,58914,242,0,2.333333,8.448718,18.497436,22738.691762,MaxPaths=3;Alpha0=0.5;Gamma=0.9;Epsilon0=0.5;RewardW1=0.6;RewardW2=0.4;QueueAwareSelect=false;,7748,366868,4.042516,0.461026,0.002134,0.027681,3041,0
QSQMAODV,18,20,19,3,50.0,0.1,0.653908,27.521811,104.672492,39.909737,37022,24209,718524,5.496303,0.0,0.0,20,A_N20_pi010|FULL-S,5.0,0.85,300.0,16.0,0.0,0,0,0,0,0.1,0.9,15.0,0.92,1,1,1,1,1,1,1,1,1,1,0.05,84.367595,0.040507,0.200625,1.0,0.0,116317,1084,0,1.984615,7.946154,18.264103,21730.452487,MaxPaths=3;Alpha0=0.5;Gamma=0.9;Epsilon0=0.5;RewardW1=0.6;RewardW2=0.4;QueueAwareSelect=false;,27603,1299420,9.93983,1.140196,0.018499,0.131911,8518,1
QSQMAODV,19,20,19,3,50.0,0.1,0.615472,25.904084,172.701628,40.99381,37022,22786,581766,4.728098,0.0,0.0,20,A_N20_pi010|FULL-S,5.0,0.85,300.0,16.0,0.0,0,0,0,0,0.1,0.9,15.0,0.92,1,1,1,1,1,1,1,1,1,1,0.05,117.700265,0.053769,0.211121,1.0,0.0,84817,933,0,2.046154,7.533333,18.041026,19133.814224,MaxPaths=3;Alpha0=0.5;Gamma=0.9;Epsilon0=0.5;RewardW1=0.6;RewardW2=0.4;QueueAwareSelect=false;,25161,1179530,9.586214,1.104231,0.029882,0.14932,5766,0
QSQMAODV,2,20,19,3,50.0,0.1,0.252039,11.855859,9.222924,8.920807,37022,9331,101150,2.007446,0.0,0.0,20,A_N20_pi010|FULL-S,5.0,0.85,300.0,16.0,0.0,0,0,0,0,0.1,0.9,15.0,0.92,1,1,1,1,1,1,1,1,1,1,0.05,5.776194,0.002402,0.033936,0.7,0.0,52304,345,0,2.851282,8.679487,18.187179,22296.131007,MaxPaths=3;Alpha0=0.5;Gamma=0.9;Epsilon0=0.5;RewardW1=0.6;RewardW2=0.4;QueueAwareSelect=false;,6652,316190,6.27518,0.712893,0.00146,0.021955,1591,0
QSQMAODV,20,20,19,3,50.0,0.1,0.500297,21.056589,101.063024,50.723661,37022,18522,1195674,11.954493,0.0,0.0,20,A_N20_pi010|FULL-S,5.0,0.85,300.0,16.0,0.0,0,0,0,0,0.1,0.9,15.0,0.92,1,1,1,1,1,1,1,1,1,1,0.05,86.728623,0.110627,0.337262,1.0,0.0,116550,2459,0,2.328205,8.379487,18.317949,20034.119132,MaxPaths=3;Alpha0=0.5;Gamma=0.9;Epsilon0=0.5;RewardW1=0.6;RewardW2=0.4;QueueAwareSelect=false;,45714,2132962,21.325611,2.468092,0.045532,0.231342,11400,1
QSQMAODV,21,20,19,3,50.0,0.1,0.479553,20.183495,81.511213,43.647962,37022,17754,1300886,13.569044,0.0,0.0,20,A_N20_pi010|FULL-S,5.0,0.85,300.0,16.0,0.0,0,0,0,0,0.1,0.9,15.0,0.92,1,1,1,1,1,1,1,1,1,1,0.05,71.126251,0.119703,0.336775,1.0,0.0,119294,3065,0,2.307692,9.294872,18.530769,23623.667358,MaxPaths=3;Alpha0=0.5;Gamma=0.9;Epsilon0=0.5;RewardW1=0.6;RewardW2=0.4;QueueAwareSelect=false;,50325,2382864,24.854743,2.834572,0.052534,0.235113,11410,5
QSQMAODV,22,20,19,3,50.0,0.1,0.484226,20.380168,73.743061,34.223231,37022,17927,547688,5.657595,0.0,0.0,20,A_N20_pi010|FULL-S,5.0,0.85,300.0,16.0,0.0,0,0,0,0,0.1,0.9,15.0,0.92,1,1,1,1,1,1,1,1,1,1,0.05,66.843743,0.027495,0.154652,1.0,0.0,91775,901,0,2.446154,8.938462,18.538462,23564.178941,MaxPaths=3;Alpha0=0.5;Gamma=0.9;Epsilon0=0.5;RewardW1=0.6;RewardW2=0.4;QueueAwareSelect=false;,20484,957142,9.887238,1.142634,0.012497,0.093294,7508,0
QSQMAODV,23,20,19,3,50.0,0.1,0.59154,24.896842,68.080694,21.797622,37022,21900,442616,3.742736,0.0,0.0,20,A_N20_pi010|FULL-S,5.0,0.85,300.0,16.0,0.0,0,0,0,0,0.1,0.9,15.0,0.92,1,1,1,1,1,1,1,1,1,1,0.05,61.505018,0.025739,0.132622,1.0,0.0,87615,746,0,1.951282,8.24359,18.412821,24161.729664,MaxPaths=3;Alpha0=0.5;Gamma=0.9;Epsilon0=0.5;RewardW1=0.6;RewardW2=0.4;QueueAwareSelect=false;,17838,840416,7.106511,0.814521,0.01323,0.085622,6339,1
QSQMAODV,24,20,19,3,50.0,0.1,0.67125,28.251663,46.909255,22.594954,37022,24851,692282,5.158761,0.0,0.0,20,A_N20_pi010|FULL-S,5.0,0.85,300.0,16.0,0.0,0,0,0,0,0.1,0.9,15.0,0.92,1,1,1,1,1,1,1,1,1,1,0.05,45.859188,0.059031,0.221582,1.0,0.0,97497,1953,0,2.423077,9.830769,18.541026,25599.584026,MaxPaths=3;Alpha0=0.5;Gamma=0.9;Epsilon0=0.5;RewardW1=0.6;RewardW2=0.4;QueueAwareSelect=false;,27356,1286034,9.583294,1.100801,0.022012,0.140417,8975,1
QSQMAODV,25,20,19,3,50.0,0.1,0.670358,28.214147,39.500933,9.770615,37022,24818,181476,1.354125,0.0,0.0,20,A_N20_pi010|FULL-S,5.0,0.85,300.0,16.0,0.0,0,0,0,0,0.1,0.9,15.0,0.92,1,1,1,1,1,1,1,1,1,1,0.05,38.541071,0.016371,0.078408,1.0,0.0,60062,318,0,2.528205,8.358974,18.412821,25034.497264,MaxPaths=3;Alpha0=0.5;Gamma=0.9;Epsilon0=0.5;RewardW1=0.6;RewardW2=0.4;QueueAwareSelect=false;,10451,497348,3.711076,0.421106,0.008672,0.050151,5595,0
QSQMAODV,26,20,19,3,50.0,0.1,0.605532,25.485726,149.581002,57.776174,37022,22418,844040,6.972241,0.0,0.0,20,A_N20_pi010|FULL-S,5.0,0.85,300.0,16.0,0.0,0,0,0,0,0.1,0.9,15.0,0.92,1,1,1,1,1,1,1,1,1,1,0.05,113.548559,0.061391,0.253081,1.0,0.0,109557,1655,0,1.869231,7.402564,18.15641,22478.078297,MaxPaths=3;Alpha0=0.5;Gamma=0.9;Epsilon0=0.5;RewardW1=0.6;RewardW2=0.4;QueueAwareSelect=false;,31232,1467886,12.125557,1.393166,0.029815,0.171007,11251,0
QSQMAODV,27,20,19,3,50.0,0.1,0.469505,19.760589,132.021186,40.239895,37022,17382,609212,6.490452,0.0,0.0,20,A_N20_pi010|FULL-S,5.0,0.85,300.0,16.0,0.0,0,0,0,0,0.1,0.9,15.0,0.92,1,1,1,1,1,1,1,1,1,1,0.05,127.304488,0.061668,0.233959,1.0,0.0,90058,1266,0,2.594872,8.530769,18.615385,21516.540909,MaxPaths=3;Alpha0=0.5;Gamma=0.9;Epsilon0=0.5;RewardW1=0.6;RewardW2=0.4;QueueAwareSelect=false;,25630,1199020,12.774177,1.474514,0.027797,0.14804,7095,1
QSQMAODV,28,20,19,3,50.0,0.1,0.486792,20.488168,103.73328,55.437491,37022,18022,987570,10.147782,0.0,0.0,20,A_N20_pi010|FULL-S,5.0,0.85,300.0,16.0,0.0,0,0,0,0,0.1,0.9,15.0,0.92,1,1,1,1,1,1,1,1,1,1,0.05,63.230461,0.106627,0.309282,1.0,0.0,92268,1949,0,1.766667,8.138462,18.428205,23609.26465,MaxPaths=3;Alpha0=0.5;Gamma=0.9;Epsilon0=0.5;RewardW1=0.6;RewardW2=0.4;QueueAwareSelect=false;,41685,1986352,20.410774,2.313006,0.039179,0.209186,13643,3
QSQMAODV,29,20,19,3,50.0,0.1,0.693696,29.196379,70.881713,16.484491,37022,25682,204158,1.472122,0.0,0.0,20,A_N20_pi010|FULL-S,5.0,0.85,300.0,16.0,0.0,0,0,0,0,0.1,0.9,15.0,0.92,1,1,1,1,1,1,1,1,1,1,0.05,53.055114,0.010687,0.060768,1.0,0.0,73096,660,0,2.551282,9.420513,18.528205,24391.427198,MaxPaths=3;Alpha0=0.5;Gamma=0.9;Epsilon0=0.5;RewardW1=0.6;RewardW2=0.4;QueueAwareSelect=false;,9659,453514,3.270153,0.3761,0.005992,0.035969,4423,0
QSQMAODV,3,20,19,3,50.0,0.1,0.408811,17.206105,138.969009,74.52977,37022,15135,1491792,18.252909,0.0,0.0,20,A_N20_pi010|FULL-S,5.0,0.85,300.0,16.0,0.0,0,0,0,0,0.1,0.9,15.0,0.92,1,1,1,1,1,1,1,1,1,1,0.05,122.365499,0.143325,0.40029,1.0,0.0,114800,3313,0,2.187179,8.523077,17.974359,26622.900406,MaxPaths=3;Alpha0=0.5;Gamma=0.9;Epsilon0=0.5;RewardW1=0.6;RewardW2=0.4;QueueAwareSelect=false;,61129,2905510,35.550539,4.038916,0.064441,0.278422,13731,2
QSQMAODV,30,20,19,3,50.0,0.1,0.565123,23.785011,156.010875,69.491628,37022,20922,839404,7.429748,0.0,0.0,20,A_N20_pi010|FULL-S,5.0,0.85,300.0,16.0,0.0,0,0,0,0,0.1,0.9,15.0,0.92,1,1,1,1,1,1,1,1,1,1,0.05,81.100763,0.142437,0.34413,1.0,0.0,122416,1918,0,2.010256,8.007692,18.5,22988.730745,MaxPaths=3;Alpha0=0.5;Gamma=0.9;Epsilon0=0.5;RewardW1=0.6;RewardW2=0.4;QueueAwareSelect=false;,33142,1569056,13.888057,1.584074,0.106332,0.272551,10033,2
QSQMAODV,4,20,19,3,50.0,0.1,0.300362,12.641684,178.100118,113.359825,37022,11120,2055980,34.238942,0.0,0.0,20,A_N20_pi010|FULL-S,5.0,0.85,300.0,16.0,0.0,0,0,0,0,0.1,0.9,15.0,0.92,1,1,1,1,1,1,1,1,1,1,0.05,151.072955,0.160788,0.454528,1.0,0.0,151953,5759,0,2.65641,9.266667,18.551282,21721.695025,MaxPaths=3;Alpha0=0.5;Gamma=0.9;Epsilon0=0.5;RewardW1=0.6;RewardW2=0.4;QueueAwareSelect=false;,75327,3575024,59.536104,6.774011,0.053646,0.296201,17221,11
QSQMAODV,5,20,19,3,50.0,0.1,0.665064,27.991326,13.306137,7.388511,37022,24622,206458,1.552797,0.0,0.0,20,A_N20_pi010|FULL-S,5.0,0.85,300.0,16.0,0.0,0,0,0,0,0.1,0.9,15.0,0.92,1,1,1,1,1,1,1,1,1,1,0.05,13.504097,0.010149,0.06586,1.0,0.0,71028,361,0,2.448718,9.497436,18.620513,25315.804661,MaxPaths=3;Alpha0=0.5;Gamma=0.9;Epsilon0=0.5;RewardW1=0.6;RewardW2=0.4;QueueAwareSelect=false;,9606,452370,3.402332,0.390139,0.005516,0.041039,4027,0
QSQMAODV,6,20,19,3,50.0,0.1,0.554238,23.326863,39.681457,14.329999,37022,20519,468008,4.2238,0.0,0.0,20,A_N20_pi010|FULL-S,5.0,0.85,300.0,16.0,0.0,0,0,0,0,0.1,0.9,15.0,0.92,1,1,1,1,1,1,1,1,1,1,0.05,38.915898,0.088352,0.230323,1.0,0.0,83591,1597,0,2.653846,9.589744,18.533333,22227.889823,MaxPaths=3;Alpha0=0.5;Gamma=0.9;Epsilon0=0.5;RewardW1=0.6;RewardW2=0.4;QueueAwareSelect=false;,19775,929908,8.392475,0.963741,0.051277,0.164806,6351,0
QSQMAODV,7,20,19,3,50.0,0.1,0.636946,26.807874,14.751692,9.051704,37022,23581,204394,1.605137,0.0,0.0,20,A_N20_pi010|FULL-S,5.0,0.85,300.0,16.0,0.0,0,0,0,0,0.1,0.9,15.0,0.92,1,1,1,1,1,1,1,1,1,1,0.05,14.480189,0.009058,0.067774,1.0,0.0,65777,357,0,2.458974,9.976923,18.689744,22459.172633,MaxPaths=3;Alpha0=0.5;Gamma=0.9;Epsilon0=0.5;RewardW1=0.6;RewardW2=0.4;QueueAwareSelect=false;,9575,450226,3.535693,0.406047,0.004775,0.040793,4361,0
QSQMAODV,8,20,19,3,50.0,0.1,0.264086,11.114905,295.29444,142.199796,37022,9777,1847780,34.998617,0.0,0.0,20,A_N20_pi010|FULL-S,5.0,0.85,300.0,16.0,0.0,0,0,0,0,0.1,0.9,15.0,0.92,1,1,1,1,1,1,1,1,1,1,0.05,218.093596,0.17995,0.456484,1.0,0.0,132739,4664,0,2.597436,9.133333,18.505128,24158.272528,MaxPaths=3;Alpha0=0.5;Gamma=0.9;Epsilon0=0.5;RewardW1=0.6;RewardW2=0.4;QueueAwareSelect=false;,74825,3564000,67.50537,7.653166,0.073692,0.303767,19294,8
QSQMAODV,9,20,19,3,50.0,0.1,0.320323,13.481811,122.335056,38.324135,37022,11859,1134986,17.723467,0.0,0.0,20,A_N20_pi010|FULL-S,5.0,0.85,300.0,16.0,0.0,0,0,0,0,0.1,0.9,15.0,0.92,1,1,1,1,1,1,1,1,1,1,0.05,119.50671,0.109479,0.29051,1.0,0.0,131351,2190,0,2.220513,8.312821,18.128205,23364.794149,MaxPaths=3;Alpha0=0.5;Gamma=0.9;Epsilon0=0.5;RewardW1=0.6;RewardW2=0.4;QueueAwareSelect=false;,43521,2048748,31.992392,3.669871,0.067957,0.216105,6643,2
QSQMAODV,1,20,19,3,50.0,0.1,0.378262,15.920337,149.709487,45.845927,37022,14004,681656,9.014038,0.0,0.0,20,A_N20_pi010|FULL-T,5.0,0.85,300.0,16.0,0.0,0,0,0,0,0.1,0.9,15.0,0.92,1,1,1,1,1,1,1,1,1,1,0.05,94.415985,0.065822,0.209719,1.0,0.0,93795,1380,0,2.44359,8.884615,18.407692,22539.664836,MaxPaths=3;Alpha0=0.5;Gamma=0.9;Epsilon0=0.5;RewardW1=0.6;RewardW2=0.4;TrendEpsilon=false;,26940,1277856,16.898029,1.923736,0.024225,0.124476,13154,0
QSQMAODV,10,20,19,3,50.0,0.1,0.395495,16.645642,45.775631,19.758757,37022,14642,383412,4.849216,0.0,0.0,20,A_N20_pi010|FULL-T,5.0,0.85,300.0,16.0,0.0,0,0,0,0,0.1,0.9,15.0,0.92,1,1,1,1,1,1,1,1,1,1,0.05,41.611333,0.046669,0.156265,1.0,0.0,81699,854,0,2.266667,8.910256,18.530769,23279.71399,MaxPaths=3;Alpha0=0.5;Gamma=0.9;Epsilon0=0.5;RewardW1=0.6;RewardW2=0.4;TrendEpsilon=false;,16017,753806,9.533787,1.093908,0.022235,0.101032,5636,0
QSQMAODV,11,20,19,3,50.0,0.1,0.639404,28.4064,37.462547,17.012499,37022,23672,540368,4.227279,0.0,0.0,20,A_N20_pi010|FULL-T,5.0,0.85,300.0,16.0,0.0,0,0,0,0,0.1,0.9,15.0,0.92,1,1,1,1,1,1,1,1,1,1,0.05,37.99171,0.060498,0.187535,1.0,0.0,91829,1138,0,2.235897,8.123077,18.446154,24281.639952,MaxPaths=3;Alpha0=0.5;Gamma=0.9;Epsilon0=0.5;RewardW1=0.6;RewardW2=0.4;TrendEpsilon=false;,23490,1101682,8.618418,0.992312,0.023725,0.118841,10045,0
QSQMAODV,12,20,19,3,50.0,0.1,0.62787,26.425895,27.177035,16.597662,37022,23245,713266,5.682353,0.0,0.0,20,A_N20_pi010|FULL-T,5.0,0.85,300.0,16.0,0.0,0,0,0,0,0.1,0.9,15.0,0.92,1,1,1,1,1,1,1,1,1,1,0.05,25.842775,0.052154,0.188687,1.0,0.0,106988,1570,0,2.353846,8.851282,18.789744,24864.637506,MaxPaths=3;Alpha0=0.5;Gamma=0.9;Epsilon0=0.5;RewardW1=0.6;RewardW2=0.4;TrendEpsilon=false;,27502,1296172,10.326171,1.183136,0.014444,0.107052,5858,0
QSQMAODV,13,20,19,3,50.0,0.1,0.346173,14.569768,208.542796,80.533133,37022,12816,1001938,14.477534,0.0,0.0,20,A_N20_pi010|FULL-T,5.0,0.85,300.0,16.0,0.0,0,0,0,0,0.1,0.9,15.0,0.92,1,1,1,1,1,1,1,1,1,1,0.05,177.279732,0.078068,0.279961,1.0,0.0,105432,2796,0,2.353846,9.04359,18.530769,23376.285305,MaxPaths=3;Alpha0=0.5;Gamma=0.9;Epsilon0=0.5;RewardW1=0.6;RewardW2=0.4;TrendEpsilon=false;,38838,1824196,26.358776,3.030431,0.027098,0.14608,7505,0
QSQMAODV,14,20,19,3,50.0,0.1,0.48147,20.264211,83.600586,52.40712,37022,17825,1120566,11.641639,0.0,0.0,20,A_N20_pi010|FULL-T,5.0,0.85,300.0,16.0,0.0,0,0,0,0,0.1,0.9,15.0,0.92,1,1,1,1,1,1,1,1,1,1,0.05,68.947421,0.107936,0.326248,1.0,0.0,110890,2599,0,2.205128,8.733333,18.602564,24764.712314,MaxPaths=3;Alpha0=0.5;Gamma=0.9;Epsilon0=0.5;RewardW1=0.6;RewardW2=0.4;TrendEpsilon=false;,44468,2093002,21.744346,2.494698,0.050546,0.213639,6836,0
QSQMAODV,15,20,19,3,50.0,0.1,0.372616,15.682737,156.053928,88.1811,37022,13795,1456028,19.545837,0.0,0.0,20,A_N20_pi010|FULL-T,5.0,0.85,300.0,16.0,0.0,0,0,0,0,0.1,0.9,15.0,0.92,1,1,1,1,1,1,1,1,1,1,0.05,133.644555,0.093827,0.315661,1.0,0.0,125012,3173,0,1.969231,8.435897,18.364103,24698.448431,MaxPaths=3;Alpha0=0.5;Gamma=0.9;Epsilon0=0.5;RewardW1=0.6;RewardW2=0.4;TrendEpsilon=false;,54476,2595620,34.843811,3.948967,0.027263,0.181283,16786,0
QSQMAODV,16,20,19,3,50.0,0.1,0.497947,20.957684,122.355296,59.017819,37022,18435,958366,9.627078,0.0,0.0,20,A_N20_pi010|FULL-T,5.0,0.85,300.0,16.0,0.0,0,0,0,0,0.1,0.9,15.0,0.92,1,1,1,1,1,1,1,1,1,1,0.05,109.086858,0.065886,0.258021,1.0,0.0,117420,1869,0,1.825641,8.146154,18.448718,24356.530873,MaxPaths=3;Alpha0=0.5;Gamma=0.9;Epsilon0=0.5;RewardW1=0.6;RewardW2=0.4;TrendEpsilon=false;,37350,1739492,17.473727,2.026037,0.029529,0.150828,8667,0
QSQMAODV,17,20,19,3,50.0,0.1,0.427773,19.0044,49.281559,11.629299,37022,15837,151816,1.775215,0.0,0.0,20,A_N20_pi010|FULL-T,5.0,0.85,300.0,16.0,0.0,0,0,0,0,0.1,0.9,15.0,0.92,1,1,1,1,1,1,1,1,1,1,0.05,65.100943,0.005268,0.043243,1.0,0.0,55943,178,0,2.333333,8.448718,18.497436,22738.691762,MaxPaths=3;Alpha0=0.5;Gamma=0.9;Epsilon0=0.5;RewardW1=0.6;RewardW2=0.4;TrendEpsilon=false;,8162,387000,4.525268,0.515375,0.002653,0.022513,3804,0
QSQMAODV,18,20,19,3,50.0,0.1,0.661255,27.831032,71.978471,30.29793,37022,24481,580160,4.388589,0.0,0.0,20,A_N20_pi010|FULL-T,5.0,0.85,300.0,16.0,0.0,0,0,0,0,0.1,0.9,15.0,0.92,1,1,1,1,1,1,1,1,1,1,0.05,60.759046,0.033332,0.160107,1.0,0.0,103273,811,0,1.984615,7.946154,18.264103,21730.452487,MaxPaths=3;Alpha0=0.5;Gamma=0.9;Epsilon0=0.5;RewardW1=0.6;RewardW2=0.4;TrendEpsilon=false;,23533,1101426,8.331677,0.961276,0.014011,0.093086,7395,0
QSQMAODV,19,20,19,3,50.0,0.1,0.423289,18.8052,64.96259,11.484484,37022,15671,69444,0.820624,0.0,0.0,20,A_N20_pi010|FULL-T,5.0,0.85,300.0,16.0,0.0,0,0,0,0,0.1,0.9,15.0,0.92,1,1,1,1,1,1,1,1,1,1,0.05,27.243015,0.003156,0.026643,1.0,0.0,47610,85,0,2.046154,7.533333,18.041026,19133.814224,MaxPaths=3;Alpha0=0.5;Gamma=0.9;Epsilon0=0.5;RewardW1=0.6;RewardW2=0.4;TrendEpsilon=false;,6126,292658,3.458358,0.390913,0.002184,0.01753,1994,0
QSQMAODV,2,20,19,3,50.0,0.1,0.211955,9.970306,6.536724,6.502483,37022,7847,55352,1.306279,0.0,0.0,20,A_N20_pi010|FULL-T,5.0,0.85,300.0,16.0,0.0,0,0,0,0,0.1,0.9,15.0,0.92,1,1,1,1,1,1,1,1,1,1,0.05,3.556285,0.001202,0.019213,0.35,0.0,47292,69,0,2.851282,8.679487,18.187179,22296.131007,MaxPaths=3;Alpha0=0.5;Gamma=0.9;Epsilon0=0.5;RewardW1=0.6;RewardW2=0.4;TrendEpsilon=false;,5467,261424,6.169473,0.696699,0.000743,0.012822,1248,0
QSQMAODV,20,20,19,3,50.0,0.1,0.512722,21.579537,96.067355,46.114497,37022,18982,1081348,10.549448,0.0,0.0,20,A_N20_pi010|FULL-T,5.0,0.85,300.0,16.0,0.0,0,0,0,0,0.1,0.9,15.0,0.92,1,1,1,1,1,1,1,1,1,1,0.05,75.264954,0.096269,0.309253,1.0,0.0,112171,2152,0,2.328205,8.379487,18.317949,20034.119132,MaxPaths=3;Alpha0=0.5;Gamma=0.9;Epsilon0=0.5;RewardW1=0.6;RewardW2=0.4;TrendEpsilon=false;,43500,2049278,19.99241,2.291645,0.033348,0.18416,12598,0
QSQMAODV,21,20,19,3,50.0,0.1,0.508995,21.422653,50.84369,34.929286,37022,18844,1097010,10.78062,0.0,0.0,20,A_N20_pi010|FULL-T,5.0,0.85,300.0,16.0,0.0,0,0,0,0,0.1,0.9,15.0,0.92,1,1,1,1,1,1,1,1,1,1,0.05,48.498837,0.069005,0.238263,1.0,0.0,122321,2189,0,2.307692,9.294872,18.530769,23623.667358,MaxPaths=3;Alpha0=0.5;Gamma=0.9;Epsilon0=0.5;RewardW1=0.6;RewardW2=0.4;TrendEpsilon=false;,42176,1994908,19.604511,2.238166,0.020729,0.143438,12560,0
QSQMAODV,22,20,19,3,50.0,0.1,0.527632,22.207074,44.34106,14.276755,37022,19534,180070,1.70709,0.0,0.0,20,A_N20_pi010|FULL-T,5.0,0.85,300.0,16.0,0.0,0,0,0,0,0.1,0.9,15.0,0.92,1,1,1,1,1,1,1,1,1,1,0.05,41.787911,0.011913,0.067366,1.0,0.0,62075,322,0,2.446154,8.938462,18.538462,23564.178941,MaxPaths=3;Alpha0=0.5;Gamma=0.9;Epsilon0=0.5;RewardW1=0.6;RewardW2=0.4;TrendEpsilon=false;,9092,429214,4.069012,0.465445,0.006392,0.043618,4086,0
QSQMAODV,23,20,19,3,50.0,0.1,0.56407,23.740674,9.62853,6.989037,37022,20883,225682,2.001291,0.0,0.0,20,A_N20_pi010|FULL-T,5.0,0.85,300.0,16.0,0.0,0,0,0,0,0.1,0.9,15.0,0.92,1,1,1,1,1,1,1,1,1,1,0.05,8.434181,0.01435,0.06881,1.0,0.0,70055,592,0,1.951282,8.24359,18.412821,24161.729664,MaxPaths=3;Alpha0=0.5;Gamma=0.9;Epsilon0=0.5;RewardW1=0.6;RewardW2=0.4;TrendEpsilon=false;,10857,513918,4.557295,0.519897,0.008225,0.044692,5087,0
QSQMAODV,24,20,19,3,50.0,0.1,0.720031,30.3048,59.089532,28.263602,37022,26657,819154,5.690632,0.0,0.0,20,A_N20_pi010|FULL-T,5.0,0.85,300.0,16.0,0.0,0,0,0,0,0.1,0.9,15.0,0.92,1,1,1,1,1,1,1,1,1,1,0.05,55.328606,0.060067,0.235841,1.0,0.0,104556,1765,0,2.423077,9.830769,18.541026,25599.584026,MaxPaths=3;Alpha0=0.5;Gamma=0.9;Epsilon0=0.5;RewardW1=0.6;RewardW2=0.4;TrendEpsilon=false;,31305,1464010,10.170423,1.174363,0.018271,0.131895,8453,0
QSQMAODV,25,20,19,3,50.0,0.1,0.727351,30.612884,51.130855,14.405772,37022,26928,298242,2.051025,0.0,0.0,20,A_N20_pi010|FULL-T,5.0,0.85,300.0,16.0,0.0,0,0,0,0,0.1,0.9,15.0,0.92,1,1,1,1,1,1,1,1,1,1,0.05,51.846059,0.021055,0.111145,1.0,0.0,79936,450,0,2.528205,8.358974,18.412821,25034.497264,MaxPaths=3;Alpha0=0.5;Gamma=0.9;Epsilon0=0.5;RewardW1=0.6;RewardW2=0.4;TrendEpsilon=false;,13683,645048,4.436027,0.508133,0.010033,0.061461,5271,0
QSQMAODV,26,20,19,3,50.0,0.1,0.53479,22.508337,80.71644,41.275234,37022,19799,710956,6.649756,0.0,0.0,20,A_N20_pi010|FULL-T,5.0,0.85,300.0,16.0,0.0,0,0,0,0,0.1,0.9,15.0,0.92,1,1,1,1,1,1,1,1,1,1,0.05,59.668056,0.061823,0.228203,1.0,0.0,95044,1760,0,1.869231,7.402564,18.15641,22478.078297,MaxPaths=3;Alpha0=0.5;Gamma=0.9;Epsilon0=0.5;RewardW1=0.6;RewardW2=0.4;TrendEpsilon=false;,28657,1360690,12.726887,1.447396,0.019287,0.13487,12063,0
QSQMAODV,27,20,19,3,50.0,0.1,0.472179,19.873137,137.913631,51.957118,37022,17481,1010546,10.705231,0.0,0.0,20,A_N20_pi010|FULL-T,5.0,0.85,300.0,16.0,0.0,0,0,0,0,0.1,0.9,15.0,0.92,1,1,1,1,1,1,1,1,1,1,0.05,131.804189,0.087012,0.298562,1.0,0.0,123668,2190,0,2.594872,8.530769,18.615385,21516.540909,MaxPaths=3;Alpha0=0.5;Gamma=0.9;Epsilon0=0.5;RewardW1=0.6;RewardW2=0.4;TrendEpsilon=false;,38987,1807444,19.14718,2.23025,0.043953,0.164832,7397,0
QSQMAODV,28,20,19,3,50.0,0.1,0.517341,21.773937,115.771321,42.640016,37022,19153,637972,6.168379,0.0,0.0,20,A_N20_pi010|FULL-T,5.0,0.85,300.0,16.0,0.0,0,0,0,0,0.1,0.9,15.0,0.92,1,1,1,1,1,1,1,1,1,1,0.05,96.115408,0.05825,0.194549,1.0,0.0,88920,1434,0,1.766667,8.138462,18.428205,23609.26465,MaxPaths=3;Alpha0=0.5;Gamma=0.9;Epsilon0=0.5;RewardW1=0.6;RewardW2=0.4;TrendEpsilon=false;,26597,1259954,12.182155,1.38866,0.019654,0.117085,10081,0
QSQMAODV,29,20,19,3,50.0,0.1,0.73432,30.906189,68.133262,28.998142,37022,27186,685908,4.672258,0.0,0.0,20,A_N20_pi010|FULL-T,5.0,0.85,300.0,16.0,0.0,0,0,0,0,0.1,0.9,15.0,0.92,1,1,1,1,1,1,1,1,1,1,0.05,64.020501,0.047376,0.20867,1.0,0.0,105686,1533,0,2.551282,9.420513,18.528205,24391.427198,MaxPaths=3;Alpha0=0.5;Gamma=0.9;Epsilon0=0.5;RewardW1=0.6;RewardW2=0.4;TrendEpsilon=false;,26063,1217308,8.29204,0.958692,0.01592,0.110773,6739,0
QSQMAODV,3,20,19,3,50.0,0.1,0.397115,16.713853,69.474094,28.988107,37022,14702,936002,11.789804,0.0,0.0,20,A_N20_pi010|FULL-T,5.0,0.85,300.0,16.0,0.0,0,0,0,0,0.1,0.9,15.0,0.92,1,1,1,1,1,1,1,1,1,1,0.05,57.988524,0.11096,0.297792,1.0,0.0,104735,1427,0,2.187179,8.523077,17.974359,26622.900406,MaxPaths=3;Alpha0=0.5;Gamma=0.9;Epsilon0=0.5;RewardW1=0.6;RewardW2=0.4;TrendEpsilon=false;,39976,1874956,23.616792,2.719086,0.071947,0.207346,8618,0
QSQMAODV,30,20,19,3,50.0,0.1,0.665604,28.014063,99.231986,34.126727,37022,24642,651060,4.892731,0.0,0.0,20,A_N20_pi010|FULL-T,5.0,0.85,300.0,16.0,0.0,0,0,0,0,0.1,0.9,15.0,0.92,1,1,1,1,1,1,1,1,1,1,0.05,83.382669,0.052505,0.202105,1.0,0.0,94523,1137,0,2.010256,8.007692,18.5,22988.730745,MaxPaths=3;Alpha0=0.5;Gamma=0.9;Epsilon0=0.5;RewardW1=0.6;RewardW2=0.4;TrendEpsilon=false;,26584,1260754,9.474595,1.078809,0.022488,0.123344,9388,0
QSQMAODV,4,20,19,3,50.0,0.1,0.492059,21.8604,16.47178,6.822476,37022,18217,127964,1.30082,0.0,0.0,20,A_N20_pi010|FULL-T,5.0,0.85,300.0,16.0,0.0,0,0,0,0,0.1,0.9,15.0,0.92,1,1,1,1,1,1,1,1,1,1,0.05,17.152173,0.005729,0.047955,1.0,0.0,65945,204,0,2.65641,9.266667,18.551282,21721.695025,MaxPaths=3;Alpha0=0.5;Gamma=0.9;Epsilon0=0.5;RewardW1=0.6;RewardW2=0.4;TrendEpsilon=false;,7746,368728,3.74831,0.425207,0.002687,0.028807,3491,0
QSQMAODV,5,20,19,3,50.0,0.1,0.490735,20.654147,129.512031,57.837439,37022,18168,931506,9.494777,0.0,0.0,20,A_N20_pi010|FULL-T,5.0,0.85,300.0,16.0,0.0,0,0,0,0,0.1,0.9,15.0,0.92,1,1,1,1,1,1,1,1,1,1,0.05,76.735999,0.119522,0.28791,1.0,0.0,100376,3193,0,2.448718,9.497436,18.620513,25315.804661,MaxPaths=3;Alpha0=0.5;Gamma=0.9;Epsilon0=0.5;RewardW1=0.6;RewardW2=0.4;TrendEpsilon=false;,36893,1747976,17.817,2.030658,0.024134,0.167169,12077,0
QSQMAODV,6,20,19,3,50.0,0.1,0.672222,28.292589,22.697881,10.156491,37022,24887,406940,3.028057,0.0,0.0,20,A_N20_pi010|FULL-T,5.0,0.85,300.0,16.0,0.0,0,0,0,0,0.1,0.9,15.0,0.92,1,1,1,1,1,1,1,1,1,1,0.05,18.848374,0.037168,0.147224,1.0,0.0,77737,645,0,2.653846,9.589744,18.533333,22227.889823,MaxPaths=3;Alpha0=0.5;Gamma=0.9;Epsilon0=0.5;RewardW1=0.6;RewardW2=0.4;TrendEpsilon=false;,17278,821628,6.113768,0.694258,0.013526,0.086538,6575,0
QSQMAODV,7,20,19,3,50.0,0.1,0.497515,20.939495,56.91364,28.452546,37022,18419,369998,3.719971,0.0,0.0,20,A_N20_pi010|FULL-T,5.0,0.85,300.0,16.0,0.0,0,0,0,0,0.1,0.9,15.0,0.92,1,1,1,1,1,1,1,1,1,1,0.05,45.467454,0.028582,0.135237,1.0,0.0,75132,733,0,2.458974,9.976923,18.689744,22459.172633,MaxPaths=3;Alpha0=0.5;Gamma=0.9;Epsilon0=0.5;RewardW1=0.6;RewardW2=0.4;TrendEpsilon=false;,15136,708414,7.122416,0.82176,0.007304,0.065655,7208,0
QSQMAODV,8,20,19,3,50.0,0.1,0.331722,13.961558,205.470932,97.438287,37022,12281,1485162,22.394756,0.0,0.0,20,A_N20_pi010|FULL-T,5.0,0.85,300.0,16.0,0.0,0,0,0,0,0.1,0.9,15.0,0.92,1,1,1,1,1,1,1,1,1,1,0.05,154.984862,0.124165,0.364762,1.0,0.0,117895,3448,0,2.597436,9.133333,18.505128,24158.272528,MaxPaths=3;Alpha0=0.5;Gamma=0.9;Epsilon0=0.5;RewardW1=0.6;RewardW2=0.4;TrendEpsilon=false;,61247,2923142,44.078055,4.987135,0.036763,0.209777,18088,0
QSQMAODV,9,20,19,3,50.0,0.1,0.499892,21.039537,121.648778,44.413242,37022,18507,1190410,11.911509,0.0,0.0,20,A_N20_pi010|FULL-T,5.0,0.85,300.0,16.0,0.0,0,0,0,0,0.1,0.9,15.0,0.92,1,1,1,1,1,1,1,1,1,1,0.05,119.496296,0.084823,0.263887,1.0,0.0,128094,2005,0,2.220513,8.312821,18.128205,23364.794149,MaxPaths=3;Alpha0=0.5;Gamma=0.9;Epsilon0=0.5;RewardW1=0.6;RewardW2=0.4;TrendEpsilon=false;,44890,2122962,21.242833,2.425569,0.031849,0.164454,7126,0
QSQMAODV,1,20,19,3,50.0,0.1,0.535871,22.553811,85.5121,36.847689,37022,19839,938682,8.762034,0.0,0.0,20,A_N20_pi010|OFF,5.0,0.85,300.0,16.0,0.0,0,0,0,0,0.1,0.9,15.0,0.92,1,1,1,1,1,1,1,1,1,1,0.05,57.29581,0.11205,0.289415,1.0,0.0,96467,2300,0,2.44359,8.884615,18.407692,22539.664836,MaxPaths=3;Alpha0=0.5;Gamma=0.9;Epsilon0=0.5;RewardW1=0.6;RewardW2=0.4;QueueRewardWeight=0;FailurePenalty=0;QueueAwareSelect=false;AckSilenceDecay=false;TrendEpsilon=false;,37445,1777764,16.594362,1.887444,0.036229,0.194295,0,0
QSQMAODV,10,20,19,3,50.0,0.1,0.414564,17.448253,187.559977,48.181204,37022,15348,331040,3.994247,0.0,0.0,20,A_N20_pi010|OFF,5.0,0.85,300.0,16.0,0.0,0,0,0,0,0.1,0.9,15.0,0.92,1,1,1,1,1,1,1,1,1,1,0.05,65.837898,0.05442,0.154068,1.0,0.0,65828,637,0,2.266667,8.910256,18.530769,23279.71399,MaxPaths=3;Alpha0=0.5;Gamma=0.9;Epsilon0=0.5;RewardW1=0.6;RewardW2=0.4;QueueRewardWeight=0;FailurePenalty=0;QueueAwareSelect=false;AckSilenceDecay=false;TrendEpsilon=false;,16918,802694,9.685108,1.102293,0.036845,0.121391,0,0
QSQMAODV,11,20,19,3,50.0,0.1,0.642402,28.5396,33.678189,13.657728,37022,23783,411602,3.204919,0.0,0.0,20,A_N20_pi010|OFF,5.0,0.85,300.0,16.0,0.0,0,0,0,0,0.1,0.9,15.0,0.92,1,1,1,1,1,1,1,1,1,1,0.05,37.267937,0.050943,0.165724,1.0,0.0,83490,930,0,2.235897,8.123077,18.446154,24281.639952,MaxPaths=3;Alpha0=0.5;Gamma=0.9;Epsilon0=0.5;RewardW1=0.6;RewardW2=0.4;QueueRewardWeight=0;FailurePenalty=0;QueueAwareSelect=false;AckSilenceDecay=false;TrendEpsilon=false;,19422,911978,7.101073,0.816634,0.022524,0.111762,0,0
QSQMAODV,12,20,19,3,50.0,0.1,0.624629,26.289474,16.584878,7.181806,37022,23125,195312,1.56406,0.0,0.0,20,A_N20_pi010|OFF,5.0,0.85,300.0,16.0,0.0,0,0,0,0,0.1,0.9,15.0,0.92,1,1,1,1,1,1,1,1,1,1,0.05,17.633689,0.011141,0.067566,1.0,0.0,74997,283,0,2.353846,8.851282,18.789744,24864.637506,MaxPaths=3;Alpha0=0.5;Gamma=0.9;Epsilon0=0.5;RewardW1=0.6;RewardW2=0.4;QueueRewardWeight=0;FailurePenalty=0;QueueAwareSelect=false;AckSilenceDecay=false;TrendEpsilon=false;,9676,456568,3.6562,0.418422,0.006389,0.045417,0,0
QSQMAODV,13,20,19,3,50.0,0.1,0.402085,16.923032,65.78699,29.414729,37022,14886,476192,5.923935,0.0,0.0,20,A_N20_pi010|OFF,5.0,0.85,300.0,16.0,0.0,0,0,0,0,0.1,0.9,15.0,0.92,1,1,1,1,1,1,1,1,1,1,0.05,56.02373,0.06735,0.209,1.0,0.0,84864,2710,0,2.353846,9.04359,18.530769,23376.285305,MaxPaths=3;Alpha0=0.5;Gamma=0.9;Epsilon0=0.5;RewardW1=0.6;RewardW2=0.4;QueueRewardWeight=0;FailurePenalty=0;QueueAwareSelect=false;AckSilenceDecay=false;TrendEpsilon=false;,20550,981252,12.206995,1.380492,0.045258,0.151984,0,0
QSQMAODV,14,20,19,3,50.0,0.1,0.472935,19.904968,127.167122,54.918998,37022,17509,1036664,10.964351,0.0,0.0,20,A_N20_pi010|OFF,5.0,0.85,300.0,16.0,0.0,0,0,0,0,0.1,0.9,15.0,0.92,1,1,1,1,1,1,1,1,1,1,0.05,102.671186,0.083002,0.296595,1.0,0.0,100464,2064,0,2.205128,8.733333,18.602564,24764.712314,MaxPaths=3;Alpha0=0.5;Gamma=0.9;Epsilon0=0.5;RewardW1=0.6;RewardW2=0.4;QueueRewardWeight=0;FailurePenalty=0;QueueAwareSelect=false;AckSilenceDecay=false;TrendEpsilon=false;,41403,1946186,20.583975,2.36467,0.037103,0.199312,0,0
QSQMAODV,15,20,19,3,50.0,0.1,0.370482,15.592926,58.895606,32.763804,37022,13716,537084,7.251385,0.0,0.0,20,A_N20_pi010|OFF,5.0,0.85,300.0,16.0,0.0,0,0,0,0,0.1,0.9,15.0,0.92,1,1,1,1,1,1,1,1,1,1,0.05,38.603404,0.025675,0.129331,1.0,0.0,95907,884,0,1.969231,8.435897,18.364103,24698.448431,MaxPaths=3;Alpha0=0.5;Gamma=0.9;Epsilon0=0.5;RewardW1=0.6;RewardW2=0.4;QueueRewardWeight=0;FailurePenalty=0;QueueAwareSelect=false;AckSilenceDecay=false;TrendEpsilon=false;,20089,946882,12.784231,1.46464,0.013379,0.083579,0,0
QSQMAODV,16,20,19,3,50.0,0.1,0.588704,24.777474,64.856588,28.915378,37022,21795,580028,4.928313,0.0,0.0,20,A_N20_pi010|OFF,5.0,0.85,300.0,16.0,0.0,0,0,0,0,0.1,0.9,15.0,0.92,1,1,1,1,1,1,1,1,1,1,0.05,66.338958,0.042196,0.183064,1.0,0.0,92677,1023,0,1.825641,8.146154,18.448718,24356.530873,MaxPaths=3;Alpha0=0.5;Gamma=0.9;Epsilon0=0.5;RewardW1=0.6;RewardW2=0.4;QueueRewardWeight=0;FailurePenalty=0;QueueAwareSelect=false;AckSilenceDecay=false;TrendEpsilon=false;,24019,1120810,9.523166,1.102042,0.020579,0.118573,0,0
QSQMAODV,17,20,19,3,50.0,0.1,0.462995,20.5692,15.867651,6.959118,37022,17141,127524,1.377723,0.0,0.0,20,A_N20_pi010|OFF,5.0,0.85,300.0,16.0,0.0,0,0,0,0,0.1,0.9,15.0,0.92,1,1,1,1,1,1,1,1,1,1,0.05,14.691824,0.004511,0.041632,1.0,0.0,63606,488,0,2.333333,8.448718,18.497436,22738.691762,MaxPaths=3;Alpha0=0.5;Gamma=0.9;Epsilon0=0.5;RewardW1=0.6;RewardW2=0.4;QueueRewardWeight=0;FailurePenalty=0;QueueAwareSelect=false;AckSilenceDecay=false;TrendEpsilon=false;,7343,348564,3.76576,0.428388,0.002657,0.027375,0,0
QSQMAODV,18,20,19,3,50.0,0.1,0.590946,24.871832,152.548168,54.666345,37022,21878,892006,7.550338,0.0,0.0,20,A_N20_pi010|OFF,5.0,0.85,300.0,16.0,0.0,0,0,0,0,0.1,0.9,15.0,0.92,1,1,1,1,1,1,1,1,1,1,0.05,114.751839,0.045576,0.235726,1.0,0.0,122144,1504,0,1.984615,7.946154,18.264103,21730.452487,MaxPaths=3;Alpha0=0.5;Gamma=0.9;Epsilon0=0.5;RewardW1=0.6;RewardW2=0.4;QueueRewardWeight=0;FailurePenalty=0;QueueAwareSelect=false;AckSilenceDecay=false;TrendEpsilon=false;,33143,1556646,13.176149,1.514901,0.020028,0.147805,0,0
QSQMAODV,19,20,19,3,50.0,0.1,0.602939,25.376589,200.216119,45.90739,37022,22322,605188,5.02069,0.0,0.0,20,A_N20_pi010|OFF,5.0,0.85,300.0,16.0,0.0,0,0,0,0,0.1,0.9,15.0,0.92,1,1,1,1,1,1,1,1,1,1,0.05,151.838248,0.059083,0.224334,1.0,0.0,83070,948,0,2.046154,7.533333,18.041026,19133.814224,MaxPaths=3;Alpha0=0.5;Gamma=0.9;Epsilon0=0.5;RewardW1=0.6;RewardW2=0.4;QueueRewardWeight=0;FailurePenalty=0;QueueAwareSelect=false;AckSilenceDecay=false;TrendEpsilon=false;,25569,1198312,9.941297,1.145462,0.033985,0.155362,0,0
QSQMAODV,2,20,19,3,50.0,0.1,0.25655,12.068047,7.901524,8.620163,37022,9498,70224,1.369177,0.0,0.0,20,A_N20_pi010|OFF,5.0,0.85,300.0,16.0,0.0,0,0,0,0,0.1,0.9,15.0,0.92,1,1,1,1,1,1,1,1,1,1,0.05,4.872848,0.002009,0.028149,0.6,0.0,49683,473,0,2.851282,8.679487,18.187179,22296.131007,MaxPaths=3;Alpha0=0.5;Gamma=0.9;Epsilon0=0.5;RewardW1=0.6;RewardW2=0.4;QueueRewardWeight=0;FailurePenalty=0;QueueAwareSelect=false;AckSilenceDecay=false;TrendEpsilon=false;,5897,280928,5.477332,0.620868,0.001282,0.019589,0,0
QSQMAODV,20,20,19,3,50.0,0.1,0.51202,21.549979,75.224785,37.158529,37022,18956,704640,6.883778,0.0,0.0,20,A_N20_pi010|OFF,5.0,0.85,300.0,16.0,0.0,0,0,0,0,0.1,0.9,15.0,0.92,1,1,1,1,1,1,1,1,1,1,0.05,70.206005,0.050037,0.216973,1.0,0.0,103156,1484,0,2.328205,8.379487,18.317949,20034.119132,MaxPaths=3;Alpha0=0.5;Gamma=0.9;Epsilon0=0.5;RewardW1=0.6;RewardW2=0.4;QueueRewardWeight=0;FailurePenalty=0;QueueAwareSelect=false;AckSilenceDecay=false;TrendEpsilon=false;,26567,1242782,12.141001,1.401509,0.020688,0.137477,0,0
QSQMAODV,21,20,19,3,50.0,0.1,0.456188,19.200126,54.241847,33.190015,37022,16889,697198,7.644665,0.0,0.0,20,A_N20_pi010|OFF,5.0,0.85,300.0,16.0,0.0,0,0,0,0,0.1,0.9,15.0,0.92,1,1,1,1,1,1,1,1,1,1,0.05,42.500318,0.056296,0.197155,1.0,0.0,93106,1414,0,2.307692,9.294872,18.530769,23623.667358,MaxPaths=3;Alpha0=0.5;Gamma=0.9;Epsilon0=0.5;RewardW1=0.6;RewardW2=0.4;QueueRewardWeight=0;FailurePenalty=0;QueueAwareSelect=false;AckSilenceDecay=false;TrendEpsilon=false;,27682,1308492,14.347406,1.639055,0.026926,0.130951,0,0
QSQMAODV,22,20,19,3,50.0,0.1,0.527011,22.180926,22.756437,13.33718,37022,19511,284496,2.700243,0.0,0.0,20,A_N20_pi010|OFF,5.0,0.85,300.0,16.0,0.0,0,0,0,0,0.1,0.9,15.0,0.92,1,1,1,1,1,1,1,1,1,1,0.05,23.026869,0.01683,0.096238,1.0,0.0,74139,470,0,2.446154,8.938462,18.538462,23564.178941,MaxPaths=3;Alpha0=0.5;Gamma=0.9;Epsilon0=0.5;RewardW1=0.6;RewardW2=0.4;QueueRewardWeight=0;FailurePenalty=0;QueueAwareSelect=false;AckSilenceDecay=false;TrendEpsilon=false;,12141,570408,5.413926,0.622264,0.009462,0.061046,0,0
QSQMAODV,23,20,19,3,50.0,0.1,0.492464,21.8784,60.028867,15.131365,37022,18232,240868,2.446533,0.0,0.0,20,A_N20_pi010|OFF,5.0,0.85,300.0,16.0,0.0,0,0,0,0,0.1,0.9,15.0,0.92,1,1,1,1,1,1,1,1,1,1,0.05,37.163277,0.018163,0.079142,1.0,0.0,66633,1010,0,1.951282,8.24359,18.412821,24161.729664,MaxPaths=3;Alpha0=0.5;Gamma=0.9;Epsilon0=0.5;RewardW1=0.6;RewardW2=0.4;QueueRewardWeight=0;FailurePenalty=0;QueueAwareSelect=false;AckSilenceDecay=false;TrendEpsilon=false;,11422,538578,5.470418,0.626481,0.011023,0.053214,0,0
QSQMAODV,24,20,19,3,50.0,0.1,0.727432,30.616295,27.823686,17.147312,37022,26931,601930,4.139041,0.0,0.0,20,A_N20_pi010|OFF,5.0,0.85,300.0,16.0,0.0,0,0,0,0,0.1,0.9,15.0,0.92,1,1,1,1,1,1,1,1,1,1,0.05,28.066743,0.051608,0.189008,1.0,0.0,99975,1487,0,2.423077,9.830769,18.541026,25599.584026,MaxPaths=3;Alpha0=0.5;Gamma=0.9;Epsilon0=0.5;RewardW1=0.6;RewardW2=0.4;QueueRewardWeight=0;FailurePenalty=0;QueueAwareSelect=false;AckSilenceDecay=false;TrendEpsilon=false;,24583,1155782,7.947484,0.912814,0.01812,0.120811,0,0
QSQMAODV,25,20,19,3,50.0,0.1,0.695424,29.269137,31.520494,16.677532,37022,25746,378426,2.721933,0.0,0.0,20,A_N20_pi010|OFF,5.0,0.85,300.0,16.0,0.0,0,0,0,0,0.1,0.9,15.0,0.92,1,1,1,1,1,1,1,1,1,1,0.05,27.541742,0.024271,0.140796,1.0,0.0,88898,633,0,2.528205,8.358974,18.412821,25034.497264,MaxPaths=3;Alpha0=0.5;Gamma=0.9;Epsilon0=0.5;RewardW1=0.6;RewardW2=0.4;QueueRewardWeight=0;FailurePenalty=0;QueueAwareSelect=false;AckSilenceDecay=false;TrendEpsilon=false;,16217,759824,5.465243,0.629884,0.01026,0.083703,0,0
QSQMAODV,26,20,19,3,50.0,0.1,0.38307,16.122695,67.528377,43.534358,37022,14182,623886,8.146555,0.0,0.0,20,A_N20_pi010|OFF,5.0,0.85,300.0,16.0,0.0,0,0,0,0,0.1,0.9,15.0,0.92,1,1,1,1,1,1,1,1,1,1,0.05,48.020276,0.053247,0.199562,1.0,0.0,86649,1492,0,1.869231,7.402564,18.15641,22478.078297,MaxPaths=3;Alpha0=0.5;Gamma=0.9;Epsilon0=0.5;RewardW1=0.6;RewardW2=0.4;QueueRewardWeight=0;FailurePenalty=0;QueueAwareSelect=false;AckSilenceDecay=false;TrendEpsilon=false;,24911,1179750,15.404895,1.756522,0.019123,0.128066,0,0
QSQMAODV,27,20,19,3,50.0,0.1,0.406002,17.087874,141.184393,70.888305,37022,15031,1167160,14.379665,0.0,0.0,20,A_N20_pi010|OFF,5.0,0.85,300.0,16.0,0.0,0,0,0,0,0.1,0.9,15.0,0.92,1,1,1,1,1,1,1,1,1,1,0.05,123.699837,0.080474,0.305215,1.0,0.0,128104,2632,0,2.594872,8.530769,18.615385,21516.540909,MaxPaths=3;Alpha0=0.5;Gamma=0.9;Epsilon0=0.5;RewardW1=0.6;RewardW2=0.4;QueueRewardWeight=0;FailurePenalty=0;QueueAwareSelect=false;AckSilenceDecay=false;TrendEpsilon=false;,44230,2067860,25.476484,2.942585,0.03589,0.191193,0,0
QSQMAODV,28,20,19,3,50.0,0.1,0.578197,24.335242,108.547048,46.35168,37022,21406,986874,8.537534,0.0,0.0,20,A_N20_pi010|OFF,5.0,0.85,300.0,16.0,0.0,0,0,0,0,0.1,0.9,15.0,0.92,1,1,1,1,1,1,1,1,1,1,0.05,77.344024,0.120601,0.331545,1.0,0.0,98481,2075,0,1.766667,8.138462,18.428205,23609.26465,MaxPaths=3;Alpha0=0.5;Gamma=0.9;Epsilon0=0.5;RewardW1=0.6;RewardW2=0.4;QueueRewardWeight=0;FailurePenalty=0;QueueAwareSelect=false;AckSilenceDecay=false;TrendEpsilon=false;,41838,1978758,17.118409,1.954499,0.054079,0.235587,0,0
QSQMAODV,29,20,19,3,50.0,0.1,0.7186,30.244547,19.454324,10.166195,37022,26604,226402,1.57594,0.0,0.0,20,A_N20_pi010|OFF,5.0,0.85,300.0,16.0,0.0,0,0,0,0,0.1,0.9,15.0,0.92,1,1,1,1,1,1,1,1,1,1,0.05,18.004965,0.034478,0.124626,1.0,0.0,76557,470,0,2.551282,9.420513,18.528205,24391.427198,MaxPaths=3;Alpha0=0.5;Gamma=0.9;Epsilon0=0.5;RewardW1=0.6;RewardW2=0.4;QueueRewardWeight=0;FailurePenalty=0;QueueAwareSelect=false;AckSilenceDecay=false;TrendEpsilon=false;,10388,488706,3.401786,0.390468,0.028501,0.09872,0,0
QSQMAODV,3,20,19,3,50.0,0.1,0.405489,17.066274,106.92153,65.798163,37022,15012,1485438,18.324081,0.0,0.0,20,A_N20_pi010|OFF,5.0,0.85,300.0,16.0,0.0,0,0,0,0,0.1,0.9,15.0,0.92,1,1,1,1,1,1,1,1,1,1,0.05,91.277839,0.111508,0.371492,1.0,0.0,115502,2497,0,2.187179,8.523077,17.974359,26622.900406,MaxPaths=3;Alpha0=0.5;Gamma=0.9;Epsilon0=0.5;RewardW1=0.6;RewardW2=0.4;QueueRewardWeight=0;FailurePenalty=0;QueueAwareSelect=false;AckSilenceDecay=false;TrendEpsilon=false;,59693,2821294,34.802948,3.976352,0.053198,0.250717,0,0
QSQMAODV,30,20,19,3,50.0,0.1,0.646859,27.225095,116.840067,45.0913,37022,23948,746842,5.775183,0.0,0.0,20,A_N20_pi010|OFF,5.0,0.85,300.0,16.0,0.0,0,0,0,0,0.1,0.9,15.0,0.92,1,1,1,1,1,1,1,1,1,1,0.05,70.976368,0.055714,0.215583,1.0,0.0,98224,1229,0,2.010256,8.007692,18.5,22988.730745,MaxPaths=3;Alpha0=0.5;Gamma=0.9;Epsilon0=0.5;RewardW1=0.6;RewardW2=0.4;QueueRewardWeight=0;FailurePenalty=0;QueueAwareSelect=false;AckSilenceDecay=false;TrendEpsilon=false;,29330,1379726,10.66915,1.224737,0.028015,0.14183,0,0
QSQMAODV,4,20,19,3,50.0,0.1,0.303522,12.774695,98.008724,62.463077,37022,11237,856504,14.115142,0.0,0.0,20,A_N20_pi010|OFF,5.0,0.85,300.0,16.0,0.0,0,0,0,0,0.1,0.9,15.0,0.92,1,1,1,1,1,1,1,1,1,1,0.05,82.244173,0.07326,0.255059,1.0,0.0,115306,2321,0,2.65641,9.266667,18.551282,21721.695025,MaxPaths=3;Alpha0=0.5;Gamma=0.9;Epsilon0=0.5;RewardW1=0.6;RewardW2=0.4;QueueRewardWeight=0;FailurePenalty=0;QueueAwareSelect=false;AckSilenceDecay=false;TrendEpsilon=false;,32749,1545056,25.462444,2.91439,0.025345,0.164775,0,0
QSQMAODV,5,20,19,3,50.0,0.1,0.65399,27.525221,81.301062,38.740934,37022,24212,869386,6.649488,0.0,0.0,20,A_N20_pi010|OFF,5.0,0.85,300.0,16.0,0.0,0,0,0,0,0.1,0.9,15.0,0.92,1,1,1,1,1,1,1,1,1,1,0.05,71.901652,0.055473,0.246518,1.0,0.0,114325,1835,0,2.448718,9.497436,18.620513,25315.804661,MaxPaths=3;Alpha0=0.5;Gamma=0.9;Epsilon0=0.5;RewardW1=0.6;RewardW2=0.4;QueueRewardWeight=0;FailurePenalty=0;QueueAwareSelect=false;AckSilenceDecay=false;TrendEpsilon=false;,30613,1432492,10.956398,1.264373,0.022516,0.152945,0,0
QSQMAODV,6,20,19,3,50.0,0.1,0.548215,23.073347,54.367311,21.044243,37022,20296,783006,7.14432,0.0,0.0,20,A_N20_pi010|OFF,5.0,0.85,300.0,16.0,0.0,0,0,0,0,0.1,0.9,15.0,0.92,1,1,1,1,1,1,1,1,1,1,0.05,31.2446,0.108969,0.264014,1.0,0.0,85575,1999,0,2.653846,9.589744,18.533333,22227.889823,MaxPaths=3;Alpha0=0.5;Gamma=0.9;Epsilon0=0.5;RewardW1=0.6;RewardW2=0.4;QueueRewardWeight=0;FailurePenalty=0;QueueAwareSelect=false;AckSilenceDecay=false;TrendEpsilon=false;,33221,1579674,14.413294,1.636825,0.034078,0.174208,0,0
QSQMAODV,7,20,19,3,50.0,0.1,0.652342,27.455874,13.889065,9.097526,37022,24151,251104,1.925417,0.0,0.0,20,A_N20_pi010|OFF,5.0,0.85,300.0,16.0,0.0,0,0,0,0,0.1,0.9,15.0,0.92,1,1,1,1,1,1,1,1,1,1,0.05,12.496618,0.009653,0.072838,1.0,0.0,72311,312,0,2.458974,9.976923,18.689744,22459.172633,MaxPaths=3;Alpha0=0.5;Gamma=0.9;Epsilon0=0.5;RewardW1=0.6;RewardW2=0.4;QueueRewardWeight=0;FailurePenalty=0;QueueAwareSelect=false;AckSilenceDecay=false;TrendEpsilon=false;,10648,503304,3.859237,0.440893,0.005665,0.045531,0,0
QSQMAODV,8,20,19,3,50.0,0.1,0.253876,10.685179,257.370079,127.853043,37022,9399,2014586,39.692678,0.0,0.0,20,A_N20_pi010|OFF,5.0,0.85,300.0,16.0,0.0,0,0,0,0,0.1,0.9,15.0,0.92,1,1,1,1,1,1,1,1,1,1,0.05,201.541271,0.199452,0.48091,1.0,0.0,130968,5912,0,2.597436,9.133333,18.505128,24158.272528,MaxPaths=3;Alpha0=0.5;Gamma=0.9;Epsilon0=0.5;RewardW1=0.6;RewardW2=0.4;QueueRewardWeight=0;FailurePenalty=0;QueueAwareSelect=false;AckSilenceDecay=false;TrendEpsilon=false;,80760,3866166,76.173706,8.592403,0.075487,0.329248,0,0
QSQMAODV,9,20,19,3,50.0,0.1,0.352898,14.852842,108.612189,38.839608,37022,13065,957966,13.578348,0.0,0.0,20,A_N20_pi010|OFF,5.0,0.85,300.0,16.0,0.0,0,0,0,0,0.1,0.9,15.0,0.92,1,1,1,1,1,1,1,1,1,1,0.05,101.113924,0.067506,0.220111,1.0,0.0,112853,2059,0,2.220513,8.312821,18.128205,23364.794149,MaxPaths=3;Alpha0=0.5;Gamma=0.9;Epsilon0=0.5;RewardW1=0.6;RewardW2=0.4;QueueRewardWeight=0;FailurePenalty=0;QueueAwareSelect=false;AckSilenceDecay=false;TrendEpsilon=false;,38181,1804032,25.570608,2.922388,0.027576,0.147343,0,0
QSQMAODV,1,20,19,3,50.0,0.1,0.56407,23.740674,153.757318,50.013022,37022,20883,1149784,10.195995,0.0,0.0,20,A_N20_pi010|Q0D0,5.0,0.85,300.0,16.0,0.0,0,0,0,0,0.1,0.9,15.0,0.92,1,1,1,1,1,1,1,1,1,1,0.05,125.090075,0.103705,0.298588,1.0,0.0,113046,2548,0,2.44359,8.884615,18.407692,22539.664836,MaxPaths=3;Alpha0=0.5;Gamma=0.9;Epsilon0=0.5;RewardW1=0.6;RewardW2=0.4;QueueRewardWeight=0;QueueAwareSelect=false;TrendEpsilon=false;AckSilenceDecay=false;FailurePenalty=0.5;,43773,2074324,18.394583,2.096107,0.039639,0.200264,0,0
QSQMAODV,10,20,19,3,50.0,0.1,0.438604,18.460042,56.449322,25.848932,37022,16238,428756,4.889719,0.0,0.0,20,A_N20_pi010|Q0D0,5.0,0.85,300.0,16.0,0.0,0,0,0,0,0.1,0.9,15.0,0.92,1,1,1,1,1,1,1,1,1,1,0.05,41.606711,0.087925,0.204278,1.0,0.0,79808,819,0,2.266667,8.910256,18.530769,23279.71399,MaxPaths=3;Alpha0=0.5;Gamma=0.9;Epsilon0=0.5;RewardW1=0.6;RewardW2=0.4;QueueRewardWeight=0;QueueAwareSelect=false;TrendEpsilon=false;AckSilenceDecay=false;FailurePenalty=0.5;,18939,898422,10.245994,1.166338,0.071181,0.164145,0,0
QSQMAODV,11,20,19,3,50.0,0.1,0.304981,12.836084,137.841251,62.831758,37022,11291,669802,10.985511,0.0,0.0,20,A_N20_pi010|Q0D0,5.0,0.85,300.0,16.0,0.0,0,0,0,0,0.1,0.9,15.0,0.92,1,1,1,1,1,1,1,1,1,1,0.05,105.299727,0.062092,0.214613,1.0,0.0,85572,1357,0,2.235897,8.123077,18.446154,24281.639952,MaxPaths=3;Alpha0=0.5;Gamma=0.9;Epsilon0=0.5;RewardW1=0.6;RewardW2=0.4;QueueRewardWeight=0;QueueAwareSelect=false;TrendEpsilon=false;AckSilenceDecay=false;FailurePenalty=0.5;,27539,1291996,21.190197,2.439022,0.025622,0.139086,0,0
QSQMAODV,12,20,19,3,50.0,0.1,0.662633,27.889011,28.434093,14.872462,37022,24532,403252,3.044036,0.0,0.0,20,A_N20_pi010|Q0D0,5.0,0.85,300.0,16.0,0.0,0,0,0,0,0.1,0.9,15.0,0.92,1,1,1,1,1,1,1,1,1,1,0.05,26.901536,0.021468,0.120909,1.0,0.0,94318,652,0,2.353846,8.851282,18.789744,24864.637506,MaxPaths=3;Alpha0=0.5;Gamma=0.9;Epsilon0=0.5;RewardW1=0.6;RewardW2=0.4;QueueRewardWeight=0;QueueAwareSelect=false;TrendEpsilon=false;AckSilenceDecay=false;FailurePenalty=0.5;,16251,762432,5.755385,0.662441,0.010356,0.076356,0,0
QSQMAODV,13,20,19,3,50.0,0.1,0.43747,19.4352,78.966571,31.429445,37022,16196,333088,3.808531,0.0,0.0,20,A_N20_pi010|Q0D0,5.0,0.85,300.0,16.0,0.0,0,0,0,0,0.1,0.9,15.0,0.92,1,1,1,1,1,1,1,1,1,1,0.05,52.390282,0.055109,0.156402,1.0,0.0,85730,739,0,2.353846,9.04359,18.530769,23376.285305,MaxPaths=3;Alpha0=0.5;Gamma=0.9;Epsilon0=0.5;RewardW1=0.6;RewardW2=0.4;QueueRewardWeight=0;QueueAwareSelect=false;TrendEpsilon=false;AckSilenceDecay=false;FailurePenalty=0.5;,15193,727468,8.317875,0.938071,0.042092,0.119445,0,0
QSQMAODV,14,20,19,3,50.0,0.1,0.554184,23.324589,67.219987,29.667647,37022,20517,659028,5.948346,0.0,0.0,20,A_N20_pi010|Q0D0,5.0,0.85,300.0,16.0,0.0,0,0,0,0,0.1,0.9,15.0,0.92,1,1,1,1,1,1,1,1,1,1,0.05,64.66669,0.052403,0.200654,1.0,0.0,94668,1308,0,2.205128,8.733333,18.602564,24764.712314,MaxPaths=3;Alpha0=0.5;Gamma=0.9;Epsilon0=0.5;RewardW1=0.6;RewardW2=0.4;QueueRewardWeight=0;QueueAwareSelect=false;TrendEpsilon=false;AckSilenceDecay=false;FailurePenalty=0.5;,26324,1242700,11.216534,1.283034,0.024257,0.134452,0,0
QSQMAODV,15,20,19,3,50.0,0.1,0.342877,14.431074,221.504426,113.046054,37022,12694,1868292,27.255396,0.0,0.0,20,A_N20_pi010|Q0D0,5.0,0.85,300.0,16.0,0.0,0,0,0,0,0.1,0.9,15.0,0.92,1,1,1,1,1,1,1,1,1,1,0.05,186.471658,0.122135,0.390051,1.0,0.0,139116,4328,0,1.969231,8.435897,18.364103,24698.448431,MaxPaths=3;Alpha0=0.5;Gamma=0.9;Epsilon0=0.5;RewardW1=0.6;RewardW2=0.4;QueueRewardWeight=0;QueueAwareSelect=false;TrendEpsilon=false;AckSilenceDecay=false;FailurePenalty=0.5;,68968,3267760,47.671399,5.433118,0.045667,0.258409,0,0
QSQMAODV,16,20,19,3,50.0,0.1,0.543164,22.860758,52.532458,30.294378,37022,20109,735038,6.769016,0.0,0.0,20,A_N20_pi010|Q0D0,5.0,0.85,300.0,16.0,0.0,0,0,0,0,0.1,0.9,15.0,0.92,1,1,1,1,1,1,1,1,1,1,0.05,49.177861,0.057994,0.216782,1.0,0.0,95703,1459,0,1.825641,8.146154,18.448718,24356.530873,MaxPaths=3;Alpha0=0.5;Gamma=0.9;Epsilon0=0.5;RewardW1=0.6;RewardW2=0.4;QueueRewardWeight=0;QueueAwareSelect=false;TrendEpsilon=false;AckSilenceDecay=false;FailurePenalty=0.5;,29863,1395366,12.850023,1.485056,0.025855,0.137882,0,0
QSQMAODV,17,20,19,3,50.0,0.1,0.466155,20.7096,23.359923,9.439408,37022,17258,189858,2.037252,0.0,0.0,20,A_N20_pi010|Q0D0,5.0,0.85,300.0,16.0,0.0,0,0,0,0,0.1,0.9,15.0,0.92,1,1,1,1,1,1,1,1,1,1,0.05,24.356783,0.008167,0.056558,1.0,0.0,60329,496,0,2.333333,8.448718,18.497436,22738.691762,MaxPaths=3;Alpha0=0.5;Gamma=0.9;Epsilon0=0.5;RewardW1=0.6;RewardW2=0.4;QueueRewardWeight=0;QueueAwareSelect=false;TrendEpsilon=false;AckSilenceDecay=false;FailurePenalty=0.5;,9278,438392,4.70412,0.537606,0.005178,0.03334,0,0
QSQMAODV,18,20,19,3,50.0,0.1,0.546918,23.018779,176.595312,63.714056,37022,20248,1144992,10.471926,0.0,0.0,20,A_N20_pi010|Q0D0,5.0,0.85,300.0,16.0,0.0,0,0,0,0,0.1,0.9,15.0,0.92,1,1,1,1,1,1,1,1,1,1,0.05,127.897425,0.067899,0.291879,1.0,0.0,131180,2213,0,1.984615,7.946154,18.264103,21730.452487,MaxPaths=3;Alpha0=0.5;Gamma=0.9;Epsilon0=0.5;RewardW1=0.6;RewardW2=0.4;QueueRewardWeight=0;QueueAwareSelect=false;TrendEpsilon=false;AckSilenceDecay=false;FailurePenalty=0.5;,41923,1971802,18.033807,2.070476,0.029212,0.189586,0,0
QSQMAODV,19,20,19,3,50.0,0.1,0.493247,21.9132,74.700033,11.632256,37022,18261,119934,1.216253,0.0,0.0,20,A_N20_pi010|Q0D0,5.0,0.85,300.0,16.0,0.0,0,0,0,0,0.1,0.9,15.0,0.92,1,1,1,1,1,1,1,1,1,1,0.05,39.169196,0.007404,0.041563,1.0,0.0,64113,175,0,2.046154,7.533333,18.041026,19133.814224,MaxPaths=3;Alpha0=0.5;Gamma=0.9;Epsilon0=0.5;RewardW1=0.6;RewardW2=0.4;QueueRewardWeight=0;QueueAwareSelect=false;TrendEpsilon=false;AckSilenceDecay=false;FailurePenalty=0.5;,7536,357670,3.627139,0.412683,0.005214,0.029013,0,0
QSQMAODV,2,20,19,3,50.0,0.1,0.248555,11.691953,9.026237,9.647656,37022,9202,89578,1.802708,0.0,0.0,20,A_N20_pi010|Q0D0,5.0,0.85,300.0,16.0,0.0,0,0,0,0,0.1,0.9,15.0,0.92,1,1,1,1,1,1,1,1,1,1,0.05,5.604068,0.003265,0.033133,1.0,0.0,51789,106,0,2.851282,8.679487,18.187179,22296.131007,MaxPaths=3;Alpha0=0.5;Gamma=0.9;Epsilon0=0.5;RewardW1=0.6;RewardW2=0.4;QueueRewardWeight=0;QueueAwareSelect=false;TrendEpsilon=false;AckSilenceDecay=false;FailurePenalty=0.5;,6401,304042,6.118678,0.69561,0.002193,0.021458,0,0
QSQMAODV,20,20,19,3,50.0,0.1,0.512263,21.560211,90.356857,37.044277,37022,18965,793746,7.750593,0.0,0.0,20,A_N20_pi010|Q0D0,5.0,0.85,300.0,16.0,0.0,0,0,0,0,0.1,0.9,15.0,0.92,1,1,1,1,1,1,1,1,1,1,0.05,79.423714,0.055008,0.22356,1.0,0.0,100402,2258,0,2.328205,8.379487,18.317949,20034.119132,MaxPaths=3;Alpha0=0.5;Gamma=0.9;Epsilon0=0.5;RewardW1=0.6;RewardW2=0.4;QueueRewardWeight=0;QueueAwareSelect=false;TrendEpsilon=false;AckSilenceDecay=false;FailurePenalty=0.5;,31034,1450326,14.161819,1.636383,0.021401,0.139589,0,0
QSQMAODV,21,20,19,3,50.0,0.1,0.506618,21.322611,39.718508,26.838865,37022,18756,672100,6.635901,0.0,0.0,20,A_N20_pi010|Q0D0,5.0,0.85,300.0,16.0,0.0,0,0,0,0,0.1,0.9,15.0,0.92,1,1,1,1,1,1,1,1,1,1,0.05,33.934782,0.080116,0.199678,1.0,0.0,104335,2317,0,2.307692,9.294872,18.530769,23623.667358,MaxPaths=3;Alpha0=0.5;Gamma=0.9;Epsilon0=0.5;RewardW1=0.6;RewardW2=0.4;QueueRewardWeight=0;QueueAwareSelect=false;TrendEpsilon=false;AckSilenceDecay=false;FailurePenalty=0.5;,27227,1289564,12.73236,1.451642,0.022533,0.133735,0,0
QSQMAODV,22,20,19,3,50.0,0.1,0.437443,18.411158,115.234682,41.692655,37022,16195,596150,6.816804,0.0,0.0,20,A_N20_pi010|Q0D0,5.0,0.85,300.0,16.0,0.0,0,0,0,0,0.1,0.9,15.0,0.92,1,1,1,1,1,1,1,1,1,1,0.05,41.892025,0.048398,0.19121,1.0,0.0,84497,1466,0,2.446154,8.938462,18.538462,23564.178941,MaxPaths=3;Alpha0=0.5;Gamma=0.9;Epsilon0=0.5;RewardW1=0.6;RewardW2=0.4;QueueRewardWeight=0;QueueAwareSelect=false;TrendEpsilon=false;AckSilenceDecay=false;FailurePenalty=0.5;,22510,1053934,12.051433,1.389935,0.018069,0.118875,0,0
QSQMAODV,23,20,19,3,50.0,0.1,0.544541,22.918737,76.057916,16.800584,37022,20160,302336,2.77719,0.0,0.0,20,A_N20_pi010|Q0D0,5.0,0.85,300.0,16.0,0.0,0,0,0,0,0.1,0.9,15.0,0.92,1,1,1,1,1,1,1,1,1,1,0.05,77.030439,0.018028,0.10278,1.0,0.0,76019,511,0,1.951282,8.24359,18.412821,24161.729664,MaxPaths=3;Alpha0=0.5;Gamma=0.9;Epsilon0=0.5;RewardW1=0.6;RewardW2=0.4;QueueRewardWeight=0;QueueAwareSelect=false;TrendEpsilon=false;AckSilenceDecay=false;FailurePenalty=0.5;,13493,637204,5.853211,0.669296,0.010094,0.066441,0,0
QSQMAODV,24,20,19,3,50.0,0.1,0.785317,33.052547,11.796017,6.459948,37022,29074,205688,1.310118,0.0,0.0,20,A_N20_pi010|Q0D0,5.0,0.85,300.0,16.0,0.0,0,0,0,0,0.1,0.9,15.0,0.92,1,1,1,1,1,1,1,1,1,1,0.05,10.997327,0.007201,0.069947,1.0,0.0,79666,352,0,2.423077,9.830769,18.541026,25599.584026,MaxPaths=3;Alpha0=0.5;Gamma=0.9;Epsilon0=0.5;RewardW1=0.6;RewardW2=0.4;QueueRewardWeight=0;QueueAwareSelect=false;TrendEpsilon=false;AckSilenceDecay=false;FailurePenalty=0.5;,9627,452964,2.885128,0.331121,0.003137,0.041753,0,0
QSQMAODV,25,20,19,3,50.0,0.1,0.675409,28.426737,34.018225,14.556833,37022,25005,286390,2.120983,0.0,0.0,20,A_N20_pi010|Q0D0,5.0,0.85,300.0,16.0,0.0,0,0,0,0,0.1,0.9,15.0,0.92,1,1,1,1,1,1,1,1,1,1,0.05,32.434379,0.023609,0.118321,1.0,0.0,73592,505,0,2.528205,8.358974,18.412821,25034.497264,MaxPaths=3;Alpha0=0.5;Gamma=0.9;Epsilon0=0.5;RewardW1=0.6;RewardW2=0.4;QueueRewardWeight=0;QueueAwareSelect=false;TrendEpsilon=false;AckSilenceDecay=false;FailurePenalty=0.5;,13878,652194,4.830101,0.555009,0.011731,0.075206,0,0
QSQMAODV,26,20,19,3,50.0,0.1,0.49476,20.823537,137.157624,56.404086,37022,18317,967712,9.783585,0.0,0.0,20,A_N20_pi010|Q0D0,5.0,0.85,300.0,16.0,0.0,0,0,0,0,0.1,0.9,15.0,0.92,1,1,1,1,1,1,1,1,1,1,0.05,107.411961,0.074231,0.27904,1.0,0.0,108862,2172,0,1.869231,7.402564,18.15641,22478.078297,MaxPaths=3;Alpha0=0.5;Gamma=0.9;Epsilon0=0.5;RewardW1=0.6;RewardW2=0.4;QueueRewardWeight=0;QueueAwareSelect=false;TrendEpsilon=false;AckSilenceDecay=false;FailurePenalty=0.5;,37063,1750836,17.700982,2.023421,0.029688,0.185672,0,0
QSQMAODV,27,20,19,3,50.0,0.1,0.444222,18.696505,139.316976,46.801535,37022,16446,908080,10.225159,0.0,0.0,20,A_N20_pi010|Q0D0,5.0,0.85,300.0,16.0,0.0,0,0,0,0,0.1,0.9,15.0,0.92,1,1,1,1,1,1,1,1,1,1,0.05,132.924381,0.099597,0.3095,1.0,0.0,114018,2174,0,2.594872,8.530769,18.615385,21516.540909,MaxPaths=3;Alpha0=0.5;Gamma=0.9;Epsilon0=0.5;RewardW1=0.6;RewardW2=0.4;QueueRewardWeight=0;QueueAwareSelect=false;TrendEpsilon=false;AckSilenceDecay=false;FailurePenalty=0.5;,37394,1739650,19.5888,2.273744,0.065836,0.212675,0,0
QSQMAODV,28,20,19,3,50.0,0.1,0.510291,21.477221,115.771233,53.788469,37022,18892,1107304,10.854134,0.0,0.0,20,A_N20_pi010|Q0D0,5.0,0.85,300.0,16.0,0.0,0,0,0,0,0.1,0.9,15.0,0.92,1,1,1,1,1,1,1,1,1,1,0.05,73.370817,0.091612,0.316344,1.0,0.0,100140,1934,0,1.766667,8.138462,18.428205,23609.26465,MaxPaths=3;Alpha0=0.5;Gamma=0.9;Epsilon0=0.5;RewardW1=0.6;RewardW2=0.4;QueueRewardWeight=0;QueueAwareSelect=false;TrendEpsilon=false;AckSilenceDecay=false;FailurePenalty=0.5;,44485,2108826,20.67136,2.3547,0.034585,0.208609,0,0
QSQMAODV,29,20,19,3,50.0,0.1,0.721193,30.353684,42.341628,18.533215,37022,26700,354088,2.455875,0.0,0.0,20,A_N20_pi010|Q0D0,5.0,0.85,300.0,16.0,0.0,0,0,0,0,0.1,0.9,15.0,0.92,1,1,1,1,1,1,1,1,1,1,0.05,36.076376,0.025472,0.126603,1.0,0.0,74557,684,0,2.551282,9.420513,18.528205,24391.427198,MaxPaths=3;Alpha0=0.5;Gamma=0.9;Epsilon0=0.5;RewardW1=0.6;RewardW2=0.4;QueueRewardWeight=0;QueueAwareSelect=false;TrendEpsilon=false;AckSilenceDecay=false;FailurePenalty=0.5;,14590,686260,4.759745,0.546442,0.011945,0.076947,0,0
QSQMAODV,3,20,19,3,50.0,0.1,0.26649,11.216084,115.090058,70.800619,37022,9866,1343024,25.20861,0.0,0.0,20,A_N20_pi010|Q0D0,5.0,0.85,300.0,16.0,0.0,0,0,0,0,0.1,0.9,15.0,0.92,1,1,1,1,1,1,1,1,1,1,0.05,71.901446,0.111674,0.302145,1.0,0.0,136977,3179,0,2.187179,8.523077,17.974359,26622.900406,MaxPaths=3;Alpha0=0.5;Gamma=0.9;Epsilon0=0.5;RewardW1=0.6;RewardW2=0.4;QueueRewardWeight=0;QueueAwareSelect=false;TrendEpsilon=false;AckSilenceDecay=false;FailurePenalty=0.5;,48277,2280710,42.809011,4.89327,0.051536,0.209975,0,0
QSQMAODV,30,20,19,3,50.0,0.1,0.578008,24.327284,139.697058,58.043305,37022,21399,972950,8.419829,0.0,0.0,20,A_N20_pi010|Q0D0,5.0,0.85,300.0,16.0,0.0,0,0,0,0,0.1,0.9,15.0,0.92,1,1,1,1,1,1,1,1,1,1,0.05,92.348439,0.098672,0.286251,1.0,0.0,100599,2185,0,2.010256,8.007692,18.5,22988.730745,MaxPaths=3;Alpha0=0.5;Gamma=0.9;Epsilon0=0.5;RewardW1=0.6;RewardW2=0.4;QueueRewardWeight=0;QueueAwareSelect=false;TrendEpsilon=false;AckSilenceDecay=false;FailurePenalty=0.5;,40297,1908712,16.517837,1.883125,0.039682,0.194517,0,0
QSQMAODV,4,20,19,3,50.0,0.1,0.395792,16.658147,154.915361,81.259715,37022,14653,1634784,20.660464,0.0,0.0,20,A_N20_pi010|Q0D0,5.0,0.85,300.0,16.0,0.0,0,0,0,0,0.1,0.9,15.0,0.92,1,1,1,1,1,1,1,1,1,1,0.05,124.46824,0.150177,0.410729,1.0,0.0,138912,4931,0,2.65641,9.266667,18.551282,21721.695025,MaxPaths=3;Alpha0=0.5;Gamma=0.9;Epsilon0=0.5;RewardW1=0.6;RewardW2=0.4;QueueRewardWeight=0;QueueAwareSelect=false;TrendEpsilon=false;AckSilenceDecay=false;FailurePenalty=0.5;,61955,2946514,37.238159,4.228144,0.055606,0.276178,0,0
QSQMAODV,5,20,19,3,50.0,0.1,0.686538,28.895116,82.215801,29.589756,37022,25417,575276,4.191391,0.0,0.0,20,A_N20_pi010|Q0D0,5.0,0.85,300.0,16.0,0.0,0,0,0,0,0.1,0.9,15.0,0.92,1,1,1,1,1,1,1,1,1,1,0.05,65.085862,0.038189,0.177537,1.0,0.0,95279,1097,0,2.448718,9.497436,18.620513,25315.804661,MaxPaths=3;Alpha0=0.5;Gamma=0.9;Epsilon0=0.5;RewardW1=0.6;RewardW2=0.4;QueueRewardWeight=0;QueueAwareSelect=false;TrendEpsilon=false;AckSilenceDecay=false;FailurePenalty=0.5;,21828,1019424,7.4274,0.858795,0.018708,0.112898,0,0
QSQMAODV,6,20,19,3,50.0,0.1,0.54527,22.949432,95.535545,50.903945,37022,20187,1288142,11.816754,0.0,0.0,20,A_N20_pi010|Q0D0,5.0,0.85,300.0,16.0,0.0,0,0,0,0,0.1,0.9,15.0,0.92,1,1,1,1,1,1,1,1,1,1,0.05,81.164897,0.134534,0.3697,1.0,0.0,117334,3021,0,2.653846,9.589744,18.533333,22227.889823,MaxPaths=3;Alpha0=0.5;Gamma=0.9;Epsilon0=0.5;RewardW1=0.6;RewardW2=0.4;QueueRewardWeight=0;QueueAwareSelect=false;TrendEpsilon=false;AckSilenceDecay=false;FailurePenalty=0.5;,49920,2356856,21.620588,2.472879,0.046145,0.243865,0,0
QSQMAODV,7,20,19,3,50.0,0.1,0.723786,30.462821,71.414585,30.117703,37022,26796,846028,5.846837,0.0,0.0,20,A_N20_pi010|Q0D0,5.0,0.85,300.0,16.0,0.0,0,0,0,0,0.1,0.9,15.0,0.92,1,1,1,1,1,1,1,1,1,1,0.05,60.956869,0.05435,0.232201,1.0,0.0,106453,1773,0,2.458974,9.976923,18.689744,22459.172633,MaxPaths=3;Alpha0=0.5;Gamma=0.9;Epsilon0=0.5;RewardW1=0.6;RewardW2=0.4;QueueRewardWeight=0;QueueAwareSelect=false;TrendEpsilon=false;AckSilenceDecay=false;FailurePenalty=0.5;,30692,1440484,9.955079,1.145395,0.022502,0.147576,0,0
QSQMAODV,8,20,19,3,50.0,0.1,0.254389,10.706779,290.563107,163.080705,37022,9418,1988036,39.090552,0.0,0.0,20,A_N20_pi010|Q0D0,5.0,0.85,300.0,16.0,0.0,0,0,0,0,0.1,0.9,15.0,0.92,1,1,1,1,1,1,1,1,1,1,0.05,206.012244,0.191592,0.479108,1.0,0.0,125600,5513,0,2.597436,9.133333,18.505128,24158.272528,MaxPaths=3;Alpha0=0.5;Gamma=0.9;Epsilon0=0.5;RewardW1=0.6;RewardW2=0.4;QueueRewardWeight=0;QueueAwareSelect=false;TrendEpsilon=false;AckSilenceDecay=false;FailurePenalty=0.5;,80716,3853788,75.776645,8.570397,0.070575,0.318477,0,0
QSQMAODV,9,20,19,3,50.0,0.1,0.513181,21.598863,93.730645,37.803836,37022,18999,1223180,11.92246,0.0,0.0,20,A_N20_pi010|Q0D0,5.0,0.85,300.0,16.0,0.0,0,0,0,0,0.1,0.9,15.0,0.92,1,1,1,1,1,1,1,1,1,1,0.05,92.462045,0.092546,0.286209,1.0,0.0,123331,2666,0,2.220513,8.312821,18.128205,23364.794149,MaxPaths=3;Alpha0=0.5;Gamma=0.9;Epsilon0=0.5;RewardW1=0.6;RewardW2=0.4;QueueRewardWeight=0;QueueAwareSelect=false;TrendEpsilon=false;AckSilenceDecay=false;FailurePenalty=0.5;,48895,2320070,22.613958,2.573557,0.036205,0.19225,0,0
QSQMAODV,1,20,19,3,50.0,0.1,0.529766,22.296884,145.062241,62.468615,37022,19613,1324666,12.507445,0.0,0.0,20,A_N20_pi010|Q0D1,5.0,0.85,300.0,16.0,0.0,0,0,0,0,0.1,0.9,15.0,0.92,1,1,1,1,1,1,1,1,1,1,0.05,114.999906,0.158477,0.390213,1.0,0.0,136475,3434,0,2.44359,8.884615,18.407692,22539.664836,MaxPaths=3;Alpha0=0.5;Gamma=0.9;Epsilon0=0.5;RewardW1=0.6;RewardW2=0.4;QueueRewardWeight=0;QueueAwareSelect=false;TrendEpsilon=false;AckSilenceDecay=true;FailurePenalty=0.5;,49512,2346356,22.154202,2.524448,0.081122,0.284863,14942,0
QSQMAODV,10,20,19,3,50.0,0.1,0.442034,18.604421,93.419654,51.377165,37022,16365,452626,5.121884,0.0,0.0,20,A_N20_pi010|Q0D1,5.0,0.85,300.0,16.0,0.0,0,0,0,0,0.1,0.9,15.0,0.92,1,1,1,1,1,1,1,1,1,1,0.05,27.556205,0.042552,0.158793,1.0,0.0,72887,774,0,2.266667,8.910256,18.530769,23279.71399,MaxPaths=3;Alpha0=0.5;Gamma=0.9;Epsilon0=0.5;RewardW1=0.6;RewardW2=0.4;QueueRewardWeight=0;QueueAwareSelect=false;TrendEpsilon=false;AckSilenceDecay=true;FailurePenalty=0.5;,21988,1043514,11.808331,1.343599,0.021174,0.109536,2760,0
QSQMAODV,11,20,19,3,50.0,0.1,0.502971,21.169137,105.023591,45.220586,37022,18621,841138,8.365088,0.0,0.0,20,A_N20_pi010|Q0D1,5.0,0.85,300.0,16.0,0.0,0,0,0,0,0.1,0.9,15.0,0.92,1,1,1,1,1,1,1,1,1,1,0.05,80.789854,0.123544,0.313839,1.0,0.0,120995,1946,0,2.235897,8.123077,18.446154,24281.639952,MaxPaths=3;Alpha0=0.5;Gamma=0.9;Epsilon0=0.5;RewardW1=0.6;RewardW2=0.4;QueueRewardWeight=0;QueueAwareSelect=false;TrendEpsilon=false;AckSilenceDecay=true;FailurePenalty=0.5;,34470,1606320,15.974795,1.851136,0.082196,0.233392,11866,0
QSQMAODV,12,20,19,3,50.0,0.1,0.61901,26.053011,44.366277,25.309142,37022,22917,747166,6.037617,0.0,0.0,20,A_N20_pi010|Q0D1,5.0,0.85,300.0,16.0,0.0,0,0,0,0,0.1,0.9,15.0,0.92,1,1,1,1,1,1,1,1,1,1,0.05,43.333984,0.048653,0.199337,1.0,0.0,115895,1593,0,2.353846,8.851282,18.789744,24864.637506,MaxPaths=3;Alpha0=0.5;Gamma=0.9;Epsilon0=0.5;RewardW1=0.6;RewardW2=0.4;QueueRewardWeight=0;QueueAwareSelect=false;TrendEpsilon=false;AckSilenceDecay=true;FailurePenalty=0.5;,28572,1351262,10.91913,1.24676,0.017789,0.129181,5466,0
QSQMAODV,13,20,19,3,50.0,0.1,0.42102,17.719958,73.029353,31.266875,37022,15587,420784,4.999228,0.0,0.0,20,A_N20_pi010|Q0D1,5.0,0.85,300.0,16.0,0.0,0,0,0,0,0.1,0.9,15.0,0.92,1,1,1,1,1,1,1,1,1,1,0.05,64.903321,0.062585,0.188498,1.0,0.0,91082,1481,0,2.353846,9.04359,18.530769,23376.285305,MaxPaths=3;Alpha0=0.5;Gamma=0.9;Epsilon0=0.5;RewardW1=0.6;RewardW2=0.4;QueueRewardWeight=0;QueueAwareSelect=false;TrendEpsilon=false;AckSilenceDecay=true;FailurePenalty=0.5;,18007,855176,10.160129,1.155258,0.044202,0.135668,6349,0
QSQMAODV,14,20,19,3,50.0,0.1,0.439063,18.479368,149.414412,70.76727,37022,16255,1191098,13.569591,0.0,0.0,20,A_N20_pi010|Q0D1,5.0,0.85,300.0,16.0,0.0,0,0,0,0,0.1,0.9,15.0,0.92,1,1,1,1,1,1,1,1,1,1,0.05,121.120285,0.114276,0.343251,1.0,0.0,101678,2728,0,2.205128,8.733333,18.602564,24764.712314,MaxPaths=3;Alpha0=0.5;Gamma=0.9;Epsilon0=0.5;RewardW1=0.6;RewardW2=0.4;QueueRewardWeight=0;QueueAwareSelect=false;TrendEpsilon=false;AckSilenceDecay=true;FailurePenalty=0.5;,50304,2356510,26.846554,3.094679,0.049448,0.233458,9009,0
QSQMAODV,15,20,19,3,50.0,0.1,0.283183,11.918653,240.850013,123.782485,37022,10484,1492962,26.371084,0.0,0.0,20,A_N20_pi010|Q0D1,5.0,0.85,300.0,16.0,0.0,0,0,0,0,0.1,0.9,15.0,0.92,1,1,1,1,1,1,1,1,1,1,0.05,173.056955,0.111518,0.35678,1.0,0.0,128721,3634,0,1.969231,8.435897,18.364103,24698.448431,MaxPaths=3;Alpha0=0.5;Gamma=0.9;Epsilon0=0.5;RewardW1=0.6;RewardW2=0.4;QueueRewardWeight=0;QueueAwareSelect=false;TrendEpsilon=false;AckSilenceDecay=true;FailurePenalty=0.5;,54965,2601648,45.95447,5.242751,0.0397,0.231808,16228,0
QSQMAODV,16,20,19,3,50.0,0.1,0.473799,19.941347,109.706226,48.338104,37022,17541,711252,7.508884,0.0,0.0,20,A_N20_pi010|Q0D1,5.0,0.85,300.0,16.0,0.0,0,0,0,0,0.1,0.9,15.0,0.92,1,1,1,1,1,1,1,1,1,1,0.05,82.850452,0.056207,0.226261,1.0,0.0,96722,1476,0,1.825641,8.146154,18.448718,24356.530873,MaxPaths=3;Alpha0=0.5;Gamma=0.9;Epsilon0=0.5;RewardW1=0.6;RewardW2=0.4;QueueRewardWeight=0;QueueAwareSelect=false;TrendEpsilon=false;AckSilenceDecay=true;FailurePenalty=0.5;,28312,1322514,13.962146,1.614047,0.026699,0.148004,9677,0
QSQMAODV,17,20,19,3,50.0,0.1,0.436389,19.3872,38.251819,14.309712,37022,16156,174708,2.002558,0.0,0.0,20,A_N20_pi010|Q0D1,5.0,0.85,300.0,16.0,0.0,0,0,0,0,0.1,0.9,15.0,0.92,1,1,1,1,1,1,1,1,1,1,0.05,40.42036,0.006483,0.052263,1.0,0.0,58277,451,0,2.333333,8.448718,18.497436,22738.691762,MaxPaths=3;Alpha0=0.5;Gamma=0.9;Epsilon0=0.5;RewardW1=0.6;RewardW2=0.4;QueueRewardWeight=0;QueueAwareSelect=false;TrendEpsilon=false;AckSilenceDecay=true;FailurePenalty=0.5;,8874,417524,4.785792,0.54927,0.003661,0.030981,3801,0
QSQMAODV,18,20,19,3,50.0,0.1,0.557398,23.459874,166.947301,58.271417,37022,20636,1041654,9.347688,0.0,0.0,20,A_N20_pi010|Q0D1,5.0,0.85,300.0,16.0,0.0,0,0,0,0,0.1,0.9,15.0,0.92,1,1,1,1,1,1,1,1,1,1,0.05,115.774994,0.055216,0.262211,1.0,0.0,137860,1959,0,1.984615,7.946154,18.264103,21730.452487,MaxPaths=3;Alpha0=0.5;Gamma=0.9;Epsilon0=0.5;RewardW1=0.6;RewardW2=0.4;QueueRewardWeight=0;QueueAwareSelect=false;TrendEpsilon=false;AckSilenceDecay=true;FailurePenalty=0.5;,38207,1795814,16.115437,1.851473,0.023375,0.170403,9572,0
QSQMAODV,19,20,19,3,50.0,0.1,0.488574,21.7056,65.192169,10.904047,37022,18088,109330,1.119322,0.0,0.0,20,A_N20_pi010|Q0D1,5.0,0.85,300.0,16.0,0.0,0,0,0,0,0.1,0.9,15.0,0.92,1,1,1,1,1,1,1,1,1,1,0.05,38.551761,0.007949,0.038175,1.0,0.0,63136,170,0,2.046154,7.533333,18.041026,19133.814224,MaxPaths=3;Alpha0=0.5;Gamma=0.9;Epsilon0=0.5;RewardW1=0.6;RewardW2=0.4;QueueRewardWeight=0;QueueAwareSelect=false;TrendEpsilon=false;AckSilenceDecay=true;FailurePenalty=0.5;,7315,345866,3.540981,0.404412,0.005833,0.02715,2790,0
QSQMAODV,2,20,19,3,50.0,0.1,0.268624,12.636,10.54189,9.980683,37022,9945,72694,1.35363,0.0,0.0,20,A_N20_pi010|Q0D1,5.0,0.85,300.0,16.0,0.0,0,0,0,0,0.1,0.9,15.0,0.92,1,1,1,1,1,1,1,1,1,1,0.05,7.237153,0.001889,0.0274,1.0,0.0,49443,83,0,2.851282,8.679487,18.187179,22296.131007,MaxPaths=3;Alpha0=0.5;Gamma=0.9;Epsilon0=0.5;RewardW1=0.6;RewardW2=0.4;QueueRewardWeight=0;QueueAwareSelect=false;TrendEpsilon=false;AckSilenceDecay=true;FailurePenalty=0.5;,5931,282346,5.257546,0.59638,0.001194,0.018691,1697,0
QSQMAODV,20,20,19,3,50.0,0.1,0.501513,21.107747,92.323473,49.116242,37022,18567,943406,9.409426,0.0,0.0,20,A_N20_pi010|Q0D1,5.0,0.85,300.0,16.0,0.0,0,0,0,0,0.1,0.9,15.0,0.92,1,1,1,1,1,1,1,1,1,1,0.05,57.263127,0.084791,0.281478,1.0,0.0,104376,2282,0,2.328205,8.379487,18.317949,20034.119132,MaxPaths=3;Alpha0=0.5;Gamma=0.9;Epsilon0=0.5;RewardW1=0.6;RewardW2=0.4;QueueRewardWeight=0;QueueAwareSelect=false;TrendEpsilon=false;AckSilenceDecay=true;FailurePenalty=0.5;,37353,1759700,17.551051,2.011795,0.029471,0.181767,10621,0
QSQMAODV,21,20,19,3,50.0,0.1,0.53109,22.352589,79.619904,35.348596,37022,19662,699824,6.591244,0.0,0.0,20,A_N20_pi010|Q0D1,5.0,0.85,300.0,16.0,0.0,0,0,0,0,0.1,0.9,15.0,0.92,1,1,1,1,1,1,1,1,1,1,0.05,71.832594,0.081902,0.205902,1.0,0.0,102463,2361,0,2.307692,9.294872,18.530769,23623.667358,MaxPaths=3;Alpha0=0.5;Gamma=0.9;Epsilon0=0.5;RewardW1=0.6;RewardW2=0.4;QueueRewardWeight=0;QueueAwareSelect=false;TrendEpsilon=false;AckSilenceDecay=true;FailurePenalty=0.5;,27794,1314620,12.381657,1.41359,0.023421,0.135876,12838,0
QSQMAODV,22,20,19,3,50.0,0.1,0.425882,17.924589,105.776037,48.313217,37022,15767,880020,10.335934,0.0,0.0,20,A_N20_pi010|Q0D1,5.0,0.85,300.0,16.0,0.0,0,0,0,0,0.1,0.9,15.0,0.92,1,1,1,1,1,1,1,1,1,1,0.05,91.348523,0.050345,0.227776,1.0,0.0,105918,1796,0,2.446154,8.938462,18.538462,23564.178941,MaxPaths=3;Alpha0=0.5;Gamma=0.9;Epsilon0=0.5;RewardW1=0.6;RewardW2=0.4;QueueRewardWeight=0;QueueAwareSelect=false;TrendEpsilon=false;AckSilenceDecay=true;FailurePenalty=0.5;,32140,1499508,17.61189,2.038435,0.019514,0.137499,10329,0
QSQMAODV,23,20,19,3,50.0,0.1,0.50389,22.386,31.647762,6.26598,37022,18655,158722,1.575608,0.0,0.0,20,A_N20_pi010|Q0D1,5.0,0.85,300.0,16.0,0.0,0,0,0,0,0.1,0.9,15.0,0.92,1,1,1,1,1,1,1,1,1,1,0.05,27.384925,0.017926,0.073498,1.0,0.0,67847,205,0,1.951282,8.24359,18.412821,24161.729664,MaxPaths=3;Alpha0=0.5;Gamma=0.9;Epsilon0=0.5;RewardW1=0.6;RewardW2=0.4;QueueRewardWeight=0;QueueAwareSelect=false;TrendEpsilon=false;AckSilenceDecay=true;FailurePenalty=0.5;,8594,406758,4.037821,0.460681,0.014794,0.059355,3042,0
QSQMAODV,24,20,19,3,50.0,0.1,0.765275,32.209011,34.540748,15.0063,37022,28332,479576,3.134631,0.0,0.0,20,A_N20_pi010|Q0D1,5.0,0.85,300.0,16.0,0.0,0,0,0,0,0.1,0.9,15.0,0.92,1,1,1,1,1,1,1,1,1,1,0.05,30.957139,0.042133,0.154172,1.0,0.0,91611,1329,0,2.423077,9.830769,18.541026,25599.584026,MaxPaths=3;Alpha0=0.5;Gamma=0.9;Epsilon0=0.5;RewardW1=0.6;RewardW2=0.4;QueueRewardWeight=0;QueueAwareSelect=false;TrendEpsilon=false;AckSilenceDecay=true;FailurePenalty=0.5;,20289,951720,6.220685,0.716116,0.015791,0.10029,5328,0
QSQMAODV,25,20,19,3,50.0,0.1,0.627033,26.390653,15.16788,7.264437,37022,23214,146374,1.16767,0.0,0.0,20,A_N20_pi010|Q0D1,5.0,0.85,300.0,16.0,0.0,0,0,0,0,0.1,0.9,15.0,0.92,1,1,1,1,1,1,1,1,1,1,0.05,12.375691,0.00942,0.054973,1.0,0.0,59887,164,0,2.528205,8.358974,18.412821,25034.497264,MaxPaths=3;Alpha0=0.5;Gamma=0.9;Epsilon0=0.5;RewardW1=0.6;RewardW2=0.4;QueueRewardWeight=0;QueueAwareSelect=false;TrendEpsilon=false;AckSilenceDecay=true;FailurePenalty=0.5;,8457,401286,3.201181,0.364306,0.004056,0.032823,5061,0
QSQMAODV,26,20,19,3,50.0,0.1,0.551051,23.192716,106.856054,44.61881,37022,20401,794928,7.215768,0.0,0.0,20,A_N20_pi010|Q0D1,5.0,0.85,300.0,16.0,0.0,0,0,0,0,0.1,0.9,15.0,0.92,1,1,1,1,1,1,1,1,1,1,0.05,59.556632,0.071574,0.246975,1.0,0.0,95155,2032,0,1.869231,7.402564,18.15641,22478.078297,MaxPaths=3;Alpha0=0.5;Gamma=0.9;Epsilon0=0.5;RewardW1=0.6;RewardW2=0.4;QueueRewardWeight=0;QueueAwareSelect=false;TrendEpsilon=false;AckSilenceDecay=true;FailurePenalty=0.5;,31130,1477382,13.410581,1.525906,0.025875,0.160834,12634,0
QSQMAODV,27,20,19,3,50.0,0.1,0.58973,24.820674,96.289562,26.390739,37022,21833,391140,3.317608,0.0,0.0,20,A_N20_pi010|Q0D1,5.0,0.85,300.0,16.0,0.0,0,0,0,0,0.1,0.9,15.0,0.92,1,1,1,1,1,1,1,1,1,1,0.05,86.103248,0.037783,0.145031,1.0,0.0,79183,719,0,2.594872,8.530769,18.615385,21516.540909,MaxPaths=3;Alpha0=0.5;Gamma=0.9;Epsilon0=0.5;RewardW1=0.6;RewardW2=0.4;QueueRewardWeight=0;QueueAwareSelect=false;TrendEpsilon=false;AckSilenceDecay=true;FailurePenalty=0.5;,18055,843516,7.154613,0.826959,0.02021,0.094128,5543,0
QSQMAODV,28,20,19,3,50.0,0.1,0.578224,24.336379,154.795628,39.695671,37022,21407,875752,7.575854,0.0,0.0,20,A_N20_pi010|Q0D1,5.0,0.85,300.0,16.0,0.0,0,0,0,0,0.1,0.9,15.0,0.92,1,1,1,1,1,1,1,1,1,1,0.05,61.656138,0.078973,0.245832,1.0,0.0,96926,1649,0,1.766667,8.138462,18.428205,23609.26465,MaxPaths=3;Alpha0=0.5;Gamma=0.9;Epsilon0=0.5;RewardW1=0.6;RewardW2=0.4;QueueRewardWeight=0;QueueAwareSelect=false;TrendEpsilon=false;AckSilenceDecay=true;FailurePenalty=0.5;,35130,1659852,14.358855,1.641052,0.032781,0.165409,13767,0
QSQMAODV,29,20,19,3,50.0,0.1,0.705283,29.684084,43.76622,19.506376,37022,26111,367380,2.605543,0.0,0.0,20,A_N20_pi010|Q0D1,5.0,0.85,300.0,16.0,0.0,0,0,0,0,0.1,0.9,15.0,0.92,1,1,1,1,1,1,1,1,1,1,0.05,31.801937,0.021511,0.11484,1.0,0.0,83034,646,0,2.551282,9.420513,18.528205,24391.427198,MaxPaths=3;Alpha0=0.5;Gamma=0.9;Epsilon0=0.5;RewardW1=0.6;RewardW2=0.4;QueueRewardWeight=0;QueueAwareSelect=false;TrendEpsilon=false;AckSilenceDecay=true;FailurePenalty=0.5;,14827,695296,4.931198,0.567845,0.009703,0.067935,6954,0
QSQMAODV,3,20,19,3,50.0,0.1,0.31511,13.2624,73.045753,52.429834,37022,11666,983746,15.615908,0.0,0.0,20,A_N20_pi010|Q0D1,5.0,0.85,300.0,16.0,0.0,0,0,0,0,0.1,0.9,15.0,0.92,1,1,1,1,1,1,1,1,1,1,0.05,62.844201,0.082507,0.24369,1.0,0.0,132293,2614,0,2.187179,8.523077,17.974359,26622.900406,MaxPaths=3;Alpha0=0.5;Gamma=0.9;Epsilon0=0.5;RewardW1=0.6;RewardW2=0.4;QueueRewardWeight=0;QueueAwareSelect=false;TrendEpsilon=false;AckSilenceDecay=true;FailurePenalty=0.5;,35914,1693476,26.882108,3.078519,0.036401,0.167359,14308,0
QSQMAODV,30,20,19,3,50.0,0.1,0.619875,26.089389,116.656595,44.24917,37022,22949,609500,4.918313,0.0,0.0,20,A_N20_pi010|Q0D1,5.0,0.85,300.0,16.0,0.0,0,0,0,0,0.1,0.9,15.0,0.92,1,1,1,1,1,1,1,1,1,1,0.05,86.367271,0.064466,0.213985,1.0,0.0,81703,1125,0,2.010256,8.007692,18.5,22988.730745,MaxPaths=3;Alpha0=0.5;Gamma=0.9;Epsilon0=0.5;RewardW1=0.6;RewardW2=0.4;QueueRewardWeight=0;QueueAwareSelect=false;TrendEpsilon=false;AckSilenceDecay=true;FailurePenalty=0.5;,26813,1269102,10.240921,1.168373,0.032831,0.148368,10433,0
QSQMAODV,4,20,19,3,50.0,0.1,0.325671,13.706905,195.265327,97.850054,37022,12057,1664036,25.558167,0.0,0.0,20,A_N20_pi010|Q0D1,5.0,0.85,300.0,16.0,0.0,0,0,0,0,0.1,0.9,15.0,0.92,1,1,1,1,1,1,1,1,1,1,0.05,153.78779,0.127134,0.384236,1.0,0.0,137489,4199,0,2.65641,9.266667,18.551282,21721.695025,MaxPaths=3;Alpha0=0.5;Gamma=0.9;Epsilon0=0.5;RewardW1=0.6;RewardW2=0.4;QueueRewardWeight=0;QueueAwareSelect=false;TrendEpsilon=false;AckSilenceDecay=true;FailurePenalty=0.5;,60821,2877508,44.196056,5.044456,0.043615,0.248364,16129,0
QSQMAODV,5,20,19,3,50.0,0.1,0.594754,25.032126,63.519397,29.005224,37022,22019,682442,5.739504,0.0,0.0,20,A_N20_pi010|Q0D1,5.0,0.85,300.0,16.0,0.0,0,0,0,0,0.1,0.9,15.0,0.92,1,1,1,1,1,1,1,1,1,1,0.05,54.678873,0.048592,0.201572,1.0,0.0,101377,1522,0,2.448718,9.497436,18.620513,25315.804661,MaxPaths=3;Alpha0=0.5;Gamma=0.9;Epsilon0=0.5;RewardW1=0.6;RewardW2=0.4;QueueRewardWeight=0;QueueAwareSelect=false;TrendEpsilon=false;AckSilenceDecay=true;FailurePenalty=0.5;,25547,1195450,10.054027,1.160225,0.01824,0.122904,7765,0
QSQMAODV,6,20,19,3,50.0,0.1,0.652288,27.4536,16.164171,6.861534,37022,24149,225900,1.732301,0.0,0.0,20,A_N20_pi010|Q0D1,5.0,0.85,300.0,16.0,0.0,0,0,0,0,0.1,0.9,15.0,0.92,1,1,1,1,1,1,1,1,1,1,0.05,16.33333,0.021309,0.086487,1.0,0.0,67250,318,0,2.653846,9.589744,18.533333,22227.889823,MaxPaths=3;Alpha0=0.5;Gamma=0.9;Epsilon0=0.5;RewardW1=0.6;RewardW2=0.4;QueueRewardWeight=0;QueueAwareSelect=false;TrendEpsilon=false;AckSilenceDecay=true;FailurePenalty=0.5;,11666,555938,4.263178,0.483084,0.008748,0.05549,5607,0
QSQMAODV,7,20,19,3,50.0,0.1,0.717762,30.209305,62.210847,26.481077,37022,26573,642226,4.475623,0.0,0.0,20,A_N20_pi010|Q0D1,5.0,0.85,300.0,16.0,0.0,0,0,0,0,0.1,0.9,15.0,0.92,1,1,1,1,1,1,1,1,1,1,0.05,56.950476,0.043847,0.198191,1.0,0.0,95026,1236,0,2.458974,9.976923,18.689744,22459.172633,MaxPaths=3;Alpha0=0.5;Gamma=0.9;Epsilon0=0.5;RewardW1=0.6;RewardW2=0.4;QueueRewardWeight=0;QueueAwareSelect=false;TrendEpsilon=false;AckSilenceDecay=true;FailurePenalty=0.5;,24463,1156418,8.058988,0.920596,0.018719,0.125622,7018,0
QSQMAODV,8,20,19,3,50.0,0.1,0.267976,11.278611,213.843076,115.892517,37022,9921,1732248,32.334106,0.0,0.0,20,A_N20_pi010|Q0D1,5.0,0.85,300.0,16.0,0.0,0,0,0,0,0.1,0.9,15.0,0.92,1,1,1,1,1,1,1,1,1,1,0.05,157.579014,0.193151,0.46616,1.0,0.0,128116,5418,0,2.597436,9.133333,18.505128,24158.272528,MaxPaths=3;Alpha0=0.5;Gamma=0.9;Epsilon0=0.5;RewardW1=0.6;RewardW2=0.4;QueueRewardWeight=0;QueueAwareSelect=false;TrendEpsilon=false;AckSilenceDecay=true;FailurePenalty=0.5;,70213,3350562,62.541522,7.07721,0.07771,0.325401,20534,0
QSQMAODV,9,20,19,3,50.0,0.1,0.501134,21.091832,91.964717,37.911739,37022,18553,1128086,11.259894,0.0,0.0,20,A_N20_pi010|Q0D1,5.0,0.85,300.0,16.0,0.0,0,0,0,0,0.1,0.9,15.0,0.92,1,1,1,1,1,1,1,1,1,1,0.05,95.161613,0.103262,0.283497,1.0,0.0,117870,2526,0,2.220513,8.312821,18.128205,23364.794149,MaxPaths=3;Alpha0=0.5;Gamma=0.9;Epsilon0=0.5;RewardW1=0.6;RewardW2=0.4;QueueRewardWeight=0;QueueAwareSelect=false;TrendEpsilon=false;AckSilenceDecay=true;FailurePenalty=0.5;,45471,2152452,21.484516,2.45087,0.041662,0.194699,7137,0
QSQMAODV,1,20,19,3,50.0,0.1,0.609016,25.632379,92.018456,30.776819,37022,22547,724880,5.953654,0.0,0.0,20,A_N20_pi010|Q1D0,5.0,0.85,300.0,16.0,0.0,0,0,0,0,0.1,0.9,15.0,0.92,1,1,1,1,1,1,1,1,1,1,0.05,55.738432,0.074342,0.217773,1.0,0.0,101833,1556,0,2.44359,8.884615,18.407692,22539.664836,MaxPaths=3;Alpha0=0.5;Gamma=0.9;Epsilon0=0.5;RewardW1=0.6;RewardW2=0.4;QueueRewardWeight=0.1;AdaptiveQueueWeight=true;QueueAwareSelect=true;TrendEpsilon=true;AckSilenceDecay=false;FailurePenalty=0.5;,28404,1347904,11.070735,1.259768,0.025966,0.134226,0,5
QSQMAODV,10,20,19,3,50.0,0.1,0.34936,14.703916,80.785907,43.780646,37022,12934,554722,7.942345,0.0,0.0,20,A_N20_pi010|Q1D0,5.0,0.85,300.0,16.0,0.0,0,0,0,0,0.1,0.9,15.0,0.92,1,1,1,1,1,1,1,1,1,1,0.05,51.883499,0.040858,0.16527,1.0,0.0,95615,1238,0,2.266667,8.910256,18.530769,23279.71399,MaxPaths=3;Alpha0=0.5;Gamma=0.9;Epsilon0=0.5;RewardW1=0.6;RewardW2=0.4;QueueRewardWeight=0.1;AdaptiveQueueWeight=true;QueueAwareSelect=true;TrendEpsilon=true;AckSilenceDecay=false;FailurePenalty=0.5;,21945,1042894,14.931848,1.696691,0.013038,0.093822,0,3
QSQMAODV,11,20,19,3,50.0,0.1,0.407028,17.131074,107.803233,61.381916,37022,15069,1301362,15.992631,0.0,0.0,20,A_N20_pi010|Q1D0,5.0,0.85,300.0,16.0,0.0,0,0,0,0,0.1,0.9,15.0,0.92,1,1,1,1,1,1,1,1,1,1,0.05,103.003264,0.07923,0.298801,1.0,0.0,128520,2700,0,2.235897,8.123077,18.446154,24281.639952,MaxPaths=3;Alpha0=0.5;Gamma=0.9;Epsilon0=0.5;RewardW1=0.6;RewardW2=0.4;QueueRewardWeight=0.1;AdaptiveQueueWeight=true;QueueAwareSelect=true;TrendEpsilon=true;AckSilenceDecay=false;FailurePenalty=0.5;,49695,2315234,28.452255,3.29783,0.023346,0.160712,0,0
QSQMAODV,12,20,19,3,50.0,0.1,0.587759,24.737684,41.750277,23.80716,37022,21760,621678,5.290696,0.0,0.0,20,A_N20_pi010|Q1D0,5.0,0.85,300.0,16.0,0.0,0,0,0,0,0.1,0.9,15.0,0.92,1,1,1,1,1,1,1,1,1,1,0.05,37.736033,0.108137,0.239421,1.0,0.0,119961,1242,0,2.353846,8.851282,18.789744,24864.637506,MaxPaths=3;Alpha0=0.5;Gamma=0.9;Epsilon0=0.5;RewardW1=0.6;RewardW2=0.4;QueueRewardWeight=0.1;AdaptiveQueueWeight=true;QueueAwareSelect=true;TrendEpsilon=true;AckSilenceDecay=false;FailurePenalty=0.5;,23125,1075070,9.14922,1.06273,0.0899,0.169478,0,0
QSQMAODV,13,20,19,3,50.0,0.1,0.342013,14.394695,217.932898,100.841135,37022,12662,1406172,20.565647,0.0,0.0,20,A_N20_pi010|Q1D0,5.0,0.85,300.0,16.0,0.0,0,0,0,0,0.1,0.9,15.0,0.92,1,1,1,1,1,1,1,1,1,1,0.05,207.332499,0.086416,0.326693,1.0,0.0,137147,3166,0,2.353846,9.04359,18.530769,23376.285305,MaxPaths=3;Alpha0=0.5;Gamma=0.9;Epsilon0=0.5;RewardW1=0.6;RewardW2=0.4;QueueRewardWeight=0.1;AdaptiveQueueWeight=true;QueueAwareSelect=true;TrendEpsilon=true;AckSilenceDecay=false;FailurePenalty=0.5;,53709,2529394,36.993073,4.241747,0.027165,0.16208,0,1
QSQMAODV,14,20,19,3,50.0,0.1,0.525741,22.127495,121.483618,56.339513,37022,19464,873662,8.312231,0.0,0.0,20,A_N20_pi010|Q1D0,5.0,0.85,300.0,16.0,0.0,0,0,0,0,0.1,0.9,15.0,0.92,1,1,1,1,1,1,1,1,1,1,0.05,103.011485,0.121772,0.314426,1.0,0.0,127411,1725,0,2.205128,8.733333,18.602564,24764.712314,MaxPaths=3;Alpha0=0.5;Gamma=0.9;Epsilon0=0.5;RewardW1=0.6;RewardW2=0.4;QueueRewardWeight=0.1;AdaptiveQueueWeight=true;QueueAwareSelect=true;TrendEpsilon=true;AckSilenceDecay=false;FailurePenalty=0.5;,35163,1657320,15.768142,1.806566,0.083931,0.234308,0,1
QSQMAODV,15,20,19,3,50.0,0.1,0.339771,14.300337,257.267658,119.670655,37022,12579,1807376,26.60778,0.0,0.0,20,A_N20_pi010|Q1D0,5.0,0.85,300.0,16.0,0.0,0,0,0,0,0.1,0.9,15.0,0.92,1,1,1,1,1,1,1,1,1,1,0.05,189.435038,0.112979,0.369175,1.0,0.0,140572,4205,0,1.969231,8.435897,18.364103,24698.448431,MaxPaths=3;Alpha0=0.5;Gamma=0.9;Epsilon0=0.5;RewardW1=0.6;RewardW2=0.4;QueueRewardWeight=0.1;AdaptiveQueueWeight=true;QueueAwareSelect=true;TrendEpsilon=true;AckSilenceDecay=false;FailurePenalty=0.5;,67562,3220458,47.410852,5.371015,0.032112,0.213642,0,2
QSQMAODV,16,20,19,3,50.0,0.1,0.437767,18.4248,181.470364,65.132946,37022,16207,832642,9.513973,0.0,0.0,20,A_N20_pi010|Q1D0,5.0,0.85,300.0,16.0,0.0,0,0,0,0,0.1,0.9,15.0,0.92,1,1,1,1,1,1,1,1,1,1,0.05,156.723599,0.055852,0.227396,1.0,0.0,107390,1525,0,1.825641,8.146154,18.448718,24356.530873,MaxPaths=3;Alpha0=0.5;Gamma=0.9;Epsilon0=0.5;RewardW1=0.6;RewardW2=0.4;QueueRewardWeight=0.1;AdaptiveQueueWeight=true;QueueAwareSelect=true;TrendEpsilon=true;AckSilenceDecay=false;FailurePenalty=0.5;,32729,1529334,17.474548,2.019436,0.027351,0.134019,0,2
QSQMAODV,17,20,19,3,50.0,0.1,0.440846,19.5852,33.959702,14.609552,37022,16321,175200,1.987896,0.0,0.0,20,A_N20_pi010|Q1D0,5.0,0.85,300.0,16.0,0.0,0,0,0,0,0.1,0.9,15.0,0.92,1,1,1,1,1,1,1,1,1,1,0.05,36.610844,0.010397,0.061709,1.0,0.0,63736,253,0,2.333333,8.448718,18.497436,22738.691762,MaxPaths=3;Alpha0=0.5;Gamma=0.9;Epsilon0=0.5;RewardW1=0.6;RewardW2=0.4;QueueRewardWeight=0.1;AdaptiveQueueWeight=true;QueueAwareSelect=true;TrendEpsilon=true;AckSilenceDecay=false;FailurePenalty=0.5;,8894,419916,4.76455,0.544942,0.006178,0.038338,0,0
QSQMAODV,18,20,19,3,50.0,0.1,0.57952,24.390947,89.836804,46.521803,37022,21455,957912,8.268055,0.0,0.0,20,A_N20_pi010|Q1D0,5.0,0.85,300.0,16.0,0.0,0,0,0,0,0.1,0.9,15.0,0.92,1,1,1,1,1,1,1,1,1,1,0.05,75.637577,0.050367,0.236979,1.0,0.0,132281,1843,0,1.984615,7.946154,18.264103,21730.452487,MaxPaths=3;Alpha0=0.5;Gamma=0.9;Epsilon0=0.5;RewardW1=0.6;RewardW2=0.4;QueueRewardWeight=0.1;AdaptiveQueueWeight=true;QueueAwareSelect=true;TrendEpsilon=true;AckSilenceDecay=false;FailurePenalty=0.5;,36100,1699212,14.66646,1.682591,0.014626,0.120667,0,1
QSQMAODV,19,20,19,3,50.0,0.1,0.471071,20.928,61.80885,8.621357,37022,17440,81958,0.870264,0.0,0.0,20,A_N20_pi010|Q1D0,5.0,0.85,300.0,16.0,0.0,0,0,0,0,0.1,0.9,15.0,0.92,1,1,1,1,1,1,1,1,1,1,0.05,39.74682,0.003607,0.030899,1.0,0.0,51890,116,0,2.046154,7.533333,18.041026,19133.814224,MaxPaths=3;Alpha0=0.5;Gamma=0.9;Epsilon0=0.5;RewardW1=0.6;RewardW2=0.4;QueueRewardWeight=0.1;AdaptiveQueueWeight=true;QueueAwareSelect=true;TrendEpsilon=true;AckSilenceDecay=false;FailurePenalty=0.5;,6513,310138,3.293174,0.373452,0.00212,0.019237,0,0
QSQMAODV,2,20,19,3,50.0,0.1,0.222408,11.1159,103.777972,12.850446,37022,8234,67860,1.526192,0.0,0.0,20,A_N20_pi010|Q1D0,5.0,0.85,300.0,16.0,0.0,0,0,0,0,0.1,0.9,15.0,0.92,1,1,1,1,1,1,1,1,1,1,0.05,54.546676,0.002551,0.024883,1.0,0.0,44737,77,0,2.851282,8.679487,18.187179,22296.131007,MaxPaths=3;Alpha0=0.5;Gamma=0.9;Epsilon0=0.5;RewardW1=0.6;RewardW2=0.4;QueueRewardWeight=0.1;AdaptiveQueueWeight=true;QueueAwareSelect=true;TrendEpsilon=true;AckSilenceDecay=false;FailurePenalty=0.5;,5843,278784,6.269938,0.709619,0.001689,0.017188,0,0
QSQMAODV,20,20,19,3,50.0,0.1,0.493625,20.775789,109.325604,50.283158,37022,18275,1222470,12.387597,0.0,0.0,20,A_N20_pi010|Q1D0,5.0,0.85,300.0,16.0,0.0,0,0,0,0,0.1,0.9,15.0,0.92,1,1,1,1,1,1,1,1,1,1,0.05,90.678801,0.089817,0.307976,1.0,0.0,119548,2399,0,2.328205,8.379487,18.317949,20034.119132,MaxPaths=3;Alpha0=0.5;Gamma=0.9;Epsilon0=0.5;RewardW1=0.6;RewardW2=0.4;QueueRewardWeight=0.1;AdaptiveQueueWeight=true;QueueAwareSelect=true;TrendEpsilon=true;AckSilenceDecay=false;FailurePenalty=0.5;,47520,2231922,22.616629,2.600274,0.025912,0.174731,0,5
QSQMAODV,21,20,19,3,50.0,0.1,0.496056,20.878105,93.90268,49.909637,37022,18365,1468802,14.810802,0.0,0.0,20,A_N20_pi010|Q1D0,5.0,0.85,300.0,16.0,0.0,0,0,0,0,0.1,0.9,15.0,0.92,1,1,1,1,1,1,1,1,1,1,0.05,88.722453,0.102175,0.322684,1.0,0.0,134103,3294,0,2.307692,9.294872,18.530769,23623.667358,MaxPaths=3;Alpha0=0.5;Gamma=0.9;Epsilon0=0.5;RewardW1=0.6;RewardW2=0.4;QueueRewardWeight=0.1;AdaptiveQueueWeight=true;QueueAwareSelect=true;TrendEpsilon=true;AckSilenceDecay=false;FailurePenalty=0.5;,54491,2579666,26.012302,2.967111,0.039389,0.192972,0,3
QSQMAODV,22,20,19,3,50.0,0.1,0.5403,22.740253,60.685896,22.589963,37022,20003,334480,3.096573,0.0,0.0,20,A_N20_pi010|Q1D0,5.0,0.85,300.0,16.0,0.0,0,0,0,0,0.1,0.9,15.0,0.92,1,1,1,1,1,1,1,1,1,1,0.05,50.867025,0.021945,0.108776,1.0,0.0,77272,653,0,2.446154,8.938462,18.538462,23564.178941,MaxPaths=3;Alpha0=0.5;Gamma=0.9;Epsilon0=0.5;RewardW1=0.6;RewardW2=0.4;QueueRewardWeight=0.1;AdaptiveQueueWeight=true;QueueAwareSelect=true;TrendEpsilon=true;AckSilenceDecay=false;FailurePenalty=0.5;,14032,656424,6.077088,0.701495,0.011735,0.065892,0,0
QSQMAODV,23,20,19,3,50.0,0.1,0.58576,24.653558,39.601898,9.007763,37022,21686,260832,2.227346,0.0,0.0,20,A_N20_pi010|Q1D0,5.0,0.85,300.0,16.0,0.0,0,0,0,0,0.1,0.9,15.0,0.92,1,1,1,1,1,1,1,1,1,1,0.05,35.308535,0.015098,0.080024,1.0,0.0,76804,372,0,1.951282,8.24359,18.412821,24161.729664,MaxPaths=3;Alpha0=0.5;Gamma=0.9;Epsilon0=0.5;RewardW1=0.6;RewardW2=0.4;QueueRewardWeight=0.1;AdaptiveQueueWeight=true;QueueAwareSelect=true;TrendEpsilon=true;AckSilenceDecay=false;FailurePenalty=0.5;,11932,562440,4.802894,0.550217,0.008479,0.049137,0,0
QSQMAODV,24,20,19,3,50.0,0.1,0.674653,28.394905,58.770987,26.599378,37022,24977,764302,5.66671,0.0,0.0,20,A_N20_pi010|Q1D0,5.0,0.85,300.0,16.0,0.0,0,0,0,0,0.1,0.9,15.0,0.92,1,1,1,1,1,1,1,1,1,1,0.05,58.497772,0.056705,0.219436,1.0,0.0,100952,1612,0,2.423077,9.830769,18.541026,25599.584026,MaxPaths=3;Alpha0=0.5;Gamma=0.9;Epsilon0=0.5;RewardW1=0.6;RewardW2=0.4;QueueRewardWeight=0.1;AdaptiveQueueWeight=true;QueueAwareSelect=true;TrendEpsilon=true;AckSilenceDecay=false;FailurePenalty=0.5;,28964,1354756,10.044471,1.159627,0.017544,0.121354,0,0
QSQMAODV,25,20,19,3,50.0,0.1,0.662336,27.876505,26.252398,13.225064,37022,24521,272770,2.059988,0.0,0.0,20,A_N20_pi010|Q1D0,5.0,0.85,300.0,16.0,0.0,0,0,0,0,0.1,0.9,15.0,0.92,1,1,1,1,1,1,1,1,1,1,0.05,25.717403,0.018603,0.09576,1.0,0.0,79565,528,0,2.528205,8.358974,18.412821,25034.497264,MaxPaths=3;Alpha0=0.5;Gamma=0.9;Epsilon0=0.5;RewardW1=0.6;RewardW2=0.4;QueueRewardWeight=0.1;AdaptiveQueueWeight=true;QueueAwareSelect=true;TrendEpsilon=true;AckSilenceDecay=false;FailurePenalty=0.5;,12402,580630,4.384979,0.505771,0.007482,0.052954,0,1
QSQMAODV,26,20,19,3,50.0,0.1,0.5863,24.676295,104.86605,43.978958,37022,21706,809002,6.902017,0.0,0.0,20,A_N20_pi010|Q1D0,5.0,0.85,300.0,16.0,0.0,0,0,0,0,0.1,0.9,15.0,0.92,1,1,1,1,1,1,1,1,1,1,0.05,82.056793,0.059445,0.248319,1.0,0.0,106703,1652,0,1.869231,7.402564,18.15641,22478.078297,MaxPaths=3;Alpha0=0.5;Gamma=0.9;Epsilon0=0.5;RewardW1=0.6;RewardW2=0.4;QueueRewardWeight=0.1;AdaptiveQueueWeight=true;QueueAwareSelect=true;TrendEpsilon=true;AckSilenceDecay=false;FailurePenalty=0.5;,31366,1476612,12.597746,1.445038,0.021607,0.143747,0,1
QSQMAODV,27,20,19,3,50.0,0.1,0.521717,21.958105,153.347954,48.957113,37022,19315,806400,7.731469,0.0,0.0,20,A_N20_pi010|Q1D0,5.0,0.85,300.0,16.0,0.0,0,0,0,0,0.1,0.9,15.0,0.92,1,1,1,1,1,1,1,1,1,1,0.05,132.671053,0.058581,0.233802,1.0,0.0,109232,1417,0,2.594872,8.530769,18.615385,21516.540909,MaxPaths=3;Alpha0=0.5;Gamma=0.9;Epsilon0=0.5;RewardW1=0.6;RewardW2=0.4;QueueRewardWeight=0.1;AdaptiveQueueWeight=true;QueueAwareSelect=true;TrendEpsilon=true;AckSilenceDecay=false;FailurePenalty=0.5;,31906,1488078,14.26715,1.651877,0.023291,0.126341,0,1
QSQMAODV,28,20,19,3,50.0,0.1,0.472827,19.900421,142.199515,61.996888,37022,17505,1116726,11.813831,0.0,0.0,20,A_N20_pi010|Q1D0,5.0,0.85,300.0,16.0,0.0,0,0,0,0,0.1,0.9,15.0,0.92,1,1,1,1,1,1,1,1,1,1,0.05,111.201419,0.082958,0.320384,1.0,0.0,107293,2014,0,1.766667,8.138462,18.428205,23609.26465,MaxPaths=3;Alpha0=0.5;Gamma=0.9;Epsilon0=0.5;RewardW1=0.6;RewardW2=0.4;QueueRewardWeight=0.1;AdaptiveQueueWeight=true;QueueAwareSelect=true;TrendEpsilon=true;AckSilenceDecay=false;FailurePenalty=0.5;,45546,2164184,22.894877,2.601885,0.029284,0.19909,0,4
QSQMAODV,29,20,19,3,50.0,0.1,0.753282,31.704253,38.970954,16.177802,37022,27888,238670,1.584845,0.0,0.0,20,A_N20_pi010|Q1D0,5.0,0.85,300.0,16.0,0.0,0,0,0,0,0.1,0.9,15.0,0.92,1,1,1,1,1,1,1,1,1,1,0.05,32.255315,0.020115,0.093465,1.0,0.0,76572,599,0,2.551282,9.420513,18.528205,24391.427198,MaxPaths=3;Alpha0=0.5;Gamma=0.9;Epsilon0=0.5;RewardW1=0.6;RewardW2=0.4;QueueRewardWeight=0.1;AdaptiveQueueWeight=true;QueueAwareSelect=true;TrendEpsilon=true;AckSilenceDecay=false;FailurePenalty=0.5;,11465,539814,3.584537,0.411109,0.007142,0.05242,0,0
QSQMAODV,3,20,19,3,50.0,0.1,0.389822,16.406905,105.205474,67.209225,37022,14432,1705220,21.880646,0.0,0.0,20,A_N20_pi010|Q1D0,5.0,0.85,300.0,16.0,0.0,0,0,0,0,0.1,0.9,15.0,0.92,1,1,1,1,1,1,1,1,1,1,0.05,81.928774,0.136385,0.405548,1.0,0.0,132572,3168,0,2.187179,8.523077,17.974359,26622.900406,MaxPaths=3;Alpha0=0.5;Gamma=0.9;Epsilon0=0.5;RewardW1=0.6;RewardW2=0.4;QueueRewardWeight=0.1;AdaptiveQueueWeight=true;QueueAwareSelect=true;TrendEpsilon=true;AckSilenceDecay=false;FailurePenalty=0.5;,66726,3148772,40.403681,4.623476,0.06223,0.258332,0,6
QSQMAODV,30,20,19,3,50.0,0.1,0.641916,27.017053,133.967399,43.191594,37022,23765,855018,6.662599,0.0,0.0,20,A_N20_pi010|Q1D0,5.0,0.85,300.0,16.0,0.0,0,0,0,0,0.1,0.9,15.0,0.92,1,1,1,1,1,1,1,1,1,1,0.05,99.169187,0.080877,0.258538,1.0,0.0,99616,1615,0,2.010256,8.007692,18.5,22988.730745,MaxPaths=3;Alpha0=0.5;Gamma=0.9;Epsilon0=0.5;RewardW1=0.6;RewardW2=0.4;QueueRewardWeight=0.1;AdaptiveQueueWeight=true;QueueAwareSelect=true;TrendEpsilon=true;AckSilenceDecay=false;FailurePenalty=0.5;,34706,1648292,12.844067,1.460383,0.02631,0.158265,0,4
QSQMAODV,4,20,19,3,50.0,0.1,0.442061,20.794447,17.90409,8.623138,37022,16366,152244,1.722677,0.0,0.0,20,A_N20_pi010|Q1D0,5.0,0.85,300.0,16.0,0.0,0,0,0,0,0.1,0.9,15.0,0.92,1,1,1,1,1,1,1,1,1,1,0.05,17.435395,0.00614,0.048673,1.0,0.0,67131,260,0,2.65641,9.266667,18.551282,21721.695025,MaxPaths=3;Alpha0=0.5;Gamma=0.9;Epsilon0=0.5;RewardW1=0.6;RewardW2=0.4;QueueRewardWeight=0.1;AdaptiveQueueWeight=true;QueueAwareSelect=true;TrendEpsilon=true;AckSilenceDecay=false;FailurePenalty=0.5;,8380,398028,4.503782,0.512037,0.002644,0.027516,0,0
QSQMAODV,5,20,19,3,50.0,0.1,0.534763,22.5072,112.533803,54.399385,37022,19798,1110122,10.383784,0.0,0.0,20,A_N20_pi010|Q1D0,5.0,0.85,300.0,16.0,0.0,0,0,0,0,0.1,0.9,15.0,0.92,1,1,1,1,1,1,1,1,1,1,0.05,101.979815,0.082807,0.292224,1.0,0.0,125087,2997,0,2.448718,9.497436,18.620513,25315.804661,MaxPaths=3;Alpha0=0.5;Gamma=0.9;Epsilon0=0.5;RewardW1=0.6;RewardW2=0.4;QueueRewardWeight=0.1;AdaptiveQueueWeight=true;QueueAwareSelect=true;TrendEpsilon=true;AckSilenceDecay=false;FailurePenalty=0.5;,40629,1910408,17.869444,2.052177,0.020525,0.154559,0,4
QSQMAODV,6,20,19,3,50.0,0.1,0.618065,26.013221,49.183087,24.727347,37022,22882,866588,7.013341,0.0,0.0,20,A_N20_pi010|Q1D0,5.0,0.85,300.0,16.0,0.0,0,0,0,0,0.1,0.9,15.0,0.92,1,1,1,1,1,1,1,1,1,1,0.05,42.303581,0.094187,0.269558,1.0,0.0,96863,1974,0,2.653846,9.589744,18.533333,22227.889823,MaxPaths=3;Alpha0=0.5;Gamma=0.9;Epsilon0=0.5;RewardW1=0.6;RewardW2=0.4;QueueRewardWeight=0.1;AdaptiveQueueWeight=true;QueueAwareSelect=true;TrendEpsilon=true;AckSilenceDecay=false;FailurePenalty=0.5;,34532,1648706,13.343061,1.509134,0.028569,0.160018,0,1
QSQMAODV,7,20,19,3,50.0,0.1,0.642429,27.038653,93.105563,27.907213,37022,23784,369194,2.87459,0.0,0.0,20,A_N20_pi010|Q1D0,5.0,0.85,300.0,16.0,0.0,0,0,0,0,0.1,0.9,15.0,0.92,1,1,1,1,1,1,1,1,1,1,0.05,63.532742,0.019327,0.114406,1.0,0.0,83836,541,0,2.458974,9.976923,18.689744,22459.172633,MaxPaths=3;Alpha0=0.5;Gamma=0.9;Epsilon0=0.5;RewardW1=0.6;RewardW2=0.4;QueueRewardWeight=0.1;AdaptiveQueueWeight=true;QueueAwareSelect=true;TrendEpsilon=true;AckSilenceDecay=false;FailurePenalty=0.5;,14303,667636,5.198297,0.601371,0.008875,0.062995,0,0
QSQMAODV,8,20,19,3,50.0,0.1,0.324807,13.670526,61.777481,47.625572,37022,12025,434518,6.691584,0.0,0.0,20,A_N20_pi010|Q1D0,5.0,0.85,300.0,16.0,0.0,0,0,0,0,0.1,0.9,15.0,0.92,1,1,1,1,1,1,1,1,1,1,0.05,49.980278,0.046313,0.146049,1.0,0.0,79121,1308,0,2.597436,9.133333,18.505128,24158.272528,MaxPaths=3;Alpha0=0.5;Gamma=0.9;Epsilon0=0.5;RewardW1=0.6;RewardW2=0.4;QueueRewardWeight=0.1;AdaptiveQueueWeight=true;QueueAwareSelect=true;TrendEpsilon=true;AckSilenceDecay=false;FailurePenalty=0.5;,18391,874696,13.470332,1.529397,0.010699,0.082438,0,0
QSQMAODV,9,20,19,3,50.0,0.1,0.368781,15.521305,67.071527,34.526042,37022,13653,789664,10.710765,0.0,0.0,20,A_N20_pi010|Q1D0,5.0,0.85,300.0,16.0,0.0,0,0,0,0,0.1,0.9,15.0,0.92,1,1,1,1,1,1,1,1,1,1,0.05,63.540527,0.049616,0.189931,1.0,0.0,108629,1296,0,2.220513,8.312821,18.128205,23364.794149,MaxPaths=3;Alpha0=0.5;Gamma=0.9;Epsilon0=0.5;RewardW1=0.6;RewardW2=0.4;QueueRewardWeight=0.1;AdaptiveQueueWeight=true;QueueAwareSelect=true;TrendEpsilon=true;AckSilenceDecay=false;FailurePenalty=0.5;,30249,1429348,19.387246,2.215557,0.021398,0.114173,0,0
QSQMAODV,1,20,19,3,50.0,0.1,0.59986,25.246989,44.192526,27.348778,37022,22208,702582,5.8586,0.0,0.0,20,A_N20_pi010|Q1D1,5.0,0.85,300.0,16.0,0.0,0,0,0,0,0.1,0.9,15.0,0.92,1,1,1,1,1,1,1,1,1,1,0.05,27.761736,0.072119,0.215881,1.0,0.0,102675,1558,0,2.44359,8.884615,18.407692,22539.664836,MaxPaths=3;Alpha0=0.5;Gamma=0.9;Epsilon0=0.5;RewardW1=0.6;RewardW2=0.4;QueueRewardWeight=0.1;AdaptiveQueueWeight=true;QueueAwareSelect=true;TrendEpsilon=true;AckSilenceDecay=true;FailurePenalty=0.5;,27633,1318122,10.991384,1.244281,0.024399,0.130697,14133,4
QSQMAODV,10,20,19,3,50.0,0.1,0.381557,16.059032,50.990999,35.436881,37022,14126,674202,8.83847,0.0,0.0,20,A_N20_pi010|Q1D1,5.0,0.85,300.0,16.0,0.0,0,0,0,0,0.1,0.9,15.0,0.92,1,1,1,1,1,1,1,1,1,1,0.05,51.338304,0.100743,0.249636,1.0,0.0,101638,1393,0,2.266667,8.910256,18.530769,23279.71399,MaxPaths=3;Alpha0=0.5;Gamma=0.9;Epsilon0=0.5;RewardW1=0.6;RewardW2=0.4;QueueRewardWeight=0.1;AdaptiveQueueWeight=true;QueueAwareSelect=true;TrendEpsilon=true;AckSilenceDecay=true;FailurePenalty=0.5;,25495,1196708,15.688276,1.804828,0.069832,0.167483,6313,5
QSQMAODV,11,20,19,3,50.0,0.1,0.639404,28.4064,37.462547,17.012499,37022,23672,540368,4.227279,0.0,0.0,20,A_N20_pi010|Q1D1,5.0,0.85,300.0,16.0,0.0,0,0,0,0,0.1,0.9,15.0,0.92,1,1,1,1,1,1,1,1,1,1,0.05,37.99171,0.060498,0.187535,1.0,0.0,91829,1138,0,2.235897,8.123077,18.446154,24281.639952,MaxPaths=3;Alpha0=0.5;Gamma=0.9;Epsilon0=0.5;RewardW1=0.6;RewardW2=0.4;QueueRewardWeight=0.1;AdaptiveQueueWeight=true;QueueAwareSelect=true;TrendEpsilon=true;AckSilenceDecay=true;FailurePenalty=0.5;,23490,1101682,8.618418,0.992312,0.023725,0.118841,10045,0
QSQMAODV,12,20,19,3,50.0,0.1,0.603776,25.411832,35.445189,23.086494,37022,22353,842070,6.976195,0.0,0.0,20,A_N20_pi010|Q1D1,5.0,0.85,300.0,16.0,0.0,0,0,0,0,0.1,0.9,15.0,0.92,1,1,1,1,1,1,1,1,1,1,0.05,33.664648,0.071015,0.218448,1.0,0.0,113310,2152,0,2.353846,8.851282,18.789744,24864.637506,MaxPaths=3;Alpha0=0.5;Gamma=0.9;Epsilon0=0.5;RewardW1=0.6;RewardW2=0.4;QueueRewardWeight=0.1;AdaptiveQueueWeight=true;QueueAwareSelect=true;TrendEpsilon=true;AckSilenceDecay=true;FailurePenalty=0.5;,32802,1557960,12.907042,1.467454,0.017741,0.129569,5816,5
QSQMAODV,13,20,19,3,50.0,0.1,0.346173,14.569768,208.542796,80.533133,37022,12816,1001938,14.477534,0.0,0.0,20,A_N20_pi010|Q1D1,5.0,0.85,300.0,16.0,0.0,0,0,0,0,0.1,0.9,15.0,0.92,1,1,1,1,1,1,1,1,1,1,0.05,177.279732,0.078068,0.279961,1.0,0.0,105432,2796,0,2.353846,9.04359,18.530769,23376.285305,MaxPaths=3;Alpha0=0.5;Gamma=0.9;Epsilon0=0.5;RewardW1=0.6;RewardW2=0.4;QueueRewardWeight=0.1;AdaptiveQueueWeight=true;QueueAwareSelect=true;TrendEpsilon=true;AckSilenceDecay=true;FailurePenalty=0.5;,38838,1824196,26.358776,3.030431,0.027098,0.14608,7505,0
QSQMAODV,14,20,19,3,50.0,0.1,0.500972,21.085011,72.029059,40.958523,37022,18547,864256,8.629288,0.0,0.0,20,A_N20_pi010|Q1D1,5.0,0.85,300.0,16.0,0.0,0,0,0,0,0.1,0.9,15.0,0.92,1,1,1,1,1,1,1,1,1,1,0.05,65.24911,0.104612,0.304366,1.0,0.0,109112,2069,0,2.205128,8.733333,18.602564,24764.712314,MaxPaths=3;Alpha0=0.5;Gamma=0.9;Epsilon0=0.5;RewardW1=0.6;RewardW2=0.4;QueueRewardWeight=0.1;AdaptiveQueueWeight=true;QueueAwareSelect=true;TrendEpsilon=true;AckSilenceDecay=true;FailurePenalty=0.5;,35787,1683654,16.810685,1.92953,0.069966,0.222373,6919,4
QSQMAODV,15,20,19,3,50.0,0.1,0.311923,13.128253,234.701719,116.680553,37022,11548,2137604,34.278887,0.0,0.0,20,A_N20_pi010|Q1D1,5.0,0.85,300.0,16.0,0.0,0,0,0,0,0.1,0.9,15.0,0.92,1,1,1,1,1,1,1,1,1,1,0.05,194.4275,0.134321,0.407861,1.0,0.0,146202,4889,0,1.969231,8.435897,18.364103,24698.448431,MaxPaths=3;Alpha0=0.5;Gamma=0.9;Epsilon0=0.5;RewardW1=0.6;RewardW2=0.4;QueueRewardWeight=0.1;AdaptiveQueueWeight=true;QueueAwareSelect=true;TrendEpsilon=true;AckSilenceDecay=true;FailurePenalty=0.5;,80427,3825818,61.3513,6.964583,0.03531,0.239279,16394,5
QSQMAODV,16,20,19,3,50.0,0.1,0.538788,22.676589,95.245115,45.522245,37022,19947,872894,8.103827,0.0,0.0,20,A_N20_pi010|Q1D1,5.0,0.85,300.0,16.0,0.0,0,0,0,0,0.1,0.9,15.0,0.92,1,1,1,1,1,1,1,1,1,1,0.05,85.36821,0.054424,0.231599,1.0,0.0,105613,1819,0,1.825641,8.146154,18.448718,24356.530873,MaxPaths=3;Alpha0=0.5;Gamma=0.9;Epsilon0=0.5;RewardW1=0.6;RewardW2=0.4;QueueRewardWeight=0.1;AdaptiveQueueWeight=true;QueueAwareSelect=true;TrendEpsilon=true;AckSilenceDecay=true;FailurePenalty=0.5;,33475,1561822,14.499739,1.678197,0.022636,0.132482,9059,3
QSQMAODV,17,20,19,3,50.0,0.1,0.427773,19.0044,49.281559,11.629299,37022,15837,151816,1.775215,0.0,0.0,20,A_N20_pi010|Q1D1,5.0,0.85,300.0,16.0,0.0,0,0,0,0,0.1,0.9,15.0,0.92,1,1,1,1,1,1,1,1,1,1,0.05,65.100943,0.005268,0.043243,1.0,0.0,55943,178,0,2.333333,8.448718,18.497436,22738.691762,MaxPaths=3;Alpha0=0.5;Gamma=0.9;Epsilon0=0.5;RewardW1=0.6;RewardW2=0.4;QueueRewardWeight=0.1;AdaptiveQueueWeight=true;QueueAwareSelect=true;TrendEpsilon=true;AckSilenceDecay=true;FailurePenalty=0.5;,8162,387000,4.525268,0.515375,0.002653,0.022513,3804,0
QSQMAODV,18,20,19,3,50.0,0.1,0.661255,27.831032,71.978471,30.29793,37022,24481,580160,4.388589,0.0,0.0,20,A_N20_pi010|Q1D1,5.0,0.85,300.0,16.0,0.0,0,0,0,0,0.1,0.9,15.0,0.92,1,1,1,1,1,1,1,1,1,1,0.05,60.759046,0.033332,0.160107,1.0,0.0,103273,811,0,1.984615,7.946154,18.264103,21730.452487,MaxPaths=3;Alpha0=0.5;Gamma=0.9;Epsilon0=0.5;RewardW1=0.6;RewardW2=0.4;QueueRewardWeight=0.1;AdaptiveQueueWeight=true;QueueAwareSelect=true;TrendEpsilon=true;AckSilenceDecay=true;FailurePenalty=0.5;,23533,1101426,8.331677,0.961276,0.014011,0.093086,7395,0
QSQMAODV,19,20,19,3,50.0,0.1,0.423289,18.8052,64.96259,11.484484,37022,15671,69444,0.820624,0.0,0.0,20,A_N20_pi010|Q1D1,5.0,0.85,300.0,16.0,0.0,0,0,0,0,0.1,0.9,15.0,0.92,1,1,1,1,1,1,1,1,1,1,0.05,27.243015,0.003156,0.026643,1.0,0.0,47610,85,0,2.046154,7.533333,18.041026,19133.814224,MaxPaths=3;Alpha0=0.5;Gamma=0.9;Epsilon0=0.5;RewardW1=0.6;RewardW2=0.4;QueueRewardWeight=0.1;AdaptiveQueueWeight=true;QueueAwareSelect=true;TrendEpsilon=true;AckSilenceDecay=true;FailurePenalty=0.5;,6126,292658,3.458358,0.390913,0.002184,0.01753,1994,0
QSQMAODV,2,20,19,3,50.0,0.1,0.211955,9.970306,6.536724,6.502483,37022,7847,55352,1.306279,0.0,0.0,20,A_N20_pi010|Q1D1,5.0,0.85,300.0,16.0,0.0,0,0,0,0,0.1,0.9,15.0,0.92,1,1,1,1,1,1,1,1,1,1,0.05,3.556285,0.001202,0.019213,0.35,0.0,47292,69,0,2.851282,8.679487,18.187179,22296.131007,MaxPaths=3;Alpha0=0.5;Gamma=0.9;Epsilon0=0.5;RewardW1=0.6;RewardW2=0.4;QueueRewardWeight=0.1;AdaptiveQueueWeight=true;QueueAwareSelect=true;TrendEpsilon=true;AckSilenceDecay=true;FailurePenalty=0.5;,5467,261424,6.169473,0.696699,0.000743,0.012822,1248,0
QSQMAODV,20,20,19,3,50.0,0.1,0.478418,20.135747,135.128446,65.376443,37022,17712,1387056,14.502158,0.0,0.0,20,A_N20_pi010|Q1D1,5.0,0.85,300.0,16.0,0.0,0,0,0,0,0.1,0.9,15.0,0.92,1,1,1,1,1,1,1,1,1,1,0.05,115.459825,0.128095,0.361216,1.0,0.0,134147,2716,0,2.328205,8.379487,18.317949,20034.119132,MaxPaths=3;Alpha0=0.5;Gamma=0.9;Epsilon0=0.5;RewardW1=0.6;RewardW2=0.4;QueueRewardWeight=0.1;AdaptiveQueueWeight=true;QueueAwareSelect=true;TrendEpsilon=true;AckSilenceDecay=true;FailurePenalty=0.5;,54117,2529448,26.446268,3.055386,0.057763,0.234249,11597,4
QSQMAODV,21,20,19,3,50.0,0.1,0.480282,20.214189,116.145135,57.142364,37022,17781,1518514,15.814988,0.0,0.0,20,A_N20_pi010|Q1D1,5.0,0.85,300.0,16.0,0.0,0,0,0,0,0.1,0.9,15.0,0.92,1,1,1,1,1,1,1,1,1,1,0.05,99.626811,0.095699,0.331292,1.0,0.0,127537,3140,0,2.307692,9.294872,18.530769,23623.667358,MaxPaths=3;Alpha0=0.5;Gamma=0.9;Epsilon0=0.5;RewardW1=0.6;RewardW2=0.4;QueueRewardWeight=0.1;AdaptiveQueueWeight=true;QueueAwareSelect=true;TrendEpsilon=true;AckSilenceDecay=true;FailurePenalty=0.5;,56845,2686026,27.974367,3.196952,0.028291,0.188189,12836,2
QSQMAODV,22,20,19,3,50.0,0.1,0.527632,22.207074,44.34106,14.276755,37022,19534,180070,1.70709,0.0,0.0,20,A_N20_pi010|Q1D1,5.0,0.85,300.0,16.0,0.0,0,0,0,0,0.1,0.9,15.0,0.92,1,1,1,1,1,1,1,1,1,1,0.05,41.787911,0.011913,0.067366,1.0,0.0,62075,322,0,2.446154,8.938462,18.538462,23564.178941,MaxPaths=3;Alpha0=0.5;Gamma=0.9;Epsilon0=0.5;RewardW1=0.6;RewardW2=0.4;QueueRewardWeight=0.1;AdaptiveQueueWeight=true;QueueAwareSelect=true;TrendEpsilon=true;AckSilenceDecay=true;FailurePenalty=0.5;,9092,429214,4.069012,0.465445,0.006392,0.043618,4086,0
QSQMAODV,23,20,19,3,50.0,0.1,0.56407,23.740674,9.62853,6.989037,37022,20883,225682,2.001291,0.0,0.0,20,A_N20_pi010|Q1D1,5.0,0.85,300.0,16.0,0.0,0,0,0,0,0.1,0.9,15.0,0.92,1,1,1,1,1,1,1,1,1,1,0.05,8.434181,0.01435,0.06881,1.0,0.0,70055,592,0,1.951282,8.24359,18.412821,24161.729664,MaxPaths=3;Alpha0=0.5;Gamma=0.9;Epsilon0=0.5;RewardW1=0.6;RewardW2=0.4;QueueRewardWeight=0.1;AdaptiveQueueWeight=true;QueueAwareSelect=true;TrendEpsilon=true;AckSilenceDecay=true;FailurePenalty=0.5;,10857,513918,4.557295,0.519897,0.008225,0.044692,5087,0
QSQMAODV,24,20,19,3,50.0,0.1,0.720031,30.3048,59.089532,28.263602,37022,26657,819154,5.690632,0.0,0.0,20,A_N20_pi010|Q1D1,5.0,0.85,300.0,16.0,0.0,0,0,0,0,0.1,0.9,15.0,0.92,1,1,1,1,1,1,1,1,1,1,0.05,55.328606,0.060067,0.235841,1.0,0.0,104556,1765,0,2.423077,9.830769,18.541026,25599.584026,MaxPaths=3;Alpha0=0.5;Gamma=0.9;Epsilon0=0.5;RewardW1=0.6;RewardW2=0.4;QueueRewardWeight=0.1;AdaptiveQueueWeight=true;QueueAwareSelect=true;TrendEpsilon=true;AckSilenceDecay=true;FailurePenalty=0.5;,31305,1464010,10.170423,1.174363,0.018271,0.131895,8453,0
QSQMAODV,25,20,19,3,50.0,0.1,0.727351,30.612884,51.130855,14.405772,37022,26928,298242,2.051025,0.0,0.0,20,A_N20_pi010|Q1D1,5.0,0.85,300.0,16.0,0.0,0,0,0,0,0.1,0.9,15.0,0.92,1,1,1,1,1,1,1,1,1,1,0.05,51.846059,0.021055,0.111145,1.0,0.0,79936,450,0,2.528205,8.358974,18.412821,25034.497264,MaxPaths=3;Alpha0=0.5;Gamma=0.9;Epsilon0=0.5;RewardW1=0.6;RewardW2=0.4;QueueRewardWeight=0.1;AdaptiveQueueWeight=true;QueueAwareSelect=true;TrendEpsilon=true;AckSilenceDecay=true;FailurePenalty=0.5;,13683,645048,4.436027,0.508133,0.010033,0.061461,5271,1
QSQMAODV,26,20,19,3,50.0,0.1,0.515531,21.697768,159.024698,63.228372,37022,19086,1009996,9.799659,0.0,0.0,20,A_N20_pi010|Q1D1,5.0,0.85,300.0,16.0,0.0,0,0,0,0,0.1,0.9,15.0,0.92,1,1,1,1,1,1,1,1,1,1,0.05,114.108655,0.085654,0.29614,1.0,0.0,110886,2337,0,1.869231,7.402564,18.15641,22478.078297,MaxPaths=3;Alpha0=0.5;Gamma=0.9;Epsilon0=0.5;RewardW1=0.6;RewardW2=0.4;QueueRewardWeight=0.1;AdaptiveQueueWeight=true;QueueAwareSelect=true;TrendEpsilon=true;AckSilenceDecay=true;FailurePenalty=0.5;,39371,1851336,17.962905,2.062821,0.030878,0.177769,12780,4
QSQMAODV,27,20,19,3,50.0,0.1,0.520015,21.886484,78.127649,28.718459,37022,19252,565734,5.441801,0.0,0.0,20,A_N20_pi010|Q1D1,5.0,0.85,300.0,16.0,0.0,0,0,0,0,0.1,0.9,15.0,0.92,1,1,1,1,1,1,1,1,1,1,0.05,70.413589,0.077709,0.238339,1.0,0.0,94081,1347,0,2.594872,8.530769,18.615385,21516.540909,MaxPaths=3;Alpha0=0.5;Gamma=0.9;Epsilon0=0.5;RewardW1=0.6;RewardW2=0.4;QueueRewardWeight=0.1;AdaptiveQueueWeight=true;QueueAwareSelect=true;TrendEpsilon=true;AckSilenceDecay=true;FailurePenalty=0.5;,24671,1149640,11.058399,1.281477,0.04661,0.144244,7054,1
QSQMAODV,28,20,19,3,50.0,0.1,0.414645,17.451663,121.675122,78.526192,37022,15351,897220,10.82352,0.0,0.0,20,A_N20_pi010|Q1D1,5.0,0.85,300.0,16.0,0.0,0,0,0,0,0.1,0.9,15.0,0.92,1,1,1,1,1,1,1,1,1,1,0.05,58.605731,0.084567,0.279855,1.0,0.0,84968,1497,0,1.766667,8.138462,18.428205,23609.26465,MaxPaths=3;Alpha0=0.5;Gamma=0.9;Epsilon0=0.5;RewardW1=0.6;RewardW2=0.4;QueueRewardWeight=0.1;AdaptiveQueueWeight=true;QueueAwareSelect=true;TrendEpsilon=true;AckSilenceDecay=true;FailurePenalty=0.5;,38552,1841762,22.217904,2.511367,0.025927,0.170705,12806,4
QSQMAODV,29,20,19,3,50.0,0.1,0.715629,30.119495,77.842313,32.386833,37022,26494,674642,4.715547,0.0,0.0,20,A_N20_pi010|Q1D1,5.0,0.85,300.0,16.0,0.0,0,0,0,0,0.1,0.9,15.0,0.92,1,1,1,1,1,1,1,1,1,1,0.05,72.468738,0.046943,0.205456,1.0,0.0,105623,1467,0,2.551282,9.420513,18.528205,24391.427198,MaxPaths=3;Alpha0=0.5;Gamma=0.9;Epsilon0=0.5;RewardW1=0.6;RewardW2=0.4;QueueRewardWeight=0.1;AdaptiveQueueWeight=true;QueueAwareSelect=true;TrendEpsilon=true;AckSilenceDecay=true;FailurePenalty=0.5;,26166,1224958,8.562092,0.98762,0.015203,0.10747,6692,1
QSQMAODV,3,20,19,3,50.0,0.1,0.394306,16.595621,38.423412,17.435262,37022,14598,623618,7.911003,0.0,0.0,20,A_N20_pi010|Q1D1,5.0,0.85,300.0,16.0,0.0,0,0,0,0,0.1,0.9,15.0,0.92,1,1,1,1,1,1,1,1,1,1,0.05,29.350482,0.08518,0.220529,1.0,0.0,95107,903,0,2.187179,8.523077,17.974359,26622.900406,MaxPaths=3;Alpha0=0.5;Gamma=0.9;Epsilon0=0.5;RewardW1=0.6;RewardW2=0.4;QueueRewardWeight=0.1;AdaptiveQueueWeight=true;QueueAwareSelect=true;TrendEpsilon=true;AckSilenceDecay=true;FailurePenalty=0.5;,27285,1286588,16.321211,1.869092,0.059757,0.163097,9048,3
QSQMAODV,30,20,19,3,50.0,0.1,0.665604,28.014063,99.231986,34.126727,37022,24642,651060,4.892731,0.0,0.0,20,A_N20_pi010|Q1D1,5.0,0.85,300.0,16.0,0.0,0,0,0,0,0.1,0.9,15.0,0.92,1,1,1,1,1,1,1,1,1,1,0.05,83.382669,0.052505,0.202105,1.0,0.0,94523,1137,0,2.010256,8.007692,18.5,22988.730745,MaxPaths=3;Alpha0=0.5;Gamma=0.9;Epsilon0=0.5;RewardW1=0.6;RewardW2=0.4;QueueRewardWeight=0.1;AdaptiveQueueWeight=true;QueueAwareSelect=true;TrendEpsilon=true;AckSilenceDecay=true;FailurePenalty=0.5;,26584,1260754,9.474595,1.078809,0.022488,0.123344,9388,0
QSQMAODV,4,20,19,3,50.0,0.1,0.492059,21.8604,16.47178,6.822476,37022,18217,127964,1.30082,0.0,0.0,20,A_N20_pi010|Q1D1,5.0,0.85,300.0,16.0,0.0,0,0,0,0,0.1,0.9,15.0,0.92,1,1,1,1,1,1,1,1,1,1,0.05,17.152173,0.005729,0.047955,1.0,0.0,65945,204,0,2.65641,9.266667,18.551282,21721.695025,MaxPaths=3;Alpha0=0.5;Gamma=0.9;Epsilon0=0.5;RewardW1=0.6;RewardW2=0.4;QueueRewardWeight=0.1;AdaptiveQueueWeight=true;QueueAwareSelect=true;TrendEpsilon=true;AckSilenceDecay=true;FailurePenalty=0.5;,7746,368728,3.74831,0.425207,0.002687,0.028807,3491,0
QSQMAODV,5,20,19,3,50.0,0.1,0.495759,20.8656,172.675358,77.987985,37022,18354,1489080,15.024276,0.0,0.0,20,A_N20_pi010|Q1D1,5.0,0.85,300.0,16.0,0.0,0,0,0,0,0.1,0.9,15.0,0.92,1,1,1,1,1,1,1,1,1,1,0.05,139.246565,0.114925,0.361049,1.0,0.0,131417,4159,0,2.448718,9.497436,18.620513,25315.804661,MaxPaths=3;Alpha0=0.5;Gamma=0.9;Epsilon0=0.5;RewardW1=0.6;RewardW2=0.4;QueueRewardWeight=0.1;AdaptiveQueueWeight=true;QueueAwareSelect=true;TrendEpsilon=true;AckSilenceDecay=true;FailurePenalty=0.5;,54575,2569834,25.92869,2.973466,0.024737,0.191549,12786,8
QSQMAODV,6,20,19,3,50.0,0.1,0.672222,28.292589,22.697881,10.156491,37022,24887,406940,3.028057,0.0,0.0,20,A_N20_pi010|Q1D1,5.0,0.85,300.0,16.0,0.0,0,0,0,0,0.1,0.9,15.0,0.92,1,1,1,1,1,1,1,1,1,1,0.05,18.848374,0.037168,0.147224,1.0,0.0,77737,645,0,2.653846,9.589744,18.533333,22227.889823,MaxPaths=3;Alpha0=0.5;Gamma=0.9;Epsilon0=0.5;RewardW1=0.6;RewardW2=0.4;QueueRewardWeight=0.1;AdaptiveQueueWeight=true;QueueAwareSelect=true;TrendEpsilon=true;AckSilenceDecay=true;FailurePenalty=0.5;,17278,821628,6.113768,0.694258,0.013526,0.086538,6575,0
QSQMAODV,7,20,19,3,50.0,0.1,0.59254,24.938905,47.496972,21.727564,37022,21937,355588,3.001761,0.0,0.0,20,A_N20_pi010|Q1D1,5.0,0.85,300.0,16.0,0.0,0,0,0,0,0.1,0.9,15.0,0.92,1,1,1,1,1,1,1,1,1,1,0.05,40.956454,0.024856,0.129176,1.0,0.0,84837,659,0,2.458974,9.976923,18.689744,22459.172633,MaxPaths=3;Alpha0=0.5;Gamma=0.9;Epsilon0=0.5;RewardW1=0.6;RewardW2=0.4;QueueRewardWeight=0.1;AdaptiveQueueWeight=true;QueueAwareSelect=true;TrendEpsilon=true;AckSilenceDecay=true;FailurePenalty=0.5;,14511,681020,5.748954,0.661485,0.006789,0.065467,7002,2
QSQMAODV,8,20,19,3,50.0,0.1,0.318324,13.397684,126.986116,59.560494,37022,11785,962864,15.130093,0.0,0.0,20,A_N20_pi010|Q1D1,5.0,0.85,300.0,16.0,0.0,0,0,0,0,0.1,0.9,15.0,0.92,1,1,1,1,1,1,1,1,1,1,0.05,121.790141,0.085717,0.267219,1.0,0.0,95847,2212,0,2.597436,9.133333,18.505128,24158.272528,MaxPaths=3;Alpha0=0.5;Gamma=0.9;Epsilon0=0.5;RewardW1=0.6;RewardW2=0.4;QueueRewardWeight=0.1;AdaptiveQueueWeight=true;QueueAwareSelect=true;TrendEpsilon=true;AckSilenceDecay=true;FailurePenalty=0.5;,40788,1952970,30.688257,3.46101,0.024121,0.156897,15500,4
QSQMAODV,9,20,19,3,50.0,0.1,0.490573,20.647326,105.257154,41.099989,37022,18162,1127136,11.492616,0.0,0.0,20,A_N20_pi010|Q1D1,5.0,0.85,300.0,16.0,0.0,0,0,0,0,0.1,0.9,15.0,0.92,1,1,1,1,1,1,1,1,1,1,0.05,104.896404,0.079166,0.249088,1.0,0.0,124502,1968,0,2.220513,8.312821,18.128205,23364.794149,MaxPaths=3;Alpha0=0.5;Gamma=0.9;Epsilon0=0.5;RewardW1=0.6;RewardW2=0.4;QueueRewardWeight=0.1;AdaptiveQueueWeight=true;QueueAwareSelect=true;TrendEpsilon=true;AckSilenceDecay=true;FailurePenalty=0.5;,43352,2047210,20.873966,2.386962,0.025771,0.152352,7200,2
QMAODV,1,20,19,3,50.0,0.1,0.535871,22.553811,85.5121,36.847689,37022,19839,938682,8.762034,0.0,0.0,20,A_N20_pi010|QMAODV,5.0,0.85,300.0,16.0,0.0,0,0,0,0,0.1,0.9,15.0,0.92,1,1,1,1,1,1,1,1,1,1,0.05,57.29581,0.0,0.0,0.0,0.0,0,0,0,2.44359,8.884615,18.407692,22539.664836,MaxPaths=3;Alpha0=0.5;Gamma=0.9;Epsilon0=0.5;RewardW1=0.6;RewardW2=0.4;,37445,1777764,16.594362,1.887444,0.0,0.0,0,0
QMAODV,10,20,19,3,50.0,0.1,0.414564,17.448253,187.559977,48.181204,37022,15348,331040,3.994247,0.0,0.0,20,A_N20_pi010|QMAODV,5.0,0.85,300.0,16.0,0.0,0,0,0,0,0.1,0.9,15.0,0.92,1,1,1,1,1,1,1,1,1,1,0.05,65.837898,0.0,0.0,0.0,0.0,0,0,0,2.266667,8.910256,18.530769,23279.71399,MaxPaths=3;Alpha0=0.5;Gamma=0.9;Epsilon0=0.5;RewardW1=0.6;RewardW2=0.4;,16918,802694,9.685108,1.102293,0.0,0.0,0,0
QMAODV,11,20,19,3,50.0,0.1,0.642402,28.5396,33.678189,13.657728,37022,23783,411602,3.204919,0.0,0.0,20,A_N20_pi010|QMAODV,5.0,0.85,300.0,16.0,0.0,0,0,0,0,0.1,0.9,15.0,0.92,1,1,1,1,1,1,1,1,1,1,0.05,37.267937,0.0,0.0,0.0,0.0,0,0,0,2.235897,8.123077,18.446154,24281.639952,MaxPaths=3;Alpha0=0.5;Gamma=0.9;Epsilon0=0.5;RewardW1=0.6;RewardW2=0.4;,19422,911978,7.101073,0.816634,0.0,0.0,0,0
QMAODV,12,20,19,3,50.0,0.1,0.624629,26.289474,16.584878,7.181806,37022,23125,195312,1.56406,0.0,0.0,20,A_N20_pi010|QMAODV,5.0,0.85,300.0,16.0,0.0,0,0,0,0,0.1,0.9,15.0,0.92,1,1,1,1,1,1,1,1,1,1,0.05,17.633689,0.0,0.0,0.0,0.0,0,0,0,2.353846,8.851282,18.789744,24864.637506,MaxPaths=3;Alpha0=0.5;Gamma=0.9;Epsilon0=0.5;RewardW1=0.6;RewardW2=0.4;,9676,456568,3.6562,0.418422,0.0,0.0,0,0
QMAODV,13,20,19,3,50.0,0.1,0.402085,16.923032,65.78699,29.414729,37022,14886,476192,5.923935,0.0,0.0,20,A_N20_pi010|QMAODV,5.0,0.85,300.0,16.0,0.0,0,0,0,0,0.1,0.9,15.0,0.92,1,1,1,1,1,1,1,1,1,1,0.05,56.02373,0.0,0.0,0.0,0.0,0,0,0,2.353846,9.04359,18.530769,23376.285305,MaxPaths=3;Alpha0=0.5;Gamma=0.9;Epsilon0=0.5;RewardW1=0.6;RewardW2=0.4;,20550,981252,12.206995,1.380492,0.0,0.0,0,0
QMAODV,14,20,19,3,50.0,0.1,0.472935,19.904968,127.167122,54.918998,37022,17509,1036664,10.964351,0.0,0.0,20,A_N20_pi010|QMAODV,5.0,0.85,300.0,16.0,0.0,0,0,0,0,0.1,0.9,15.0,0.92,1,1,1,1,1,1,1,1,1,1,0.05,102.671186,0.0,0.0,0.0,0.0,0,0,0,2.205128,8.733333,18.602564,24764.712314,MaxPaths=3;Alpha0=0.5;Gamma=0.9;Epsilon0=0.5;RewardW1=0.6;RewardW2=0.4;,41403,1946186,20.583975,2.36467,0.0,0.0,0,0
QMAODV,15,20,19,3,50.0,0.1,0.370482,15.592926,58.895606,32.763804,37022,13716,537084,7.251385,0.0,0.0,20,A_N20_pi010|QMAODV,5.0,0.85,300.0,16.0,0.0,0,0,0,0,0.1,0.9,15.0,0.92,1,1,1,1,1,1,1,1,1,1,0.05,38.603404,0.0,0.0,0.0,0.0,0,0,0,1.969231,8.435897,18.364103,24698.448431,MaxPaths=3;Alpha0=0.5;Gamma=0.9;Epsilon0=0.5;RewardW1=0.6;RewardW2=0.4;,20089,946882,12.784231,1.46464,0.0,0.0,0,0
QMAODV,16,20,19,3,50.0,0.1,0.588704,24.777474,64.856588,28.915378,37022,21795,580028,4.928313,0.0,0.0,20,A_N20_pi010|QMAODV,5.0,0.85,300.0,16.0,0.0,0,0,0,0,0.1,0.9,15.0,0.92,1,1,1,1,1,1,1,1,1,1,0.05,66.338958,0.0,0.0,0.0,0.0,0,0,0,1.825641,8.146154,18.448718,24356.530873,MaxPaths=3;Alpha0=0.5;Gamma=0.9;Epsilon0=0.5;RewardW1=0.6;RewardW2=0.4;,24019,1120810,9.523166,1.102042,0.0,0.0,0,0
QMAODV,17,20,19,3,50.0,0.1,0.462995,20.5692,15.867651,6.959118,37022,17141,127524,1.377723,0.0,0.0,20,A_N20_pi010|QMAODV,5.0,0.85,300.0,16.0,0.0,0,0,0,0,0.1,0.9,15.0,0.92,1,1,1,1,1,1,1,1,1,1,0.05,14.691824,0.0,0.0,0.0,0.0,0,0,0,2.333333,8.448718,18.497436,22738.691762,MaxPaths=3;Alpha0=0.5;Gamma=0.9;Epsilon0=0.5;RewardW1=0.6;RewardW2=0.4;,7343,348564,3.76576,0.428388,0.0,0.0,0,0
QMAODV,18,20,19,3,50.0,0.1,0.590946,24.871832,152.548168,54.666345,37022,21878,892006,7.550338,0.0,0.0,20,A_N20_pi010|QMAODV,5.0,0.85,300.0,16.0,0.0,0,0,0,0,0.1,0.9,15.0,0.92,1,1,1,1,1,1,1,1,1,1,0.05,114.751839,0.0,0.0,0.0,0.0,0,0,0,1.984615,7.946154,18.264103,21730.452487,MaxPaths=3;Alpha0=0.5;Gamma=0.9;Epsilon0=0.5;RewardW1=0.6;RewardW2=0.4;,33143,1556646,13.176149,1.514901,0.0,0.0,0,0
QMAODV,19,20,19,3,50.0,0.1,0.602939,25.376589,200.216119,45.90739,37022,22322,605188,5.02069,0.0,0.0,20,A_N20_pi010|QMAODV,5.0,0.85,300.0,16.0,0.0,0,0,0,0,0.1,0.9,15.0,0.92,1,1,1,1,1,1,1,1,1,1,0.05,151.838248,0.0,0.0,0.0,0.0,0,0,0,2.046154,7.533333,18.041026,19133.814224,MaxPaths=3;Alpha0=0.5;Gamma=0.9;Epsilon0=0.5;RewardW1=0.6;RewardW2=0.4;,25569,1198312,9.941297,1.145462,0.0,0.0,0,0
QMAODV,2,20,19,3,50.0,0.1,0.25655,12.068047,7.901524,8.620163,37022,9498,70224,1.369177,0.0,0.0,20,A_N20_pi010|QMAODV,5.0,0.85,300.0,16.0,0.0,0,0,0,0,0.1,0.9,15.0,0.92,1,1,1,1,1,1,1,1,1,1,0.05,4.872848,0.0,0.0,0.0,0.0,0,0,0,2.851282,8.679487,18.187179,22296.131007,MaxPaths=3;Alpha0=0.5;Gamma=0.9;Epsilon0=0.5;RewardW1=0.6;RewardW2=0.4;,5897,280928,5.477332,0.620868,0.0,0.0,0,0
QMAODV,20,20,19,3,50.0,0.1,0.51202,21.549979,75.224785,37.158529,37022,18956,704640,6.883778,0.0,0.0,20,A_N20_pi010|QMAODV,5.0,0.85,300.0,16.0,0.0,0,0,0,0,0.1,0.9,15.0,0.92,1,1,1,1,1,1,1,1,1,1,0.05,70.206005,0.0,0.0,0.0,0.0,0,0,0,2.328205,8.379487,18.317949,20034.119132,MaxPaths=3;Alpha0=0.5;Gamma=0.9;Epsilon0=0.5;RewardW1=0.6;RewardW2=0.4;,26567,1242782,12.141001,1.401509,0.0,0.0,0,0
QMAODV,21,20,19,3,50.0,0.1,0.456188,19.200126,54.241847,33.190015,37022,16889,697198,7.644665,0.0,0.0,20,A_N20_pi010|QMAODV,5.0,0.85,300.0,16.0,0.0,0,0,0,0,0.1,0.9,15.0,0.92,1,1,1,1,1,1,1,1,1,1,0.05,42.500318,0.0,0.0,0.0,0.0,0,0,0,2.307692,9.294872,18.530769,23623.667358,MaxPaths=3;Alpha0=0.5;Gamma=0.9;Epsilon0=0.5;RewardW1=0.6;RewardW2=0.4;,27682,1308492,14.347406,1.639055,0.0,0.0,0,0
QMAODV,22,20,19,3,50.0,0.1,0.527011,22.180926,22.756437,13.33718,37022,19511,284496,2.700243,0.0,0.0,20,A_N20_pi010|QMAODV,5.0,0.85,300.0,16.0,0.0,0,0,0,0,0.1,0.9,15.0,0.92,1,1,1,1,1,1,1,1,1,1,0.05,23.026869,0.0,0.0,0.0,0.0,0,0,0,2.446154,8.938462,18.538462,23564.178941,MaxPaths=3;Alpha0=0.5;Gamma=0.9;Epsilon0=0.5;RewardW1=0.6;RewardW2=0.4;,12141,570408,5.413926,0.622264,0.0,0.0,0,0
QMAODV,23,20,19,3,50.0,0.1,0.492464,21.8784,60.028867,15.131365,37022,18232,240868,2.446533,0.0,0.0,20,A_N20_pi010|QMAODV,5.0,0.85,300.0,16.0,0.0,0,0,0,0,0.1,0.9,15.0,0.92,1,1,1,1,1,1,1,1,1,1,0.05,37.163277,0.0,0.0,0.0,0.0,0,0,0,1.951282,8.24359,18.412821,24161.729664,MaxPaths=3;Alpha0=0.5;Gamma=0.9;Epsilon0=0.5;RewardW1=0.6;RewardW2=0.4;,11422,538578,5.470418,0.626481,0.0,0.0,0,0
QMAODV,24,20,19,3,50.0,0.1,0.727432,30.616295,27.823686,17.147312,37022,26931,601930,4.139041,0.0,0.0,20,A_N20_pi010|QMAODV,5.0,0.85,300.0,16.0,0.0,0,0,0,0,0.1,0.9,15.0,0.92,1,1,1,1,1,1,1,1,1,1,0.05,28.066743,0.0,0.0,0.0,0.0,0,0,0,2.423077,9.830769,18.541026,25599.584026,MaxPaths=3;Alpha0=0.5;Gamma=0.9;Epsilon0=0.5;RewardW1=0.6;RewardW2=0.4;,24583,1155782,7.947484,0.912814,0.0,0.0,0,0
QMAODV,25,20,19,3,50.0,0.1,0.695424,29.269137,31.520494,16.677532,37022,25746,378426,2.721933,0.0,0.0,20,A_N20_pi010|QMAODV,5.0,0.85,300.0,16.0,0.0,0,0,0,0,0.1,0.9,15.0,0.92,1,1,1,1,1,1,1,1,1,1,0.05,27.541742,0.0,0.0,0.0,0.0,0,0,0,2.528205,8.358974,18.412821,25034.497264,MaxPaths=3;Alpha0=0.5;Gamma=0.9;Epsilon0=0.5;RewardW1=0.6;RewardW2=0.4;,16217,759824,5.465243,0.629884,0.0,0.0,0,0
QMAODV,26,20,19,3,50.0,0.1,0.38307,16.122695,67.528377,43.534358,37022,14182,623886,8.146555,0.0,0.0,20,A_N20_pi010|QMAODV,5.0,0.85,300.0,16.0,0.0,0,0,0,0,0.1,0.9,15.0,0.92,1,1,1,1,1,1,1,1,1,1,0.05,48.020276,0.0,0.0,0.0,0.0,0,0,0,1.869231,7.402564,18.15641,22478.078297,MaxPaths=3;Alpha0=0.5;Gamma=0.9;Epsilon0=0.5;RewardW1=0.6;RewardW2=0.4;,24911,1179750,15.404895,1.756522,0.0,0.0,0,0
QMAODV,27,20,19,3,50.0,0.1,0.406002,17.087874,141.184393,70.888305,37022,15031,1167160,14.379665,0.0,0.0,20,A_N20_pi010|QMAODV,5.0,0.85,300.0,16.0,0.0,0,0,0,0,0.1,0.9,15.0,0.92,1,1,1,1,1,1,1,1,1,1,0.05,123.699837,0.0,0.0,0.0,0.0,0,0,0,2.594872,8.530769,18.615385,21516.540909,MaxPaths=3;Alpha0=0.5;Gamma=0.9;Epsilon0=0.5;RewardW1=0.6;RewardW2=0.4;,44230,2067860,25.476484,2.942585,0.0,0.0,0,0
QMAODV,28,20,19,3,50.0,0.1,0.578197,24.335242,108.547048,46.35168,37022,21406,986874,8.537534,0.0,0.0,20,A_N20_pi010|QMAODV,5.0,0.85,300.0,16.0,0.0,0,0,0,0,0.1,0.9,15.0,0.92,1,1,1,1,1,1,1,1,1,1,0.05,77.344024,0.0,0.0,0.0,0.0,0,0,0,1.766667,8.138462,18.428205,23609.26465,MaxPaths=3;Alpha0=0.5;Gamma=0.9;Epsilon0=0.5;RewardW1=0.6;RewardW2=0.4;,41838,1978758,17.118409,1.954499,0.0,0.0,0,0
QMAODV,29,20,19,3,50.0,0.1,0.7186,30.244547,19.454324,10.166195,37022,26604,226402,1.57594,0.0,0.0,20,A_N20_pi010|QMAODV,5.0,0.85,300.0,16.0,0.0,0,0,0,0,0.1,0.9,15.0,0.92,1,1,1,1,1,1,1,1,1,1,0.05,18.004965,0.0,0.0,0.0,0.0,0,0,0,2.551282,9.420513,18.528205,24391.427198,MaxPaths=3;Alpha0=0.5;Gamma=0.9;Epsilon0=0.5;RewardW1=0.6;RewardW2=0.4;,10388,488706,3.401786,0.390468,0.0,0.0,0,0
QMAODV,3,20,19,3,50.0,0.1,0.405489,17.066274,106.92153,65.798163,37022,15012,1485438,18.324081,0.0,0.0,20,A_N20_pi010|QMAODV,5.0,0.85,300.0,16.0,0.0,0,0,0,0,0.1,0.9,15.0,0.92,1,1,1,1,1,1,1,1,1,1,0.05,91.277839,0.0,0.0,0.0,0.0,0,0,0,2.187179,8.523077,17.974359,26622.900406,MaxPaths=3;Alpha0=0.5;Gamma=0.9;Epsilon0=0.5;RewardW1=0.6;RewardW2=0.4;,59693,2821294,34.802948,3.976352,0.0,0.0,0,0
QMAODV,30,20,19,3,50.0,0.1,0.646859,27.225095,116.840067,45.0913,37022,23948,746842,5.775183,0.0,0.0,20,A_N20_pi010|QMAODV,5.0,0.85,300.0,16.0,0.0,0,0,0,0,0.1,0.9,15.0,0.92,1,1,1,1,1,1,1,1,1,1,0.05,70.976368,0.0,0.0,0.0,0.0,0,0,0,2.010256,8.007692,18.5,22988.730745,MaxPaths=3;Alpha0=0.5;Gamma=0.9;Epsilon0=0.5;RewardW1=0.6;RewardW2=0.4;,29330,1379726,10.66915,1.224737,0.0,0.0,0,0
QMAODV,4,20,19,3,50.0,0.1,0.303522,12.774695,98.008724,62.463077,37022,11237,856504,14.115142,0.0,0.0,20,A_N20_pi010|QMAODV,5.0,0.85,300.0,16.0,0.0,0,0,0,0,0.1,0.9,15.0,0.92,1,1,1,1,1,1,1,1,1,1,0.05,82.244173,0.0,0.0,0.0,0.0,0,0,0,2.65641,9.266667,18.551282,21721.695025,MaxPaths=3;Alpha0=0.5;Gamma=0.9;Epsilon0=0.5;RewardW1=0.6;RewardW2=0.4;,32749,1545056,25.462444,2.91439,0.0,0.0,0,0
QMAODV,5,20,19,3,50.0,0.1,0.65399,27.525221,81.301062,38.740934,37022,24212,869386,6.649488,0.0,0.0,20,A_N20_pi010|QMAODV,5.0,0.85,300.0,16.0,0.0,0,0,0,0,0.1,0.9,15.0,0.92,1,1,1,1,1,1,1,1,1,1,0.05,71.901652,0.0,0.0,0.0,0.0,0,0,0,2.448718,9.497436,18.620513,25315.804661,MaxPaths=3;Alpha0=0.5;Gamma=0.9;Epsilon0=0.5;RewardW1=0.6;RewardW2=0.4;,30613,1432492,10.956398,1.264373,0.0,0.0,0,0
QMAODV,6,20,19,3,50.0,0.1,0.548215,23.073347,54.367311,21.044243,37022,20296,783006,7.14432,0.0,0.0,20,A_N20_pi010|QMAODV,5.0,0.85,300.0,16.0,0.0,0,0,0,0,0.1,0.9,15.0,0.92,1,1,1,1,1,1,1,1,1,1,0.05,31.2446,0.0,0.0,0.0,0.0,0,0,0,2.653846,9.589744,18.533333,22227.889823,MaxPaths=3;Alpha0=0.5;Gamma=0.9;Epsilon0=0.5;RewardW1=0.6;RewardW2=0.4;,33221,1579674,14.413294,1.636825,0.0,0.0,0,0
QMAODV,7,20,19,3,50.0,0.1,0.652342,27.455874,13.889065,9.097526,37022,24151,251104,1.925417,0.0,0.0,20,A_N20_pi010|QMAODV,5.0,0.85,300.0,16.0,0.0,0,0,0,0,0.1,0.9,15.0,0.92,1,1,1,1,1,1,1,1,1,1,0.05,12.496618,0.0,0.0,0.0,0.0,0,0,0,2.458974,9.976923,18.689744,22459.172633,MaxPaths=3;Alpha0=0.5;Gamma=0.9;Epsilon0=0.5;RewardW1=0.6;RewardW2=0.4;,10648,503304,3.859237,0.440893,0.0,0.0,0,0
QMAODV,8,20,19,3,50.0,0.1,0.253876,10.685179,257.370079,127.853043,37022,9399,2014586,39.692678,0.0,0.0,20,A_N20_pi010|QMAODV,5.0,0.85,300.0,16.0,0.0,0,0,0,0,0.1,0.9,15.0,0.92,1,1,1,1,1,1,1,1,1,1,0.05,201.541271,0.0,0.0,0.0,0.0,0,0,0,2.597436,9.133333,18.505128,24158.272528,MaxPaths=3;Alpha0=0.5;Gamma=0.9;Epsilon0=0.5;RewardW1=0.6;RewardW2=0.4;,80760,3866166,76.173706,8.592403,0.0,0.0,0,0
QMAODV,9,20,19,3,50.0,0.1,0.352898,14.852842,108.612189,38.839608,37022,13065,957966,13.578348,0.0,0.0,20,A_N20_pi010|QMAODV,5.0,0.85,300.0,16.0,0.0,0,0,0,0,0.1,0.9,15.0,0.92,1,1,1,1,1,1,1,1,1,1,0.05,101.113924,0.0,0.0,0.0,0.0,0,0,0,2.220513,8.312821,18.128205,23364.794149,MaxPaths=3;Alpha0=0.5;Gamma=0.9;Epsilon0=0.5;RewardW1=0.6;RewardW2=0.4;,38181,1804032,25.570608,2.922388,0.0,0.0,0,0
AODV,1,40,39,3,50.0,0.25,0.207954,3.492554,102.099357,86.097344,30324,6306,2134832,62.692556,0.0,0.0,40,B_N40_pi025|AODV,5.0,0.85,300.0,16.0,0.0,0,0,0,0,0.1,0.9,15.0,0.92,1,1,1,1,1,1,1,1,1,1,0.05,28.48711,0.0,0.0,0.0,0.0,0,0,0,5.021795,18.353846,37.830769,46973.135287,-,69223,3343248,98.179512,10.977323,0.0,0.0,0,0
AODV,10,40,39,3,50.0,0.25,0.41637,7.370854,43.782236,11.842803,30324,12626,458582,6.726009,0.0,0.0,40,B_N40_pi025|AODV,5.0,0.85,300.0,16.0,0.0,0,0,0,0,0.1,0.9,15.0,0.92,1,1,1,1,1,1,1,1,1,1,0.05,6.556413,0.0,0.0,0.0,0.0,0,0,0,4.180769,16.15,37.582051,44499.101968,-,19563,924098,13.553719,1.549422,0.0,0.0,0,0
AODV,11,40,39,3,50.0,0.25,0.500132,8.399631,41.996482,35.444735,30324,15166,2882288,35.194319,0.0,0.0,40,B_N40_pi025|AODV,5.0,0.85,300.0,16.0,0.0,0,0,0,0,0.1,0.9,15.0,0.92,1,1,1,1,1,1,1,1,1,1,0.05,34.902583,0.0,0.0,0.0,0.0,0,0,0,4.919231,17.382051,37.766667,43624.080201,-,90486,4364234,53.289693,5.966372,0.0,0.0,0,0
AODV,12,40,39,3,50.0,0.25,0.376797,6.328246,88.472629,66.582771,30324,11426,5124956,83.061957,0.0,0.0,40,B_N40_pi025|AODV,5.0,0.85,300.0,16.0,0.0,0,0,0,0,0.1,0.9,15.0,0.92,1,1,1,1,1,1,1,1,1,1,0.05,75.005048,0.0,0.0,0.0,0.0,0,0,0,5.139744,19.394872,38.239744,49553.615743,-,164418,7969624,129.166488,14.389813,0.0,0.0,0,0
AODV,13,40,39,3,50.0,0.25,0.374093,6.282831,107.634561,84.437006,30324,11344,4965790,81.064064,0.0,0.0,40,B_N40_pi025|AODV,5.0,0.85,300.0,16.0,0.0,0,0,0,0,0.1,0.9,15.0,0.92,1,1,1,1,1,1,1,1,1,1,0.05,69.398906,0.0,0.0,0.0,0.0,0,0,0,5.116667,19.062821,38.3,48813.335603,-,155918,7552954,123.298236,13.744535,0.0,0.0,0,0
AODV,14,40,39,3,50.0,0.25,0.327925,5.652379,65.28966,56.74543,30324,9944,3217422,59.917426,0.0,0.0,40,B_N40_pi025|AODV,5.0,0.85,300.0,16.0,0.0,0,0,0,0,0.1,0.9,15.0,0.92,1,1,1,1,1,1,1,1,1,1,0.05,38.167332,0.0,0.0,0.0,0.0,0,0,0,4.50641,16.624359,37.552564,46582.542217,-,101688,4934842,91.900606,10.226066,0.0,0.0,0,0
AODV,15,40,39,3,50.0,0.25,0.351009,5.895138,74.715484,61.158564,30324,10644,5860310,101.958154,0.0,0.0,40,B_N40_pi025|AODV,5.0,0.85,300.0,16.0,0.0,0,0,0,0,0.1,0.9,15.0,0.92,1,1,1,1,1,1,1,1,1,1,0.05,63.322949,0.0,0.0,0.0,0.0,0,0,0,4.205128,17.779487,37.776923,46198.242591,-,192650,9414058,163.786553,18.099399,0.0,0.0,0,0
AODV,16,40,39,3,50.0,0.25,0.410203,7.070589,50.239153,39.883923,30324,12439,1989622,29.620429,0.0,0.0,40,B_N40_pi025|AODV,5.0,0.85,300.0,16.0,0.0,0,0,0,0,0.1,0.9,15.0,0.92,1,1,1,1,1,1,1,1,1,1,0.05,14.671602,0.0,0.0,0.0,0.0,0,0,0,4.392308,17.798718,37.935897,47891.422584,-,66005,3201172,47.657338,5.306295,0.0,0.0,0,0
AODV,17,40,39,3,50.0,0.25,0.321165,5.393908,74.968481,65.029087,30324,9739,1942270,36.931885,0.0,0.0,40,B_N40_pi025|AODV,5.0,0.85,300.0,16.0,0.0,0,0,0,0,0.1,0.9,15.0,0.92,1,1,1,1,1,1,1,1,1,1,0.05,25.853929,0.0,0.0,0.0,0.0,0,0,0,4.794872,17.575641,38.305128,42102.914699,-,65673,3149344,59.884162,6.7433,0.0,0.0,0,0
AODV,18,40,39,3,50.0,0.25,0.47962,8.055138,38.523891,33.439879,30324,14544,3121986,39.751482,0.0,0.0,40,B_N40_pi025|AODV,5.0,0.85,300.0,16.0,0.0,0,0,0,0,0.1,0.9,15.0,0.92,1,1,1,1,1,1,1,1,1,1,0.05,30.656154,0.0,0.0,0.0,0.0,0,0,0,4.542308,17.075641,37.641026,45453.021689,-,99623,4816182,61.323264,6.849766,0.0,0.0,0,0
AODV,19,40,39,3,50.0,0.25,0.371059,6.231877,83.132415,67.109744,30324,11252,5386412,88.649458,0.0,0.0,40,B_N40_pi025|AODV,5.0,0.85,300.0,16.0,0.0,0,0,0,0,0.1,0.9,15.0,0.92,1,1,1,1,1,1,1,1,1,1,0.05,53.838191,0.0,0.0,0.0,0.0,0,0,0,4.292308,17.108974,38.266667,42351.729677,-,179499,8788226,144.636443,15.952631,0.0,0.0,0,0
AODV,2,40,39,3,50.0,0.25,0.368553,6.189785,107.304966,52.709838,30324,11176,3410172,56.506204,0.0,0.0,40,B_N40_pi025|AODV,5.0,0.85,300.0,16.0,0.0,0,0,0,0,0.1,0.9,15.0,0.92,1,1,1,1,1,1,1,1,1,1,0.05,46.420889,0.0,0.0,0.0,0.0,0,0,0,5.25641,18.221795,37.553846,46473.394556,-,108112,5252352,87.030939,9.673586,0.0,0.0,0,0
AODV,20,40,39,3,50.0,0.25,0.396979,6.6672,81.510522,58.079457,30324,12038,3517584,54.112348,0.0,0.0,40,B_N40_pi025|AODV,5.0,0.85,300.0,16.0,0.0,0,0,0,0,0.1,0.9,15.0,0.92,1,1,1,1,1,1,1,1,1,1,0.05,58.169424,0.0,0.0,0.0,0.0,0,0,0,4.580769,18.165385,38.025641,47717.008467,-,116561,5669408,87.214684,9.682755,0.0,0.0,0,0
AODV,21,40,39,3,50.0,0.25,0.436387,7.329046,60.387397,60.342372,30324,13233,2662098,37.253919,0.0,0.0,40,B_N40_pi025|AODV,5.0,0.85,300.0,16.0,0.0,0,0,0,0,0.1,0.9,15.0,0.92,1,1,1,1,1,1,1,1,1,1,0.05,27.070562,0.0,0.0,0.0,0.0,0,0,0,4.255128,16.539744,37.567949,47861.64777,-,89543,4341490,60.755659,6.766644,0.0,0.0,0,0
AODV,22,40,39,3,50.0,0.25,0.30405,5.106462,69.527215,57.376219,30324,9220,4896292,98.342814,0.0,0.0,40,B_N40_pi025|AODV,5.0,0.85,300.0,16.0,0.0,0,0,0,0,0.1,0.9,15.0,0.92,1,1,1,1,1,1,1,1,1,1,0.05,55.268784,0.0,0.0,0.0,0.0,0,0,0,4.929487,19.537179,38.542308,42304.929858,-,158300,7721306,155.083675,17.169197,0.0,0.0,0,0
AODV,23,40,39,3,50.0,0.25,0.472464,7.934954,43.662547,33.712229,30324,14327,3043118,39.33415,0.0,0.0,40,B_N40_pi025|AODV,5.0,0.85,300.0,16.0,0.0,0,0,0,0,0.1,0.9,15.0,0.92,1,1,1,1,1,1,1,1,1,1,0.05,35.080269,0.0,0.0,0.0,0.0,0,0,0,4.797436,17.689744,37.732051,44392.80629,-,97930,4753714,61.444643,6.835346,0.0,0.0,0,0
AODV,24,40,39,3,50.0,0.25,0.398232,6.688246,70.339636,49.524559,30324,12076,3644806,55.893017,0.0,0.0,40,B_N40_pi025|AODV,5.0,0.85,300.0,16.0,0.0,0,0,0,0,0.1,0.9,15.0,0.92,1,1,1,1,1,1,1,1,1,1,0.05,41.908319,0.0,0.0,0.0,0.0,0,0,0,4.560256,17.720513,38.070513,49035.655511,-,117375,5672408,86.986248,9.719692,0.0,0.0,0,0
AODV,25,40,39,3,50.0,0.25,0.534593,8.9784,50.216383,44.839411,30324,16211,3021998,34.521575,0.0,0.0,40,B_N40_pi025|AODV,5.0,0.85,300.0,16.0,0.0,0,0,0,0,0.1,0.9,15.0,0.92,1,1,1,1,1,1,1,1,1,1,0.05,35.679498,0.0,0.0,0.0,0.0,0,0,0,4.626923,17.707692,38.120513,47003.82278,-,98162,4739488,54.141198,6.055271,0.0,0.0,0,0
AODV,26,40,39,3,50.0,0.25,0.384382,6.455631,100.642956,76.685697,30324,11656,4093200,65.030885,0.0,0.0,40,B_N40_pi025|AODV,5.0,0.85,300.0,16.0,0.0,0,0,0,0,0.1,0.9,15.0,0.92,1,1,1,1,1,1,1,1,1,1,0.05,62.051535,0.0,0.0,0.0,0.0,0,0,0,4.529487,17.871795,38.038462,44830.030423,-,134564,6557924,104.189291,11.544612,0.0,0.0,0,0
AODV,27,40,39,3,50.0,0.25,0.388207,6.519877,60.668266,54.611577,30324,11772,2488788,39.151093,0.0,0.0,40,B_N40_pi025|AODV,5.0,0.85,300.0,16.0,0.0,0,0,0,0,0.1,0.9,15.0,0.92,1,1,1,1,1,1,1,1,1,1,0.05,29.860187,0.0,0.0,0.0,0.0,0,0,0,4.432051,16.853846,37.803846,44307.428426,-,82127,3964240,62.36141,6.97647,0.0,0.0,0,0
AODV,28,40,39,3,50.0,0.25,0.423031,7.6968,48.419394,15.014789,30324,12828,769546,11.109177,0.0,0.0,40,B_N40_pi025|AODV,5.0,0.85,300.0,16.0,0.0,0,0,0,0,0.1,0.9,15.0,0.92,1,1,1,1,1,1,1,1,1,1,0.05,9.683755,0.0,0.0,0.0,0.0,0,0,0,4.248718,16.2,37.385897,46641.446879,-,27877,1322990,19.098702,2.173137,0.0,0.0,0,0
AODV,29,40,39,3,50.0,0.25,0.385932,6.652232,28.167745,26.130469,30324,11703,946460,14.976533,0.0,0.0,40,B_N40_pi025|AODV,5.0,0.85,300.0,16.0,0.0,0,0,0,0,0.1,0.9,15.0,0.92,1,1,1,1,1,1,1,1,1,1,0.05,11.433858,0.0,0.0,0.0,0.0,0,0,0,4.197436,17.916667,38.084615,45065.648831,-,33515,1581102,25.018941,2.863796,0.0,0.0,0,0
AODV,3,40,39,3,50.0,0.25,0.344315,5.782708,105.134939,81.249724,30324,10441,6696328,118.768388,0.0,0.0,40,B_N40_pi025|AODV,5.0,0.85,300.0,16.0,0.0,0,0,0,0,0.1,0.9,15.0,0.92,1,1,1,1,1,1,1,1,1,1,0.05,99.680023,0.0,0.0,0.0,0.0,0,0,0,5.241026,20.371795,38.325641,47166.525338,-,212037,10304800,182.769495,20.308112,0.0,0.0,0,0
AODV,30,40,39,3,50.0,0.25,0.3025,5.080431,90.921094,59.426077,30324,9173,5668798,114.442103,0.0,0.0,40,B_N40_pi025|AODV,5.0,0.85,300.0,16.0,0.0,0,0,0,0,0.1,0.9,15.0,0.92,1,1,1,1,1,1,1,1,1,1,0.05,88.462645,0.0,0.0,0.0,0.0,0,0,0,4.579487,17.7,37.965385,47408.470661,-,191733,9390324,189.572538,20.901886,0.0,0.0,0,0
AODV,4,40,39,3,50.0,0.25,0.37871,6.360369,44.469949,35.920609,30324,11484,2805630,45.242173,0.0,0.0,40,B_N40_pi025|AODV,5.0,0.85,300.0,16.0,0.0,0,0,0,0,0.1,0.9,15.0,0.92,1,1,1,1,1,1,1,1,1,1,0.05,27.041243,0.0,0.0,0.0,0.0,0,0,0,4.730769,17.823077,38.138462,44585.861062,-,89474,4314250,69.569417,7.791188,0.0,0.0,0,0
AODV,5,40,39,3,50.0,0.25,0.326243,5.4792,151.827047,119.601893,30324,9893,3768866,70.548686,0.0,0.0,40,B_N40_pi025|AODV,5.0,0.85,300.0,16.0,0.0,0,0,0,0,0.1,0.9,15.0,0.92,1,1,1,1,1,1,1,1,1,1,0.05,57.312989,0.0,0.0,0.0,0.0,0,0,0,5.14359,18.726923,38.091026,40699.174161,-,125038,6096326,114.115967,12.639038,0.0,0.0,0,0
AODV,6,40,39,3,50.0,0.25,0.426329,7.160123,87.403818,66.238792,30324,12928,5509950,78.926447,0.0,0.0,40,B_N40_pi025|AODV,5.0,0.85,300.0,16.0,0.0,0,0,0,0,0.1,0.9,15.0,0.92,1,1,1,1,1,1,1,1,1,1,0.05,74.120052,0.0,0.0,0.0,0.0,0,0,0,4.673077,17.975641,37.770513,43873.434179,-,172833,8424480,120.675193,13.368889,0.0,0.0,0,0
AODV,7,40,39,3,50.0,0.25,0.312855,5.254338,65.21814,48.496867,30324,9487,3958040,77.260501,0.0,0.0,40,B_N40_pi025|AODV,5.0,0.85,300.0,16.0,0.0,0,0,0,0,0.1,0.9,15.0,0.92,1,1,1,1,1,1,1,1,1,1,0.05,49.620495,0.0,0.0,0.0,0.0,0,0,0,4.529487,18.334615,38.108974,51157.007543,-,127393,6175300,120.541169,13.428165,0.0,0.0,0,0
AODV,8,40,39,3,50.0,0.25,0.405982,6.997832,56.341823,38.147621,30324,12311,2291600,34.470829,0.0,0.0,40,B_N40_pi025|AODV,5.0,0.85,300.0,16.0,0.0,0,0,0,0,0.1,0.9,15.0,0.92,1,1,1,1,1,1,1,1,1,1,0.05,29.389316,0.0,0.0,0.0,0.0,0,0,0,4.987179,17.914103,37.753846,47125.491912,-,73922,3546996,53.354814,6.004549,0.0,0.0,0,0
AODV,9,40,39,3,50.0,0.25,0.388438,6.523754,80.761408,66.835074,30324,11779,6738094,105.933881,0.0,0.0,40,B_N40_pi025|AODV,5.0,0.85,300.0,16.0,0.0,0,0,0,0,0.1,0.9,15.0,0.92,1,1,1,1,1,1,1,1,1,1,0.05,59.804912,0.0,0.0,0.0,0.0,0,0,0,4.867949,17.034615,38.008974,44543.640661,-,215993,10551382,165.885018,18.337125,0.0,0.0,0,0
QSQMAODV,1,40,39,3,50.0,0.25,0.231863,3.894092,101.090328,114.431095,30324,7031,2655430,69.939738,0.0,0.0,40,B_N40_pi025|FULL-P,5.0,0.85,300.0,16.0,0.0,0,0,0,0,0.1,0.9,15.0,0.92,1,1,1,1,1,1,1,1,1,1,0.05,28.643153,0.228833,0.455971,1.0,0.0,113687,11712,0,5.021795,18.353846,37.830769,46973.135287,MaxPaths=3;Alpha0=0.5;Gamma=0.9;Epsilon0=0.5;RewardW1=0.6;RewardW2=0.4;FailurePenalty=0;,105268,5153234,135.727861,14.971981,0.037513,0.255737,46873,16
QSQMAODV,10,40,39,3,50.0,0.25,0.327991,5.508554,38.11058,39.310187,30324,9946,1931326,35.959477,0.0,0.0,40,B_N40_pi025|FULL-P,5.0,0.85,300.0,16.0,0.0,0,0,0,0,0.1,0.9,15.0,0.92,1,1,1,1,1,1,1,1,1,1,0.05,23.794643,0.162055,0.353618,1.0,0.0,100625,7342,0,4.180769,16.15,37.582051,44499.101968,MaxPaths=3;Alpha0=0.5;Gamma=0.9;Epsilon0=0.5;RewardW1=0.6;RewardW2=0.4;FailurePenalty=0;,78358,3826826,71.251908,7.878343,0.02715,0.19395,35352,10
QSQMAODV,11,40,39,3,50.0,0.25,0.381018,6.399138,67.37756,58.627608,30324,11554,1746354,27.99021,0.0,0.0,40,B_N40_pi025|FULL-P,5.0,0.85,300.0,16.0,0.0,0,0,0,0,0.1,0.9,15.0,0.92,1,1,1,1,1,1,1,1,1,1,0.05,28.300368,0.144057,0.352372,1.0,0.0,106219,5631,0,4.919231,17.382051,37.766667,43624.080201,MaxPaths=3;Alpha0=0.5;Gamma=0.9;Epsilon0=0.5;RewardW1=0.6;RewardW2=0.4;FailurePenalty=0;,69144,3368932,53.996564,5.984421,0.042463,0.205164,39229,9
QSQMAODV,12,40,39,3,50.0,0.25,0.229917,3.861415,86.471142,99.091558,30324,6972,4164638,110.618081,0.0,0.0,40,B_N40_pi025|FULL-P,5.0,0.85,300.0,16.0,0.0,0,0,0,0,0.1,0.9,15.0,0.92,1,1,1,1,1,1,1,1,1,1,0.05,59.407024,0.267632,0.540565,1.0,0.0,139661,19022,0,5.139744,19.394872,38.239744,49553.615743,MaxPaths=3;Alpha0=0.5;Gamma=0.9;Epsilon0=0.5;RewardW1=0.6;RewardW2=0.4;FailurePenalty=0;,161125,7876240,209.202949,23.110298,0.038563,0.26787,45026,47
QSQMAODV,13,40,39,3,50.0,0.25,0.257783,4.329415,87.464806,91.390658,30324,7817,4806434,113.864701,0.0,0.0,40,B_N40_pi025|FULL-P,5.0,0.85,300.0,16.0,0.0,0,0,0,0,0.1,0.9,15.0,0.92,1,1,1,1,1,1,1,1,1,1,0.05,69.166756,0.253863,0.548366,1.0,0.0,166872,18994,0,5.116667,19.062821,38.3,48813.335603,MaxPaths=3;Alpha0=0.5;Gamma=0.9;Epsilon0=0.5;RewardW1=0.6;RewardW2=0.4;FailurePenalty=0;,174229,8463466,200.500002,22.288474,0.038657,0.274908,57882,37
QSQMAODV,14,40,39,3,50.0,0.25,0.225333,3.784431,79.364193,76.17385,30324,6833,3123998,84.665322,0.0,0.0,40,B_N40_pi025|FULL-P,5.0,0.85,300.0,16.0,0.0,0,0,0,0,0.1,0.9,15.0,0.92,1,1,1,1,1,1,1,1,1,1,0.05,59.100075,0.154532,0.416548,1.0,0.0,162441,7726,0,4.50641,16.624359,37.552564,46582.542217,MaxPaths=3;Alpha0=0.5;Gamma=0.9;Epsilon0=0.5;RewardW1=0.6;RewardW2=0.4;FailurePenalty=0;,111612,5418890,146.860551,16.33426,0.055876,0.234145,49201,22
QSQMAODV,15,40,39,3,50.0,0.25,0.267082,4.4856,56.44127,51.443739,30324,8099,4105602,93.875376,0.0,0.0,40,B_N40_pi025|FULL-P,5.0,0.85,300.0,16.0,0.0,0,0,0,0,0.1,0.9,15.0,0.92,1,1,1,1,1,1,1,1,1,1,0.05,45.493785,0.272759,0.548892,1.0,0.0,134031,18984,0,4.205128,17.779487,37.776923,46198.242591,MaxPaths=3;Alpha0=0.5;Gamma=0.9;Epsilon0=0.5;RewardW1=0.6;RewardW2=0.4;FailurePenalty=0;,163149,8005842,183.05511,20.144339,0.041047,0.290547,47566,33
QSQMAODV,16,40,39,3,50.0,0.25,0.335345,5.632062,23.363164,23.409039,30324,10169,1952584,35.558032,0.0,0.0,40,B_N40_pi025|FULL-P,5.0,0.85,300.0,16.0,0.0,0,0,0,0,0.1,0.9,15.0,0.92,1,1,1,1,1,1,1,1,1,1,0.05,11.915064,0.159856,0.35585,1.0,0.0,85160,7175,0,4.392308,17.798718,37.935897,47891.422584,MaxPaths=3;Alpha0=0.5;Gamma=0.9;Epsilon0=0.5;RewardW1=0.6;RewardW2=0.4;FailurePenalty=0;,74802,3633324,66.165579,7.355886,0.026816,0.183763,35885,15
QSQMAODV,17,40,39,3,50.0,0.25,0.384778,6.462277,34.11023,36.090673,30324,11668,1120596,17.785206,0.0,0.0,40,B_N40_pi025|FULL-P,5.0,0.85,300.0,16.0,0.0,0,0,0,0,0.1,0.9,15.0,0.92,1,1,1,1,1,1,1,1,1,1,0.05,16.931989,0.047467,0.210563,1.0,0.0,88053,2085,0,4.794872,17.575641,38.305128,42102.914699,MaxPaths=3;Alpha0=0.5;Gamma=0.9;Epsilon0=0.5;RewardW1=0.6;RewardW2=0.4;FailurePenalty=0;,41605,1994426,31.653938,3.565735,0.009703,0.093878,24788,2
QSQMAODV,18,40,39,3,50.0,0.25,0.232093,3.897969,48.171419,51.568618,30324,7038,3045230,80.126667,0.0,0.0,40,B_N40_pi025|FULL-P,5.0,0.85,300.0,16.0,0.0,0,0,0,0,0.1,0.9,15.0,0.92,1,1,1,1,1,1,1,1,1,1,0.05,37.034553,0.19415,0.437857,1.0,0.0,128020,10503,0,4.542308,17.075641,37.641026,45453.021689,MaxPaths=3;Alpha0=0.5;Gamma=0.9;Epsilon0=0.5;RewardW1=0.6;RewardW2=0.4;FailurePenalty=0;,115225,5622282,147.934546,16.371839,0.02972,0.222229,46064,19
QSQMAODV,19,40,39,3,50.0,0.25,0.374951,6.297231,57.402518,51.727779,30324,11370,3931090,64.026353,0.0,0.0,40,B_N40_pi025|FULL-P,5.0,0.85,300.0,16.0,0.0,0,0,0,0,0.1,0.9,15.0,0.92,1,1,1,1,1,1,1,1,1,1,0.05,40.35645,0.274586,0.552419,1.0,0.0,135572,16784,0,4.292308,17.108974,38.266667,42351.729677,MaxPaths=3;Alpha0=0.5;Gamma=0.9;Epsilon0=0.5;RewardW1=0.6;RewardW2=0.4;FailurePenalty=0;,154328,7557640,123.092609,13.573263,0.046024,0.3076,51344,28
QSQMAODV,2,40,39,3,50.0,0.25,0.17069,2.866708,187.478525,186.089746,30324,5176,3927122,140.503249,0.0,0.0,40,B_N40_pi025|FULL-P,5.0,0.85,300.0,16.0,0.0,0,0,0,0,0.1,0.9,15.0,0.92,1,1,1,1,1,1,1,1,1,1,0.05,68.903439,0.268828,0.517802,1.0,0.0,138584,18990,0,5.25641,18.221795,37.553846,46473.394556,MaxPaths=3;Alpha0=0.5;Gamma=0.9;Epsilon0=0.5;RewardW1=0.6;RewardW2=0.4;FailurePenalty=0;,150899,7394924,264.573101,29.153594,0.041941,0.279812,54524,25
QSQMAODV,20,40,39,3,50.0,0.25,0.304973,5.121969,61.085322,55.27711,30324,9248,3561402,71.314759,0.0,0.0,40,B_N40_pi025|FULL-P,5.0,0.85,300.0,16.0,0.0,0,0,0,0,0.1,0.9,15.0,0.92,1,1,1,1,1,1,1,1,1,1,0.05,50.01198,0.265678,0.507425,1.0,0.0,129072,18713,0,4.580769,18.165385,38.025641,47717.008467,MaxPaths=3;Alpha0=0.5;Gamma=0.9;Epsilon0=0.5;RewardW1=0.6;RewardW2=0.4;FailurePenalty=0;,141134,6934356,138.855969,15.261029,0.041701,0.281243,39412,31
QSQMAODV,21,40,39,3,50.0,0.25,0.376962,6.331015,31.653564,31.373818,30324,11431,1607666,26.044609,0.0,0.0,40,B_N40_pi025|FULL-P,5.0,0.85,300.0,16.0,0.0,0,0,0,0,0.1,0.9,15.0,0.92,1,1,1,1,1,1,1,1,1,1,0.05,24.507973,0.12348,0.299437,1.0,0.0,90309,5061,0,4.255128,16.539744,37.567949,47861.64777,MaxPaths=3;Alpha0=0.5;Gamma=0.9;Epsilon0=0.5;RewardW1=0.6;RewardW2=0.4;FailurePenalty=0;,64599,3136054,50.804894,5.651212,0.021833,0.160246,26517,11
QSQMAODV,22,40,39,3,50.0,0.25,0.265862,4.465108,83.265902,26.163719,30324,8062,2145098,49.273179,0.0,0.0,40,B_N40_pi025|FULL-P,5.0,0.85,300.0,16.0,0.0,0,0,0,0,0.1,0.9,15.0,0.92,1,1,1,1,1,1,1,1,1,1,0.05,27.746603,0.17541,0.380692,1.0,0.0,90882,7540,0,4.929487,19.537179,38.542308,42304.929858,MaxPaths=3;Alpha0=0.5;Gamma=0.9;Epsilon0=0.5;RewardW1=0.6;RewardW2=0.4;FailurePenalty=0;,80782,3919968,90.042173,10.020094,0.031461,0.201527,41396,15
QSQMAODV,23,40,39,3,50.0,0.25,0.269061,4.518831,66.611656,71.388749,30324,8159,3769720,85.561502,0.0,0.0,40,B_N40_pi025|FULL-P,5.0,0.85,300.0,16.0,0.0,0,0,0,0,0.1,0.9,15.0,0.92,1,1,1,1,1,1,1,1,1,1,0.05,47.363632,0.272861,0.535149,1.0,0.0,132300,17420,0,4.797436,17.689744,37.732051,44392.80629,MaxPaths=3;Alpha0=0.5;Gamma=0.9;Epsilon0=0.5;RewardW1=0.6;RewardW2=0.4;FailurePenalty=0;,150035,7349578,166.813698,18.388896,0.042154,0.29174,47380,26
QSQMAODV,24,40,39,3,50.0,0.25,0.241954,4.063569,73.397019,82.022836,30324,7337,3547368,89.535232,0.0,0.0,40,B_N40_pi025|FULL-P,5.0,0.85,300.0,16.0,0.0,0,0,0,0,0.1,0.9,15.0,0.92,1,1,1,1,1,1,1,1,1,1,0.05,47.960565,0.205156,0.486662,1.0,0.0,134580,13260,0,4.560256,17.720513,38.070513,49035.655511,MaxPaths=3;Alpha0=0.5;Gamma=0.9;Epsilon0=0.5;RewardW1=0.6;RewardW2=0.4;FailurePenalty=0;,135828,6633166,167.420482,18.512744,0.030254,0.234914,45158,25
QSQMAODV,25,40,39,3,50.0,0.25,0.388075,6.517662,71.905044,82.45032,30324,11768,2806322,44.161222,0.0,0.0,40,B_N40_pi025|FULL-P,5.0,0.85,300.0,16.0,0.0,0,0,0,0,0.1,0.9,15.0,0.92,1,1,1,1,1,1,1,1,1,1,0.05,31.797693,0.2434,0.481885,1.0,0.0,109311,12553,0,4.626923,17.707692,38.120513,47003.82278,MaxPaths=3;Alpha0=0.5;Gamma=0.9;Epsilon0=0.5;RewardW1=0.6;RewardW2=0.4;FailurePenalty=0;,109390,5339138,84.018462,9.295547,0.037741,0.262316,34845,25
QSQMAODV,26,40,39,3,50.0,0.25,0.317735,5.336308,95.064009,56.294096,30324,9635,1744396,33.527379,0.0,0.0,40,B_N40_pi025|FULL-P,5.0,0.85,300.0,16.0,0.0,0,0,0,0,0.1,0.9,15.0,0.92,1,1,1,1,1,1,1,1,1,1,0.05,26.687827,0.067015,0.281874,1.0,0.0,96187,3205,0,4.529487,17.871795,38.038462,44830.030423,MaxPaths=3;Alpha0=0.5;Gamma=0.9;Epsilon0=0.5;RewardW1=0.6;RewardW2=0.4;FailurePenalty=0;,65553,3147068,60.486805,6.803633,0.012261,0.117029,29191,5
QSQMAODV,27,40,39,3,50.0,0.25,0.373071,6.265662,41.683446,38.301983,30324,11313,1651458,27.033108,0.0,0.0,40,B_N40_pi025|FULL-P,5.0,0.85,300.0,16.0,0.0,0,0,0,0,0.1,0.9,15.0,0.92,1,1,1,1,1,1,1,1,1,1,0.05,27.590916,0.165629,0.339408,1.0,0.0,89291,6515,0,4.432051,16.853846,37.803846,44307.428426,MaxPaths=3;Alpha0=0.5;Gamma=0.9;Epsilon0=0.5;RewardW1=0.6;RewardW2=0.4;FailurePenalty=0;,66041,3217406,52.666483,5.83762,0.025048,0.184826,32839,10
QSQMAODV,28,40,39,3,50.0,0.25,0.352823,6.081537,61.594077,73.738766,30324,10699,1304526,22.579576,0.0,0.0,40,B_N40_pi025|FULL-P,5.0,0.85,300.0,16.0,0.0,0,0,0,0,0.1,0.9,15.0,0.92,1,1,1,1,1,1,1,1,1,1,0.05,27.880913,0.140747,0.305265,1.0,0.0,79196,5138,0,4.248718,16.2,37.385897,46641.446879,MaxPaths=3;Alpha0=0.5;Gamma=0.9;Epsilon0=0.5;RewardW1=0.6;RewardW2=0.4;FailurePenalty=0;,53862,2619516,45.340271,5.034302,0.020669,0.160534,30476,24
QSQMAODV,29,40,39,3,50.0,0.25,0.214385,3.600554,50.361897,51.217917,30324,6501,2602582,74.13623,0.0,0.0,40,B_N40_pi025|FULL-P,5.0,0.85,300.0,16.0,0.0,0,0,0,0,0.1,0.9,15.0,0.92,1,1,1,1,1,1,1,1,1,1,0.05,32.590995,0.19435,0.438542,1.0,0.0,100132,10420,0,4.197436,17.916667,38.084615,45065.648831,MaxPaths=3;Alpha0=0.5;Gamma=0.9;Epsilon0=0.5;RewardW1=0.6;RewardW2=0.4;FailurePenalty=0;,103563,5059838,144.132755,15.930318,0.029638,0.220651,42175,17
QSQMAODV,3,40,39,3,50.0,0.25,0.327727,5.504123,53.590121,52.767494,30324,9938,3193884,59.514993,0.0,0.0,40,B_N40_pi025|FULL-P,5.0,0.85,300.0,16.0,0.0,0,0,0,0,0.1,0.9,15.0,0.92,1,1,1,1,1,1,1,1,1,1,0.05,38.27948,0.252158,0.495701,1.0,0.0,112479,15833,0,5.241026,20.371795,38.325641,47166.525338,MaxPaths=3;Alpha0=0.5;Gamma=0.9;Epsilon0=0.5;RewardW1=0.6;RewardW2=0.4;FailurePenalty=0;,119779,5837144,108.769631,12.052626,0.035789,0.245862,23521,32
QSQMAODV,30,40,39,3,50.0,0.25,0.190443,3.465,63.490299,26.296366,30324,5775,2300424,73.767003,0.0,0.0,40,B_N40_pi025|FULL-P,5.0,0.85,300.0,16.0,0.0,0,0,0,0,0.1,0.9,15.0,0.92,1,1,1,1,1,1,1,1,1,1,0.05,27.634611,0.256719,0.45632,1.0,0.0,103453,9373,0,4.579487,17.7,37.965385,47408.470661,MaxPaths=3;Alpha0=0.5;Gamma=0.9;Epsilon0=0.5;RewardW1=0.6;RewardW2=0.4;FailurePenalty=0;,102185,5021388,161.019336,17.694372,0.084218,0.302374,37110,11
QSQMAODV,4,40,39,3,50.0,0.25,0.19971,3.535395,57.335352,61.554154,30324,6056,1789584,54.723323,0.0,0.0,40,B_N40_pi025|FULL-P,5.0,0.85,300.0,16.0,0.0,0,0,0,0,0.1,0.9,15.0,0.92,1,1,1,1,1,1,1,1,1,1,0.05,23.064946,0.197578,0.383386,1.0,0.0,86671,7400,0,4.730769,17.823077,38.138462,44585.861062,MaxPaths=3;Alpha0=0.5;Gamma=0.9;Epsilon0=0.5;RewardW1=0.6;RewardW2=0.4;FailurePenalty=0;,74510,3620248,110.702823,12.303501,0.035333,0.212386,41457,9
QSQMAODV,5,40,39,3,50.0,0.25,0.267313,4.607621,137.928508,124.025763,30324,8106,1887768,43.126902,0.0,0.0,40,B_N40_pi025|FULL-P,5.0,0.85,300.0,16.0,0.0,0,0,0,0,0.1,0.9,15.0,0.92,1,1,1,1,1,1,1,1,1,1,0.05,25.770234,0.22839,0.424171,1.0,0.0,76461,8679,0,5.14359,18.726923,38.091026,40699.174161,MaxPaths=3;Alpha0=0.5;Gamma=0.9;Epsilon0=0.5;RewardW1=0.6;RewardW2=0.4;FailurePenalty=0;,81479,3996730,91.307079,10.05169,0.037044,0.236669,14223,18
QSQMAODV,6,40,39,3,50.0,0.25,0.309821,5.203385,79.71972,78.958782,30324,9395,3623734,71.427552,0.0,0.0,40,B_N40_pi025|FULL-P,5.0,0.85,300.0,16.0,0.0,0,0,0,0,0.1,0.9,15.0,0.92,1,1,1,1,1,1,1,1,1,1,0.05,58.798505,0.187815,0.459497,1.0,0.0,148033,11922,0,4.673077,17.975641,37.770513,43873.434179,MaxPaths=3;Alpha0=0.5;Gamma=0.9;Epsilon0=0.5;RewardW1=0.6;RewardW2=0.4;FailurePenalty=0;,133499,6497706,128.076518,14.20958,0.033515,0.239471,47812,31
QSQMAODV,7,40,39,3,50.0,0.25,0.243438,4.088492,56.041556,48.589616,30324,7382,3845004,96.455944,0.0,0.0,40,B_N40_pi025|FULL-P,5.0,0.85,300.0,16.0,0.0,0,0,0,0,0.1,0.9,15.0,0.92,1,1,1,1,1,1,1,1,1,1,0.05,46.753215,0.199567,0.478359,1.0,0.0,137688,14158,0,4.529487,18.334615,38.108974,51157.007543,MaxPaths=3;Alpha0=0.5;Gamma=0.9;Epsilon0=0.5;RewardW1=0.6;RewardW2=0.4;FailurePenalty=0;,140799,6835516,171.476063,19.073286,0.031654,0.230776,36870,24
QSQMAODV,8,40,39,3,50.0,0.25,0.270842,4.668442,35.718922,35.896449,30324,8213,894238,20.163111,0.0,0.0,40,B_N40_pi025|FULL-P,5.0,0.85,300.0,16.0,0.0,0,0,0,0,0.1,0.9,15.0,0.92,1,1,1,1,1,1,1,1,1,1,0.05,12.878046,0.072251,0.203971,1.0,0.0,55110,2493,0,4.987179,17.914103,37.753846,47125.491912,MaxPaths=3;Alpha0=0.5;Gamma=0.9;Epsilon0=0.5;RewardW1=0.6;RewardW2=0.4;FailurePenalty=0;,35823,1719662,38.774617,4.361744,0.008767,0.079519,20593,6
QSQMAODV,9,40,39,3,50.0,0.25,0.348767,5.857477,67.094023,68.299796,30324,10576,3287372,57.561705,0.0,0.0,40,B_N40_pi025|FULL-P,5.0,0.85,300.0,16.0,0.0,0,0,0,0,0.1,0.9,15.0,0.92,1,1,1,1,1,1,1,1,1,1,0.05,42.473641,0.229969,0.472442,1.0,0.0,128116,13690,0,4.867949,17.034615,38.008974,44543.640661,MaxPaths=3;Alpha0=0.5;Gamma=0.9;Epsilon0=0.5;RewardW1=0.6;RewardW2=0.4;FailurePenalty=0;,126144,6160324,107.866938,11.927383,0.03728,0.260522,44419,26
QSQMAODV,1,40,39,3,50.0,0.25,0.237535,3.989354,42.848415,43.581191,30324,7203,1588496,40.839362,0.0,0.0,40,B_N40_pi025|FULL-R,5.0,0.85,300.0,16.0,0.0,0,0,0,0,0.1,0.9,15.0,0.92,1,1,1,1,1,1,1,1,1,1,0.05,15.224591,0.15143,0.329295,1.0,0.0,85578,5624,0,5.021795,18.353846,37.830769,46973.135287,MaxPaths=3;Alpha0=0.5;Gamma=0.9;Epsilon0=0.5;RewardW1=0.6;RewardW2=0.4;QueueRewardWeight=0;,63502,3092040,79.494655,8.816049,0.023995,0.173584,34028,10
QSQMAODV,10,40,39,3,50.0,0.25,0.521633,8.760738,18.079168,19.819931,30324,15818,584362,6.841269,0.0,0.0,40,B_N40_pi025|FULL-R,5.0,0.85,300.0,16.0,0.0,0,0,0,0,0.1,0.9,15.0,0.92,1,1,1,1,1,1,1,1,1,1,0.05,8.900147,0.00865,0.098392,0.7,0.0,64566,453,0,4.180769,16.15,37.582051,44499.101968,MaxPaths=3;Alpha0=0.5;Gamma=0.9;Epsilon0=0.5;RewardW1=0.6;RewardW2=0.4;QueueRewardWeight=0;,23615,1124142,13.160605,1.492919,0.00342,0.044636,8870,0
QSQMAODV,11,40,39,3,50.0,0.25,0.40529,6.806769,50.874137,58.095999,30324,12290,2902524,43.735105,0.0,0.0,40,B_N40_pi025|FULL-R,5.0,0.85,300.0,16.0,0.0,0,0,0,0,0.1,0.9,15.0,0.92,1,1,1,1,1,1,1,1,1,1,0.05,36.212902,0.163109,0.40499,1.0,0.0,129510,9655,0,4.919231,17.382051,37.766667,43624.080201,MaxPaths=3;Alpha0=0.5;Gamma=0.9;Epsilon0=0.5;RewardW1=0.6;RewardW2=0.4;QueueRewardWeight=0;,110473,5381972,81.09532,8.988853,0.026067,0.202332,43143,18
QSQMAODV,12,40,39,3,50.0,0.25,0.316614,5.317477,74.189561,65.548622,30324,9601,2636440,50.851956,0.0,0.0,40,B_N40_pi025|FULL-R,5.0,0.85,300.0,16.0,0.0,0,0,0,0,0.1,0.9,15.0,0.92,1,1,1,1,1,1,1,1,1,1,0.05,37.434918,0.233916,0.470879,1.0,0.0,100723,11900,0,5.139744,19.394872,38.239744,49553.615743,MaxPaths=3;Alpha0=0.5;Gamma=0.9;Epsilon0=0.5;RewardW1=0.6;RewardW2=0.4;QueueRewardWeight=0;,101829,4957230,95.615619,10.606083,0.035061,0.237992,31091,19
QSQMAODV,13,40,39,3,50.0,0.25,0.320802,5.387815,61.729137,53.36545,30324,9728,2742258,52.202463,0.0,0.0,40,B_N40_pi025|FULL-R,5.0,0.85,300.0,16.0,0.0,0,0,0,0,0.1,0.9,15.0,0.92,1,1,1,1,1,1,1,1,1,1,0.05,47.392235,0.190697,0.430349,1.0,0.0,122194,10397,0,5.116667,19.062821,38.3,48813.335603,MaxPaths=3;Alpha0=0.5;Gamma=0.9;Epsilon0=0.5;RewardW1=0.6;RewardW2=0.4;QueueRewardWeight=0;,101179,4916232,93.586897,10.400802,0.028309,0.211541,45311,20
QSQMAODV,14,40,39,3,50.0,0.25,0.285879,4.801292,59.409674,63.430256,30324,8669,2056224,43.924584,0.0,0.0,40,B_N40_pi025|FULL-R,5.0,0.85,300.0,16.0,0.0,0,0,0,0,0.1,0.9,15.0,0.92,1,1,1,1,1,1,1,1,1,1,0.05,31.583117,0.128903,0.368134,1.0,0.0,136170,5429,0,4.50641,16.624359,37.552564,46582.542217,MaxPaths=3;Alpha0=0.5;Gamma=0.9;Epsilon0=0.5;RewardW1=0.6;RewardW2=0.4;QueueRewardWeight=0;,75909,3679836,78.607811,8.756373,0.060213,0.229942,36017,7
QSQMAODV,15,40,39,3,50.0,0.25,0.335048,5.627077,40.088687,35.816195,30324,10160,3532142,64.379958,0.0,0.0,40,B_N40_pi025|FULL-R,5.0,0.85,300.0,16.0,0.0,0,0,0,0,0.1,0.9,15.0,0.92,1,1,1,1,1,1,1,1,1,1,0.05,29.710454,0.282806,0.542845,1.0,0.0,122673,16430,0,4.205128,17.779487,37.776923,46198.242591,MaxPaths=3;Alpha0=0.5;Gamma=0.9;Epsilon0=0.5;RewardW1=0.6;RewardW2=0.4;QueueRewardWeight=0;,142162,6981538,127.251713,13.992323,0.044205,0.302589,39872,19
QSQMAODV,16,40,39,3,50.0,0.25,0.303522,5.231747,50.733123,48.082033,30324,9204,3737992,75.208685,0.0,0.0,40,B_N40_pi025|FULL-R,5.0,0.85,300.0,16.0,0.0,0,0,0,0,0.1,0.9,15.0,0.92,1,1,1,1,1,1,1,1,1,1,0.05,30.702739,0.245198,0.506466,1.0,0.0,127989,14761,0,4.392308,17.798718,37.935897,47891.422584,MaxPaths=3;Alpha0=0.5;Gamma=0.9;Epsilon0=0.5;RewardW1=0.6;RewardW2=0.4;QueueRewardWeight=0;,143932,7033684,141.518261,15.637983,0.041763,0.274111,48156,26
QSQMAODV,17,40,39,3,50.0,0.25,0.245383,4.121169,89.898,97.877674,30324,7441,2981768,74.207668,0.0,0.0,40,B_N40_pi025|FULL-R,5.0,0.85,300.0,16.0,0.0,0,0,0,0,0.1,0.9,15.0,0.92,1,1,1,1,1,1,1,1,1,1,0.05,37.572988,0.268858,0.502311,1.0,0.0,106871,14009,0,4.794872,17.575641,38.305128,42102.914699,MaxPaths=3;Alpha0=0.5;Gamma=0.9;Epsilon0=0.5;RewardW1=0.6;RewardW2=0.4;QueueRewardWeight=0;,121704,5966224,148.482233,16.355866,0.042862,0.281414,49299,22
QSQMAODV,18,40,39,3,50.0,0.25,0.178308,2.994646,69.704662,82.264369,30324,5407,3268732,111.951311,0.0,0.0,40,B_N40_pi025|FULL-R,5.0,0.85,300.0,16.0,0.0,0,0,0,0,0.1,0.9,15.0,0.92,1,1,1,1,1,1,1,1,1,1,0.05,47.885264,0.233868,0.483384,1.0,0.0,120303,12898,0,4.542308,17.075641,37.641026,45453.021689,MaxPaths=3;Alpha0=0.5;Gamma=0.9;Epsilon0=0.5;RewardW1=0.6;RewardW2=0.4;QueueRewardWeight=0;,129232,6342912,217.239381,23.900869,0.036045,0.252461,51527,31
QSQMAODV,19,40,39,3,50.0,0.25,0.382601,6.425723,49.573213,42.171535,30324,11602,3570540,56.991132,0.0,0.0,40,B_N40_pi025|FULL-R,5.0,0.85,300.0,16.0,0.0,0,0,0,0,0.1,0.9,15.0,0.92,1,1,1,1,1,1,1,1,1,1,0.05,45.89584,0.282078,0.531056,1.0,0.0,133366,17254,0,4.292308,17.108974,38.266667,42351.729677,MaxPaths=3;Alpha0=0.5;Gamma=0.9;Epsilon0=0.5;RewardW1=0.6;RewardW2=0.4;QueueRewardWeight=0;,142384,6977540,111.371922,12.272367,0.046074,0.305761,44265,33
QSQMAODV,2,40,39,3,50.0,0.25,0.288616,4.974821,52.244552,28.756192,30324,8752,3500540,74.068573,0.0,0.0,40,B_N40_pi025|FULL-R,5.0,0.85,300.0,16.0,0.0,0,0,0,0,0.1,0.9,15.0,0.92,1,1,1,1,1,1,1,1,1,1,0.05,34.733217,0.248872,0.504171,1.0,0.0,128056,15066,0,5.25641,18.221795,37.553846,46473.394556,MaxPaths=3;Alpha0=0.5;Gamma=0.9;Epsilon0=0.5;RewardW1=0.6;RewardW2=0.4;QueueRewardWeight=0;,134598,6613338,139.932841,15.379113,0.04333,0.283628,26842,26
QSQMAODV,20,40,39,3,50.0,0.25,0.295739,4.966892,45.20466,39.683129,30324,8968,3377348,69.740724,0.0,0.0,40,B_N40_pi025|FULL-R,5.0,0.85,300.0,16.0,0.0,0,0,0,0,0.1,0.9,15.0,0.92,1,1,1,1,1,1,1,1,1,1,0.05,43.634451,0.251935,0.487758,1.0,0.0,127380,16417,0,4.580769,18.165385,38.025641,47717.008467,MaxPaths=3;Alpha0=0.5;Gamma=0.9;Epsilon0=0.5;RewardW1=0.6;RewardW2=0.4;QueueRewardWeight=0;,134977,6640270,137.118603,15.050959,0.038197,0.266144,35714,22
QSQMAODV,21,40,39,3,50.0,0.25,0.328651,5.519631,84.456161,75.0512,30324,9966,3093296,57.478687,0.0,0.0,40,B_N40_pi025|FULL-R,5.0,0.85,300.0,16.0,0.0,0,0,0,0,0.1,0.9,15.0,0.92,1,1,1,1,1,1,1,1,1,1,0.05,49.846883,0.169946,0.426527,1.0,0.0,136575,10890,0,4.255128,16.539744,37.567949,47861.64777,MaxPaths=3;Alpha0=0.5;Gamma=0.9;Epsilon0=0.5;RewardW1=0.6;RewardW2=0.4;QueueRewardWeight=0;,119363,5826000,108.256963,11.977022,0.025985,0.210119,35238,19
QSQMAODV,22,40,39,3,50.0,0.25,0.228169,3.832062,92.213104,85.986514,30324,6919,4481230,119.938923,0.0,0.0,40,B_N40_pi025|FULL-R,5.0,0.85,300.0,16.0,0.0,0,0,0,0,0.1,0.9,15.0,0.92,1,1,1,1,1,1,1,1,1,1,0.05,54.862155,0.316974,0.577441,1.0,0.0,137459,22308,0,4.929487,19.537179,38.542308,42304.929858,MaxPaths=3;Alpha0=0.5;Gamma=0.9;Epsilon0=0.5;RewardW1=0.6;RewardW2=0.4;QueueRewardWeight=0;,169960,8324750,222.809708,24.564243,0.054769,0.328471,46433,30
QSQMAODV,23,40,39,3,50.0,0.25,0.344381,5.783815,53.410284,47.547625,30324,10443,3063342,54.322087,0.0,0.0,40,B_N40_pi025|FULL-R,5.0,0.85,300.0,16.0,0.0,0,0,0,0,0.1,0.9,15.0,0.92,1,1,1,1,1,1,1,1,1,1,0.05,48.646346,0.216816,0.475173,1.0,0.0,125768,12105,0,4.797436,17.689744,37.732051,44392.80629,MaxPaths=3;Alpha0=0.5;Gamma=0.9;Epsilon0=0.5;RewardW1=0.6;RewardW2=0.4;QueueRewardWeight=0;,119447,5822374,103.247861,11.437997,0.034076,0.247406,43929,21
QSQMAODV,24,40,39,3,50.0,0.25,0.263686,4.428554,61.683563,60.858533,30324,7996,3695312,85.582421,0.0,0.0,40,B_N40_pi025|FULL-R,5.0,0.85,300.0,16.0,0.0,0,0,0,0,0.1,0.9,15.0,0.92,1,1,1,1,1,1,1,1,1,1,0.05,46.054584,0.222791,0.4922,1.0,0.0,139131,14292,0,4.560256,17.720513,38.070513,49035.655511,MaxPaths=3;Alpha0=0.5;Gamma=0.9;Epsilon0=0.5;RewardW1=0.6;RewardW2=0.4;QueueRewardWeight=0;,145562,7119152,164.877624,18.204352,0.038397,0.250526,46150,27
QSQMAODV,25,40,39,3,50.0,0.25,0.452348,7.597108,34.410227,30.869247,30324,13717,2079872,28.079134,0.0,0.0,40,B_N40_pi025|FULL-R,5.0,0.85,300.0,16.0,0.0,0,0,0,0,0.1,0.9,15.0,0.92,1,1,1,1,1,1,1,1,1,1,0.05,27.640401,0.169967,0.379504,1.0,0.0,102844,8388,0,4.626923,17.707692,38.120513,47003.82278,MaxPaths=3;Alpha0=0.5;Gamma=0.9;Epsilon0=0.5;RewardW1=0.6;RewardW2=0.4;QueueRewardWeight=0;,79890,3873052,52.287807,5.82416,0.025561,0.194886,39197,18
QSQMAODV,26,40,39,3,50.0,0.25,0.380359,6.388062,36.446867,35.346435,30324,11534,1646312,26.432512,0.0,0.0,40,B_N40_pi025|FULL-R,5.0,0.85,300.0,16.0,0.0,0,0,0,0,0.1,0.9,15.0,0.92,1,1,1,1,1,1,1,1,1,1,0.05,26.468361,0.126431,0.31405,1.0,0.0,91523,5302,0,4.529487,17.871795,38.038462,44830.030423,MaxPaths=3;Alpha0=0.5;Gamma=0.9;Epsilon0=0.5;RewardW1=0.6;RewardW2=0.4;QueueRewardWeight=0;,61394,2969708,47.680417,5.322872,0.023563,0.16453,35492,10
QSQMAODV,27,40,39,3,50.0,0.25,0.343952,5.928632,37.314649,32.550531,30324,10430,563304,10.001491,0.0,0.0,40,B_N40_pi025|FULL-R,5.0,0.85,300.0,16.0,0.0,0,0,0,0,0.1,0.9,15.0,0.92,1,1,1,1,1,1,1,1,1,1,0.05,11.831517,0.008435,0.090509,0.95,0.0,62650,479,0,4.432051,16.853846,37.803846,44307.428426,MaxPaths=3;Alpha0=0.5;Gamma=0.9;Epsilon0=0.5;RewardW1=0.6;RewardW2=0.4;QueueRewardWeight=0;,22234,1055512,18.74067,2.131735,0.00258,0.036744,11459,0
QSQMAODV,28,40,39,3,50.0,0.25,0.36298,6.096185,49.093211,46.567152,30324,11007,2004626,33.72645,0.0,0.0,40,B_N40_pi025|FULL-R,5.0,0.85,300.0,16.0,0.0,0,0,0,0,0.1,0.9,15.0,0.92,1,1,1,1,1,1,1,1,1,1,0.05,32.805456,0.154645,0.360285,1.0,0.0,110064,7052,0,4.248718,16.2,37.385897,46641.446879,MaxPaths=3;Alpha0=0.5;Gamma=0.9;Epsilon0=0.5;RewardW1=0.6;RewardW2=0.4;QueueRewardWeight=0;,79195,3844778,64.685739,7.194967,0.027424,0.194213,37347,15
QSQMAODV,29,40,39,3,50.0,0.25,0.20614,3.462092,110.60919,95.102482,30324,6251,4750012,140.718581,0.0,0.0,40,B_N40_pi025|FULL-R,5.0,0.85,300.0,16.0,0.0,0,0,0,0,0.1,0.9,15.0,0.92,1,1,1,1,1,1,1,1,1,1,0.05,54.169379,0.307144,0.585653,1.0,0.0,141393,23462,0,4.197436,17.916667,38.084615,45065.648831,MaxPaths=3;Alpha0=0.5;Gamma=0.9;Epsilon0=0.5;RewardW1=0.6;RewardW2=0.4;QueueRewardWeight=0;,188923,9333134,276.493065,30.222844,0.051662,0.327083,43218,34
QSQMAODV,3,40,39,3,50.0,0.25,0.282812,4.749785,55.851601,56.142201,30324,8576,4159944,89.827425,0.0,0.0,40,B_N40_pi025|FULL-R,5.0,0.85,300.0,16.0,0.0,0,0,0,0,0.1,0.9,15.0,0.92,1,1,1,1,1,1,1,1,1,1,0.05,44.578301,0.28576,0.557845,1.0,0.0,133852,20237,0,5.241026,20.371795,38.325641,47166.525338,MaxPaths=3;Alpha0=0.5;Gamma=0.9;Epsilon0=0.5;RewardW1=0.6;RewardW2=0.4;QueueRewardWeight=0;,163526,8014588,173.062379,19.067864,0.039876,0.286706,41510,36
QSQMAODV,30,40,39,3,50.0,0.25,0.182034,3.057231,58.805119,57.713416,30324,5520,3386020,113.594337,0.0,0.0,40,B_N40_pi025|FULL-R,5.0,0.85,300.0,16.0,0.0,0,0,0,0,0.1,0.9,15.0,0.92,1,1,1,1,1,1,1,1,1,1,0.05,50.007726,0.203044,0.453042,1.0,0.0,123399,11590,0,4.579487,17.7,37.965385,47408.470661,MaxPaths=3;Alpha0=0.5;Gamma=0.9;Epsilon0=0.5;RewardW1=0.6;RewardW2=0.4;QueueRewardWeight=0;,136105,6673664,223.888352,24.656703,0.039308,0.242551,38422,18
QSQMAODV,4,40,39,3,50.0,0.25,0.232555,4.008505,72.27668,94.81943,30324,7052,2295010,60.266854,0.0,0.0,40,B_N40_pi025|FULL-R,5.0,0.85,300.0,16.0,0.0,0,0,0,0,0.1,0.9,15.0,0.92,1,1,1,1,1,1,1,1,1,1,0.05,23.499631,0.201823,0.418213,1.0,0.0,103148,8704,0,4.730769,17.823077,38.138462,44585.861062,MaxPaths=3;Alpha0=0.5;Gamma=0.9;Epsilon0=0.5;RewardW1=0.6;RewardW2=0.4;QueueRewardWeight=0;,91174,4426780,116.247033,12.928815,0.039087,0.232928,42012,9
QSQMAODV,5,40,39,3,50.0,0.25,0.265895,4.465662,91.825375,94.133832,30324,8063,4014916,92.211703,0.0,0.0,40,B_N40_pi025|FULL-R,5.0,0.85,300.0,16.0,0.0,0,0,0,0,0.1,0.9,15.0,0.92,1,1,1,1,1,1,1,1,1,1,0.05,57.405664,0.253768,0.527059,1.0,0.0,132639,16212,0,5.14359,18.726923,38.091026,40699.174161,MaxPaths=3;Alpha0=0.5;Gamma=0.9;Epsilon0=0.5;RewardW1=0.6;RewardW2=0.4;QueueRewardWeight=0;,157334,7706812,177.004515,19.513084,0.042809,0.276293,36078,16
QSQMAODV,6,40,39,3,50.0,0.25,0.234896,3.945046,68.932264,64.638903,30324,7123,3925580,102.058018,0.0,0.0,40,B_N40_pi025|FULL-R,5.0,0.85,300.0,16.0,0.0,0,0,0,0,0.1,0.9,15.0,0.92,1,1,1,1,1,1,1,1,1,1,0.05,56.822266,0.238796,0.499005,1.0,0.0,144667,16134,0,4.673077,17.975641,37.770513,43873.434179,MaxPaths=3;Alpha0=0.5;Gamma=0.9;Epsilon0=0.5;RewardW1=0.6;RewardW2=0.4;QueueRewardWeight=0;,150140,7333684,190.66259,21.078197,0.03981,0.264832,44599,28
QSQMAODV,7,40,39,3,50.0,0.25,0.344612,5.787692,42.764705,32.893574,30324,10450,1767718,31.325855,0.0,0.0,40,B_N40_pi025|FULL-R,5.0,0.85,300.0,16.0,0.0,0,0,0,0,0.1,0.9,15.0,0.92,1,1,1,1,1,1,1,1,1,1,0.05,17.63904,0.107735,0.310762,1.0,0.0,93681,4761,0,4.529487,18.334615,38.108974,51157.007543,MaxPaths=3;Alpha0=0.5;Gamma=0.9;Epsilon0=0.5;RewardW1=0.6;RewardW2=0.4;QueueRewardWeight=0;,67588,3265210,57.863016,6.467751,0.019153,0.143519,20992,7
QSQMAODV,8,40,39,3,50.0,0.25,0.316614,5.317477,61.191107,61.08255,30324,9601,2572380,49.616359,0.0,0.0,40,B_N40_pi025|FULL-R,5.0,0.85,300.0,16.0,0.0,0,0,0,0,0.1,0.9,15.0,0.92,1,1,1,1,1,1,1,1,1,1,0.05,27.137907,0.229173,0.466902,1.0,0.0,97809,12031,0,4.987179,17.914103,37.753846,47125.491912,MaxPaths=3;Alpha0=0.5;Gamma=0.9;Epsilon0=0.5;RewardW1=0.6;RewardW2=0.4;QueueRewardWeight=0;,99556,4861960,93.77804,10.369337,0.03324,0.239017,37853,31
QSQMAODV,9,40,39,3,50.0,0.25,0.388075,6.517662,77.22212,78.112882,30324,11768,1911300,30.076856,0.0,0.0,40,B_N40_pi025|FULL-R,5.0,0.85,300.0,16.0,0.0,0,0,0,0,0.1,0.9,15.0,0.92,1,1,1,1,1,1,1,1,1,1,0.05,30.140889,0.172632,0.371277,1.0,0.0,94964,8218,0,4.867949,17.034615,38.008974,44543.640661,MaxPaths=3;Alpha0=0.5;Gamma=0.9;Epsilon0=0.5;RewardW1=0.6;RewardW2=0.4;QueueRewardWeight=0;,74687,3632456,57.161543,6.346618,0.027115,0.202337,36766,10
QSQMAODV,1,40,39,3,50.0,0.25,0.290859,4.884923,52.92118,53.649051,30324,8820,3229380,67.804233,0.0,0.0,40,B_N40_pi025|FULL-S,5.0,0.85,300.0,16.0,0.0,0,0,0,0,0.1,0.9,15.0,0.92,1,1,1,1,1,1,1,1,1,1,0.05,42.803505,0.200498,0.461059,1.0,0.0,136999,12278,0,5.021795,18.353846,37.830769,46973.135287,MaxPaths=3;Alpha0=0.5;Gamma=0.9;Epsilon0=0.5;RewardW1=0.6;RewardW2=0.4;QueueAwareSelect=false;,117875,5754096,120.813303,13.364512,0.041477,0.252792,44123,34
QSQMAODV,10,40,39,3,50.0,0.25,0.353285,5.933354,76.34076,73.96124,30324,10713,2224664,38.455597,0.0,0.0,40,B_N40_pi025|FULL-S,5.0,0.85,300.0,16.0,0.0,0,0,0,0,0.1,0.9,15.0,0.92,1,1,1,1,1,1,1,1,1,1,0.05,26.799,0.179969,0.400955,1.0,0.0,105995,7982,0,4.180769,16.15,37.582051,44499.101968,MaxPaths=3;Alpha0=0.5;Gamma=0.9;Epsilon0=0.5;RewardW1=0.6;RewardW2=0.4;QueueAwareSelect=false;,94864,4650008,80.380154,8.855036,0.035513,0.227599,39162,15
QSQMAODV,11,40,39,3,50.0,0.25,0.338313,5.681908,64.550783,69.035648,30324,10259,1799076,32.475117,0.0,0.0,40,B_N40_pi025|FULL-S,5.0,0.85,300.0,16.0,0.0,0,0,0,0,0.1,0.9,15.0,0.92,1,1,1,1,1,1,1,1,1,1,0.05,30.071456,0.123069,0.337023,1.0,0.0,104052,5134,0,4.919231,17.382051,37.766667,43624.080201,MaxPaths=3;Alpha0=0.5;Gamma=0.9;Epsilon0=0.5;RewardW1=0.6;RewardW2=0.4;QueueAwareSelect=false;,70794,3436996,62.041207,6.900673,0.028833,0.197385,34722,11
QSQMAODV,12,40,39,3,50.0,0.25,0.317966,5.340185,51.007726,52.974585,30324,9642,3047078,58.522475,0.0,0.0,40,B_N40_pi025|FULL-S,5.0,0.85,300.0,16.0,0.0,0,0,0,0,0.1,0.9,15.0,0.92,1,1,1,1,1,1,1,1,1,1,0.05,41.704531,0.19182,0.446493,1.0,0.0,122724,11443,0,5.139744,19.394872,38.239744,49553.615743,MaxPaths=3;Alpha0=0.5;Gamma=0.9;Epsilon0=0.5;RewardW1=0.6;RewardW2=0.4;QueueAwareSelect=false;,110782,5366390,103.067406,11.489525,0.040521,0.239327,33154,20
QSQMAODV,13,40,39,3,50.0,0.25,0.325452,5.465908,92.985713,114.377172,30324,9869,3073404,57.670371,0.0,0.0,40,B_N40_pi025|FULL-S,5.0,0.85,300.0,16.0,0.0,0,0,0,0,0.1,0.9,15.0,0.92,1,1,1,1,1,1,1,1,1,1,0.05,40.043124,0.19613,0.467716,1.0,0.0,126991,11306,0,5.116667,19.062821,38.3,48813.335603,MaxPaths=3;Alpha0=0.5;Gamma=0.9;Epsilon0=0.5;RewardW1=0.6;RewardW2=0.4;QueueAwareSelect=false;,111563,5400576,101.338197,11.304387,0.031996,0.233593,53661,27
QSQMAODV,14,40,39,3,50.0,0.25,0.305929,5.138031,67.370125,55.569787,30324,9277,3013226,60.149274,0.0,0.0,40,B_N40_pi025|FULL-S,5.0,0.85,300.0,16.0,0.0,0,0,0,0,0.1,0.9,15.0,0.92,1,1,1,1,1,1,1,1,1,1,0.05,60.204897,0.181488,0.424915,1.0,0.0,149625,9104,0,4.50641,16.624359,37.552564,46582.542217,MaxPaths=3;Alpha0=0.5;Gamma=0.9;Epsilon0=0.5;RewardW1=0.6;RewardW2=0.4;QueueAwareSelect=false;,112308,5460494,109.001034,12.106069,0.059824,0.258827,45393,21
QSQMAODV,15,40,39,3,50.0,0.25,0.328387,5.5152,44.545688,50.223968,30324,9958,3313686,61.623374,0.0,0.0,40,B_N40_pi025|FULL-S,5.0,0.85,300.0,16.0,0.0,0,0,0,0,0.1,0.9,15.0,0.92,1,1,1,1,1,1,1,1,1,1,0.05,25.135613,0.291616,0.53548,1.0,0.0,117493,16951,0,4.205128,17.779487,37.776923,46198.242591,MaxPaths=3;Alpha0=0.5;Gamma=0.9;Epsilon0=0.5;RewardW1=0.6;RewardW2=0.4;QueueAwareSelect=false;,133726,6543254,121.682437,13.429002,0.058934,0.333999,31915,27
QSQMAODV,16,40,39,3,50.0,0.25,0.275392,4.625169,49.359157,47.742146,30324,8351,3104944,68.852788,0.0,0.0,40,B_N40_pi025|FULL-S,5.0,0.85,300.0,16.0,0.0,0,0,0,0,0.1,0.9,15.0,0.92,1,1,1,1,1,1,1,1,1,1,0.05,38.551666,0.205556,0.455282,1.0,0.0,115007,11375,0,4.392308,17.798718,37.935897,47891.422584,MaxPaths=3;Alpha0=0.5;Gamma=0.9;Epsilon0=0.5;RewardW1=0.6;RewardW2=0.4;QueueAwareSelect=false;,118112,5766932,127.882933,14.143456,0.040899,0.247736,44291,17
QSQMAODV,17,40,39,3,50.0,0.25,0.269292,4.522708,101.494276,100.116566,30324,8166,4353082,98.717401,0.0,0.0,40,B_N40_pi025|FULL-S,5.0,0.85,300.0,16.0,0.0,0,0,0,0,0.1,0.9,15.0,0.92,1,1,1,1,1,1,1,1,1,1,0.05,55.989551,0.225591,0.509335,1.0,0.0,163414,15021,0,4.794872,17.575641,38.305128,42102.914699,MaxPaths=3;Alpha0=0.5;Gamma=0.9;Epsilon0=0.5;RewardW1=0.6;RewardW2=0.4;QueueAwareSelect=false;,162566,7908926,179.355367,19.907666,0.04935,0.293073,40884,36
QSQMAODV,18,40,39,3,50.0,0.25,0.263356,4.423015,81.930321,48.28295,30324,7986,2363856,54.814815,0.0,0.0,40,B_N40_pi025|FULL-S,5.0,0.85,300.0,16.0,0.0,0,0,0,0,0.1,0.9,15.0,0.92,1,1,1,1,1,1,1,1,1,1,0.05,28.611759,0.164935,0.403387,1.0,0.0,105329,7531,0,4.542308,17.075641,37.641026,45453.021689,MaxPaths=3;Alpha0=0.5;Gamma=0.9;Epsilon0=0.5;RewardW1=0.6;RewardW2=0.4;QueueAwareSelect=false;,91729,4462594,103.48188,11.486226,0.030236,0.210878,41882,16
QSQMAODV,19,40,39,3,50.0,0.25,0.370993,6.230769,51.195341,49.899808,30324,11250,3075114,50.61916,0.0,0.0,40,B_N40_pi025|FULL-S,5.0,0.85,300.0,16.0,0.0,0,0,0,0,0.1,0.9,15.0,0.92,1,1,1,1,1,1,1,1,1,1,0.05,30.892223,0.197192,0.45577,1.0,0.0,137113,11708,0,4.292308,17.108974,38.266667,42351.729677,MaxPaths=3;Alpha0=0.5;Gamma=0.9;Epsilon0=0.5;RewardW1=0.6;RewardW2=0.4;QueueAwareSelect=false;,116915,5689514,93.654551,10.392444,0.042397,0.262896,41869,25
QSQMAODV,2,40,39,3,50.0,0.25,0.159412,2.677292,136.52505,128.495842,30324,4834,5648492,216.387471,0.0,0.0,40,B_N40_pi025|FULL-S,5.0,0.85,300.0,16.0,0.0,0,0,0,0,0.1,0.9,15.0,0.92,1,1,1,1,1,1,1,1,1,1,0.05,76.008161,0.30645,0.588569,1.0,0.0,176196,25032,0,5.25641,18.221795,37.553846,46473.394556,MaxPaths=3;Alpha0=0.5;Gamma=0.9;Epsilon0=0.5;RewardW1=0.6;RewardW2=0.4;QueueAwareSelect=false;,215152,10552164,404.241714,44.508068,0.063584,0.35306,52029,27
QSQMAODV,20,40,39,3,50.0,0.25,0.415644,6.980677,36.31285,32.787078,30324,12604,2414868,35.480623,0.0,0.0,40,B_N40_pi025|FULL-S,5.0,0.85,300.0,16.0,0.0,0,0,0,0,0.1,0.9,15.0,0.92,1,1,1,1,1,1,1,1,1,1,0.05,30.771243,0.183661,0.409705,1.0,0.0,110309,9574,0,4.580769,18.165385,38.025641,47717.008467,MaxPaths=3;Alpha0=0.5;Gamma=0.9;Epsilon0=0.5;RewardW1=0.6;RewardW2=0.4;QueueAwareSelect=false;,93171,4534112,66.61777,7.392177,0.035442,0.229552,30926,21
QSQMAODV,21,40,39,3,50.0,0.25,0.28888,4.851692,84.194026,90.557537,30324,8760,2582948,54.603163,0.0,0.0,40,B_N40_pi025|FULL-S,5.0,0.85,300.0,16.0,0.0,0,0,0,0,0.1,0.9,15.0,0.92,1,1,1,1,1,1,1,1,1,1,0.05,40.050703,0.241189,0.454152,1.0,0.0,110758,12359,0,4.255128,16.539744,37.567949,47861.64777,MaxPaths=3;Alpha0=0.5;Gamma=0.9;Epsilon0=0.5;RewardW1=0.6;RewardW2=0.4;QueueAwareSelect=false;,105565,5152996,108.933621,12.050799,0.0451,0.27313,36704,21
QSQMAODV,22,40,39,3,50.0,0.25,0.260981,4.383138,62.053731,65.660435,30324,7914,2631466,61.575501,0.0,0.0,40,B_N40_pi025|FULL-S,5.0,0.85,300.0,16.0,0.0,0,0,0,0,0.1,0.9,15.0,0.92,1,1,1,1,1,1,1,1,1,1,0.05,38.137433,0.150219,0.390553,1.0,0.0,106597,8150,0,4.929487,19.537179,38.542308,42304.929858,MaxPaths=3;Alpha0=0.5;Gamma=0.9;Epsilon0=0.5;RewardW1=0.6;RewardW2=0.4;QueueAwareSelect=false;,96838,4688874,109.718221,12.23629,0.027652,0.195751,38348,14
QSQMAODV,23,40,39,3,50.0,0.25,0.390087,6.551446,39.917921,40.482724,30324,11829,1748044,27.365952,0.0,0.0,40,B_N40_pi025|FULL-S,5.0,0.85,300.0,16.0,0.0,0,0,0,0,0.1,0.9,15.0,0.92,1,1,1,1,1,1,1,1,1,1,0.05,29.049459,0.135148,0.32938,1.0,0.0,94960,6308,0,4.797436,17.689744,37.732051,44392.80629,MaxPaths=3;Alpha0=0.5;Gamma=0.9;Epsilon0=0.5;RewardW1=0.6;RewardW2=0.4;QueueAwareSelect=false;,65804,3196452,50.041048,5.562939,0.025976,0.172814,37548,6
QSQMAODV,24,40,39,3,50.0,0.25,0.278558,4.678338,94.78746,76.548694,30324,8447,3197374,70.096637,0.0,0.0,40,B_N40_pi025|FULL-S,5.0,0.85,300.0,16.0,0.0,0,0,0,0,0.1,0.9,15.0,0.92,1,1,1,1,1,1,1,1,1,1,0.05,31.380724,0.211765,0.472455,1.0,0.0,119936,12575,0,4.560256,17.720513,38.070513,49035.655511,MaxPaths=3;Alpha0=0.5;Gamma=0.9;Epsilon0=0.5;RewardW1=0.6;RewardW2=0.4;QueueAwareSelect=false;,123933,6043934,132.502313,14.671836,0.037356,0.251955,38788,29
QSQMAODV,25,40,39,3,50.0,0.25,0.427516,7.180062,60.498018,57.147796,30324,12964,2855016,40.78268,0.0,0.0,40,B_N40_pi025|FULL-S,5.0,0.85,300.0,16.0,0.0,0,0,0,0,0.1,0.9,15.0,0.92,1,1,1,1,1,1,1,1,1,1,0.05,48.886565,0.165039,0.409847,1.0,0.0,167692,12496,0,4.626923,17.707692,38.120513,47003.82278,MaxPaths=3;Alpha0=0.5;Gamma=0.9;Epsilon0=0.5;RewardW1=0.6;RewardW2=0.4;QueueAwareSelect=false;,105425,5118832,73.120322,8.132135,0.037553,0.250198,42542,24
QSQMAODV,26,40,39,3,50.0,0.25,0.322253,5.554611,59.610648,51.957931,30324,9772,1945472,36.867846,0.0,0.0,40,B_N40_pi025|FULL-S,5.0,0.85,300.0,16.0,0.0,0,0,0,0,0.1,0.9,15.0,0.92,1,1,1,1,1,1,1,1,1,1,0.05,29.183907,0.159919,0.362845,1.0,0.0,97282,7150,0,4.529487,17.871795,38.038462,44830.030423,MaxPaths=3;Alpha0=0.5;Gamma=0.9;Epsilon0=0.5;RewardW1=0.6;RewardW2=0.4;QueueAwareSelect=false;,75104,3646332,69.10015,7.685632,0.030618,0.200699,38974,15
QSQMAODV,27,40,39,3,50.0,0.25,0.373763,6.277292,42.141555,39.614168,30324,11334,1342600,21.936618,0.0,0.0,40,B_N40_pi025|FULL-S,5.0,0.85,300.0,16.0,0.0,0,0,0,0,0.1,0.9,15.0,0.92,1,1,1,1,1,1,1,1,1,1,0.05,22.368953,0.093702,0.264893,1.0,0.0,81413,3501,0,4.432051,16.853846,37.803846,44307.428426,MaxPaths=3;Alpha0=0.5;Gamma=0.9;Epsilon0=0.5;RewardW1=0.6;RewardW2=0.4;QueueAwareSelect=false;,52823,2557112,41.780418,4.660579,0.016903,0.131238,28123,3
QSQMAODV,28,40,39,3,50.0,0.25,0.358858,6.026954,47.07057,47.31665,30324,10882,3041114,51.752367,0.0,0.0,40,B_N40_pi025|FULL-S,5.0,0.85,300.0,16.0,0.0,0,0,0,0,0.1,0.9,15.0,0.92,1,1,1,1,1,1,1,1,1,1,0.05,37.478416,0.181591,0.421597,1.0,0.0,142081,10185,0,4.248718,16.2,37.385897,46641.446879,MaxPaths=3;Alpha0=0.5;Gamma=0.9;Epsilon0=0.5;RewardW1=0.6;RewardW2=0.4;QueueAwareSelect=false;,115240,5600482,95.306589,10.589965,0.040896,0.247059,39659,22
QSQMAODV,29,40,39,3,50.0,0.25,0.264345,4.439631,61.814779,57.622353,30324,8016,4179476,96.554022,0.0,0.0,40,B_N40_pi025|FULL-S,5.0,0.85,300.0,16.0,0.0,0,0,0,0,0.1,0.9,15.0,0.92,1,1,1,1,1,1,1,1,1,1,0.05,50.434533,0.274569,0.555571,1.0,0.0,143351,19952,0,4.197436,17.916667,38.084615,45065.648831,MaxPaths=3;Alpha0=0.5;Gamma=0.9;Epsilon0=0.5;RewardW1=0.6;RewardW2=0.4;QueueAwareSelect=false;,164391,8066384,186.349154,20.507859,0.049052,0.3082,44520,53
QSQMAODV,3,40,39,3,50.0,0.25,0.380952,6.398031,30.300547,31.556191,30324,11552,2048494,32.838534,0.0,0.0,40,B_N40_pi025|FULL-S,5.0,0.85,300.0,16.0,0.0,0,0,0,0,0.1,0.9,15.0,0.92,1,1,1,1,1,1,1,1,1,1,0.05,24.540768,0.12149,0.345476,1.0,0.0,95754,6225,0,5.241026,20.371795,38.325641,47166.525338,MaxPaths=3;Alpha0=0.5;Gamma=0.9;Epsilon0=0.5;RewardW1=0.6;RewardW2=0.4;QueueAwareSelect=false;,72933,3504634,56.181293,6.313452,0.022542,0.165534,15252,11
QSQMAODV,30,40,39,3,50.0,0.25,0.221112,3.91427,34.250569,24.254899,30324,6705,2064702,57.02494,0.0,0.0,40,B_N40_pi025|FULL-S,5.0,0.85,300.0,16.0,0.0,0,0,0,0,0.1,0.9,15.0,0.92,1,1,1,1,1,1,1,1,1,1,0.05,36.067306,0.150761,0.369922,1.0,0.0,89855,5742,0,4.579487,17.7,37.965385,47408.470661,MaxPaths=3;Alpha0=0.5;Gamma=0.9;Epsilon0=0.5;RewardW1=0.6;RewardW2=0.4;QueueAwareSelect=false;,88404,4332826,119.668186,13.184787,0.035652,0.203771,33658,6
QSQMAODV,4,40,39,3,50.0,0.25,0.224278,3.766708,80.18296,84.755056,30324,6801,2187090,59.552517,0.0,0.0,40,B_N40_pi025|FULL-S,5.0,0.85,300.0,16.0,0.0,0,0,0,0,0.1,0.9,15.0,0.92,1,1,1,1,1,1,1,1,1,1,0.05,25.607705,0.190682,0.399723,1.0,0.0,98570,8393,0,4.730769,17.823077,38.138462,44585.861062,MaxPaths=3;Alpha0=0.5;Gamma=0.9;Epsilon0=0.5;RewardW1=0.6;RewardW2=0.4;QueueAwareSelect=false;,85639,4162476,113.340522,12.592119,0.034953,0.222682,43694,14
QSQMAODV,5,40,39,3,50.0,0.25,0.291683,4.898769,111.537541,111.871148,30324,8845,2631730,55.099763,0.0,0.0,40,B_N40_pi025|FULL-S,5.0,0.85,300.0,16.0,0.0,0,0,0,0,0.1,0.9,15.0,0.92,1,1,1,1,1,1,1,1,1,1,0.05,52.266486,0.222945,0.458856,1.0,0.0,106254,10737,0,5.14359,18.726923,38.091026,40699.174161,MaxPaths=3;Alpha0=0.5;Gamma=0.9;Epsilon0=0.5;RewardW1=0.6;RewardW2=0.4;QueueAwareSelect=false;,107745,5274434,110.429286,12.181458,0.044211,0.261492,36530,17
QSQMAODV,6,40,39,3,50.0,0.25,0.2593,4.354892,117.478885,118.579321,30324,7863,3820676,89.982525,0.0,0.0,40,B_N40_pi025|FULL-S,5.0,0.85,300.0,16.0,0.0,0,0,0,0,0.1,0.9,15.0,0.92,1,1,1,1,1,1,1,1,1,1,0.05,67.109573,0.256386,0.521714,1.0,0.0,157050,16997,0,4.673077,17.975641,37.770513,43873.434179,MaxPaths=3;Alpha0=0.5;Gamma=0.9;Epsilon0=0.5;RewardW1=0.6;RewardW2=0.4;QueueAwareSelect=false;,145368,7112242,167.503733,18.4876,0.086653,0.326974,40207,35
QSQMAODV,7,40,39,3,50.0,0.25,0.290133,4.872738,70.359512,62.469387,30324,8798,4212034,88.657228,0.0,0.0,40,B_N40_pi025|FULL-S,5.0,0.85,300.0,16.0,0.0,0,0,0,0,0.1,0.9,15.0,0.92,1,1,1,1,1,1,1,1,1,1,0.05,64.850873,0.276547,0.545711,1.0,0.0,145862,19162,0,4.529487,18.334615,38.108974,51157.007543,MaxPaths=3;Alpha0=0.5;Gamma=0.9;Epsilon0=0.5;RewardW1=0.6;RewardW2=0.4;QueueAwareSelect=false;,164282,8033278,169.088892,18.672653,0.054654,0.317217,47420,34
QSQMAODV,8,40,39,3,50.0,0.25,0.299993,5.038338,85.596049,61.812191,30324,9097,2803414,57.068346,0.0,0.0,40,B_N40_pi025|FULL-S,5.0,0.85,300.0,16.0,0.0,0,0,0,0,0.1,0.9,15.0,0.92,1,1,1,1,1,1,1,1,1,1,0.05,48.437929,0.206604,0.451485,1.0,0.0,110707,11305,0,4.987179,17.914103,37.753846,47125.491912,MaxPaths=3;Alpha0=0.5;Gamma=0.9;Epsilon0=0.5;RewardW1=0.6;RewardW2=0.4;QueueAwareSelect=false;,105620,5142564,104.685794,11.610421,0.038232,0.242708,38621,21
QSQMAODV,9,40,39,3,50.0,0.25,0.286077,4.804615,105.516771,96.147586,30324,8675,2079842,44.398378,0.0,0.0,40,B_N40_pi025|FULL-S,5.0,0.85,300.0,16.0,0.0,0,0,0,0,0.1,0.9,15.0,0.92,1,1,1,1,1,1,1,1,1,1,0.05,40.525239,0.230304,0.427881,1.0,0.0,83226,10699,0,4.867949,17.034615,38.008974,44543.640661,MaxPaths=3;Alpha0=0.5;Gamma=0.9;Epsilon0=0.5;RewardW1=0.6;RewardW2=0.4;QueueAwareSelect=false;,84849,4148958,88.567787,9.780865,0.044213,0.252209,31329,28
QSQMAODV,1,40,39,3,50.0,0.25,0.263224,4.4208,53.312681,67.482202,30324,7982,2655712,61.613445,0.0,0.0,40,B_N40_pi025|FULL-T,5.0,0.85,300.0,16.0,0.0,0,0,0,0,0.1,0.9,15.0,0.92,1,1,1,1,1,1,1,1,1,1,0.05,19.201288,0.215046,0.449103,1.0,0.0,111161,10706,0,5.021795,18.353846,37.830769,46973.135287,MaxPaths=3;Alpha0=0.5;Gamma=0.9;Epsilon0=0.5;RewardW1=0.6;RewardW2=0.4;TrendEpsilon=false;,104435,5115916,118.691036,13.083814,0.033542,0.239471,44876,0
QSQMAODV,10,40,39,3,50.0,0.25,0.473948,7.959877,16.15741,16.123531,30324,14372,871334,11.227258,0.0,0.0,40,B_N40_pi025|FULL-T,5.0,0.85,300.0,16.0,0.0,0,0,0,0,0.1,0.9,15.0,0.92,1,1,1,1,1,1,1,1,1,1,0.05,10.036438,0.017251,0.143291,1.0,0.0,73087,894,0,4.180769,16.15,37.582051,44499.101968,MaxPaths=3;Alpha0=0.5;Gamma=0.9;Epsilon0=0.5;RewardW1=0.6;RewardW2=0.4;TrendEpsilon=false;,32553,1554170,20.025693,2.265029,0.004334,0.054313,13174,0
QSQMAODV,11,40,39,3,50.0,0.25,0.388141,6.518769,92.716056,90.790734,30324,11770,1528078,24.042261,0.0,0.0,40,B_N40_pi025|FULL-T,5.0,0.85,300.0,16.0,0.0,0,0,0,0,0.1,0.9,15.0,0.92,1,1,1,1,1,1,1,1,1,1,0.05,23.666588,0.105463,0.290946,1.0,0.0,84595,3878,0,4.919231,17.382051,37.766667,43624.080201,MaxPaths=3;Alpha0=0.5;Gamma=0.9;Epsilon0=0.5;RewardW1=0.6;RewardW2=0.4;TrendEpsilon=false;,61292,2977038,46.839705,5.207477,0.019266,0.142201,33836,0
QSQMAODV,12,40,39,3,50.0,0.25,0.294651,5.078842,69.162936,68.470865,30324,8935,1860114,38.552385,0.0,0.0,40,B_N40_pi025|FULL-T,5.0,0.85,300.0,16.0,0.0,0,0,0,0,0.1,0.9,15.0,0.92,1,1,1,1,1,1,1,1,1,1,0.05,44.450985,0.107697,0.332693,1.0,0.0,91139,5047,0,5.139744,19.394872,38.239744,49553.615743,MaxPaths=3;Alpha0=0.5;Gamma=0.9;Epsilon0=0.5;RewardW1=0.6;RewardW2=0.4;TrendEpsilon=false;,68748,3313782,68.680843,7.694236,0.014449,0.134297,32836,0
QSQMAODV,13,40,39,3,50.0,0.25,0.287759,4.832862,65.428499,62.619329,30324,8726,4383992,93.03809,0.0,0.0,40,B_N40_pi025|FULL-T,5.0,0.85,300.0,16.0,0.0,0,0,0,0,0.1,0.9,15.0,0.92,1,1,1,1,1,1,1,1,1,1,0.05,50.134364,0.263099,0.542151,1.0,0.0,163754,17428,0,5.116667,19.062821,38.3,48813.335603,MaxPaths=3;Alpha0=0.5;Gamma=0.9;Epsilon0=0.5;RewardW1=0.6;RewardW2=0.4;TrendEpsilon=false;,159666,7760870,164.702974,18.297731,0.050975,0.294466,51845,0
QSQMAODV,14,40,39,3,50.0,0.25,0.316185,5.310277,60.312615,64.801102,30324,9588,1896612,36.631669,0.0,0.0,40,B_N40_pi025|FULL-T,5.0,0.85,300.0,16.0,0.0,0,0,0,0,0.1,0.9,15.0,0.92,1,1,1,1,1,1,1,1,1,1,0.05,28.758823,0.113658,0.317747,1.0,0.0,104508,5047,0,4.50641,16.624359,37.552564,46582.542217,MaxPaths=3;Alpha0=0.5;Gamma=0.9;Epsilon0=0.5;RewardW1=0.6;RewardW2=0.4;TrendEpsilon=false;,71963,3484990,67.310025,7.505528,0.021304,0.157788,34396,0
QSQMAODV,15,40,39,3,50.0,0.25,0.314833,5.287569,58.3156,43.906513,30324,9547,2840102,55.090061,0.0,0.0,40,B_N40_pi025|FULL-T,5.0,0.85,300.0,16.0,0.0,0,0,0,0,0.1,0.9,15.0,0.92,1,1,1,1,1,1,1,1,1,1,0.05,22.733353,0.23431,0.469645,1.0,0.0,112217,12419,0,4.205128,17.779487,37.776923,46198.242591,MaxPaths=3;Alpha0=0.5;Gamma=0.9;Epsilon0=0.5;RewardW1=0.6;RewardW2=0.4;TrendEpsilon=false;,113109,5538656,107.434486,11.847596,0.036558,0.257941,28587,0
QSQMAODV,16,40,39,3,50.0,0.25,0.292475,4.912062,43.725557,39.284826,30324,8869,3913536,81.714837,0.0,0.0,40,B_N40_pi025|FULL-T,5.0,0.85,300.0,16.0,0.0,0,0,0,0,0.1,0.9,15.0,0.92,1,1,1,1,1,1,1,1,1,1,0.05,27.986107,0.264514,0.515889,1.0,0.0,132894,16007,0,4.392308,17.798718,37.935897,47891.422584,MaxPaths=3;Alpha0=0.5;Gamma=0.9;Epsilon0=0.5;RewardW1=0.6;RewardW2=0.4;TrendEpsilon=false;,153317,7490396,156.399861,17.286842,0.046401,0.289948,30068,0
QSQMAODV,17,40,39,3,50.0,0.25,0.198457,3.333046,108.088809,92.059909,30324,6018,2970486,91.407444,0.0,0.0,40,B_N40_pi025|FULL-T,5.0,0.85,300.0,16.0,0.0,0,0,0,0,0.1,0.9,15.0,0.92,1,1,1,1,1,1,1,1,1,1,0.05,41.184435,0.254451,0.488465,1.0,0.0,110593,13069,0,4.794872,17.575641,38.305128,42102.914699,MaxPaths=3;Alpha0=0.5;Gamma=0.9;Epsilon0=0.5;RewardW1=0.6;RewardW2=0.4;TrendEpsilon=false;,120162,5879382,180.919648,19.967099,0.038467,0.270508,47486,0
QSQMAODV,18,40,39,3,50.0,0.25,0.321297,5.396123,36.946642,37.571608,30324,9743,2481590,47.167577,0.0,0.0,40,B_N40_pi025|FULL-T,5.0,0.85,300.0,16.0,0.0,0,0,0,0,0.1,0.9,15.0,0.92,1,1,1,1,1,1,1,1,1,1,0.05,32.00735,0.130837,0.369577,1.0,0.0,116131,6911,0,4.542308,17.075641,37.641026,45453.021689,MaxPaths=3;Alpha0=0.5;Gamma=0.9;Epsilon0=0.5;RewardW1=0.6;RewardW2=0.4;TrendEpsilon=false;,92400,4488022,85.303827,9.483732,0.019979,0.170231,43530,0
QSQMAODV,19,40,39,3,50.0,0.25,0.333399,5.599385,62.368378,63.311794,30324,10110,3466064,63.488002,0.0,0.0,40,B_N40_pi025|FULL-T,5.0,0.85,300.0,16.0,0.0,0,0,0,0,0.1,0.9,15.0,0.92,1,1,1,1,1,1,1,1,1,1,0.05,42.724936,0.224632,0.485493,1.0,0.0,134713,13895,0,4.292308,17.108974,38.266667,42351.729677,MaxPaths=3;Alpha0=0.5;Gamma=0.9;Epsilon0=0.5;RewardW1=0.6;RewardW2=0.4;TrendEpsilon=false;,133163,6486996,118.822508,13.171414,0.038489,0.26572,43614,0
QSQMAODV,2,40,39,3,50.0,0.25,0.198786,3.338585,92.455116,97.4563,30324,6028,4515250,138.712244,0.0,0.0,40,B_N40_pi025|FULL-T,5.0,0.85,300.0,16.0,0.0,0,0,0,0,0.1,0.9,15.0,0.92,1,1,1,1,1,1,1,1,1,1,0.05,59.271612,0.321201,0.578918,1.0,0.0,148793,22025,0,5.25641,18.221795,37.553846,46473.394556,MaxPaths=3;Alpha0=0.5;Gamma=0.9;Epsilon0=0.5;RewardW1=0.6;RewardW2=0.4;TrendEpsilon=false;,173720,8535574,262.219949,28.818845,0.059746,0.345096,42156,0
QSQMAODV,20,40,39,3,50.0,0.25,0.423955,7.120246,28.599996,25.962736,30324,12856,1275478,18.372715,0.0,0.0,40,B_N40_pi025|FULL-T,5.0,0.85,300.0,16.0,0.0,0,0,0,0,0.1,0.9,15.0,0.92,1,1,1,1,1,1,1,1,1,1,0.05,19.950041,0.115432,0.272981,1.0,0.0,81617,4741,0,4.580769,18.165385,38.025641,47717.008467,MaxPaths=3;Alpha0=0.5;Gamma=0.9;Epsilon0=0.5;RewardW1=0.6;RewardW2=0.4;TrendEpsilon=false;,51998,2526754,36.396811,4.044648,0.01991,0.145014,21887,0
QSQMAODV,21,40,39,3,50.0,0.25,0.320571,5.383938,55.09539,66.865084,30324,9721,1991406,37.936312,0.0,0.0,40,B_N40_pi025|FULL-T,5.0,0.85,300.0,16.0,0.0,0,0,0,0,0.1,0.9,15.0,0.92,1,1,1,1,1,1,1,1,1,1,0.05,22.160506,0.247579,0.431178,1.0,0.0,87106,10220,0,4.255128,16.539744,37.567949,47861.64777,MaxPaths=3;Alpha0=0.5;Gamma=0.9;Epsilon0=0.5;RewardW1=0.6;RewardW2=0.4;TrendEpsilon=false;,84495,4123886,78.560086,8.692007,0.039716,0.253695,40457,0
QSQMAODV,22,40,39,3,50.0,0.25,0.200633,3.3696,94.241699,85.323003,30324,6084,4759218,144.861385,0.0,0.0,40,B_N40_pi025|FULL-T,5.0,0.85,300.0,16.0,0.0,0,0,0,0,0.1,0.9,15.0,0.92,1,1,1,1,1,1,1,1,1,1,0.05,67.665803,0.311108,0.57319,1.0,0.0,148951,22813,0,4.929487,19.537179,38.542308,42304.929858,MaxPaths=3;Alpha0=0.5;Gamma=0.9;Epsilon0=0.5;RewardW1=0.6;RewardW2=0.4;TrendEpsilon=false;,178276,8715750,265.290562,29.302433,0.052907,0.320312,53255,0
QSQMAODV,23,40,39,3,50.0,0.25,0.446973,7.506831,47.023352,36.488773,30324,13554,1515682,20.708415,0.0,0.0,40,B_N40_pi025|FULL-T,5.0,0.85,300.0,16.0,0.0,0,0,0,0,0.1,0.9,15.0,0.92,1,1,1,1,1,1,1,1,1,1,0.05,25.396727,0.152936,0.335224,1.0,0.0,79314,5733,0,4.797436,17.689744,37.732051,44392.80629,MaxPaths=3;Alpha0=0.5;Gamma=0.9;Epsilon0=0.5;RewardW1=0.6;RewardW2=0.4;TrendEpsilon=false;,59313,2875938,39.29328,4.376051,0.0247,0.177606,36382,0
QSQMAODV,24,40,39,3,50.0,0.25,0.25399,4.265723,73.660583,68.084196,30324,7702,3588898,86.29067,0.0,0.0,40,B_N40_pi025|FULL-T,5.0,0.85,300.0,16.0,0.0,0,0,0,0,0.1,0.9,15.0,0.92,1,1,1,1,1,1,1,1,1,1,0.05,54.902293,0.17808,0.456157,1.0,0.0,139071,12063,0,4.560256,17.720513,38.070513,49035.655511,MaxPaths=3;Alpha0=0.5;Gamma=0.9;Epsilon0=0.5;RewardW1=0.6;RewardW2=0.4;TrendEpsilon=false;,133146,6476338,155.715639,17.287198,0.027108,0.213909,50441,0
QSQMAODV,25,40,39,3,50.0,0.25,0.531559,8.927446,37.284289,28.988389,30324,16119,1304944,14.992015,0.0,0.0,40,B_N40_pi025|FULL-T,5.0,0.85,300.0,16.0,0.0,0,0,0,0,0.1,0.9,15.0,0.92,1,1,1,1,1,1,1,1,1,1,0.05,19.73722,0.097304,0.257831,1.0,0.0,86073,3884,0,4.626923,17.707692,38.120513,47003.82278,MaxPaths=3;Alpha0=0.5;Gamma=0.9;Epsilon0=0.5;RewardW1=0.6;RewardW2=0.4;TrendEpsilon=false;,48679,2336064,26.838169,3.019976,0.015139,0.124064,28303,0
QSQMAODV,26,40,39,3,50.0,0.25,0.26385,4.431323,40.309708,35.905692,30324,8001,2632244,60.923959,0.0,0.0,40,B_N40_pi025|FULL-T,5.0,0.85,300.0,16.0,0.0,0,0,0,0,0.1,0.9,15.0,0.92,1,1,1,1,1,1,1,1,1,1,0.05,35.175989,0.222771,0.442277,1.0,0.0,110286,11095,0,4.529487,17.871795,38.038462,44830.030423,MaxPaths=3;Alpha0=0.5;Gamma=0.9;Epsilon0=0.5;RewardW1=0.6;RewardW2=0.4;TrendEpsilon=false;,104507,5098028,117.995158,13.061742,0.037228,0.243573,31747,0
QSQMAODV,27,40,39,3,50.0,0.25,0.312228,5.243815,62.650069,65.920375,30324,9468,2619640,51.237697,0.0,0.0,40,B_N40_pi025|FULL-T,5.0,0.85,300.0,16.0,0.0,0,0,0,0,0.1,0.9,15.0,0.92,1,1,1,1,1,1,1,1,1,1,0.05,35.273406,0.166284,0.397052,1.0,0.0,116603,9060,0,4.432051,16.853846,37.803846,44307.428426,MaxPaths=3;Alpha0=0.5;Gamma=0.9;Epsilon0=0.5;RewardW1=0.6;RewardW2=0.4;TrendEpsilon=false;,100095,4871874,95.289279,10.571926,0.028978,0.211645,36806,0
QSQMAODV,28,40,39,3,50.0,0.25,0.345997,5.810954,49.692495,40.893298,30324,10492,1745622,30.810459,0.0,0.0,40,B_N40_pi025|FULL-T,5.0,0.85,300.0,16.0,0.0,0,0,0,0,0.1,0.9,15.0,0.92,1,1,1,1,1,1,1,1,1,1,0.05,34.00932,0.158363,0.336543,1.0,0.0,96519,6640,0,4.248718,16.2,37.385897,46641.446879,MaxPaths=3;Alpha0=0.5;Gamma=0.9;Epsilon0=0.5;RewardW1=0.6;RewardW2=0.4;TrendEpsilon=false;,69180,3361354,59.328342,6.593595,0.026249,0.184645,38253,0
QSQMAODV,29,40,39,3,50.0,0.25,0.186684,3.135323,51.59169,51.397104,30324,5661,3703246,121.142253,0.0,0.0,40,B_N40_pi025|FULL-T,5.0,0.85,300.0,16.0,0.0,0,0,0,0,0.1,0.9,15.0,0.92,1,1,1,1,1,1,1,1,1,1,0.05,43.085441,0.248424,0.512537,1.0,0.0,125295,16744,0,4.197436,17.916667,38.084615,45065.648831,MaxPaths=3;Alpha0=0.5;Gamma=0.9;Epsilon0=0.5;RewardW1=0.6;RewardW2=0.4;TrendEpsilon=false;,144615,7093926,232.059707,25.54584,0.037216,0.261964,49117,0
QSQMAODV,3,40,39,3,50.0,0.25,0.243503,4.0896,79.183744,74.334444,30324,7384,4603402,115.449872,0.0,0.0,40,B_N40_pi025|FULL-T,5.0,0.85,300.0,16.0,0.0,0,0,0,0,0.1,0.9,15.0,0.92,1,1,1,1,1,1,1,1,1,1,0.05,53.939771,0.296258,0.582428,1.0,0.0,145376,23169,0,5.241026,20.371795,38.325641,47166.525338,MaxPaths=3;Alpha0=0.5;Gamma=0.9;Epsilon0=0.5;RewardW1=0.6;RewardW2=0.4;TrendEpsilon=false;,180213,8842242,221.756801,24.405878,0.042573,0.300773,45332,0
QSQMAODV,30,40,39,3,50.0,0.25,0.215044,3.611631,52.036145,36.659587,30324,6521,3084520,87.595063,0.0,0.0,40,B_N40_pi025|FULL-T,5.0,0.85,300.0,16.0,0.0,0,0,0,0,0.1,0.9,15.0,0.92,1,1,1,1,1,1,1,1,1,1,0.05,50.306192,0.21899,0.460014,1.0,0.0,117303,11086,0,4.579487,17.7,37.965385,47408.470661,MaxPaths=3;Alpha0=0.5;Gamma=0.9;Epsilon0=0.5;RewardW1=0.6;RewardW2=0.4;TrendEpsilon=false;,126727,6213536,176.453736,19.433676,0.041549,0.257681,40356,0
QSQMAODV,4,40,39,3,50.0,0.25,0.177186,2.975815,101.364211,94.841404,30324,5373,1436452,49.508585,0.0,0.0,40,B_N40_pi025|FULL-T,5.0,0.85,300.0,16.0,0.0,0,0,0,0,0.1,0.9,15.0,0.92,1,1,1,1,1,1,1,1,1,1,0.05,20.683853,0.165358,0.320407,1.0,0.0,76612,5907,0,4.730769,17.823077,38.138462,44585.861062,MaxPaths=3;Alpha0=0.5;Gamma=0.9;Epsilon0=0.5;RewardW1=0.6;RewardW2=0.4;TrendEpsilon=false;,59412,2878228,99.200667,11.05751,0.027606,0.180008,33980,0
QSQMAODV,5,40,39,3,50.0,0.25,0.297553,4.997354,159.816518,126.693311,30324,9023,2630198,53.981348,0.0,0.0,40,B_N40_pi025|FULL-T,5.0,0.85,300.0,16.0,0.0,0,0,0,0,0.1,0.9,15.0,0.92,1,1,1,1,1,1,1,1,1,1,0.05,42.626178,0.217238,0.446891,1.0,0.0,100719,10524,0,5.14359,18.726923,38.091026,40699.174161,MaxPaths=3;Alpha0=0.5;Gamma=0.9;Epsilon0=0.5;RewardW1=0.6;RewardW2=0.4;TrendEpsilon=false;,106318,5213226,106.994594,11.782999,0.038831,0.240278,17150,0
QSQMAODV,6,40,39,3,50.0,0.25,0.284857,4.784123,56.27056,56.207298,30324,8638,4515796,96.81159,0.0,0.0,40,B_N40_pi025|FULL-T,5.0,0.85,300.0,16.0,0.0,0,0,0,0,0.1,0.9,15.0,0.92,1,1,1,1,1,1,1,1,1,1,0.05,55.062495,0.230167,0.5087,1.0,0.0,168435,15577,0,4.673077,17.975641,37.770513,43873.434179,MaxPaths=3;Alpha0=0.5;Gamma=0.9;Epsilon0=0.5;RewardW1=0.6;RewardW2=0.4;TrendEpsilon=false;,168360,8204444,175.890424,19.490623,0.040797,0.274994,48672,0
QSQMAODV,7,40,39,3,50.0,0.25,0.325518,5.467015,44.259689,42.334732,30324,9871,2228996,41.817145,0.0,0.0,40,B_N40_pi025|FULL-T,5.0,0.85,300.0,16.0,0.0,0,0,0,0,0.1,0.9,15.0,0.92,1,1,1,1,1,1,1,1,1,1,0.05,29.060607,0.148009,0.38464,1.0,0.0,103543,7516,0,4.529487,18.334615,38.108974,51157.007543,MaxPaths=3;Alpha0=0.5;Gamma=0.9;Epsilon0=0.5;RewardW1=0.6;RewardW2=0.4;TrendEpsilon=false;,86531,4205682,78.900821,8.766184,0.021854,0.178139,32309,0
QSQMAODV,8,40,39,3,50.0,0.25,0.270446,4.542092,49.731575,43.960469,30324,8201,2048714,46.261612,0.0,0.0,40,B_N40_pi025|FULL-T,5.0,0.85,300.0,16.0,0.0,0,0,0,0,0.1,0.9,15.0,0.92,1,1,1,1,1,1,1,1,1,1,0.05,24.0625,0.216649,0.415765,1.0,0.0,80775,9787,0,4.987179,17.914103,37.753846,47125.491912,MaxPaths=3;Alpha0=0.5;Gamma=0.9;Epsilon0=0.5;RewardW1=0.6;RewardW2=0.4;TrendEpsilon=false;,80577,3936660,88.892953,9.825265,0.029257,0.208582,35670,0
QSQMAODV,9,40,39,3,50.0,0.25,0.283241,4.756985,79.17927,75.877753,30324,8589,4483710,96.6721,0.0,0.0,40,B_N40_pi025|FULL-T,5.0,0.85,300.0,16.0,0.0,0,0,0,0,0.1,0.9,15.0,0.92,1,1,1,1,1,1,1,1,1,1,0.05,60.463709,0.279907,0.529685,1.0,0.0,159378,20896,0,4.867949,17.034615,38.008974,44543.640661,MaxPaths=3;Alpha0=0.5;Gamma=0.9;Epsilon0=0.5;RewardW1=0.6;RewardW2=0.4;TrendEpsilon=false;,172883,8459170,182.385954,20.12842,0.051847,0.309628,48818,0
QSQMAODV,1,40,39,3,50.0,0.25,0.196577,3.301477,64.983898,67.348515,30324,5961,5172348,160.684822,0.0,0.0,40,B_N40_pi025|OFF,5.0,0.85,300.0,16.0,0.0,0,0,0,0,0.1,0.9,15.0,0.92,1,1,1,1,1,1,1,1,1,1,0.05,58.361158,0.29399,0.586555,1.0,0.0,171084,21579,0,5.021795,18.353846,37.830769,46973.135287,MaxPaths=3;Alpha0=0.5;Gamma=0.9;Epsilon0=0.5;RewardW1=0.6;RewardW2=0.4;QueueRewardWeight=0;FailurePenalty=0;QueueAwareSelect=false;AckSilenceDecay=false;TrendEpsilon=false;,194753,9548306,296.62889,32.671196,0.059027,0.345643,0,0
QSQMAODV,10,40,39,3,50.0,0.25,0.385767,6.478892,64.571025,63.255817,30324,11698,2009422,31.810154,0.0,0.0,40,B_N40_pi025|OFF,5.0,0.85,300.0,16.0,0.0,0,0,0,0,0.1,0.9,15.0,0.92,1,1,1,1,1,1,1,1,1,1,0.05,22.80693,0.156915,0.370197,1.0,0.0,100287,6821,0,4.180769,16.15,37.582051,44499.101968,MaxPaths=3;Alpha0=0.5;Gamma=0.9;Epsilon0=0.5;RewardW1=0.6;RewardW2=0.4;QueueRewardWeight=0;FailurePenalty=0;QueueAwareSelect=false;AckSilenceDecay=false;TrendEpsilon=false;,82208,4003814,63.382376,7.027526,0.031121,0.206917,0,0
QSQMAODV,11,40,39,3,50.0,0.25,0.416007,6.986769,54.922116,51.977965,30324,12615,2545532,37.367801,0.0,0.0,40,B_N40_pi025|OFF,5.0,0.85,300.0,16.0,0.0,0,0,0,0,0.1,0.9,15.0,0.92,1,1,1,1,1,1,1,1,1,1,0.05,34.943948,0.111184,0.349747,1.0,0.0,151719,6854,0,4.919231,17.382051,37.766667,43624.080201,MaxPaths=3;Alpha0=0.5;Gamma=0.9;Epsilon0=0.5;RewardW1=0.6;RewardW2=0.4;QueueRewardWeight=0;FailurePenalty=0;QueueAwareSelect=false;AckSilenceDecay=false;TrendEpsilon=false;,92777,4495220,65.988755,7.354499,0.025768,0.205246,0,0
QSQMAODV,12,40,39,3,50.0,0.25,0.361958,6.079015,47.080778,44.006165,30324,10976,1573968,26.555718,0.0,0.0,40,B_N40_pi025|OFF,5.0,0.85,300.0,16.0,0.0,0,0,0,0,0.1,0.9,15.0,0.92,1,1,1,1,1,1,1,1,1,1,0.05,29.382615,0.138054,0.322904,1.0,0.0,83011,6666,0,5.139744,19.394872,38.239744,49553.615743,MaxPaths=3;Alpha0=0.5;Gamma=0.9;Epsilon0=0.5;RewardW1=0.6;RewardW2=0.4;QueueRewardWeight=0;FailurePenalty=0;QueueAwareSelect=false;AckSilenceDecay=false;TrendEpsilon=false;,61495,2987066,50.397264,5.602679,0.021494,0.159593,0,0
QSQMAODV,13,40,39,3,50.0,0.25,0.362947,6.256042,137.296515,68.913854,30324,11006,2009664,33.814283,0.0,0.0,40,B_N40_pi025|OFF,5.0,0.85,300.0,16.0,0.0,0,0,0,0,0.1,0.9,15.0,0.92,1,1,1,1,1,1,1,1,1,1,0.05,33.856118,0.199175,0.413057,1.0,0.0,95211,8699,0,5.116667,19.062821,38.3,48813.335603,MaxPaths=3;Alpha0=0.5;Gamma=0.9;Epsilon0=0.5;RewardW1=0.6;RewardW2=0.4;QueueRewardWeight=0;FailurePenalty=0;QueueAwareSelect=false;AckSilenceDecay=false;TrendEpsilon=false;,77287,3753344,63.153162,7.022261,0.031994,0.22221,0,0
QSQMAODV,14,40,39,3,50.0,0.25,0.296267,4.975754,54.544325,46.228084,30324,8984,1418592,29.24112,0.0,0.0,40,B_N40_pi025|OFF,5.0,0.85,300.0,16.0,0.0,0,0,0,0,0.1,0.9,15.0,0.92,1,1,1,1,1,1,1,1,1,1,0.05,27.354942,0.098314,0.268811,1.0,0.0,88178,3872,0,4.50641,16.624359,37.552564,46582.542217,MaxPaths=3;Alpha0=0.5;Gamma=0.9;Epsilon0=0.5;RewardW1=0.6;RewardW2=0.4;QueueRewardWeight=0;FailurePenalty=0;QueueAwareSelect=false;AckSilenceDecay=false;TrendEpsilon=false;,57156,2779464,57.292471,6.361977,0.018197,0.139351,0,0
QSQMAODV,15,40,39,3,50.0,0.25,0.346788,5.824246,55.825425,45.861165,30324,10516,2812554,49.528655,0.0,0.0,40,B_N40_pi025|OFF,5.0,0.85,300.0,16.0,0.0,0,0,0,0,0.1,0.9,15.0,0.92,1,1,1,1,1,1,1,1,1,1,0.05,34.731036,0.241513,0.48709,1.0,0.0,100009,12814,0,4.205128,17.779487,37.776923,46198.242591,MaxPaths=3;Alpha0=0.5;Gamma=0.9;Epsilon0=0.5;RewardW1=0.6;RewardW2=0.4;QueueRewardWeight=0;FailurePenalty=0;QueueAwareSelect=false;AckSilenceDecay=false;TrendEpsilon=false;,113930,5595602,98.537713,10.833967,0.045409,0.277868,0,0
QSQMAODV,16,40,39,3,50.0,0.25,0.283307,4.758092,82.912189,84.661215,30324,8591,4182726,90.161668,0.0,0.0,40,B_N40_pi025|OFF,5.0,0.85,300.0,16.0,0.0,0,0,0,0,0.1,0.9,15.0,0.92,1,1,1,1,1,1,1,1,1,1,0.05,61.779436,0.240202,0.506442,1.0,0.0,145896,16337,0,4.392308,17.798718,37.935897,47891.422584,MaxPaths=3;Alpha0=0.5;Gamma=0.9;Epsilon0=0.5;RewardW1=0.6;RewardW2=0.4;QueueRewardWeight=0;FailurePenalty=0;QueueAwareSelect=false;AckSilenceDecay=false;TrendEpsilon=false;,159205,7760040,167.273245,18.531603,0.052081,0.295742,0,0
QSQMAODV,17,40,39,3,50.0,0.25,0.296201,4.974646,57.748667,52.405371,30324,8982,1699246,35.033977,0.0,0.0,40,B_N40_pi025|OFF,5.0,0.85,300.0,16.0,0.0,0,0,0,0,0.1,0.9,15.0,0.92,1,1,1,1,1,1,1,1,1,1,0.05,24.988666,0.210514,0.388143,1.0,0.0,81545,7755,0,4.794872,17.575641,38.305128,42102.914699,MaxPaths=3;Alpha0=0.5;Gamma=0.9;Epsilon0=0.5;RewardW1=0.6;RewardW2=0.4;QueueRewardWeight=0;FailurePenalty=0;QueueAwareSelect=false;AckSilenceDecay=false;TrendEpsilon=false;,71663,3501930,72.200574,7.978513,0.041387,0.2345,0,0
QSQMAODV,18,40,39,3,50.0,0.25,0.194137,3.260492,55.575805,61.223886,30324,5887,3244260,102.053489,0.0,0.0,40,B_N40_pi025|OFF,5.0,0.85,300.0,16.0,0.0,0,0,0,0,0.1,0.9,15.0,0.92,1,1,1,1,1,1,1,1,1,1,0.05,33.568099,0.232668,0.496761,1.0,0.0,120506,13471,0,4.542308,17.075641,37.641026,45453.021689,MaxPaths=3;Alpha0=0.5;Gamma=0.9;Epsilon0=0.5;RewardW1=0.6;RewardW2=0.4;QueueRewardWeight=0;FailurePenalty=0;QueueAwareSelect=false;AckSilenceDecay=false;TrendEpsilon=false;,127452,6250780,196.628478,21.649737,0.041605,0.268515,0,0
QSQMAODV,19,40,39,3,50.0,0.25,0.402882,6.766338,107.987745,44.637755,30324,12217,2189686,33.191242,0.0,0.0,40,B_N40_pi025|OFF,5.0,0.85,300.0,16.0,0.0,0,0,0,0,0.1,0.9,15.0,0.92,1,1,1,1,1,1,1,1,1,1,0.05,32.3782,0.214523,0.445617,1.0,0.0,94448,9098,0,4.292308,17.108974,38.266667,42351.729677,MaxPaths=3;Alpha0=0.5;Gamma=0.9;Epsilon0=0.5;RewardW1=0.6;RewardW2=0.4;QueueRewardWeight=0;FailurePenalty=0;QueueAwareSelect=false;AckSilenceDecay=false;TrendEpsilon=false;,88941,4341894,65.814393,7.280101,0.039052,0.25355,0,0
QSQMAODV,2,40,39,3,50.0,0.25,0.233149,3.915692,168.558029,80.246229,30324,7070,4028562,105.520509,0.0,0.0,40,B_N40_pi025|OFF,5.0,0.85,300.0,16.0,0.0,0,0,0,0,0.1,0.9,15.0,0.92,1,1,1,1,1,1,1,1,1,1,0.05,57.48373,0.329267,0.578209,1.0,0.0,130792,21639,0,5.25641,18.221795,37.553846,46473.394556,MaxPaths=3;Alpha0=0.5;Gamma=0.9;Epsilon0=0.5;RewardW1=0.6;RewardW2=0.4;QueueRewardWeight=0;FailurePenalty=0;QueueAwareSelect=false;AckSilenceDecay=false;TrendEpsilon=false;,154464,7578370,198.500969,21.847808,0.069845,0.358756,0,0
QSQMAODV,20,40,39,3,50.0,0.25,0.266258,4.471754,74.633065,69.391805,30324,8074,4286616,98.317783,0.0,0.0,40,B_N40_pi025|OFF,5.0,0.85,300.0,16.0,0.0,0,0,0,0,0.1,0.9,15.0,0.92,1,1,1,1,1,1,1,1,1,1,0.05,62.709089,0.255937,0.528703,1.0,0.0,148165,20099,0,4.580769,18.165385,38.025641,47717.008467,MaxPaths=3;Alpha0=0.5;Gamma=0.9;Epsilon0=0.5;RewardW1=0.6;RewardW2=0.4;QueueRewardWeight=0;FailurePenalty=0;QueueAwareSelect=false;AckSilenceDecay=false;TrendEpsilon=false;,166179,8148064,186.883916,20.581992,0.049089,0.301028,0,0
QSQMAODV,21,40,39,3,50.0,0.25,0.311074,5.224431,104.836765,87.513246,30324,9433,3905978,76.680723,0.0,0.0,40,B_N40_pi025|OFF,5.0,0.85,300.0,16.0,0.0,0,0,0,0,0.1,0.9,15.0,0.92,1,1,1,1,1,1,1,1,1,1,0.05,55.995156,0.270892,0.526004,1.0,0.0,149583,17447,0,4.255128,16.539744,37.567949,47861.64777,MaxPaths=3;Alpha0=0.5;Gamma=0.9;Epsilon0=0.5;RewardW1=0.6;RewardW2=0.4;QueueRewardWeight=0;FailurePenalty=0;QueueAwareSelect=false;AckSilenceDecay=false;TrendEpsilon=false;,155685,7612246,149.440813,16.504293,0.057761,0.323971,0,0
QSQMAODV,22,40,39,3,50.0,0.25,0.301345,5.061046,72.131525,63.981078,30324,9138,3637774,73.720929,0.0,0.0,40,B_N40_pi025|OFF,5.0,0.85,300.0,16.0,0.0,0,0,0,0,0.1,0.9,15.0,0.92,1,1,1,1,1,1,1,1,1,1,0.05,42.105868,0.265238,0.519914,1.0,0.0,123759,15727,0,4.929487,19.537179,38.542308,42304.929858,MaxPaths=3;Alpha0=0.5;Gamma=0.9;Epsilon0=0.5;RewardW1=0.6;RewardW2=0.4;QueueRewardWeight=0;FailurePenalty=0;QueueAwareSelect=false;AckSilenceDecay=false;TrendEpsilon=false;,135527,6617324,134.102689,14.831145,0.055076,0.302753,0,0
QSQMAODV,23,40,39,3,50.0,0.25,0.326903,5.490277,76.703342,72.722948,30324,9913,3162550,59.079734,0.0,0.0,40,B_N40_pi025|OFF,5.0,0.85,300.0,16.0,0.0,0,0,0,0,0.1,0.9,15.0,0.92,1,1,1,1,1,1,1,1,1,1,0.05,47.081669,0.238699,0.4923,1.0,0.0,117364,13101,0,4.797436,17.689744,37.732051,44392.80629,MaxPaths=3;Alpha0=0.5;Gamma=0.9;Epsilon0=0.5;RewardW1=0.6;RewardW2=0.4;QueueRewardWeight=0;FailurePenalty=0;QueueAwareSelect=false;AckSilenceDecay=false;TrendEpsilon=false;,122593,5980428,111.720636,12.366892,0.045973,0.279689,0,0
QSQMAODV,24,40,39,3,50.0,0.25,0.296069,4.972431,47.780535,46.197844,30324,8978,3195128,65.904474,0.0,0.0,40,B_N40_pi025|OFF,5.0,0.85,300.0,16.0,0.0,0,0,0,0,0.1,0.9,15.0,0.92,1,1,1,1,1,1,1,1,1,1,0.05,41.468498,0.221898,0.472047,1.0,0.0,130015,13939,0,4.560256,17.720513,38.070513,49035.655511,MaxPaths=3;Alpha0=0.5;Gamma=0.9;Epsilon0=0.5;RewardW1=0.6;RewardW2=0.4;QueueRewardWeight=0;FailurePenalty=0;QueueAwareSelect=false;AckSilenceDecay=false;TrendEpsilon=false;,125537,6121708,126.269729,13.982736,0.041485,0.264188,0,0
QSQMAODV,25,40,39,3,50.0,0.25,0.483478,8.119938,39.90797,40.373198,30324,14661,1460530,18.448163,0.0,0.0,40,B_N40_pi025|OFF,5.0,0.85,300.0,16.0,0.0,0,0,0,0,0.1,0.9,15.0,0.92,1,1,1,1,1,1,1,1,1,1,0.05,21.150063,0.160761,0.325189,1.0,0.0,83717,6640,0,4.626923,17.707692,38.120513,47003.82278,MaxPaths=3;Alpha0=0.5;Gamma=0.9;Epsilon0=0.5;RewardW1=0.6;RewardW2=0.4;QueueRewardWeight=0;FailurePenalty=0;QueueAwareSelect=false;AckSilenceDecay=false;TrendEpsilon=false;,58354,2825774,35.692755,3.98022,0.030448,0.185184,0,0
QSQMAODV,26,40,39,3,50.0,0.25,0.364497,6.121662,41.82909,40.794316,30324,11053,1914252,32.071936,0.0,0.0,40,B_N40_pi025|OFF,5.0,0.85,300.0,16.0,0.0,0,0,0,0,0.1,0.9,15.0,0.92,1,1,1,1,1,1,1,1,1,1,0.05,30.833853,0.166736,0.367319,1.0,0.0,95983,7549,0,4.529487,17.871795,38.038462,44830.030423,MaxPaths=3;Alpha0=0.5;Gamma=0.9;Epsilon0=0.5;RewardW1=0.6;RewardW2=0.4;QueueRewardWeight=0;FailurePenalty=0;QueueAwareSelect=false;AckSilenceDecay=false;TrendEpsilon=false;,74208,3610328,60.488488,6.713833,0.032921,0.210886,0,0
QSQMAODV,27,40,39,3,50.0,0.25,0.353219,6.088358,24.708735,27.005526,30324,10711,479938,8.297769,0.0,0.0,40,B_N40_pi025|OFF,5.0,0.85,300.0,16.0,0.0,0,0,0,0,0.1,0.9,15.0,0.92,1,1,1,1,1,1,1,1,1,1,0.05,10.112044,0.007265,0.080821,0.85,0.0,53282,359,0,4.432051,16.853846,37.803846,44307.428426,MaxPaths=3;Alpha0=0.5;Gamma=0.9;Epsilon0=0.5;RewardW1=0.6;RewardW2=0.4;QueueRewardWeight=0;FailurePenalty=0;QueueAwareSelect=false;AckSilenceDecay=false;TrendEpsilon=false;,20256,962050,16.633126,1.89114,0.002266,0.029561,0,0
QSQMAODV,28,40,39,3,50.0,0.25,0.358726,6.024738,41.645095,38.622462,30324,10878,2403862,40.92293,0.0,0.0,40,B_N40_pi025|OFF,5.0,0.85,300.0,16.0,0.0,0,0,0,0,0.1,0.9,15.0,0.92,1,1,1,1,1,1,1,1,1,1,0.05,37.371421,0.194551,0.415365,1.0,0.0,114700,9353,0,4.248718,16.2,37.385897,46641.446879,MaxPaths=3;Alpha0=0.5;Gamma=0.9;Epsilon0=0.5;RewardW1=0.6;RewardW2=0.4;QueueRewardWeight=0;FailurePenalty=0;QueueAwareSelect=false;AckSilenceDecay=false;TrendEpsilon=false;,94466,4595902,78.239838,8.684133,0.036781,0.238626,0,0
QSQMAODV,29,40,39,3,50.0,0.25,0.247791,4.1616,61.122188,59.880779,30324,7514,2454788,60.499118,0.0,0.0,40,B_N40_pi025|OFF,5.0,0.85,300.0,16.0,0.0,0,0,0,0,0.1,0.9,15.0,0.92,1,1,1,1,1,1,1,1,1,1,0.05,37.070853,0.233183,0.466096,1.0,0.0,97551,11306,0,4.197436,17.916667,38.084615,45065.648831,MaxPaths=3;Alpha0=0.5;Gamma=0.9;Epsilon0=0.5;RewardW1=0.6;RewardW2=0.4;QueueRewardWeight=0;FailurePenalty=0;QueueAwareSelect=false;AckSilenceDecay=false;TrendEpsilon=false;,100170,4935070,121.626544,13.331115,0.041511,0.261693,0,0
QSQMAODV,3,40,39,3,50.0,0.25,0.203568,3.418892,60.421988,64.926982,30324,6173,4746514,142.391718,0.0,0.0,40,B_N40_pi025|OFF,5.0,0.85,300.0,16.0,0.0,0,0,0,0,0.1,0.9,15.0,0.92,1,1,1,1,1,1,1,1,1,1,0.05,49.261502,0.285053,0.578542,1.0,0.0,151915,20964,0,5.241026,20.371795,38.325641,47166.525338,MaxPaths=3;Alpha0=0.5;Gamma=0.9;Epsilon0=0.5;RewardW1=0.6;RewardW2=0.4;QueueRewardWeight=0;FailurePenalty=0;QueueAwareSelect=false;AckSilenceDecay=false;TrendEpsilon=false;,175697,8561440,256.836522,28.462174,0.064079,0.329327,0,0
QSQMAODV,30,40,39,3,50.0,0.25,0.218968,3.677538,61.474651,54.474279,30324,6640,2919466,81.421966,0.0,0.0,40,B_N40_pi025|OFF,5.0,0.85,300.0,16.0,0.0,0,0,0,0,0.1,0.9,15.0,0.92,1,1,1,1,1,1,1,1,1,1,0.05,53.314277,0.172859,0.416267,1.0,0.0,142686,8901,0,4.579487,17.7,37.965385,47408.470661,MaxPaths=3;Alpha0=0.5;Gamma=0.9;Epsilon0=0.5;RewardW1=0.6;RewardW2=0.4;QueueRewardWeight=0;FailurePenalty=0;QueueAwareSelect=false;AckSilenceDecay=false;TrendEpsilon=false;,115606,5643278,157.387271,17.410542,0.054676,0.248497,0,0
QSQMAODV,4,40,39,3,50.0,0.25,0.178835,3.003508,64.297154,69.653688,30324,5423,3595932,122.794271,0.0,0.0,40,B_N40_pi025|OFF,5.0,0.85,300.0,16.0,0.0,0,0,0,0,0.1,0.9,15.0,0.92,1,1,1,1,1,1,1,1,1,1,0.05,45.197093,0.196593,0.468977,1.0,0.0,134257,11781,0,4.730769,17.823077,38.138462,44585.861062,MaxPaths=3;Alpha0=0.5;Gamma=0.9;Epsilon0=0.5;RewardW1=0.6;RewardW2=0.4;QueueRewardWeight=0;FailurePenalty=0;QueueAwareSelect=false;AckSilenceDecay=false;TrendEpsilon=false;,133367,6475124,221.113228,24.592845,0.039612,0.246028,0,0
QSQMAODV,5,40,39,3,50.0,0.25,0.341907,5.742277,44.236964,35.125307,30324,10368,2118356,37.836434,0.0,0.0,40,B_N40_pi025|OFF,5.0,0.85,300.0,16.0,0.0,0,0,0,0,0.1,0.9,15.0,0.92,1,1,1,1,1,1,1,1,1,1,0.05,22.430544,0.158899,0.363744,1.0,0.0,91797,6513,0,5.14359,18.726923,38.091026,40699.174161,MaxPaths=3;Alpha0=0.5;Gamma=0.9;Epsilon0=0.5;RewardW1=0.6;RewardW2=0.4;QueueRewardWeight=0;FailurePenalty=0;QueueAwareSelect=false;AckSilenceDecay=false;TrendEpsilon=false;,84188,4108546,73.383666,8.119985,0.035087,0.202015,0,0
QSQMAODV,6,40,39,3,50.0,0.25,0.239876,4.028677,69.762369,72.351148,30324,7274,1200166,30.554435,0.0,0.0,40,B_N40_pi025|OFF,5.0,0.85,300.0,16.0,0.0,0,0,0,0,0.1,0.9,15.0,0.92,1,1,1,1,1,1,1,1,1,1,0.05,24.581368,0.041818,0.206149,1.0,0.0,93520,1968,0,4.673077,17.975641,37.770513,43873.434179,MaxPaths=3;Alpha0=0.5;Gamma=0.9;Epsilon0=0.5;RewardW1=0.6;RewardW2=0.4;QueueRewardWeight=0;FailurePenalty=0;QueueAwareSelect=false;AckSilenceDecay=false;TrendEpsilon=false;,45357,2180606,55.514975,6.235496,0.009977,0.097897,0,0
QSQMAODV,7,40,39,3,50.0,0.25,0.295278,4.959138,141.037126,132.520484,30324,8954,3970558,82.118441,0.0,0.0,40,B_N40_pi025|OFF,5.0,0.85,300.0,16.0,0.0,0,0,0,0,0.1,0.9,15.0,0.92,1,1,1,1,1,1,1,1,1,1,0.05,98.513164,0.203521,0.486533,1.0,0.0,156894,13984,0,4.529487,18.334615,38.108974,51157.007543,MaxPaths=3;Alpha0=0.5;Gamma=0.9;Epsilon0=0.5;RewardW1=0.6;RewardW2=0.4;QueueRewardWeight=0;FailurePenalty=0;QueueAwareSelect=false;AckSilenceDecay=false;TrendEpsilon=false;,150908,7352302,152.059125,16.853697,0.039675,0.26511,0,0
QSQMAODV,8,40,39,3,50.0,0.25,0.237634,4.096042,57.766244,50.963461,30324,7206,1621534,41.671395,0.0,0.0,40,B_N40_pi025|OFF,5.0,0.85,300.0,16.0,0.0,0,0,0,0,0.1,0.9,15.0,0.92,1,1,1,1,1,1,1,1,1,1,0.05,24.993815,0.17141,0.349084,1.0,0.0,71666,7636,0,4.987179,17.914103,37.753846,47125.491912,MaxPaths=3;Alpha0=0.5;Gamma=0.9;Epsilon0=0.5;RewardW1=0.6;RewardW2=0.4;QueueRewardWeight=0;FailurePenalty=0;QueueAwareSelect=false;AckSilenceDecay=false;TrendEpsilon=false;,66180,3227638,82.946259,9.184013,0.026183,0.179538,0,0
QSQMAODV,9,40,39,3,50.0,0.25,0.248153,4.167692,110.913158,109.964005,30324,7525,1964028,48.333407,0.0,0.0,40,B_N40_pi025|OFF,5.0,0.85,300.0,16.0,0.0,0,0,0,0,0.1,0.9,15.0,0.92,1,1,1,1,1,1,1,1,1,1,0.05,49.953051,0.210211,0.392773,1.0,0.0,87924,9857,0,4.867949,17.034615,38.008974,44543.640661,MaxPaths=3;Alpha0=0.5;Gamma=0.9;Epsilon0=0.5;RewardW1=0.6;RewardW2=0.4;QueueRewardWeight=0;FailurePenalty=0;QueueAwareSelect=false;AckSilenceDecay=false;TrendEpsilon=false;,81042,3964180,97.555802,10.769701,0.039134,0.231239,0,0
QSQMAODV,1,40,39,3,50.0,0.25,0.230412,3.869723,57.972281,56.481714,30324,6987,4212278,111.643263,0.0,0.0,40,B_N40_pi025|Q0D0,5.0,0.85,300.0,16.0,0.0,0,0,0,0,0.1,0.9,15.0,0.92,1,1,1,1,1,1,1,1,1,1,0.05,51.574694,0.209012,0.49585,1.0,0.0,160732,14480,0,5.021795,18.353846,37.830769,46973.135287,MaxPaths=3;Alpha0=0.5;Gamma=0.9;Epsilon0=0.5;RewardW1=0.6;RewardW2=0.4;QueueRewardWeight=0;QueueAwareSelect=false;TrendEpsilon=false;AckSilenceDecay=false;FailurePenalty=0.5;,149854,7289916,193.213746,21.447545,0.042406,0.26801,0,0
QSQMAODV,10,40,39,3,50.0,0.25,0.406675,6.830031,47.188215,44.557038,30324,12332,2469972,37.090676,0.0,0.0,40,B_N40_pi025|Q0D0,5.0,0.85,300.0,16.0,0.0,0,0,0,0,0.1,0.9,15.0,0.92,1,1,1,1,1,1,1,1,1,1,0.05,29.346702,0.171964,0.39991,1.0,0.0,125550,8346,0,4.180769,16.15,37.582051,44499.101968,MaxPaths=3;Alpha0=0.5;Gamma=0.9;Epsilon0=0.5;RewardW1=0.6;RewardW2=0.4;QueueRewardWeight=0;QueueAwareSelect=false;TrendEpsilon=false;AckSilenceDecay=false;FailurePenalty=0.5;,98010,4775544,71.712618,7.947616,0.040265,0.237133,0,0
QSQMAODV,11,40,39,3,50.0,0.25,0.398991,6.700985,63.340495,65.314696,30324,12099,1914524,29.303371,0.0,0.0,40,B_N40_pi025|Q0D0,5.0,0.85,300.0,16.0,0.0,0,0,0,0,0.1,0.9,15.0,0.92,1,1,1,1,1,1,1,1,1,1,0.05,33.565457,0.125656,0.345986,1.0,0.0,96478,5210,0,4.919231,17.382051,37.766667,43624.080201,MaxPaths=3;Alpha0=0.5;Gamma=0.9;Epsilon0=0.5;RewardW1=0.6;RewardW2=0.4;QueueRewardWeight=0;QueueAwareSelect=false;TrendEpsilon=false;AckSilenceDecay=false;FailurePenalty=0.5;,72030,3475316,53.192581,5.953385,0.027967,0.185951,0,0
QSQMAODV,12,40,39,3,50.0,0.25,0.21699,3.644308,107.600665,107.200632,30324,6580,4015626,113.014353,0.0,0.0,40,B_N40_pi025|Q0D0,5.0,0.85,300.0,16.0,0.0,0,0,0,0,0.1,0.9,15.0,0.92,1,1,1,1,1,1,1,1,1,1,0.05,75.960063,0.235818,0.520024,1.0,0.0,144435,16951,0,5.139744,19.394872,38.239744,49553.615743,MaxPaths=3;Alpha0=0.5;Gamma=0.9;Epsilon0=0.5;RewardW1=0.6;RewardW2=0.4;QueueRewardWeight=0;QueueAwareSelect=false;TrendEpsilon=false;AckSilenceDecay=false;FailurePenalty=0.5;,149976,7311556,205.773838,22.792705,0.042413,0.276764,0,0
QSQMAODV,13,40,39,3,50.0,0.25,0.350416,5.885169,46.928193,45.518913,30324,10626,3123716,54.438728,0.0,0.0,40,B_N40_pi025|Q0D0,5.0,0.85,300.0,16.0,0.0,0,0,0,0,0.1,0.9,15.0,0.92,1,1,1,1,1,1,1,1,1,1,0.05,37.913657,0.227599,0.483363,1.0,0.0,130001,12999,0,5.116667,19.062821,38.3,48813.335603,MaxPaths=3;Alpha0=0.5;Gamma=0.9;Epsilon0=0.5;RewardW1=0.6;RewardW2=0.4;QueueRewardWeight=0;QueueAwareSelect=false;TrendEpsilon=false;AckSilenceDecay=false;FailurePenalty=0.5;,113654,5503512,95.912751,10.69584,0.044106,0.269146,0,0
QSQMAODV,14,40,39,3,50.0,0.25,0.244394,4.104554,85.582693,84.884786,30324,7411,1644512,41.09287,0.0,0.0,40,B_N40_pi025|Q0D0,5.0,0.85,300.0,16.0,0.0,0,0,0,0,0.1,0.9,15.0,0.92,1,1,1,1,1,1,1,1,1,1,0.05,34.31712,0.111117,0.297577,1.0,0.0,90889,4387,0,4.50641,16.624359,37.552564,46582.542217,MaxPaths=3;Alpha0=0.5;Gamma=0.9;Epsilon0=0.5;RewardW1=0.6;RewardW2=0.4;QueueRewardWeight=0;QueueAwareSelect=false;TrendEpsilon=false;AckSilenceDecay=false;FailurePenalty=0.5;,64201,3118008,77.912412,8.662933,0.022668,0.159425,0,0
QSQMAODV,15,40,39,3,50.0,0.25,0.299433,5.028923,58.117622,70.244166,30324,9080,3777378,77.039036,0.0,0.0,40,B_N40_pi025|Q0D0,5.0,0.85,300.0,16.0,0.0,0,0,0,0,0.1,0.9,15.0,0.92,1,1,1,1,1,1,1,1,1,1,0.05,39.440102,0.235952,0.50909,1.0,0.0,140588,16119,0,4.205128,17.779487,37.776923,46198.242591,MaxPaths=3;Alpha0=0.5;Gamma=0.9;Epsilon0=0.5;RewardW1=0.6;RewardW2=0.4;QueueRewardWeight=0;QueueAwareSelect=false;TrendEpsilon=false;AckSilenceDecay=false;FailurePenalty=0.5;,146836,7173576,146.303965,16.171366,0.045573,0.285301,0,0
QSQMAODV,16,40,39,3,50.0,0.25,0.307479,5.164062,69.75893,62.146816,30324,9324,3500142,69.516779,0.0,0.0,40,B_N40_pi025|Q0D0,5.0,0.85,300.0,16.0,0.0,0,0,0,0,0.1,0.9,15.0,0.92,1,1,1,1,1,1,1,1,1,1,0.05,39.034486,0.216145,0.474498,1.0,0.0,131188,12251,0,4.392308,17.798718,37.935897,47891.422584,MaxPaths=3;Alpha0=0.5;Gamma=0.9;Epsilon0=0.5;RewardW1=0.6;RewardW2=0.4;QueueRewardWeight=0;QueueAwareSelect=false;TrendEpsilon=false;AckSilenceDecay=false;FailurePenalty=0.5;,134580,6557130,130.232018,14.433719,0.045587,0.272913,0,0
QSQMAODV,17,40,39,3,50.0,0.25,0.237436,3.987692,77.964386,79.394202,30324,7200,2841770,73.090792,0.0,0.0,40,B_N40_pi025|Q0D0,5.0,0.85,300.0,16.0,0.0,0,0,0,0,0.1,0.9,15.0,0.92,1,1,1,1,1,1,1,1,1,1,0.05,40.278009,0.195434,0.451127,1.0,0.0,116880,10008,0,4.794872,17.575641,38.305128,42102.914699,MaxPaths=3;Alpha0=0.5;Gamma=0.9;Epsilon0=0.5;RewardW1=0.6;RewardW2=0.4;QueueRewardWeight=0;QueueAwareSelect=false;TrendEpsilon=false;AckSilenceDecay=false;FailurePenalty=0.5;,109518,5332744,137.159053,15.210833,0.036186,0.242964,0,0
QSQMAODV,18,40,39,3,50.0,0.25,0.300884,5.053292,49.942167,56.972245,30324,9124,1706602,34.638032,0.0,0.0,40,B_N40_pi025|Q0D0,5.0,0.85,300.0,16.0,0.0,0,0,0,0,0.1,0.9,15.0,0.92,1,1,1,1,1,1,1,1,1,1,0.05,19.765442,0.121262,0.358372,1.0,0.0,105303,4351,0,4.542308,17.075641,37.641026,45453.021689,MaxPaths=3;Alpha0=0.5;Gamma=0.9;Epsilon0=0.5;RewardW1=0.6;RewardW2=0.4;QueueRewardWeight=0;QueueAwareSelect=false;TrendEpsilon=false;AckSilenceDecay=false;FailurePenalty=0.5;,65194,3146806,63.86912,7.145331,0.04004,0.220941,0,0
QSQMAODV,19,40,39,3,50.0,0.25,0.3457,5.805969,95.123154,71.548239,30324,10483,3263246,57.646171,0.0,0.0,40,B_N40_pi025|Q0D0,5.0,0.85,300.0,16.0,0.0,0,0,0,0,0.1,0.9,15.0,0.92,1,1,1,1,1,1,1,1,1,1,0.05,47.310604,0.230807,0.480379,1.0,0.0,130734,13616,0,4.292308,17.108974,38.266667,42351.729677,MaxPaths=3;Alpha0=0.5;Gamma=0.9;Epsilon0=0.5;RewardW1=0.6;RewardW2=0.4;QueueRewardWeight=0;QueueAwareSelect=false;TrendEpsilon=false;AckSilenceDecay=false;FailurePenalty=0.5;,127610,6212782,109.750566,12.173042,0.044793,0.280443,0,0
QSQMAODV,2,40,39,3,50.0,0.25,0.28545,4.794092,56.618609,50.54592,30324,8656,3551224,75.974362,0.0,0.0,40,B_N40_pi025|Q0D0,5.0,0.85,300.0,16.0,0.0,0,0,0,0,0.1,0.9,15.0,0.92,1,1,1,1,1,1,1,1,1,1,0.05,52.275046,0.239829,0.480995,1.0,0.0,137205,14673,0,5.25641,18.221795,37.553846,46473.394556,MaxPaths=3;Alpha0=0.5;Gamma=0.9;Epsilon0=0.5;RewardW1=0.6;RewardW2=0.4;QueueRewardWeight=0;QueueAwareSelect=false;TrendEpsilon=false;AckSilenceDecay=false;FailurePenalty=0.5;,132097,6447196,137.930359,15.260744,0.049772,0.283225,0,0
QSQMAODV,20,40,39,3,50.0,0.25,0.367168,6.166523,41.371625,37.571314,30324,11134,3119614,51.88668,0.0,0.0,40,B_N40_pi025|Q0D0,5.0,0.85,300.0,16.0,0.0,0,0,0,0,0.1,0.9,15.0,0.92,1,1,1,1,1,1,1,1,1,1,0.05,39.322359,0.225082,0.471099,1.0,0.0,125618,13526,0,4.580769,18.165385,38.025641,47717.008467,MaxPaths=3;Alpha0=0.5;Gamma=0.9;Epsilon0=0.5;RewardW1=0.6;RewardW2=0.4;QueueRewardWeight=0;QueueAwareSelect=false;TrendEpsilon=false;AckSilenceDecay=false;FailurePenalty=0.5;,124052,6065502,100.883879,11.141728,0.046008,0.272692,0,0
QSQMAODV,21,40,39,3,50.0,0.25,0.269852,4.532123,91.415585,99.450735,30324,8183,3909706,88.478508,0.0,0.0,40,B_N40_pi025|Q0D0,5.0,0.85,300.0,16.0,0.0,0,0,0,0,0.1,0.9,15.0,0.92,1,1,1,1,1,1,1,1,1,1,0.05,58.779025,0.22407,0.491739,1.0,0.0,151423,15625,0,4.255128,16.539744,37.567949,47861.64777,MaxPaths=3;Alpha0=0.5;Gamma=0.9;Epsilon0=0.5;RewardW1=0.6;RewardW2=0.4;QueueRewardWeight=0;QueueAwareSelect=false;TrendEpsilon=false;AckSilenceDecay=false;FailurePenalty=0.5;,152216,7437892,168.323036,18.601491,0.046102,0.283939,0,0
QSQMAODV,22,40,39,3,50.0,0.25,0.273018,4.585292,52.434985,36.949736,30324,8279,2851762,63.788389,0.0,0.0,40,B_N40_pi025|Q0D0,5.0,0.85,300.0,16.0,0.0,0,0,0,0,0.1,0.9,15.0,0.92,1,1,1,1,1,1,1,1,1,1,0.05,29.797291,0.187919,0.427005,1.0,0.0,110930,9885,0,4.929487,19.537179,38.542308,42304.929858,MaxPaths=3;Alpha0=0.5;Gamma=0.9;Epsilon0=0.5;RewardW1=0.6;RewardW2=0.4;QueueRewardWeight=0;QueueAwareSelect=false;TrendEpsilon=false;AckSilenceDecay=false;FailurePenalty=0.5;,107367,5222586,116.819127,12.968595,0.038294,0.228346,0,0
QSQMAODV,23,40,39,3,50.0,0.25,0.464418,7.799815,54.787791,45.264011,30324,14083,1826456,24.017084,0.0,0.0,40,B_N40_pi025|Q0D0,5.0,0.85,300.0,16.0,0.0,0,0,0,0,0.1,0.9,15.0,0.92,1,1,1,1,1,1,1,1,1,1,0.05,27.271167,0.206572,0.398675,1.0,0.0,86143,8440,0,4.797436,17.689744,37.732051,44392.80629,MaxPaths=3;Alpha0=0.5;Gamma=0.9;Epsilon0=0.5;RewardW1=0.6;RewardW2=0.4;QueueRewardWeight=0;QueueAwareSelect=false;TrendEpsilon=false;AckSilenceDecay=false;FailurePenalty=0.5;,71175,3462256,45.527126,5.053966,0.037742,0.230776,0,0
QSQMAODV,24,40,39,3,50.0,0.25,0.272095,4.569785,58.972006,53.850219,30324,8251,3888032,87.262868,0.0,0.0,40,B_N40_pi025|Q0D0,5.0,0.85,300.0,16.0,0.0,0,0,0,0,0.1,0.9,15.0,0.92,1,1,1,1,1,1,1,1,1,1,0.05,55.34204,0.224581,0.498521,1.0,0.0,152385,15624,0,4.560256,17.720513,38.070513,49035.655511,MaxPaths=3;Alpha0=0.5;Gamma=0.9;Epsilon0=0.5;RewardW1=0.6;RewardW2=0.4;QueueRewardWeight=0;QueueAwareSelect=false;TrendEpsilon=false;AckSilenceDecay=false;FailurePenalty=0.5;,149669,7313062,164.134134,18.139498,0.04887,0.284605,0,0
QSQMAODV,25,40,39,3,50.0,0.25,0.411258,6.907015,64.809637,62.848271,30324,12471,2743040,40.732128,0.0,0.0,40,B_N40_pi025|Q0D0,5.0,0.85,300.0,16.0,0.0,0,0,0,0,0.1,0.9,15.0,0.92,1,1,1,1,1,1,1,1,1,1,0.05,40.944816,0.283038,0.496416,1.0,0.0,101471,15036,0,4.626923,17.707692,38.120513,47003.82278,MaxPaths=3;Alpha0=0.5;Gamma=0.9;Epsilon0=0.5;RewardW1=0.6;RewardW2=0.4;QueueRewardWeight=0;QueueAwareSelect=false;TrendEpsilon=false;AckSilenceDecay=false;FailurePenalty=0.5;,112609,5505764,81.756549,9.029669,0.051493,0.292318,0,0
QSQMAODV,26,40,39,3,50.0,0.25,0.319252,5.361785,54.490064,49.716084,30324,9681,2855368,54.619549,0.0,0.0,40,B_N40_pi025|Q0D0,5.0,0.85,300.0,16.0,0.0,0,0,0,0,0.1,0.9,15.0,0.92,1,1,1,1,1,1,1,1,1,1,0.05,41.563494,0.199313,0.45507,1.0,0.0,109411,10343,0,4.529487,17.871795,38.038462,44830.030423,MaxPaths=3;Alpha0=0.5;Gamma=0.9;Epsilon0=0.5;RewardW1=0.6;RewardW2=0.4;QueueRewardWeight=0;QueueAwareSelect=false;TrendEpsilon=false;AckSilenceDecay=false;FailurePenalty=0.5;,108599,5280248,101.004411,11.217746,0.037135,0.242743,0,0
QSQMAODV,27,40,39,3,50.0,0.25,0.26329,4.421908,71.954897,75.013938,30324,7984,2349674,54.499601,0.0,0.0,40,B_N40_pi025|Q0D0,5.0,0.85,300.0,16.0,0.0,0,0,0,0,0.1,0.9,15.0,0.92,1,1,1,1,1,1,1,1,1,1,0.05,38.350017,0.163195,0.390887,1.0,0.0,107790,8477,0,4.432051,16.853846,37.803846,44307.428426,MaxPaths=3;Alpha0=0.5;Gamma=0.9;Epsilon0=0.5;RewardW1=0.6;RewardW2=0.4;QueueRewardWeight=0;QueueAwareSelect=false;TrendEpsilon=false;AckSilenceDecay=false;FailurePenalty=0.5;,89636,4378202,101.550369,11.226954,0.031042,0.205704,0,0
QSQMAODV,28,40,39,3,50.0,0.25,0.307182,5.159077,87.41923,98.874355,30324,9315,2773798,55.143993,0.0,0.0,40,B_N40_pi025|Q0D0,5.0,0.85,300.0,16.0,0.0,0,0,0,0,0.1,0.9,15.0,0.92,1,1,1,1,1,1,1,1,1,1,0.05,52.944345,0.237258,0.472619,1.0,0.0,125346,11732,0,4.248718,16.2,37.385897,46641.446879,MaxPaths=3;Alpha0=0.5;Gamma=0.9;Epsilon0=0.5;RewardW1=0.6;RewardW2=0.4;QueueRewardWeight=0;QueueAwareSelect=false;TrendEpsilon=false;AckSilenceDecay=false;FailurePenalty=0.5;,109713,5357354,106.505914,11.7781,0.043564,0.279749,0,0
QSQMAODV,29,40,39,3,50.0,0.25,0.287033,4.820677,47.312731,46.847548,30324,8704,2283342,48.580091,0.0,0.0,40,B_N40_pi025|Q0D0,5.0,0.85,300.0,16.0,0.0,0,0,0,0,0.1,0.9,15.0,0.92,1,1,1,1,1,1,1,1,1,1,0.05,25.605686,0.174028,0.416027,1.0,0.0,95580,8296,0,4.197436,17.916667,38.084615,45065.648831,MaxPaths=3;Alpha0=0.5;Gamma=0.9;Epsilon0=0.5;RewardW1=0.6;RewardW2=0.4;QueueRewardWeight=0;QueueAwareSelect=false;TrendEpsilon=false;AckSilenceDecay=false;FailurePenalty=0.5;,90008,4407740,93.77851,10.340993,0.029572,0.21441,0,0
QSQMAODV,3,40,39,3,50.0,0.25,0.36941,6.204185,35.572216,37.006415,30324,11202,2356032,38.9486,0.0,0.0,40,B_N40_pi025|Q0D0,5.0,0.85,300.0,16.0,0.0,0,0,0,0,0.1,0.9,15.0,0.92,1,1,1,1,1,1,1,1,1,1,0.05,25.344724,0.185127,0.407473,1.0,0.0,101166,9672,0,5.241026,20.371795,38.325641,47166.525338,MaxPaths=3;Alpha0=0.5;Gamma=0.9;Epsilon0=0.5;RewardW1=0.6;RewardW2=0.4;QueueRewardWeight=0;QueueAwareSelect=false;TrendEpsilon=false;AckSilenceDecay=false;FailurePenalty=0.5;,91136,4432822,73.280929,8.13569,0.03503,0.219439,0,0
QSQMAODV,30,40,39,3,50.0,0.25,0.171119,2.873908,188.130233,68.148884,30324,5189,2878160,102.715859,0.0,0.0,40,B_N40_pi025|Q0D0,5.0,0.85,300.0,16.0,0.0,0,0,0,0,0.1,0.9,15.0,0.92,1,1,1,1,1,1,1,1,1,1,0.05,76.659309,0.237855,0.477385,1.0,0.0,114810,11550,0,4.579487,17.7,37.965385,47408.470661,MaxPaths=3;Alpha0=0.5;Gamma=0.9;Epsilon0=0.5;RewardW1=0.6;RewardW2=0.4;QueueRewardWeight=0;QueueAwareSelect=false;TrendEpsilon=false;AckSilenceDecay=false;FailurePenalty=0.5;,121195,5941780,212.05042,23.356138,0.056752,0.295378,0,0
QSQMAODV,4,40,39,3,50.0,0.25,0.22619,3.8988,118.517837,134.502291,30324,6859,1893766,51.129524,0.0,0.0,40,B_N40_pi025|Q0D0,5.0,0.85,300.0,16.0,0.0,0,0,0,0,0.1,0.9,15.0,0.92,1,1,1,1,1,1,1,1,1,1,0.05,21.723116,0.200035,0.391105,1.0,0.0,91202,7265,0,4.730769,17.823077,38.138462,44585.861062,MaxPaths=3;Alpha0=0.5;Gamma=0.9;Epsilon0=0.5;RewardW1=0.6;RewardW2=0.4;QueueRewardWeight=0;QueueAwareSelect=false;TrendEpsilon=false;AckSilenceDecay=false;FailurePenalty=0.5;,76579,3712986,100.246392,11.164747,0.03847,0.228797,0,0
QSQMAODV,5,40,39,3,50.0,0.25,0.357143,6.156,89.762032,89.055172,30324,10830,2164712,37.015013,0.0,0.0,40,B_N40_pi025|Q0D0,5.0,0.85,300.0,16.0,0.0,0,0,0,0,0.1,0.9,15.0,0.92,1,1,1,1,1,1,1,1,1,1,0.05,24.538436,0.222708,0.41655,1.0,0.0,87847,8936,0,5.14359,18.726923,38.091026,40699.174161,MaxPaths=3;Alpha0=0.5;Gamma=0.9;Epsilon0=0.5;RewardW1=0.6;RewardW2=0.4;QueueRewardWeight=0;QueueAwareSelect=false;TrendEpsilon=false;AckSilenceDecay=false;FailurePenalty=0.5;,91271,4463200,76.317499,8.427608,0.048849,0.24841,0,0
QSQMAODV,6,40,39,3,50.0,0.25,0.248483,4.173231,96.864279,96.402155,30324,7535,4548662,111.790951,0.0,0.0,40,B_N40_pi025|Q0D0,5.0,0.85,300.0,16.0,0.0,0,0,0,0,0.1,0.9,15.0,0.92,1,1,1,1,1,1,1,1,1,1,0.05,72.498298,0.238851,0.525599,1.0,0.0,199528,14938,0,4.673077,17.975641,37.770513,43873.434179,MaxPaths=3;Alpha0=0.5;Gamma=0.9;Epsilon0=0.5;RewardW1=0.6;RewardW2=0.4;QueueRewardWeight=0;QueueAwareSelect=false;TrendEpsilon=false;AckSilenceDecay=false;FailurePenalty=0.5;,166756,8115220,199.445059,22.130856,0.096286,0.332025,0,0
QSQMAODV,7,40,39,3,50.0,0.25,0.309458,5.197292,69.58822,57.534144,30324,9384,3009896,59.397714,0.0,0.0,40,B_N40_pi025|Q0D0,5.0,0.85,300.0,16.0,0.0,0,0,0,0,0.1,0.9,15.0,0.92,1,1,1,1,1,1,1,1,1,1,0.05,45.436928,0.181236,0.430219,1.0,0.0,128958,11293,0,4.529487,18.334615,38.108974,51157.007543,MaxPaths=3;Alpha0=0.5;Gamma=0.9;Epsilon0=0.5;RewardW1=0.6;RewardW2=0.4;QueueRewardWeight=0;QueueAwareSelect=false;TrendEpsilon=false;AckSilenceDecay=false;FailurePenalty=0.5;,111175,5386952,106.306874,11.847293,0.03877,0.238542,0,0
QSQMAODV,8,40,39,3,50.0,0.25,0.25775,4.442779,53.189807,77.333888,30324,7816,1229946,29.14122,0.0,0.0,40,B_N40_pi025|Q0D0,5.0,0.85,300.0,16.0,0.0,0,0,0,0,0.1,0.9,15.0,0.92,1,1,1,1,1,1,1,1,1,1,0.05,14.055374,0.091925,0.252888,1.0,0.0,62111,3551,0,4.987179,17.914103,37.753846,47125.491912,MaxPaths=3;Alpha0=0.5;Gamma=0.9;Epsilon0=0.5;RewardW1=0.6;RewardW2=0.4;QueueRewardWeight=0;QueueAwareSelect=false;TrendEpsilon=false;AckSilenceDecay=false;FailurePenalty=0.5;,46948,2257482,53.486722,6.006653,0.013841,0.109679,0,0
QSQMAODV,9,40,39,3,50.0,0.25,0.279548,4.694954,95.064046,95.805483,30324,8477,3314822,72.414289,0.0,0.0,40,B_N40_pi025|Q0D0,5.0,0.85,300.0,16.0,0.0,0,0,0,0,0.1,0.9,15.0,0.92,1,1,1,1,1,1,1,1,1,1,0.05,59.945502,0.232248,0.492136,1.0,0.0,139132,13450,0,4.867949,17.034615,38.008974,44543.640661,MaxPaths=3;Alpha0=0.5;Gamma=0.9;Epsilon0=0.5;RewardW1=0.6;RewardW2=0.4;QueueRewardWeight=0;QueueAwareSelect=false;TrendEpsilon=false;AckSilenceDecay=false;FailurePenalty=0.5;,128082,6247246,136.474862,15.109355,0.049145,0.292232,0,0
QSQMAODV,1,40,39,3,50.0,0.25,0.240272,4.035323,106.903376,98.387514,30324,7286,2816134,71.576489,0.0,0.0,40,B_N40_pi025|Q0D1,5.0,0.85,300.0,16.0,0.0,0,0,0,0,0.1,0.9,15.0,0.92,1,1,1,1,1,1,1,1,1,1,0.05,33.724575,0.17033,0.434482,1.0,0.0,119559,9402,0,5.021795,18.353846,37.830769,46973.135287,MaxPaths=3;Alpha0=0.5;Gamma=0.9;Epsilon0=0.5;RewardW1=0.6;RewardW2=0.4;QueueRewardWeight=0;QueueAwareSelect=false;TrendEpsilon=false;AckSilenceDecay=true;FailurePenalty=0.5;,106347,5192376,131.972428,14.596075,0.030535,0.225081,45380,0
QSQMAODV,10,40,39,3,50.0,0.25,0.348239,5.848615,53.420736,56.367265,30324,10560,3007342,52.73818,0.0,0.0,40,B_N40_pi025|Q0D1,5.0,0.85,300.0,16.0,0.0,0,0,0,0,0.1,0.9,15.0,0.92,1,1,1,1,1,1,1,1,1,1,0.05,29.827564,0.192323,0.447563,1.0,0.0,132625,10105,0,4.180769,16.15,37.582051,44499.101968,MaxPaths=3;Alpha0=0.5;Gamma=0.9;Epsilon0=0.5;RewardW1=0.6;RewardW2=0.4;QueueRewardWeight=0;QueueAwareSelect=false;TrendEpsilon=false;AckSilenceDecay=true;FailurePenalty=0.5;,119207,5798834,101.691113,11.288542,0.042939,0.260652,45533,0
QSQMAODV,11,40,39,3,50.0,0.25,0.428374,7.194462,70.790921,78.133534,30324,12990,1371858,19.557181,0.0,0.0,40,B_N40_pi025|Q0D1,5.0,0.85,300.0,16.0,0.0,0,0,0,0,0.1,0.9,15.0,0.92,1,1,1,1,1,1,1,1,1,1,0.05,20.952565,0.097931,0.272803,1.0,0.0,80324,3621,0,4.919231,17.382051,37.766667,43624.080201,MaxPaths=3;Alpha0=0.5;Gamma=0.9;Epsilon0=0.5;RewardW1=0.6;RewardW2=0.4;QueueRewardWeight=0;QueueAwareSelect=false;TrendEpsilon=false;AckSilenceDecay=true;FailurePenalty=0.5;,52095,2504406,35.702763,4.010393,0.021648,0.143979,20896,0
QSQMAODV,12,40,39,3,50.0,0.25,0.287198,4.823446,66.430319,59.132803,30324,8709,1963544,41.752125,0.0,0.0,40,B_N40_pi025|Q0D1,5.0,0.85,300.0,16.0,0.0,0,0,0,0,0.1,0.9,15.0,0.92,1,1,1,1,1,1,1,1,1,1,0.05,37.868354,0.17073,0.373112,1.0,0.0,88599,8325,0,5.139744,19.394872,38.239744,49553.615743,MaxPaths=3;Alpha0=0.5;Gamma=0.9;Epsilon0=0.5;RewardW1=0.6;RewardW2=0.4;QueueRewardWeight=0;QueueAwareSelect=false;TrendEpsilon=false;AckSilenceDecay=true;FailurePenalty=0.5;,75979,3684020,78.335736,8.724193,0.025789,0.187833,33172,0
QSQMAODV,13,40,39,3,50.0,0.25,0.372972,6.428842,67.132735,66.858388,30324,11310,2423714,39.684874,0.0,0.0,40,B_N40_pi025|Q0D1,5.0,0.85,300.0,16.0,0.0,0,0,0,0,0.1,0.9,15.0,0.92,1,1,1,1,1,1,1,1,1,1,0.05,34.614052,0.150985,0.385803,1.0,0.0,112027,7539,0,5.116667,19.062821,38.3,48813.335603,MaxPaths=3;Alpha0=0.5;Gamma=0.9;Epsilon0=0.5;RewardW1=0.6;RewardW2=0.4;QueueRewardWeight=0;QueueAwareSelect=false;TrendEpsilon=false;AckSilenceDecay=true;FailurePenalty=0.5;,86195,4151734,67.978747,7.621132,0.024554,0.188935,45481,0
QSQMAODV,14,40,39,3,50.0,0.25,0.287297,4.825108,67.056404,67.838278,30324,8712,3140258,66.750374,0.0,0.0,40,B_N40_pi025|Q0D1,5.0,0.85,300.0,16.0,0.0,0,0,0,0,0.1,0.9,15.0,0.92,1,1,1,1,1,1,1,1,1,1,0.05,40.878701,0.191352,0.420304,1.0,0.0,139729,11517,0,4.50641,16.624359,37.552564,46582.542217,MaxPaths=3;Alpha0=0.5;Gamma=0.9;Epsilon0=0.5;RewardW1=0.6;RewardW2=0.4;QueueRewardWeight=0;QueueAwareSelect=false;TrendEpsilon=false;AckSilenceDecay=true;FailurePenalty=0.5;,119374,5829660,123.917202,13.70225,0.042919,0.246991,39230,0
QSQMAODV,15,40,39,3,50.0,0.25,0.274865,4.616308,65.34762,66.063373,30324,8335,3990110,88.651381,0.0,0.0,40,B_N40_pi025|Q0D1,5.0,0.85,300.0,16.0,0.0,0,0,0,0,0.1,0.9,15.0,0.92,1,1,1,1,1,1,1,1,1,1,0.05,45.006174,0.224434,0.506154,1.0,0.0,142374,15626,0,4.205128,17.779487,37.776923,46198.242591,MaxPaths=3;Alpha0=0.5;Gamma=0.9;Epsilon0=0.5;RewardW1=0.6;RewardW2=0.4;QueueRewardWeight=0;QueueAwareSelect=false;TrendEpsilon=false;AckSilenceDecay=true;FailurePenalty=0.5;,146718,7140012,158.635206,17.602639,0.046187,0.282456,40971,0
QSQMAODV,16,40,39,3,50.0,0.25,0.331651,5.570031,41.234178,33.572022,30324,10057,2586604,47.628591,0.0,0.0,40,B_N40_pi025|Q0D1,5.0,0.85,300.0,16.0,0.0,0,0,0,0,0.1,0.9,15.0,0.92,1,1,1,1,1,1,1,1,1,1,0.05,26.414829,0.20154,0.429015,1.0,0.0,106975,9688,0,4.392308,17.798718,37.935897,47891.422584,MaxPaths=3;Alpha0=0.5;Gamma=0.9;Epsilon0=0.5;RewardW1=0.6;RewardW2=0.4;QueueRewardWeight=0;QueueAwareSelect=false;TrendEpsilon=false;AckSilenceDecay=true;FailurePenalty=0.5;,103167,5027130,92.567366,10.258228,0.040055,0.244829,31745,0
QSQMAODV,17,40,39,3,50.0,0.25,0.301972,5.071569,74.538822,71.110185,30324,9157,2359768,47.722406,0.0,0.0,40,B_N40_pi025|Q0D1,5.0,0.85,300.0,16.0,0.0,0,0,0,0,0.1,0.9,15.0,0.92,1,1,1,1,1,1,1,1,1,1,0.05,30.461717,0.183179,0.418674,1.0,0.0,101796,8241,0,4.794872,17.575641,38.305128,42102.914699,MaxPaths=3;Alpha0=0.5;Gamma=0.9;Epsilon0=0.5;RewardW1=0.6;RewardW2=0.4;QueueRewardWeight=0;QueueAwareSelect=false;TrendEpsilon=false;AckSilenceDecay=true;FailurePenalty=0.5;,91447,4444626,89.885212,9.986568,0.034175,0.226572,46073,0
QSQMAODV,18,40,39,3,50.0,0.25,0.266719,4.479508,43.82708,48.182627,30324,8088,2803830,64.197302,0.0,0.0,40,B_N40_pi025|Q0D1,5.0,0.85,300.0,16.0,0.0,0,0,0,0,0.1,0.9,15.0,0.92,1,1,1,1,1,1,1,1,1,1,0.05,27.361746,0.171707,0.431537,1.0,0.0,133439,8461,0,4.542308,17.075641,37.641026,45453.021689,MaxPaths=3;Alpha0=0.5;Gamma=0.9;Epsilon0=0.5;RewardW1=0.6;RewardW2=0.4;QueueRewardWeight=0;QueueAwareSelect=false;TrendEpsilon=false;AckSilenceDecay=true;FailurePenalty=0.5;,105437,5114290,117.098262,13.036227,0.042138,0.256415,39744,0
QSQMAODV,19,40,39,3,50.0,0.25,0.343655,5.771631,64.440472,51.736092,30324,10421,2557266,45.443602,0.0,0.0,40,B_N40_pi025|Q0D1,5.0,0.85,300.0,16.0,0.0,0,0,0,0,0.1,0.9,15.0,0.92,1,1,1,1,1,1,1,1,1,1,0.05,39.159214,0.228143,0.463659,1.0,0.0,103651,10594,0,4.292308,17.108974,38.266667,42351.729677,MaxPaths=3;Alpha0=0.5;Gamma=0.9;Epsilon0=0.5;RewardW1=0.6;RewardW2=0.4;QueueRewardWeight=0;QueueAwareSelect=false;TrendEpsilon=false;AckSilenceDecay=true;FailurePenalty=0.5;,102486,4985430,88.593012,9.834565,0.044044,0.272647,48565,0
QSQMAODV,2,40,39,3,50.0,0.25,0.220617,3.705231,147.327833,141.779858,30324,6690,5185640,143.543155,0.0,0.0,40,B_N40_pi025|Q0D1,5.0,0.85,300.0,16.0,0.0,0,0,0,0,0.1,0.9,15.0,0.92,1,1,1,1,1,1,1,1,1,1,0.05,85.147504,0.328335,0.60477,1.0,0.0,164674,25596,0,5.25641,18.221795,37.553846,46473.394556,MaxPaths=3;Alpha0=0.5;Gamma=0.9;Epsilon0=0.5;RewardW1=0.6;RewardW2=0.4;QueueRewardWeight=0;QueueAwareSelect=false;TrendEpsilon=false;AckSilenceDecay=true;FailurePenalty=0.5;,201317,9896348,273.939766,30.092227,0.069618,0.373352,47836,0
QSQMAODV,20,40,39,3,50.0,0.25,0.268533,4.509969,74.962905,68.933374,30324,8143,3606424,82.016001,0.0,0.0,40,B_N40_pi025|Q0D1,5.0,0.85,300.0,16.0,0.0,0,0,0,0,0.1,0.9,15.0,0.92,1,1,1,1,1,1,1,1,1,1,0.05,55.721886,0.249659,0.518056,1.0,0.0,124196,16280,0,4.580769,18.165385,38.025641,47717.008467,MaxPaths=3;Alpha0=0.5;Gamma=0.9;Epsilon0=0.5;RewardW1=0.6;RewardW2=0.4;QueueRewardWeight=0;QueueAwareSelect=false;TrendEpsilon=false;AckSilenceDecay=true;FailurePenalty=0.5;,143862,7046826,160.256389,17.666953,0.047351,0.29038,36760,0
QSQMAODV,21,40,39,3,50.0,0.25,0.409807,6.882646,42.57939,44.508967,30324,12427,2331010,34.736342,0.0,0.0,40,B_N40_pi025|Q0D1,5.0,0.85,300.0,16.0,0.0,0,0,0,0,0.1,0.9,15.0,0.92,1,1,1,1,1,1,1,1,1,1,0.05,24.41371,0.17674,0.388992,1.0,0.0,112998,9015,0,4.255128,16.539744,37.567949,47861.64777,MaxPaths=3;Alpha0=0.5;Gamma=0.9;Epsilon0=0.5;RewardW1=0.6;RewardW2=0.4;QueueRewardWeight=0;QueueAwareSelect=false;TrendEpsilon=false;AckSilenceDecay=true;FailurePenalty=0.5;,90935,4429258,66.004101,7.317534,0.035871,0.222015,40357,0
QSQMAODV,22,40,39,3,50.0,0.25,0.208746,3.505846,70.869338,65.810995,30324,6330,3901608,114.14218,0.0,0.0,40,B_N40_pi025|Q0D1,5.0,0.85,300.0,16.0,0.0,0,0,0,0,0.1,0.9,15.0,0.92,1,1,1,1,1,1,1,1,1,1,0.05,58.218844,0.240001,0.503376,1.0,0.0,133030,15071,0,4.929487,19.537179,38.542308,42304.929858,MaxPaths=3;Alpha0=0.5;Gamma=0.9;Epsilon0=0.5;RewardW1=0.6;RewardW2=0.4;QueueRewardWeight=0;QueueAwareSelect=false;TrendEpsilon=false;AckSilenceDecay=true;FailurePenalty=0.5;,145370,7088314,207.369785,22.965245,0.049102,0.282314,40909,0
QSQMAODV,23,40,39,3,50.0,0.25,0.31391,5.272062,77.280032,67.216197,30324,9519,3891142,75.699323,0.0,0.0,40,B_N40_pi025|Q0D1,5.0,0.85,300.0,16.0,0.0,0,0,0,0,0.1,0.9,15.0,0.92,1,1,1,1,1,1,1,1,1,1,0.05,63.234907,0.242769,0.517042,1.0,0.0,143991,15693,0,4.797436,17.689744,37.732051,44392.80629,MaxPaths=3;Alpha0=0.5;Gamma=0.9;Epsilon0=0.5;RewardW1=0.6;RewardW2=0.4;QueueRewardWeight=0;QueueAwareSelect=false;TrendEpsilon=false;AckSilenceDecay=true;FailurePenalty=0.5;,149156,7282680,141.679215,15.669293,0.049577,0.297423,44418,0
QSQMAODV,24,40,39,3,50.0,0.25,0.297553,4.997354,65.615755,64.015704,30324,9023,3716456,76.275362,0.0,0.0,40,B_N40_pi025|Q0D1,5.0,0.85,300.0,16.0,0.0,0,0,0,0,0.1,0.9,15.0,0.92,1,1,1,1,1,1,1,1,1,1,0.05,57.888861,0.213225,0.478713,1.0,0.0,155748,14818,0,4.560256,17.720513,38.070513,49035.655511,MaxPaths=3;Alpha0=0.5;Gamma=0.9;Epsilon0=0.5;RewardW1=0.6;RewardW2=0.4;QueueRewardWeight=0;QueueAwareSelect=false;TrendEpsilon=false;AckSilenceDecay=true;FailurePenalty=0.5;,142990,6980352,143.262527,15.847279,0.046153,0.271531,43811,0
QSQMAODV,25,40,39,3,50.0,0.25,0.419371,7.043262,44.028832,44.143659,30324,12717,2527750,36.809141,0.0,0.0,40,B_N40_pi025|Q0D1,5.0,0.85,300.0,16.0,0.0,0,0,0,0,0.1,0.9,15.0,0.92,1,1,1,1,1,1,1,1,1,1,0.05,36.704933,0.220527,0.427269,1.0,0.0,106287,12339,0,4.626923,17.707692,38.120513,47003.82278,MaxPaths=3;Alpha0=0.5;Gamma=0.9;Epsilon0=0.5;RewardW1=0.6;RewardW2=0.4;QueueRewardWeight=0;QueueAwareSelect=false;TrendEpsilon=false;AckSilenceDecay=true;FailurePenalty=0.5;,99481,4842216,70.512437,7.822678,0.038988,0.24046,42808,0
QSQMAODV,26,40,39,3,50.0,0.25,0.332377,5.582215,54.9046,48.467312,30324,10079,2713314,49.852719,0.0,0.0,40,B_N40_pi025|Q0D1,5.0,0.85,300.0,16.0,0.0,0,0,0,0,0.1,0.9,15.0,0.92,1,1,1,1,1,1,1,1,1,1,0.05,40.538968,0.17577,0.423918,1.0,0.0,111511,9068,0,4.529487,17.871795,38.038462,44830.030423,MaxPaths=3;Alpha0=0.5;Gamma=0.9;Epsilon0=0.5;RewardW1=0.6;RewardW2=0.4;QueueRewardWeight=0;QueueAwareSelect=false;TrendEpsilon=false;AckSilenceDecay=true;FailurePenalty=0.5;,102117,4955258,91.044783,10.13166,0.033039,0.225043,46608,0
QSQMAODV,27,40,39,3,50.0,0.25,0.252176,4.235262,96.638618,105.238221,30324,7647,4690346,113.584751,0.0,0.0,40,B_N40_pi025|Q0D1,5.0,0.85,300.0,16.0,0.0,0,0,0,0,0.1,0.9,15.0,0.92,1,1,1,1,1,1,1,1,1,1,0.05,54.010509,0.233874,0.53484,1.0,0.0,184020,17128,0,4.432051,16.853846,37.803846,44307.428426,MaxPaths=3;Alpha0=0.5;Gamma=0.9;Epsilon0=0.5;RewardW1=0.6;RewardW2=0.4;QueueRewardWeight=0;QueueAwareSelect=false;TrendEpsilon=false;AckSilenceDecay=true;FailurePenalty=0.5;,175491,8575324,207.666139,22.949,0.066338,0.322232,57177,0
QSQMAODV,28,40,39,3,50.0,0.25,0.340885,5.875768,69.733896,75.186943,30324,10337,2007932,35.97168,0.0,0.0,40,B_N40_pi025|Q0D1,5.0,0.85,300.0,16.0,0.0,0,0,0,0,0.1,0.9,15.0,0.92,1,1,1,1,1,1,1,1,1,1,0.05,30.675602,0.185043,0.392377,1.0,0.0,100172,7755,0,4.248718,16.2,37.385897,46641.446879,MaxPaths=3;Alpha0=0.5;Gamma=0.9;Epsilon0=0.5;RewardW1=0.6;RewardW2=0.4;QueueRewardWeight=0;QueueAwareSelect=false;TrendEpsilon=false;AckSilenceDecay=true;FailurePenalty=0.5;,79565,3869048,69.313183,7.697107,0.032713,0.221975,39219,0
QSQMAODV,29,40,39,3,50.0,0.25,0.197204,3.312,63.067804,59.79012,30324,5980,3731986,115.569986,0.0,0.0,40,B_N40_pi025|Q0D1,5.0,0.85,300.0,16.0,0.0,0,0,0,0,0.1,0.9,15.0,0.92,1,1,1,1,1,1,1,1,1,1,0.05,48.848991,0.208892,0.49562,1.0,0.0,139511,14706,0,4.197436,17.916667,38.084615,45065.648831,MaxPaths=3;Alpha0=0.5;Gamma=0.9;Epsilon0=0.5;RewardW1=0.6;RewardW2=0.4;QueueRewardWeight=0;QueueAwareSelect=false;TrendEpsilon=false;AckSilenceDecay=true;FailurePenalty=0.5;,141671,6923874,214.41453,23.690803,0.037388,0.25851,45653,0
QSQMAODV,3,40,39,3,50.0,0.25,0.281427,4.726523,64.097441,59.095601,30324,8534,3853538,83.620594,0.0,0.0,40,B_N40_pi025|Q0D1,5.0,0.85,300.0,16.0,0.0,0,0,0,0,0.1,0.9,15.0,0.92,1,1,1,1,1,1,1,1,1,1,0.05,50.617608,0.278137,0.543452,1.0,0.0,128534,18840,0,5.241026,20.371795,38.325641,47166.525338,MaxPaths=3;Alpha0=0.5;Gamma=0.9;Epsilon0=0.5;RewardW1=0.6;RewardW2=0.4;QueueRewardWeight=0;QueueAwareSelect=false;TrendEpsilon=false;AckSilenceDecay=true;FailurePenalty=0.5;,147392,7193758,156.102344,17.271151,0.053233,0.309588,36434,0
QSQMAODV,30,40,39,3,50.0,0.25,0.187475,3.148615,79.223429,55.884061,30324,5685,3069256,99.979022,0.0,0.0,40,B_N40_pi025|Q0D1,5.0,0.85,300.0,16.0,0.0,0,0,0,0,0.1,0.9,15.0,0.92,1,1,1,1,1,1,1,1,1,1,0.05,61.641111,0.214772,0.458227,1.0,0.0,121393,10797,0,4.579487,17.7,37.965385,47408.470661,MaxPaths=3;Alpha0=0.5;Gamma=0.9;Epsilon0=0.5;RewardW1=0.6;RewardW2=0.4;QueueRewardWeight=0;QueueAwareSelect=false;TrendEpsilon=false;AckSilenceDecay=true;FailurePenalty=0.5;,126045,6166100,200.856705,22.171504,0.047615,0.267444,38281,0
QSQMAODV,4,40,39,3,50.0,0.25,0.233643,3.924,67.589611,71.895696,30324,7085,2690416,70.321127,0.0,0.0,40,B_N40_pi025|Q0D1,5.0,0.85,300.0,16.0,0.0,0,0,0,0,0.1,0.9,15.0,0.92,1,1,1,1,1,1,1,1,1,1,0.05,28.719288,0.231665,0.456556,1.0,0.0,111816,10698,0,4.730769,17.823077,38.138462,44585.861062,MaxPaths=3;Alpha0=0.5;Gamma=0.9;Epsilon0=0.5;RewardW1=0.6;RewardW2=0.4;QueueRewardWeight=0;QueueAwareSelect=false;TrendEpsilon=false;AckSilenceDecay=true;FailurePenalty=0.5;,104521,5071176,132.548577,14.752435,0.04643,0.269147,44932,0
QSQMAODV,5,40,39,3,50.0,0.25,0.299664,5.0328,79.636703,71.633797,30324,9087,4295588,87.540361,0.0,0.0,40,B_N40_pi025|Q0D1,5.0,0.85,300.0,16.0,0.0,0,0,0,0,0.1,0.9,15.0,0.92,1,1,1,1,1,1,1,1,1,1,0.05,72.375834,0.309324,0.567541,1.0,0.0,141547,19954,0,5.14359,18.726923,38.091026,40699.174161,MaxPaths=3;Alpha0=0.5;Gamma=0.9;Epsilon0=0.5;RewardW1=0.6;RewardW2=0.4;QueueRewardWeight=0;QueueAwareSelect=false;TrendEpsilon=false;AckSilenceDecay=true;FailurePenalty=0.5;,168832,8267652,168.487583,18.579509,0.068182,0.347845,39973,0
QSQMAODV,6,40,39,3,50.0,0.25,0.293233,4.9248,66.314605,68.278785,30324,8892,2048206,42.656029,0.0,0.0,40,B_N40_pi025|Q0D1,5.0,0.85,300.0,16.0,0.0,0,0,0,0,0.1,0.9,15.0,0.92,1,1,1,1,1,1,1,1,1,1,0.05,44.565954,0.180725,0.425808,1.0,0.0,141396,5712,0,4.673077,17.975641,37.770513,43873.434179,MaxPaths=3;Alpha0=0.5;Gamma=0.9;Epsilon0=0.5;RewardW1=0.6;RewardW2=0.4;QueueRewardWeight=0;QueueAwareSelect=false;TrendEpsilon=false;AckSilenceDecay=true;FailurePenalty=0.5;,78786,3814158,79.433823,8.860324,0.106455,0.292118,37557,0
QSQMAODV,7,40,39,3,50.0,0.25,0.33584,5.640369,48.097401,42.417787,30324,10184,2350754,42.745956,0.0,0.0,40,B_N40_pi025|Q0D1,5.0,0.85,300.0,16.0,0.0,0,0,0,0,0.1,0.9,15.0,0.92,1,1,1,1,1,1,1,1,1,1,0.05,32.655867,0.139601,0.367604,1.0,0.0,115375,7802,0,4.529487,18.334615,38.108974,51157.007543,MaxPaths=3;Alpha0=0.5;Gamma=0.9;Epsilon0=0.5;RewardW1=0.6;RewardW2=0.4;QueueRewardWeight=0;QueueAwareSelect=false;TrendEpsilon=false;AckSilenceDecay=true;FailurePenalty=0.5;,86243,4166602,75.765216,8.46848,0.02794,0.192704,33221,0
QSQMAODV,8,40,39,3,50.0,0.25,0.277998,4.791789,50.60235,73.205275,30324,8430,1348618,29.625632,0.0,0.0,40,B_N40_pi025|Q0D1,5.0,0.85,300.0,16.0,0.0,0,0,0,0,0.1,0.9,15.0,0.92,1,1,1,1,1,1,1,1,1,1,0.05,15.253711,0.096654,0.270408,1.0,0.0,66851,3789,0,4.987179,17.914103,37.753846,47125.491912,MaxPaths=3;Alpha0=0.5;Gamma=0.9;Epsilon0=0.5;RewardW1=0.6;RewardW2=0.4;QueueRewardWeight=0;QueueAwareSelect=false;TrendEpsilon=false;AckSilenceDecay=true;FailurePenalty=0.5;,50467,2426152,53.296252,5.986595,0.015264,0.120714,24770,0
QSQMAODV,9,40,39,3,50.0,0.25,0.278228,4.6728,83.092097,91.624397,30324,8437,1446206,31.743028,0.0,0.0,40,B_N40_pi025|Q0D1,5.0,0.85,300.0,16.0,0.0,0,0,0,0,0.1,0.9,15.0,0.92,1,1,1,1,1,1,1,1,1,1,0.05,32.92703,0.155035,0.322765,1.0,0.0,78389,6294,0,4.867949,17.034615,38.008974,44543.640661,MaxPaths=3;Alpha0=0.5;Gamma=0.9;Epsilon0=0.5;RewardW1=0.6;RewardW2=0.4;QueueRewardWeight=0;QueueAwareSelect=false;TrendEpsilon=false;AckSilenceDecay=true;FailurePenalty=0.5;,59844,2908062,63.82956,7.093043,0.029287,0.183085,33322,0
QSQMAODV,1,40,39,3,50.0,0.25,0.222299,3.733477,102.282123,136.020592,30324,6741,3422268,94.014736,0.0,0.0,40,B_N40_pi025|Q1D0,5.0,0.85,300.0,16.0,0.0,0,0,0,0,0.1,0.9,15.0,0.92,1,1,1,1,1,1,1,1,1,1,0.05,39.61154,0.253303,0.497885,1.0,0.0,137444,14972,0,5.021795,18.353846,37.830769,46973.135287,MaxPaths=3;Alpha0=0.5;Gamma=0.9;Epsilon0=0.5;RewardW1=0.6;RewardW2=0.4;QueueRewardWeight=0.1;AdaptiveQueueWeight=true;QueueAwareSelect=true;TrendEpsilon=true;AckSilenceDecay=false;FailurePenalty=0.5;,128707,6276082,172.413204,19.093161,0.041904,0.273338,0,17
QSQMAODV,10,40,39,3,50.0,0.25,0.432397,7.262031,41.421234,42.43267,30324,13112,2912148,41.129245,0.0,0.0,40,B_N40_pi025|Q1D0,5.0,0.85,300.0,16.0,0.0,0,0,0,0,0.1,0.9,15.0,0.92,1,1,1,1,1,1,1,1,1,1,0.05,35.647543,0.163253,0.411043,1.0,0.0,130561,9300,0,4.180769,16.15,37.582051,44499.101968,MaxPaths=3;Alpha0=0.5;Gamma=0.9;Epsilon0=0.5;RewardW1=0.6;RewardW2=0.4;QueueRewardWeight=0.1;AdaptiveQueueWeight=true;QueueAwareSelect=true;TrendEpsilon=true;AckSilenceDecay=false;FailurePenalty=0.5;,110360,5378704,75.965245,8.416718,0.028154,0.208191,0,23
QSQMAODV,11,40,39,3,50.0,0.25,0.394968,6.633415,118.231574,137.06063,30324,11977,2092356,32.351451,0.0,0.0,40,B_N40_pi025|Q1D0,5.0,0.85,300.0,16.0,0.0,0,0,0,0,0.1,0.9,15.0,0.92,1,1,1,1,1,1,1,1,1,1,0.05,36.429639,0.101504,0.3156,1.0,0.0,108628,4526,0,4.919231,17.382051,37.766667,43624.080201,MaxPaths=3;Alpha0=0.5;Gamma=0.9;Epsilon0=0.5;RewardW1=0.6;RewardW2=0.4;QueueRewardWeight=0.1;AdaptiveQueueWeight=true;QueueAwareSelect=true;TrendEpsilon=true;AckSilenceDecay=false;FailurePenalty=0.5;,76772,3709064,57.34856,6.409952,0.019776,0.153102,0,6
QSQMAODV,12,40,39,3,50.0,0.25,0.204393,3.432738,117.018243,114.820306,30324,6198,4977260,148.711651,0.0,0.0,40,B_N40_pi025|Q1D0,5.0,0.85,300.0,16.0,0.0,0,0,0,0,0.1,0.9,15.0,0.92,1,1,1,1,1,1,1,1,1,1,0.05,74.121317,0.281835,0.585158,1.0,0.0,157518,21855,0,5.139744,19.394872,38.239744,49553.615743,MaxPaths=3;Alpha0=0.5;Gamma=0.9;Epsilon0=0.5;RewardW1=0.6;RewardW2=0.4;QueueRewardWeight=0.1;AdaptiveQueueWeight=true;QueueAwareSelect=true;TrendEpsilon=true;AckSilenceDecay=false;FailurePenalty=0.5;,189399,9252320,276.442819,30.558083,0.040956,0.292609,0,38
QSQMAODV,13,40,39,3,50.0,0.25,0.366047,6.147692,45.571262,42.155705,30324,11100,3251822,54.251285,0.0,0.0,40,B_N40_pi025|Q1D0,5.0,0.85,300.0,16.0,0.0,0,0,0,0,0.1,0.9,15.0,0.92,1,1,1,1,1,1,1,1,1,1,0.05,36.792313,0.227237,0.468734,1.0,0.0,141784,12795,0,5.116667,19.062821,38.3,48813.335603,MaxPaths=3;Alpha0=0.5;Gamma=0.9;Epsilon0=0.5;RewardW1=0.6;RewardW2=0.4;QueueRewardWeight=0.1;AdaptiveQueueWeight=true;QueueAwareSelect=true;TrendEpsilon=true;AckSilenceDecay=false;FailurePenalty=0.5;,121919,5919216,98.752352,10.983694,0.035813,0.244409,0,28
QSQMAODV,14,40,39,3,50.0,0.25,0.329409,5.532369,47.387027,48.356773,30324,9989,1428430,26.481537,0.0,0.0,40,B_N40_pi025|Q1D0,5.0,0.85,300.0,16.0,0.0,0,0,0,0,0.1,0.9,15.0,0.92,1,1,1,1,1,1,1,1,1,1,0.05,22.879245,0.059182,0.234106,1.0,0.0,93712,2447,0,4.50641,16.624359,37.552564,46582.542217,MaxPaths=3;Alpha0=0.5;Gamma=0.9;Epsilon0=0.5;RewardW1=0.6;RewardW2=0.4;QueueRewardWeight=0.1;AdaptiveQueueWeight=true;QueueAwareSelect=true;TrendEpsilon=true;AckSilenceDecay=false;FailurePenalty=0.5;,53116,2559348,47.447526,5.317449,0.011567,0.105835,0,1
QSQMAODV,15,40,39,3,50.0,0.25,0.28644,4.810708,91.071988,79.205657,30324,8686,4403708,93.886885,0.0,0.0,40,B_N40_pi025|Q1D0,5.0,0.85,300.0,16.0,0.0,0,0,0,0,0.1,0.9,15.0,0.92,1,1,1,1,1,1,1,1,1,1,0.05,38.539045,0.381651,0.63588,1.0,0.0,142841,23639,0,4.205128,17.779487,37.776923,46198.242591,MaxPaths=3;Alpha0=0.5;Gamma=0.9;Epsilon0=0.5;RewardW1=0.6;RewardW2=0.4;QueueRewardWeight=0.1;AdaptiveQueueWeight=true;QueueAwareSelect=true;TrendEpsilon=true;AckSilenceDecay=false;FailurePenalty=0.5;,179314,8812104,187.873718,20.644025,0.095603,0.393044,0,42
QSQMAODV,16,40,39,3,50.0,0.25,0.334521,5.921903,24.417838,24.185257,30324,10144,2336842,42.66054,0.0,0.0,40,B_N40_pi025|Q1D0,5.0,0.85,300.0,16.0,0.0,0,0,0,0,0.1,0.9,15.0,0.92,1,1,1,1,1,1,1,1,1,1,0.05,17.478099,0.184725,0.388326,1.0,0.0,103933,8897,0,4.392308,17.798718,37.935897,47891.422584,MaxPaths=3;Alpha0=0.5;Gamma=0.9;Epsilon0=0.5;RewardW1=0.6;RewardW2=0.4;QueueRewardWeight=0.1;AdaptiveQueueWeight=true;QueueAwareSelect=true;TrendEpsilon=true;AckSilenceDecay=false;FailurePenalty=0.5;,91612,4466938,81.5468,9.031151,0.033833,0.213462,0,10
QSQMAODV,17,40,39,3,50.0,0.25,0.271765,4.564246,131.634586,67.180917,30324,8241,1512066,33.977942,0.0,0.0,40,B_N40_pi025|Q1D0,5.0,0.85,300.0,16.0,0.0,0,0,0,0,0.1,0.9,15.0,0.92,1,1,1,1,1,1,1,1,1,1,0.05,23.480332,0.208743,0.384162,1.0,0.0,73814,7333,0,4.794872,17.575641,38.305128,42102.914699,MaxPaths=3;Alpha0=0.5;Gamma=0.9;Epsilon0=0.5;RewardW1=0.6;RewardW2=0.4;QueueRewardWeight=0.1;AdaptiveQueueWeight=true;QueueAwareSelect=true;TrendEpsilon=true;AckSilenceDecay=false;FailurePenalty=0.5;,65059,3179628,71.450067,7.894552,0.033512,0.220151,0,13
QSQMAODV,18,40,39,3,50.0,0.25,0.304907,5.255621,20.415307,20.338246,30324,9246,1419624,28.433196,0.0,0.0,40,B_N40_pi025|Q1D0,5.0,0.85,300.0,16.0,0.0,0,0,0,0,0.1,0.9,15.0,0.92,1,1,1,1,1,1,1,1,1,1,0.05,12.974227,0.117501,0.293201,1.0,0.0,79606,3587,0,4.542308,17.075641,37.641026,45453.021689,MaxPaths=3;Alpha0=0.5;Gamma=0.9;Epsilon0=0.5;RewardW1=0.6;RewardW2=0.4;QueueRewardWeight=0.1;AdaptiveQueueWeight=true;QueueAwareSelect=true;TrendEpsilon=true;AckSilenceDecay=false;FailurePenalty=0.5;,55734,2696964,54.016632,6.027904,0.019026,0.147724,0,6
QSQMAODV,19,40,39,3,50.0,0.25,0.31048,5.214462,86.255808,87.697092,30324,9415,3863610,75.993981,0.0,0.0,40,B_N40_pi025|Q1D0,5.0,0.85,300.0,16.0,0.0,0,0,0,0,0.1,0.9,15.0,0.92,1,1,1,1,1,1,1,1,1,1,0.05,47.366211,0.256869,0.528163,1.0,0.0,137787,16343,0,4.292308,17.108974,38.266667,42351.729677,MaxPaths=3;Alpha0=0.5;Gamma=0.9;Epsilon0=0.5;RewardW1=0.6;RewardW2=0.4;QueueRewardWeight=0.1;AdaptiveQueueWeight=true;QueueAwareSelect=true;TrendEpsilon=true;AckSilenceDecay=false;FailurePenalty=0.5;,148305,7251090,142.622883,15.751992,0.039789,0.285967,0,35
QSQMAODV,2,40,39,3,50.0,0.25,0.160038,2.687815,135.446358,140.728247,30324,4853,5938710,226.614694,0.0,0.0,40,B_N40_pi025|Q1D0,5.0,0.85,300.0,16.0,0.0,0,0,0,0,0.1,0.9,15.0,0.92,1,1,1,1,1,1,1,1,1,1,0.05,77.132085,0.300681,0.589859,1.0,0.0,174922,25109,0,5.25641,18.221795,37.553846,46473.394556,MaxPaths=3;Alpha0=0.5;Gamma=0.9;Epsilon0=0.5;RewardW1=0.6;RewardW2=0.4;QueueRewardWeight=0.1;AdaptiveQueueWeight=true;QueueAwareSelect=true;TrendEpsilon=true;AckSilenceDecay=false;FailurePenalty=0.5;,221766,10869072,414.751929,45.696682,0.047426,0.317599,0,48
QSQMAODV,20,40,39,3,50.0,0.25,0.333201,5.743326,35.331547,33.73195,30324,10104,1778720,32.600217,0.0,0.0,40,B_N40_pi025|Q1D0,5.0,0.85,300.0,16.0,0.0,0,0,0,0,0.1,0.9,15.0,0.92,1,1,1,1,1,1,1,1,1,1,0.05,20.287981,0.124674,0.31854,1.0,0.0,84855,5778,0,4.580769,18.165385,38.025641,47717.008467,MaxPaths=3;Alpha0=0.5;Gamma=0.9;Epsilon0=0.5;RewardW1=0.6;RewardW2=0.4;QueueRewardWeight=0.1;AdaptiveQueueWeight=true;QueueAwareSelect=true;TrendEpsilon=true;AckSilenceDecay=false;FailurePenalty=0.5;,67151,3250536,59.575526,6.645982,0.017992,0.143433,0,4
QSQMAODV,21,40,39,3,50.0,0.25,0.344447,5.784923,41.768298,51.258506,30324,10445,3376682,59.867064,0.0,0.0,40,B_N40_pi025|Q1D0,5.0,0.85,300.0,16.0,0.0,0,0,0,0,0.1,0.9,15.0,0.92,1,1,1,1,1,1,1,1,1,1,0.05,31.902131,0.248035,0.474994,1.0,0.0,130978,14268,0,4.255128,16.539744,37.567949,47861.64777,MaxPaths=3;Alpha0=0.5;Gamma=0.9;Epsilon0=0.5;RewardW1=0.6;RewardW2=0.4;QueueRewardWeight=0.1;AdaptiveQueueWeight=true;QueueAwareSelect=true;TrendEpsilon=true;AckSilenceDecay=false;FailurePenalty=0.5;,132843,6483598,114.951297,12.718334,0.042266,0.270406,0,26
QSQMAODV,22,40,39,3,50.0,0.25,0.283802,4.7664,93.96249,105.856776,30324,8606,3817664,82.149061,0.0,0.0,40,B_N40_pi025|Q1D0,5.0,0.85,300.0,16.0,0.0,0,0,0,0,0.1,0.9,15.0,0.92,1,1,1,1,1,1,1,1,1,1,0.05,44.075238,0.268069,0.527777,1.0,0.0,128536,16115,0,4.929487,19.537179,38.542308,42304.929858,MaxPaths=3;Alpha0=0.5;Gamma=0.9;Epsilon0=0.5;RewardW1=0.6;RewardW2=0.4;QueueRewardWeight=0.1;AdaptiveQueueWeight=true;QueueAwareSelect=true;TrendEpsilon=true;AckSilenceDecay=false;FailurePenalty=0.5;,143130,6981138,150.221164,16.63142,0.046582,0.292444,0,33
QSQMAODV,23,40,39,3,50.0,0.25,0.416139,6.988985,68.076913,54.379198,30324,12619,3568412,52.366831,0.0,0.0,40,B_N40_pi025|Q1D0,5.0,0.85,300.0,16.0,0.0,0,0,0,0,0.1,0.9,15.0,0.92,1,1,1,1,1,1,1,1,1,1,0.05,55.790871,0.22434,0.489455,1.0,0.0,137469,14220,0,4.797436,17.689744,37.732051,44392.80629,MaxPaths=3;Alpha0=0.5;Gamma=0.9;Epsilon0=0.5;RewardW1=0.6;RewardW2=0.4;QueueRewardWeight=0.1;AdaptiveQueueWeight=true;QueueAwareSelect=true;TrendEpsilon=true;AckSilenceDecay=false;FailurePenalty=0.5;,134648,6569426,96.407035,10.670259,0.036184,0.25724,0,32
QSQMAODV,24,40,39,3,50.0,0.25,0.27282,4.581969,66.787363,69.927064,30324,8273,3548220,79.424366,0.0,0.0,40,B_N40_pi025|Q1D0,5.0,0.85,300.0,16.0,0.0,0,0,0,0,0.1,0.9,15.0,0.92,1,1,1,1,1,1,1,1,1,1,0.05,40.179409,0.260053,0.513278,1.0,0.0,127139,16488,0,4.560256,17.720513,38.070513,49035.655511,MaxPaths=3;Alpha0=0.5;Gamma=0.9;Epsilon0=0.5;RewardW1=0.6;RewardW2=0.4;QueueRewardWeight=0.1;AdaptiveQueueWeight=true;QueueAwareSelect=true;TrendEpsilon=true;AckSilenceDecay=false;FailurePenalty=0.5;,142529,7004620,156.793406,17.228212,0.039994,0.276095,0,27
QSQMAODV,25,40,39,3,50.0,0.25,0.498021,8.364185,27.097591,22.59336,30324,15102,1603974,19.668403,0.0,0.0,40,B_N40_pi025|Q1D0,5.0,0.85,300.0,16.0,0.0,0,0,0,0,0.1,0.9,15.0,0.92,1,1,1,1,1,1,1,1,1,1,0.05,21.784339,0.167707,0.345565,1.0,0.0,85237,6873,0,4.626923,17.707692,38.120513,47003.82278,MaxPaths=3;Alpha0=0.5;Gamma=0.9;Epsilon0=0.5;RewardW1=0.6;RewardW2=0.4;QueueRewardWeight=0.1;AdaptiveQueueWeight=true;QueueAwareSelect=true;TrendEpsilon=true;AckSilenceDecay=false;FailurePenalty=0.5;,64003,3119978,38.258092,4.238048,0.026227,0.186579,0,23
QSQMAODV,26,40,39,3,50.0,0.25,0.333927,5.608246,76.284412,53.300377,30324,10126,2878104,52.635021,0.0,0.0,40,B_N40_pi025|Q1D0,5.0,0.85,300.0,16.0,0.0,0,0,0,0,0.1,0.9,15.0,0.92,1,1,1,1,1,1,1,1,1,1,0.05,40.324383,0.173992,0.410344,1.0,0.0,133364,10203,0,4.529487,17.871795,38.038462,44830.030423,MaxPaths=3;Alpha0=0.5;Gamma=0.9;Epsilon0=0.5;RewardW1=0.6;RewardW2=0.4;QueueRewardWeight=0.1;AdaptiveQueueWeight=true;QueueAwareSelect=true;TrendEpsilon=true;AckSilenceDecay=false;FailurePenalty=0.5;,107456,5214932,95.371138,10.61189,0.029683,0.209873,0,22
QSQMAODV,27,40,39,3,50.0,0.25,0.25775,4.328862,72.367244,77.341584,30324,7816,1865838,44.207466,0.0,0.0,40,B_N40_pi025|Q1D0,5.0,0.85,300.0,16.0,0.0,0,0,0,0,0.1,0.9,15.0,0.92,1,1,1,1,1,1,1,1,1,1,0.05,33.72691,0.177399,0.374318,1.0,0.0,90018,7019,0,4.432051,16.853846,37.803846,44307.428426,MaxPaths=3;Alpha0=0.5;Gamma=0.9;Epsilon0=0.5;RewardW1=0.6;RewardW2=0.4;QueueRewardWeight=0.1;AdaptiveQueueWeight=true;QueueAwareSelect=true;TrendEpsilon=true;AckSilenceDecay=false;FailurePenalty=0.5;,75810,3694058,87.523646,9.699335,0.02883,0.20303,0,9
QSQMAODV,28,40,39,3,50.0,0.25,0.252308,4.237477,93.107052,74.394653,30324,7651,2674416,64.731698,0.0,0.0,40,B_N40_pi025|Q1D0,5.0,0.85,300.0,16.0,0.0,0,0,0,0,0.1,0.9,15.0,0.92,1,1,1,1,1,1,1,1,1,1,0.05,69.969375,0.173418,0.408184,1.0,0.0,127495,9002,0,4.248718,16.2,37.385897,46641.446879,MaxPaths=3;Alpha0=0.5;Gamma=0.9;Epsilon0=0.5;RewardW1=0.6;RewardW2=0.4;QueueRewardWeight=0.1;AdaptiveQueueWeight=true;QueueAwareSelect=true;TrendEpsilon=true;AckSilenceDecay=false;FailurePenalty=0.5;,103171,5016580,121.421552,13.484643,0.027622,0.20966,0,14
QSQMAODV,29,40,39,3,50.0,0.25,0.231401,3.988611,63.192226,63.108926,30324,7017,3908396,103.146222,0.0,0.0,40,B_N40_pi025|Q1D0,5.0,0.85,300.0,16.0,0.0,0,0,0,0,0.1,0.9,15.0,0.92,1,1,1,1,1,1,1,1,1,1,0.05,38.165683,0.284117,0.548659,1.0,0.0,126656,16867,0,4.197436,17.916667,38.084615,45065.648831,MaxPaths=3;Alpha0=0.5;Gamma=0.9;Epsilon0=0.5;RewardW1=0.6;RewardW2=0.4;QueueRewardWeight=0.1;AdaptiveQueueWeight=true;QueueAwareSelect=true;TrendEpsilon=true;AckSilenceDecay=false;FailurePenalty=0.5;,154067,7558208,199.46817,21.956249,0.048901,0.306296,0,22
QSQMAODV,3,40,39,3,50.0,0.25,0.300224,5.042215,83.528298,69.847035,30324,9104,3433268,69.836376,0.0,0.0,40,B_N40_pi025|Q1D0,5.0,0.85,300.0,16.0,0.0,0,0,0,0,0.1,0.9,15.0,0.92,1,1,1,1,1,1,1,1,1,1,0.05,38.431874,0.239475,0.495911,1.0,0.0,124812,15392,0,5.241026,20.371795,38.325641,47166.525338,MaxPaths=3;Alpha0=0.5;Gamma=0.9;Epsilon0=0.5;RewardW1=0.6;RewardW2=0.4;QueueRewardWeight=0.1;AdaptiveQueueWeight=true;QueueAwareSelect=true;TrendEpsilon=true;AckSilenceDecay=false;FailurePenalty=0.5;,133161,6496064,132.136952,14.626648,0.036082,0.259503,0,17
QSQMAODV,30,40,39,3,50.0,0.25,0.196577,3.388358,103.696433,41.716958,30324,5961,1851812,57.528627,0.0,0.0,40,B_N40_pi025|Q1D0,5.0,0.85,300.0,16.0,0.0,0,0,0,0,0.1,0.9,15.0,0.92,1,1,1,1,1,1,1,1,1,1,0.05,24.402944,0.108825,0.30614,1.0,0.0,90445,4289,0,4.579487,17.7,37.965385,47408.470661,MaxPaths=3;Alpha0=0.5;Gamma=0.9;Epsilon0=0.5;RewardW1=0.6;RewardW2=0.4;QueueRewardWeight=0.1;AdaptiveQueueWeight=true;QueueAwareSelect=true;TrendEpsilon=true;AckSilenceDecay=false;FailurePenalty=0.5;,77538,3790304,117.750067,13.007549,0.022829,0.155385,0,7
QSQMAODV,4,40,39,3,50.0,0.25,0.155685,2.756043,129.178209,107.273644,30324,4721,2733662,107.230185,0.0,0.0,40,B_N40_pi025|Q1D0,5.0,0.85,300.0,16.0,0.0,0,0,0,0,0.1,0.9,15.0,0.92,1,1,1,1,1,1,1,1,1,1,0.05,29.657628,0.218741,0.468947,1.0,0.0,107375,10831,0,4.730769,17.823077,38.138462,44585.861062,MaxPaths=3;Alpha0=0.5;Gamma=0.9;Epsilon0=0.5;RewardW1=0.6;RewardW2=0.4;QueueRewardWeight=0.1;AdaptiveQueueWeight=true;QueueAwareSelect=true;TrendEpsilon=true;AckSilenceDecay=false;FailurePenalty=0.5;,108635,5290150,207.510571,23.011015,0.03317,0.235805,0,15
QSQMAODV,5,40,39,3,50.0,0.25,0.31635,5.313046,60.522325,62.037469,30324,9593,2671454,51.570281,0.0,0.0,40,B_N40_pi025|Q1D0,5.0,0.85,300.0,16.0,0.0,0,0,0,0,0.1,0.9,15.0,0.92,1,1,1,1,1,1,1,1,1,1,0.05,35.094344,0.198086,0.423958,1.0,0.0,113497,10466,0,5.14359,18.726923,38.091026,40699.174161,MaxPaths=3;Alpha0=0.5;Gamma=0.9;Epsilon0=0.5;RewardW1=0.6;RewardW2=0.4;QueueRewardWeight=0.1;AdaptiveQueueWeight=true;QueueAwareSelect=true;TrendEpsilon=true;AckSilenceDecay=false;FailurePenalty=0.5;,105785,5174138,99.882592,11.027312,0.0337,0.225781,0,21
QSQMAODV,6,40,39,3,50.0,0.25,0.327331,5.497477,57.491314,50.906049,30324,9926,3754892,70.053432,0.0,0.0,40,B_N40_pi025|Q1D0,5.0,0.85,300.0,16.0,0.0,0,0,0,0,0.1,0.9,15.0,0.92,1,1,1,1,1,1,1,1,1,1,0.05,58.301236,0.221755,0.48578,1.0,0.0,154246,13515,0,4.673077,17.975641,37.770513,43873.434179,MaxPaths=3;Alpha0=0.5;Gamma=0.9;Epsilon0=0.5;RewardW1=0.6;RewardW2=0.4;QueueRewardWeight=0.1;AdaptiveQueueWeight=true;QueueAwareSelect=true;TrendEpsilon=true;AckSilenceDecay=false;FailurePenalty=0.5;,142753,6974620,130.122536,14.381725,0.037551,0.262082,0,25
QSQMAODV,7,40,39,3,50.0,0.25,0.283307,4.758092,47.484894,42.354474,30324,8591,3602168,77.647323,0.0,0.0,40,B_N40_pi025|Q1D0,5.0,0.85,300.0,16.0,0.0,0,0,0,0,0.1,0.9,15.0,0.92,1,1,1,1,1,1,1,1,1,1,0.05,42.687634,0.21093,0.489311,1.0,0.0,128700,13602,0,4.529487,18.334615,38.108974,51157.007543,MaxPaths=3;Alpha0=0.5;Gamma=0.9;Epsilon0=0.5;RewardW1=0.6;RewardW2=0.4;QueueRewardWeight=0.1;AdaptiveQueueWeight=true;QueueAwareSelect=true;TrendEpsilon=true;AckSilenceDecay=false;FailurePenalty=0.5;,139548,6801714,146.615838,16.243511,0.032235,0.238352,0,23
QSQMAODV,8,40,39,3,50.0,0.25,0.191202,3.2112,60.64756,60.748367,30324,5798,1800598,57.510189,0.0,0.0,40,B_N40_pi025|Q1D0,5.0,0.85,300.0,16.0,0.0,0,0,0,0,0.1,0.9,15.0,0.92,1,1,1,1,1,1,1,1,1,1,0.05,27.996252,0.167124,0.368165,1.0,0.0,74414,7344,0,4.987179,17.914103,37.753846,47125.491912,MaxPaths=3;Alpha0=0.5;Gamma=0.9;Epsilon0=0.5;RewardW1=0.6;RewardW2=0.4;QueueRewardWeight=0.1;AdaptiveQueueWeight=true;QueueAwareSelect=true;TrendEpsilon=true;AckSilenceDecay=false;FailurePenalty=0.5;,70093,3411018,108.946188,12.089169,0.023551,0.172328,0,22
QSQMAODV,9,40,39,3,50.0,0.25,0.307347,5.161846,87.779702,83.320805,30324,9320,2550962,50.686735,0.0,0.0,40,B_N40_pi025|Q1D0,5.0,0.85,300.0,16.0,0.0,0,0,0,0,0.1,0.9,15.0,0.92,1,1,1,1,1,1,1,1,1,1,0.05,39.179406,0.236791,0.454544,1.0,0.0,100288,12157,0,4.867949,17.034615,38.008974,44543.640661,MaxPaths=3;Alpha0=0.5;Gamma=0.9;Epsilon0=0.5;RewardW1=0.6;RewardW2=0.4;QueueRewardWeight=0.1;AdaptiveQueueWeight=true;QueueAwareSelect=true;TrendEpsilon=true;AckSilenceDecay=false;FailurePenalty=0.5;,103036,5029920,99.942775,11.055365,0.036515,0.252969,0,24
QSQMAODV,1,40,39,3,50.0,0.25,0.169074,2.839569,98.943823,101.967085,30324,5127,3443240,124.368449,0.0,0.0,40,B_N40_pi025|Q1D1,5.0,0.85,300.0,16.0,0.0,0,0,0,0,0.1,0.9,15.0,0.92,1,1,1,1,1,1,1,1,1,1,0.05,47.070015,0.271491,0.534343,1.0,0.0,130175,14992,0,5.021795,18.353846,37.830769,46973.135287,MaxPaths=3;Alpha0=0.5;Gamma=0.9;Epsilon0=0.5;RewardW1=0.6;RewardW2=0.4;QueueRewardWeight=0.1;AdaptiveQueueWeight=true;QueueAwareSelect=true;TrendEpsilon=true;AckSilenceDecay=true;FailurePenalty=0.5;,131155,6408638,231.477436,25.581237,0.047666,0.302558,44723,26
QSQMAODV,10,40,39,3,50.0,0.25,0.473948,7.959877,16.15741,16.123531,30324,14372,871334,11.227258,0.0,0.0,40,B_N40_pi025|Q1D1,5.0,0.85,300.0,16.0,0.0,0,0,0,0,0.1,0.9,15.0,0.92,1,1,1,1,1,1,1,1,1,1,0.05,10.036438,0.017251,0.143291,1.0,0.0,73087,894,0,4.180769,16.15,37.582051,44499.101968,MaxPaths=3;Alpha0=0.5;Gamma=0.9;Epsilon0=0.5;RewardW1=0.6;RewardW2=0.4;QueueRewardWeight=0.1;AdaptiveQueueWeight=true;QueueAwareSelect=true;TrendEpsilon=true;AckSilenceDecay=true;FailurePenalty=0.5;,32553,1554170,20.025693,2.265029,0.004334,0.054313,13174,0
QSQMAODV,11,40,39,3,50.0,0.25,0.405421,6.808985,54.666507,53.037916,30324,12294,2322674,34.986564,0.0,0.0,40,B_N40_pi025|Q1D1,5.0,0.85,300.0,16.0,0.0,0,0,0,0,0.1,0.9,15.0,0.92,1,1,1,1,1,1,1,1,1,1,0.05,35.309771,0.15732,0.381514,1.0,0.0,118161,6606,0,4.919231,17.382051,37.766667,43624.080201,MaxPaths=3;Alpha0=0.5;Gamma=0.9;Epsilon0=0.5;RewardW1=0.6;RewardW2=0.4;QueueRewardWeight=0.1;AdaptiveQueueWeight=true;QueueAwareSelect=true;TrendEpsilon=true;AckSilenceDecay=true;FailurePenalty=0.5;,87715,4264214,64.232086,7.134781,0.044893,0.210055,42362,14
QSQMAODV,12,40,39,3,50.0,0.25,0.254782,4.279015,101.448496,92.41868,30324,7726,3025132,72.50966,0.0,0.0,40,B_N40_pi025|Q1D1,5.0,0.85,300.0,16.0,0.0,0,0,0,0,0.1,0.9,15.0,0.92,1,1,1,1,1,1,1,1,1,1,0.05,53.99813,0.222119,0.482218,1.0,0.0,112734,12528,0,5.139744,19.394872,38.239744,49553.615743,MaxPaths=3;Alpha0=0.5;Gamma=0.9;Epsilon0=0.5;RewardW1=0.6;RewardW2=0.4;QueueRewardWeight=0.1;AdaptiveQueueWeight=true;QueueAwareSelect=true;TrendEpsilon=true;AckSilenceDecay=true;FailurePenalty=0.5;,115559,5615684,134.602832,14.957158,0.031511,0.234329,36582,31
QSQMAODV,13,40,39,3,50.0,0.25,0.344677,5.7888,59.902474,57.515654,30324,10452,1885506,33.406791,0.0,0.0,40,B_N40_pi025|Q1D1,5.0,0.85,300.0,16.0,0.0,0,0,0,0,0.1,0.9,15.0,0.92,1,1,1,1,1,1,1,1,1,1,0.05,29.004662,0.173125,0.375606,1.0,0.0,91764,7393,0,5.116667,19.062821,38.3,48813.335603,MaxPaths=3;Alpha0=0.5;Gamma=0.9;Epsilon0=0.5;RewardW1=0.6;RewardW2=0.4;QueueRewardWeight=0.1;AdaptiveQueueWeight=true;QueueAwareSelect=true;TrendEpsilon=true;AckSilenceDecay=true;FailurePenalty=0.5;,71287,3453262,61.183789,6.820417,0.023865,0.18441,41973,13
QSQMAODV,14,40,39,3,50.0,0.25,0.244295,4.102892,80.513313,83.576576,30324,7408,4423388,110.575854,0.0,0.0,40,B_N40_pi025|Q1D1,5.0,0.85,300.0,16.0,0.0,0,0,0,0,0.1,0.9,15.0,0.92,1,1,1,1,1,1,1,1,1,1,0.05,54.63033,0.258585,0.518268,1.0,0.0,160829,18255,0,4.50641,16.624359,37.552564,46582.542217,MaxPaths=3;Alpha0=0.5;Gamma=0.9;Epsilon0=0.5;RewardW1=0.6;RewardW2=0.4;QueueRewardWeight=0.1;AdaptiveQueueWeight=true;QueueAwareSelect=true;TrendEpsilon=true;AckSilenceDecay=true;FailurePenalty=0.5;,172780,8471856,211.779458,23.323434,0.050077,0.296668,38225,25
QSQMAODV,15,40,39,3,50.0,0.25,0.225861,3.793292,59.072351,63.006061,30324,6849,4376314,118.328007,0.0,0.0,40,B_N40_pi025|Q1D1,5.0,0.85,300.0,16.0,0.0,0,0,0,0,0.1,0.9,15.0,0.92,1,1,1,1,1,1,1,1,1,1,0.05,49.183338,0.285327,0.575858,1.0,0.0,183201,19029,0,4.205128,17.779487,37.776923,46198.242591,MaxPaths=3;Alpha0=0.5;Gamma=0.9;Epsilon0=0.5;RewardW1=0.6;RewardW2=0.4;QueueRewardWeight=0.1;AdaptiveQueueWeight=true;QueueAwareSelect=true;TrendEpsilon=true;AckSilenceDecay=true;FailurePenalty=0.5;,170627,8355862,225.928143,24.912688,0.10476,0.36403,40758,32
QSQMAODV,16,40,39,3,50.0,0.25,0.361034,6.5688,23.909615,20.13638,30324,10948,2243604,37.950514,0.0,0.0,40,B_N40_pi025|Q1D1,5.0,0.85,300.0,16.0,0.0,0,0,0,0,0.1,0.9,15.0,0.92,1,1,1,1,1,1,1,1,1,1,0.05,20.974274,0.174916,0.370298,1.0,0.0,101817,8494,0,4.392308,17.798718,37.935897,47891.422584,MaxPaths=3;Alpha0=0.5;Gamma=0.9;Epsilon0=0.5;RewardW1=0.6;RewardW2=0.4;QueueRewardWeight=0.1;AdaptiveQueueWeight=true;QueueAwareSelect=true;TrendEpsilon=true;AckSilenceDecay=true;FailurePenalty=0.5;,84669,4121224,69.710416,7.733741,0.034457,0.208266,27306,9
QSQMAODV,17,40,39,3,50.0,0.25,0.273051,4.585846,57.192714,53.995706,30324,8280,1878458,42.01239,0.0,0.0,40,B_N40_pi025|Q1D1,5.0,0.85,300.0,16.0,0.0,0,0,0,0,0.1,0.9,15.0,0.92,1,1,1,1,1,1,1,1,1,1,0.05,24.872838,0.193413,0.393507,1.0,0.0,85728,7694,0,4.794872,17.575641,38.305128,42102.914699,MaxPaths=3;Alpha0=0.5;Gamma=0.9;Epsilon0=0.5;RewardW1=0.6;RewardW2=0.4;QueueRewardWeight=0.1;AdaptiveQueueWeight=true;QueueAwareSelect=true;TrendEpsilon=true;AckSilenceDecay=true;FailurePenalty=0.5;,77385,3766536,84.239936,9.346014,0.031826,0.216804,34988,13
QSQMAODV,18,40,39,3,50.0,0.25,0.265367,4.574084,30.916779,37.492384,30324,8047,1361654,31.335671,0.0,0.0,40,B_N40_pi025|Q1D1,5.0,0.85,300.0,16.0,0.0,0,0,0,0,0.1,0.9,15.0,0.92,1,1,1,1,1,1,1,1,1,1,0.05,14.504018,0.119483,0.290828,1.0,0.0,75798,3647,0,4.542308,17.075641,37.641026,45453.021689,MaxPaths=3;Alpha0=0.5;Gamma=0.9;Epsilon0=0.5;RewardW1=0.6;RewardW2=0.4;QueueRewardWeight=0.1;AdaptiveQueueWeight=true;QueueAwareSelect=true;TrendEpsilon=true;AckSilenceDecay=true;FailurePenalty=0.5;,53435,2584450,59.475811,6.640363,0.018868,0.147072,30197,6
QSQMAODV,19,40,39,3,50.0,0.25,0.41848,7.028308,41.04268,37.423942,30324,12690,2557856,37.326796,0.0,0.0,40,B_N40_pi025|Q1D1,5.0,0.85,300.0,16.0,0.0,0,0,0,0,0.1,0.9,15.0,0.92,1,1,1,1,1,1,1,1,1,1,0.05,36.603072,0.201266,0.43913,1.0,0.0,114246,10076,0,4.292308,17.108974,38.266667,42351.729677,MaxPaths=3;Alpha0=0.5;Gamma=0.9;Epsilon0=0.5;RewardW1=0.6;RewardW2=0.4;QueueRewardWeight=0.1;AdaptiveQueueWeight=true;QueueAwareSelect=true;TrendEpsilon=true;AckSilenceDecay=true;FailurePenalty=0.5;,97974,4756120,69.406065,7.720567,0.032258,0.238666,42646,26
QSQMAODV,2,40,39,3,50.0,0.25,0.178736,3.001846,93.325666,87.359035,30324,5420,4831776,165.087331,0.0,0.0,40,B_N40_pi025|Q1D1,5.0,0.85,300.0,16.0,0.0,0,0,0,0,0.1,0.9,15.0,0.92,1,1,1,1,1,1,1,1,1,1,0.05,77.086862,0.271211,0.542392,1.0,0.0,165602,20527,0,5.25641,18.221795,37.553846,46473.394556,MaxPaths=3;Alpha0=0.5;Gamma=0.9;Epsilon0=0.5;RewardW1=0.6;RewardW2=0.4;QueueRewardWeight=0.1;AdaptiveQueueWeight=true;QueueAwareSelect=true;TrendEpsilon=true;AckSilenceDecay=true;FailurePenalty=0.5;,181466,8892632,303.834632,33.480812,0.044501,0.297106,52888,38
QSQMAODV,20,40,39,3,50.0,0.25,0.403212,6.771877,38.86901,36.88001,30324,12227,2565182,38.851207,0.0,0.0,40,B_N40_pi025|Q1D1,5.0,0.85,300.0,16.0,0.0,0,0,0,0,0.1,0.9,15.0,0.92,1,1,1,1,1,1,1,1,1,1,0.05,32.651192,0.186929,0.420445,1.0,0.0,130869,8446,0,4.580769,18.165385,38.025641,47717.008467,MaxPaths=3;Alpha0=0.5;Gamma=0.9;Epsilon0=0.5;RewardW1=0.6;RewardW2=0.4;QueueRewardWeight=0.1;AdaptiveQueueWeight=true;QueueAwareSelect=true;TrendEpsilon=true;AckSilenceDecay=true;FailurePenalty=0.5;,96176,4673314,70.780119,7.865871,0.063689,0.24123,28827,21
QSQMAODV,21,40,39,3,50.0,0.25,0.392198,6.586892,30.973349,30.473241,30324,11893,2440302,37.997795,0.0,0.0,40,B_N40_pi025|Q1D1,5.0,0.85,300.0,16.0,0.0,0,0,0,0,0.1,0.9,15.0,0.92,1,1,1,1,1,1,1,1,1,1,0.05,26.38828,0.235497,0.413138,1.0,0.0,110692,11511,0,4.255128,16.539744,37.567949,47861.64777,MaxPaths=3;Alpha0=0.5;Gamma=0.9;Epsilon0=0.5;RewardW1=0.6;RewardW2=0.4;QueueRewardWeight=0.1;AdaptiveQueueWeight=true;QueueAwareSelect=true;TrendEpsilon=true;AckSilenceDecay=true;FailurePenalty=0.5;,99579,4875802,75.920819,8.372908,0.038063,0.244113,42315,16
QSQMAODV,22,40,39,3,50.0,0.25,0.137581,2.310646,179.603502,170.270766,30324,4172,5805384,257.687227,0.0,0.0,40,B_N40_pi025|Q1D1,5.0,0.85,300.0,16.0,0.0,0,0,0,0,0.1,0.9,15.0,0.92,1,1,1,1,1,1,1,1,1,1,0.05,97.346276,0.341403,0.62295,1.0,0.0,180383,28373,0,4.929487,19.537179,38.542308,42304.929858,MaxPaths=3;Alpha0=0.5;Gamma=0.9;Epsilon0=0.5;RewardW1=0.6;RewardW2=0.4;QueueRewardWeight=0.1;AdaptiveQueueWeight=true;QueueAwareSelect=true;TrendEpsilon=true;AckSilenceDecay=true;FailurePenalty=0.5;,217528,10621832,471.47793,52.139981,0.068172,0.367264,55434,43
QSQMAODV,23,40,39,3,50.0,0.25,0.348338,5.850277,53.890022,44.809619,30324,10563,2011346,35.261903,0.0,0.0,40,B_N40_pi025|Q1D1,5.0,0.85,300.0,16.0,0.0,0,0,0,0,0.1,0.9,15.0,0.92,1,1,1,1,1,1,1,1,1,1,0.05,30.632614,0.210961,0.413005,1.0,0.0,83944,8739,0,4.797436,17.689744,37.732051,44392.80629,MaxPaths=3;Alpha0=0.5;Gamma=0.9;Epsilon0=0.5;RewardW1=0.6;RewardW2=0.4;QueueRewardWeight=0.1;AdaptiveQueueWeight=true;QueueAwareSelect=true;TrendEpsilon=true;AckSilenceDecay=true;FailurePenalty=0.5;,81192,3963752,69.4905,7.686453,0.033678,0.222245,41919,11
QSQMAODV,24,40,39,3,50.0,0.25,0.298905,5.020062,46.465435,40.339736,30324,9064,3007700,61.449855,0.0,0.0,40,B_N40_pi025|Q1D1,5.0,0.85,300.0,16.0,0.0,0,0,0,0,0.1,0.9,15.0,0.92,1,1,1,1,1,1,1,1,1,1,0.05,38.635978,0.221802,0.454241,1.0,0.0,120929,13105,0,4.560256,17.720513,38.070513,49035.655511,MaxPaths=3;Alpha0=0.5;Gamma=0.9;Epsilon0=0.5;RewardW1=0.6;RewardW2=0.4;QueueRewardWeight=0.1;AdaptiveQueueWeight=true;QueueAwareSelect=true;TrendEpsilon=true;AckSilenceDecay=true;FailurePenalty=0.5;,120052,5875304,120.037429,13.244925,0.036986,0.248116,45045,25
QSQMAODV,25,40,39,3,50.0,0.25,0.456899,7.673538,33.381073,28.979329,30324,13855,1174814,15.702501,0.0,0.0,40,B_N40_pi025|Q1D1,5.0,0.85,300.0,16.0,0.0,0,0,0,0,0.1,0.9,15.0,0.92,1,1,1,1,1,1,1,1,1,1,0.05,18.512404,0.131923,0.283071,1.0,0.0,72219,4497,0,4.626923,17.707692,38.120513,47003.82278,MaxPaths=3;Alpha0=0.5;Gamma=0.9;Epsilon0=0.5;RewardW1=0.6;RewardW2=0.4;QueueRewardWeight=0.1;AdaptiveQueueWeight=true;QueueAwareSelect=true;TrendEpsilon=true;AckSilenceDecay=true;FailurePenalty=0.5;,47365,2289574,30.602323,3.418621,0.020424,0.147025,26336,15
QSQMAODV,26,40,39,3,50.0,0.25,0.366278,6.151569,39.93899,36.674264,30324,11107,2532854,42.229858,0.0,0.0,40,B_N40_pi025|Q1D1,5.0,0.85,300.0,16.0,0.0,0,0,0,0,0.1,0.9,15.0,0.92,1,1,1,1,1,1,1,1,1,1,0.05,32.808713,0.181304,0.410051,1.0,0.0,118208,9344,0,4.529487,17.871795,38.038462,44830.030423,MaxPaths=3;Alpha0=0.5;Gamma=0.9;Epsilon0=0.5;RewardW1=0.6;RewardW2=0.4;QueueRewardWeight=0.1;AdaptiveQueueWeight=true;QueueAwareSelect=true;TrendEpsilon=true;AckSilenceDecay=true;FailurePenalty=0.5;,96884,4709010,78.51255,8.722787,0.031534,0.218617,39190,13
QSQMAODV,27,40,39,3,50.0,0.25,0.338445,5.684123,42.285295,40.565433,30324,10263,2269418,40.949293,0.0,0.0,40,B_N40_pi025|Q1D1,5.0,0.85,300.0,16.0,0.0,0,0,0,0,0.1,0.9,15.0,0.92,1,1,1,1,1,1,1,1,1,1,0.05,28.50777,0.172345,0.382572,1.0,0.0,111995,8163,0,4.432051,16.853846,37.803846,44307.428426,MaxPaths=3;Alpha0=0.5;Gamma=0.9;Epsilon0=0.5;RewardW1=0.6;RewardW2=0.4;QueueRewardWeight=0.1;AdaptiveQueueWeight=true;QueueAwareSelect=true;TrendEpsilon=true;AckSilenceDecay=true;FailurePenalty=0.5;,87440,4258858,76.846673,8.519926,0.029397,0.208411,39218,10
QSQMAODV,28,40,39,3,50.0,0.25,0.365585,6.139938,81.048518,75.800515,30324,11086,1993236,33.295849,0.0,0.0,40,B_N40_pi025|Q1D1,5.0,0.85,300.0,16.0,0.0,0,0,0,0,0.1,0.9,15.0,0.92,1,1,1,1,1,1,1,1,1,1,0.05,39.033923,0.167904,0.382781,1.0,0.0,101632,6953,0,4.248718,16.2,37.385897,46641.446879,MaxPaths=3;Alpha0=0.5;Gamma=0.9;Epsilon0=0.5;RewardW1=0.6;RewardW2=0.4;QueueRewardWeight=0.1;AdaptiveQueueWeight=true;QueueAwareSelect=true;TrendEpsilon=true;AckSilenceDecay=true;FailurePenalty=0.5;,77727,3770128,62.977796,7.011275,0.02614,0.200778,38646,11
QSQMAODV,29,40,39,3,50.0,0.25,0.235424,3.953908,54.41342,54.515831,30324,7139,2451812,63.59984,0.0,0.0,40,B_N40_pi025|Q1D1,5.0,0.85,300.0,16.0,0.0,0,0,0,0,0.1,0.9,15.0,0.92,1,1,1,1,1,1,1,1,1,1,0.05,24.2394,0.234599,0.464614,1.0,0.0,91477,10256,0,4.197436,17.916667,38.084615,45065.648831,MaxPaths=3;Alpha0=0.5;Gamma=0.9;Epsilon0=0.5;RewardW1=0.6;RewardW2=0.4;QueueRewardWeight=0.1;AdaptiveQueueWeight=true;QueueAwareSelect=true;TrendEpsilon=true;AckSilenceDecay=true;FailurePenalty=0.5;,99096,4864316,126.180034,13.880936,0.035898,0.245139,43195,26
QSQMAODV,3,40,39,3,50.0,0.25,0.287132,4.822338,65.537761,57.42192,30324,8707,3797836,80.77443,0.0,0.0,40,B_N40_pi025|Q1D1,5.0,0.85,300.0,16.0,0.0,0,0,0,0,0.1,0.9,15.0,0.92,1,1,1,1,1,1,1,1,1,1,0.05,46.104355,0.248312,0.51754,1.0,0.0,134027,16726,0,5.241026,20.371795,38.325641,47166.525338,MaxPaths=3;Alpha0=0.5;Gamma=0.9;Epsilon0=0.5;RewardW1=0.6;RewardW2=0.4;QueueRewardWeight=0.1;AdaptiveQueueWeight=true;QueueAwareSelect=true;TrendEpsilon=true;AckSilenceDecay=true;FailurePenalty=0.5;,146437,7148356,152.035102,16.818307,0.037387,0.268762,44300,16
QSQMAODV,30,40,39,3,50.0,0.25,0.212406,3.6612,115.828494,70.313091,30324,6441,2447472,70.367265,0.0,0.0,40,B_N40_pi025|Q1D1,5.0,0.85,300.0,16.0,0.0,0,0,0,0,0.1,0.9,15.0,0.92,1,1,1,1,1,1,1,1,1,1,0.05,24.669607,0.174745,0.399771,1.0,0.0,102468,7817,0,4.579487,17.7,37.965385,47408.470661,MaxPaths=3;Alpha0=0.5;Gamma=0.9;Epsilon0=0.5;RewardW1=0.6;RewardW2=0.4;QueueRewardWeight=0.1;AdaptiveQueueWeight=true;QueueAwareSelect=true;TrendEpsilon=true;AckSilenceDecay=true;FailurePenalty=0.5;,100890,4947416,142.243153,15.663717,0.034199,0.216914,37641,22
QSQMAODV,4,40,39,3,50.0,0.25,0.200007,3.359077,100.940965,107.743648,30324,6065,2143028,65.433971,0.0,0.0,40,B_N40_pi025|Q1D1,5.0,0.85,300.0,16.0,0.0,0,0,0,0,0.1,0.9,15.0,0.92,1,1,1,1,1,1,1,1,1,1,0.05,22.103068,0.186948,0.397659,1.0,0.0,97388,8037,0,4.730769,17.823077,38.138462,44585.861062,MaxPaths=3;Alpha0=0.5;Gamma=0.9;Epsilon0=0.5;RewardW1=0.6;RewardW2=0.4;QueueRewardWeight=0.1;AdaptiveQueueWeight=true;QueueAwareSelect=true;TrendEpsilon=true;AckSilenceDecay=true;FailurePenalty=0.5;,84878,4120024,125.798418,13.994724,0.030224,0.204465,42759,6
QSQMAODV,5,40,39,3,50.0,0.25,0.284164,4.898084,59.390455,54.289407,30324,8617,2922476,62.805995,0.0,0.0,40,B_N40_pi025|Q1D1,5.0,0.85,300.0,16.0,0.0,0,0,0,0,0.1,0.9,15.0,0.92,1,1,1,1,1,1,1,1,1,1,0.05,34.412188,0.270593,0.499582,1.0,0.0,102710,14096,0,5.14359,18.726923,38.091026,40699.174161,MaxPaths=3;Alpha0=0.5;Gamma=0.9;Epsilon0=0.5;RewardW1=0.6;RewardW2=0.4;QueueRewardWeight=0.1;AdaptiveQueueWeight=true;QueueAwareSelect=true;TrendEpsilon=true;AckSilenceDecay=true;FailurePenalty=0.5;,120628,5923084,127.2911,13.99884,0.045894,0.281463,26485,22
QSQMAODV,6,40,39,3,50.0,0.25,0.272721,4.580308,78.426521,80.429096,30324,8270,5111066,114.449057,0.0,0.0,40,B_N40_pi025|Q1D1,5.0,0.85,300.0,16.0,0.0,0,0,0,0,0.1,0.9,15.0,0.92,1,1,1,1,1,1,1,1,1,1,0.05,77.646753,0.263662,0.546089,1.0,0.0,178022,19403,0,4.673077,17.975641,37.770513,43873.434179,MaxPaths=3;Alpha0=0.5;Gamma=0.9;Epsilon0=0.5;RewardW1=0.6;RewardW2=0.4;QueueRewardWeight=0.1;AdaptiveQueueWeight=true;QueueAwareSelect=true;TrendEpsilon=true;AckSilenceDecay=true;FailurePenalty=0.5;,193655,9481666,212.3173,23.416566,0.046688,0.299888,51617,33
QSQMAODV,7,40,39,3,50.0,0.25,0.308139,5.175138,30.521681,26.845487,30324,9344,2553646,50.60974,0.0,0.0,40,B_N40_pi025|Q1D1,5.0,0.85,300.0,16.0,0.0,0,0,0,0,0.1,0.9,15.0,0.92,1,1,1,1,1,1,1,1,1,1,0.05,27.654605,0.155802,0.392631,1.0,0.0,113700,8361,0,4.529487,18.334615,38.108974,51157.007543,MaxPaths=3;Alpha0=0.5;Gamma=0.9;Epsilon0=0.5;RewardW1=0.6;RewardW2=0.4;QueueRewardWeight=0.1;AdaptiveQueueWeight=true;QueueAwareSelect=true;TrendEpsilon=true;AckSilenceDecay=true;FailurePenalty=0.5;,96895,4704646,93.239591,10.369756,0.024283,0.183678,37703,14
QSQMAODV,8,40,39,3,50.0,0.25,0.214121,3.596123,57.26707,53.25766,30324,6493,1853406,52.860516,0.0,0.0,40,B_N40_pi025|Q1D1,5.0,0.85,300.0,16.0,0.0,0,0,0,0,0.1,0.9,15.0,0.92,1,1,1,1,1,1,1,1,1,1,0.05,27.466042,0.16731,0.369878,1.0,0.0,81734,7927,0,4.987179,17.914103,37.753846,47125.491912,MaxPaths=3;Alpha0=0.5;Gamma=0.9;Epsilon0=0.5;RewardW1=0.6;RewardW2=0.4;QueueRewardWeight=0.1;AdaptiveQueueWeight=true;QueueAwareSelect=true;TrendEpsilon=true;AckSilenceDecay=true;FailurePenalty=0.5;,72987,3558002,101.476861,11.240875,0.024793,0.182869,35589,19
QSQMAODV,9,40,39,3,50.0,0.25,0.340918,5.725662,79.141566,68.039128,30324,10338,3392654,60.772805,0.0,0.0,40,B_N40_pi025|Q1D1,5.0,0.85,300.0,16.0,0.0,0,0,0,0,0.1,0.9,15.0,0.92,1,1,1,1,1,1,1,1,1,1,0.05,44.932633,0.243293,0.484747,1.0,0.0,130522,14795,0,4.867949,17.034615,38.008974,44543.640661,MaxPaths=3;Alpha0=0.5;Gamma=0.9;Epsilon0=0.5;RewardW1=0.6;RewardW2=0.4;QueueRewardWeight=0.1;AdaptiveQueueWeight=true;QueueAwareSelect=true;TrendEpsilon=true;AckSilenceDecay=true;FailurePenalty=0.5;,132997,6495590,116.355875,12.864867,0.04021,0.272831,45716,29
QMAODV,1,40,39,3,50.0,0.25,0.196577,3.301477,64.983898,67.348515,30324,5961,5172348,160.684822,0.0,0.0,40,B_N40_pi025|QMAODV,5.0,0.85,300.0,16.0,0.0,0,0,0,0,0.1,0.9,15.0,0.92,1,1,1,1,1,1,1,1,1,1,0.05,58.361158,0.0,0.0,0.0,0.0,0,0,0,5.021795,18.353846,37.830769,46973.135287,MaxPaths=3;Alpha0=0.5;Gamma=0.9;Epsilon0=0.5;RewardW1=0.6;RewardW2=0.4;,194753,9548306,296.62889,32.671196,0.0,0.0,0,0
QMAODV,10,40,39,3,50.0,0.25,0.385767,6.478892,64.571025,63.255817,30324,11698,2009422,31.810154,0.0,0.0,40,B_N40_pi025|QMAODV,5.0,0.85,300.0,16.0,0.0,0,0,0,0,0.1,0.9,15.0,0.92,1,1,1,1,1,1,1,1,1,1,0.05,22.80693,0.0,0.0,0.0,0.0,0,0,0,4.180769,16.15,37.582051,44499.101968,MaxPaths=3;Alpha0=0.5;Gamma=0.9;Epsilon0=0.5;RewardW1=0.6;RewardW2=0.4;,82208,4003814,63.382376,7.027526,0.0,0.0,0,0
QMAODV,11,40,39,3,50.0,0.25,0.416007,6.986769,54.922116,51.977965,30324,12615,2545532,37.367801,0.0,0.0,40,B_N40_pi025|QMAODV,5.0,0.85,300.0,16.0,0.0,0,0,0,0,0.1,0.9,15.0,0.92,1,1,1,1,1,1,1,1,1,1,0.05,34.943948,0.0,0.0,0.0,0.0,0,0,0,4.919231,17.382051,37.766667,43624.080201,MaxPaths=3;Alpha0=0.5;Gamma=0.9;Epsilon0=0.5;RewardW1=0.6;RewardW2=0.4;,92777,4495220,65.988755,7.354499,0.0,0.0,0,0
QMAODV,12,40,39,3,50.0,0.25,0.361958,6.079015,47.080778,44.006165,30324,10976,1573968,26.555718,0.0,0.0,40,B_N40_pi025|QMAODV,5.0,0.85,300.0,16.0,0.0,0,0,0,0,0.1,0.9,15.0,0.92,1,1,1,1,1,1,1,1,1,1,0.05,29.382615,0.0,0.0,0.0,0.0,0,0,0,5.139744,19.394872,38.239744,49553.615743,MaxPaths=3;Alpha0=0.5;Gamma=0.9;Epsilon0=0.5;RewardW1=0.6;RewardW2=0.4;,61495,2987066,50.397264,5.602679,0.0,0.0,0,0
QMAODV,13,40,39,3,50.0,0.25,0.362947,6.256042,137.296515,68.913854,30324,11006,2009664,33.814283,0.0,0.0,40,B_N40_pi025|QMAODV,5.0,0.85,300.0,16.0,0.0,0,0,0,0,0.1,0.9,15.0,0.92,1,1,1,1,1,1,1,1,1,1,0.05,33.856118,0.0,0.0,0.0,0.0,0,0,0,5.116667,19.062821,38.3,48813.335603,MaxPaths=3;Alpha0=0.5;Gamma=0.9;Epsilon0=0.5;RewardW1=0.6;RewardW2=0.4;,77287,3753344,63.153162,7.022261,0.0,0.0,0,0
QMAODV,14,40,39,3,50.0,0.25,0.296267,4.975754,54.544325,46.228084,30324,8984,1418592,29.24112,0.0,0.0,40,B_N40_pi025|QMAODV,5.0,0.85,300.0,16.0,0.0,0,0,0,0,0.1,0.9,15.0,0.92,1,1,1,1,1,1,1,1,1,1,0.05,27.354942,0.0,0.0,0.0,0.0,0,0,0,4.50641,16.624359,37.552564,46582.542217,MaxPaths=3;Alpha0=0.5;Gamma=0.9;Epsilon0=0.5;RewardW1=0.6;RewardW2=0.4;,57156,2779464,57.292471,6.361977,0.0,0.0,0,0
QMAODV,15,40,39,3,50.0,0.25,0.346788,5.824246,55.825425,45.861165,30324,10516,2812554,49.528655,0.0,0.0,40,B_N40_pi025|QMAODV,5.0,0.85,300.0,16.0,0.0,0,0,0,0,0.1,0.9,15.0,0.92,1,1,1,1,1,1,1,1,1,1,0.05,34.731036,0.0,0.0,0.0,0.0,0,0,0,4.205128,17.779487,37.776923,46198.242591,MaxPaths=3;Alpha0=0.5;Gamma=0.9;Epsilon0=0.5;RewardW1=0.6;RewardW2=0.4;,113930,5595602,98.537713,10.833967,0.0,0.0,0,0
QMAODV,16,40,39,3,50.0,0.25,0.283307,4.758092,82.912189,84.661215,30324,8591,4182726,90.161668,0.0,0.0,40,B_N40_pi025|QMAODV,5.0,0.85,300.0,16.0,0.0,0,0,0,0,0.1,0.9,15.0,0.92,1,1,1,1,1,1,1,1,1,1,0.05,61.779436,0.0,0.0,0.0,0.0,0,0,0,4.392308,17.798718,37.935897,47891.422584,MaxPaths=3;Alpha0=0.5;Gamma=0.9;Epsilon0=0.5;RewardW1=0.6;RewardW2=0.4;,159205,7760040,167.273245,18.531603,0.0,0.0,0,0
QMAODV,17,40,39,3,50.0,0.25,0.296201,4.974646,57.748667,52.405371,30324,8982,1699246,35.033977,0.0,0.0,40,B_N40_pi025|QMAODV,5.0,0.85,300.0,16.0,0.0,0,0,0,0,0.1,0.9,15.0,0.92,1,1,1,1,1,1,1,1,1,1,0.05,24.988666,0.0,0.0,0.0,0.0,0,0,0,4.794872,17.575641,38.305128,42102.914699,MaxPaths=3;Alpha0=0.5;Gamma=0.9;Epsilon0=0.5;RewardW1=0.6;RewardW2=0.4;,71663,3501930,72.200574,7.978513,0.0,0.0,0,0
QMAODV,18,40,39,3,50.0,0.25,0.194137,3.260492,55.575805,61.223886,30324,5887,3244260,102.053489,0.0,0.0,40,B_N40_pi025|QMAODV,5.0,0.85,300.0,16.0,0.0,0,0,0,0,0.1,0.9,15.0,0.92,1,1,1,1,1,1,1,1,1,1,0.05,33.568099,0.0,0.0,0.0,0.0,0,0,0,4.542308,17.075641,37.641026,45453.021689,MaxPaths=3;Alpha0=0.5;Gamma=0.9;Epsilon0=0.5;RewardW1=0.6;RewardW2=0.4;,127452,6250780,196.628478,21.649737,0.0,0.0,0,0
QMAODV,19,40,39,3,50.0,0.25,0.402882,6.766338,107.987745,44.637755,30324,12217,2189686,33.191242,0.0,0.0,40,B_N40_pi025|QMAODV,5.0,0.85,300.0,16.0,0.0,0,0,0,0,0.1,0.9,15.0,0.92,1,1,1,1,1,1,1,1,1,1,0.05,32.3782,0.0,0.0,0.0,0.0,0,0,0,4.292308,17.108974,38.266667,42351.729677,MaxPaths=3;Alpha0=0.5;Gamma=0.9;Epsilon0=0.5;RewardW1=0.6;RewardW2=0.4;,88941,4341894,65.814393,7.280101,0.0,0.0,0,0
QMAODV,2,40,39,3,50.0,0.25,0.233149,3.915692,168.558029,80.246229,30324,7070,4028562,105.520509,0.0,0.0,40,B_N40_pi025|QMAODV,5.0,0.85,300.0,16.0,0.0,0,0,0,0,0.1,0.9,15.0,0.92,1,1,1,1,1,1,1,1,1,1,0.05,57.48373,0.0,0.0,0.0,0.0,0,0,0,5.25641,18.221795,37.553846,46473.394556,MaxPaths=3;Alpha0=0.5;Gamma=0.9;Epsilon0=0.5;RewardW1=0.6;RewardW2=0.4;,154464,7578370,198.500969,21.847808,0.0,0.0,0,0
QMAODV,20,40,39,3,50.0,0.25,0.266258,4.471754,74.633065,69.391805,30324,8074,4286616,98.317783,0.0,0.0,40,B_N40_pi025|QMAODV,5.0,0.85,300.0,16.0,0.0,0,0,0,0,0.1,0.9,15.0,0.92,1,1,1,1,1,1,1,1,1,1,0.05,62.709089,0.0,0.0,0.0,0.0,0,0,0,4.580769,18.165385,38.025641,47717.008467,MaxPaths=3;Alpha0=0.5;Gamma=0.9;Epsilon0=0.5;RewardW1=0.6;RewardW2=0.4;,166179,8148064,186.883916,20.581992,0.0,0.0,0,0
QMAODV,21,40,39,3,50.0,0.25,0.311074,5.224431,104.836765,87.513246,30324,9433,3905978,76.680723,0.0,0.0,40,B_N40_pi025|QMAODV,5.0,0.85,300.0,16.0,0.0,0,0,0,0,0.1,0.9,15.0,0.92,1,1,1,1,1,1,1,1,1,1,0.05,55.995156,0.0,0.0,0.0,0.0,0,0,0,4.255128,16.539744,37.567949,47861.64777,MaxPaths=3;Alpha0=0.5;Gamma=0.9;Epsilon0=0.5;RewardW1=0.6;RewardW2=0.4;,155685,7612246,149.440813,16.504293,0.0,0.0,0,0
QMAODV,22,40,39,3,50.0,0.25,0.301345,5.061046,72.131525,63.981078,30324,9138,3637774,73.720929,0.0,0.0,40,B_N40_pi025|QMAODV,5.0,0.85,300.0,16.0,0.0,0,0,0,0,0.1,0.9,15.0,0.92,1,1,1,1,1,1,1,1,1,1,0.05,42.105868,0.0,0.0,0.0,0.0,0,0,0,4.929487,19.537179,38.542308,42304.929858,MaxPaths=3;Alpha0=0.5;Gamma=0.9;Epsilon0=0.5;RewardW1=0.6;RewardW2=0.4;,135527,6617324,134.102689,14.831145,0.0,0.0,0,0
QMAODV,23,40,39,3,50.0,0.25,0.326903,5.490277,76.703342,72.722948,30324,9913,3162550,59.079734,0.0,0.0,40,B_N40_pi025|QMAODV,5.0,0.85,300.0,16.0,0.0,0,0,0,0,0.1,0.9,15.0,0.92,1,1,1,1,1,1,1,1,1,1,0.05,47.081669,0.0,0.0,0.0,0.0,0,0,0,4.797436,17.689744,37.732051,44392.80629,MaxPaths=3;Alpha0=0.5;Gamma=0.9;Epsilon0=0.5;RewardW1=0.6;RewardW2=0.4;,122593,5980428,111.720636,12.366892,0.0,0.0,0,0
QMAODV,24,40,39,3,50.0,0.25,0.296069,4.972431,47.780535,46.197844,30324,8978,3195128,65.904474,0.0,0.0,40,B_N40_pi025|QMAODV,5.0,0.85,300.0,16.0,0.0,0,0,0,0,0.1,0.9,15.0,0.92,1,1,1,1,1,1,1,1,1,1,0.05,41.468498,0.0,0.0,0.0,0.0,0,0,0,4.560256,17.720513,38.070513,49035.655511,MaxPaths=3;Alpha0=0.5;Gamma=0.9;Epsilon0=0.5;RewardW1=0.6;RewardW2=0.4;,125537,6121708,126.269729,13.982736,0.0,0.0,0,0
QMAODV,25,40,39,3,50.0,0.25,0.483478,8.119938,39.90797,40.373198,30324,14661,1460530,18.448163,0.0,0.0,40,B_N40_pi025|QMAODV,5.0,0.85,300.0,16.0,0.0,0,0,0,0,0.1,0.9,15.0,0.92,1,1,1,1,1,1,1,1,1,1,0.05,21.150063,0.0,0.0,0.0,0.0,0,0,0,4.626923,17.707692,38.120513,47003.82278,MaxPaths=3;Alpha0=0.5;Gamma=0.9;Epsilon0=0.5;RewardW1=0.6;RewardW2=0.4;,58354,2825774,35.692755,3.98022,0.0,0.0,0,0
QMAODV,26,40,39,3,50.0,0.25,0.364497,6.121662,41.82909,40.794316,30324,11053,1914252,32.071936,0.0,0.0,40,B_N40_pi025|QMAODV,5.0,0.85,300.0,16.0,0.0,0,0,0,0,0.1,0.9,15.0,0.92,1,1,1,1,1,1,1,1,1,1,0.05,30.833853,0.0,0.0,0.0,0.0,0,0,0,4.529487,17.871795,38.038462,44830.030423,MaxPaths=3;Alpha0=0.5;Gamma=0.9;Epsilon0=0.5;RewardW1=0.6;RewardW2=0.4;,74208,3610328,60.488488,6.713833,0.0,0.0,0,0
QMAODV,27,40,39,3,50.0,0.25,0.353219,6.088358,24.708735,27.005526,30324,10711,479938,8.297769,0.0,0.0,40,B_N40_pi025|QMAODV,5.0,0.85,300.0,16.0,0.0,0,0,0,0,0.1,0.9,15.0,0.92,1,1,1,1,1,1,1,1,1,1,0.05,10.112044,0.0,0.0,0.0,0.0,0,0,0,4.432051,16.853846,37.803846,44307.428426,MaxPaths=3;Alpha0=0.5;Gamma=0.9;Epsilon0=0.5;RewardW1=0.6;RewardW2=0.4;,20256,962050,16.633126,1.89114,0.0,0.0,0,0
QMAODV,28,40,39,3,50.0,0.25,0.358726,6.024738,41.645095,38.622462,30324,10878,2403862,40.92293,0.0,0.0,40,B_N40_pi025|QMAODV,5.0,0.85,300.0,16.0,0.0,0,0,0,0,0.1,0.9,15.0,0.92,1,1,1,1,1,1,1,1,1,1,0.05,37.371421,0.0,0.0,0.0,0.0,0,0,0,4.248718,16.2,37.385897,46641.446879,MaxPaths=3;Alpha0=0.5;Gamma=0.9;Epsilon0=0.5;RewardW1=0.6;RewardW2=0.4;,94466,4595902,78.239838,8.684133,0.0,0.0,0,0
QMAODV,29,40,39,3,50.0,0.25,0.247791,4.1616,61.122188,59.880779,30324,7514,2454788,60.499118,0.0,0.0,40,B_N40_pi025|QMAODV,5.0,0.85,300.0,16.0,0.0,0,0,0,0,0.1,0.9,15.0,0.92,1,1,1,1,1,1,1,1,1,1,0.05,37.070853,0.0,0.0,0.0,0.0,0,0,0,4.197436,17.916667,38.084615,45065.648831,MaxPaths=3;Alpha0=0.5;Gamma=0.9;Epsilon0=0.5;RewardW1=0.6;RewardW2=0.4;,100170,4935070,121.626544,13.331115,0.0,0.0,0,0
QMAODV,3,40,39,3,50.0,0.25,0.203568,3.418892,60.421988,64.926982,30324,6173,4746514,142.391718,0.0,0.0,40,B_N40_pi025|QMAODV,5.0,0.85,300.0,16.0,0.0,0,0,0,0,0.1,0.9,15.0,0.92,1,1,1,1,1,1,1,1,1,1,0.05,49.261502,0.0,0.0,0.0,0.0,0,0,0,5.241026,20.371795,38.325641,47166.525338,MaxPaths=3;Alpha0=0.5;Gamma=0.9;Epsilon0=0.5;RewardW1=0.6;RewardW2=0.4;,175697,8561440,256.836522,28.462174,0.0,0.0,0,0
QMAODV,30,40,39,3,50.0,0.25,0.218968,3.677538,61.474651,54.474279,30324,6640,2919466,81.421966,0.0,0.0,40,B_N40_pi025|QMAODV,5.0,0.85,300.0,16.0,0.0,0,0,0,0,0.1,0.9,15.0,0.92,1,1,1,1,1,1,1,1,1,1,0.05,53.314277,0.0,0.0,0.0,0.0,0,0,0,4.579487,17.7,37.965385,47408.470661,MaxPaths=3;Alpha0=0.5;Gamma=0.9;Epsilon0=0.5;RewardW1=0.6;RewardW2=0.4;,115606,5643278,157.387271,17.410542,0.0,0.0,0,0
QMAODV,4,40,39,3,50.0,0.25,0.178835,3.003508,64.297154,69.653688,30324,5423,3595932,122.794271,0.0,0.0,40,B_N40_pi025|QMAODV,5.0,0.85,300.0,16.0,0.0,0,0,0,0,0.1,0.9,15.0,0.92,1,1,1,1,1,1,1,1,1,1,0.05,45.197093,0.0,0.0,0.0,0.0,0,0,0,4.730769,17.823077,38.138462,44585.861062,MaxPaths=3;Alpha0=0.5;Gamma=0.9;Epsilon0=0.5;RewardW1=0.6;RewardW2=0.4;,133367,6475124,221.113228,24.592845,0.0,0.0,0,0
QMAODV,5,40,39,3,50.0,0.25,0.341907,5.742277,44.236964,35.125307,30324,10368,2118356,37.836434,0.0,0.0,40,B_N40_pi025|QMAODV,5.0,0.85,300.0,16.0,0.0,0,0,0,0,0.1,0.9,15.0,0.92,1,1,1,1,1,1,1,1,1,1,0.05,22.430544,0.0,0.0,0.0,0.0,0,0,0,5.14359,18.726923,38.091026,40699.174161,MaxPaths=3;Alpha0=0.5;Gamma=0.9;Epsilon0=0.5;RewardW1=0.6;RewardW2=0.4;,84188,4108546,73.383666,8.119985,0.0,0.0,0,0
QMAODV,6,40,39,3,50.0,0.25,0.239876,4.028677,69.762369,72.351148,30324,7274,1200166,30.554435,0.0,0.0,40,B_N40_pi025|QMAODV,5.0,0.85,300.0,16.0,0.0,0,0,0,0,0.1,0.9,15.0,0.92,1,1,1,1,1,1,1,1,1,1,0.05,24.581368,0.0,0.0,0.0,0.0,0,0,0,4.673077,17.975641,37.770513,43873.434179,MaxPaths=3;Alpha0=0.5;Gamma=0.9;Epsilon0=0.5;RewardW1=0.6;RewardW2=0.4;,45357,2180606,55.514975,6.235496,0.0,0.0,0,0
QMAODV,7,40,39,3,50.0,0.25,0.295278,4.959138,141.037126,132.520484,30324,8954,3970558,82.118441,0.0,0.0,40,B_N40_pi025|QMAODV,5.0,0.85,300.0,16.0,0.0,0,0,0,0,0.1,0.9,15.0,0.92,1,1,1,1,1,1,1,1,1,1,0.05,98.513164,0.0,0.0,0.0,0.0,0,0,0,4.529487,18.334615,38.108974,51157.007543,MaxPaths=3;Alpha0=0.5;Gamma=0.9;Epsilon0=0.5;RewardW1=0.6;RewardW2=0.4;,150908,7352302,152.059125,16.853697,0.0,0.0,0,0
QMAODV,8,40,39,3,50.0,0.25,0.237634,4.096042,57.766244,50.963461,30324,7206,1621534,41.671395,0.0,0.0,40,B_N40_pi025|QMAODV,5.0,0.85,300.0,16.0,0.0,0,0,0,0,0.1,0.9,15.0,0.92,1,1,1,1,1,1,1,1,1,1,0.05,24.993815,0.0,0.0,0.0,0.0,0,0,0,4.987179,17.914103,37.753846,47125.491912,MaxPaths=3;Alpha0=0.5;Gamma=0.9;Epsilon0=0.5;RewardW1=0.6;RewardW2=0.4;,66180,3227638,82.946259,9.184013,0.0,0.0,0,0
QMAODV,9,40,39,3,50.0,0.25,0.248153,4.167692,110.913158,109.964005,30324,7525,1964028,48.333407,0.0,0.0,40,B_N40_pi025|QMAODV,5.0,0.85,300.0,16.0,0.0,0,0,0,0,0.1,0.9,15.0,0.92,1,1,1,1,1,1,1,1,1,1,0.05,49.953051,0.0,0.0,0.0,0.0,0,0,0,4.867949,17.034615,38.008974,44543.640661,MaxPaths=3;Alpha0=0.5;Gamma=0.9;Epsilon0=0.5;RewardW1=0.6;RewardW2=0.4;,81042,3964180,97.555802,10.769701,0.0,0.0,0,0
