Protocol,Tag,Seed,nNodes,nFlows,PktInterval_s,PktSize_B,Speed_ms,GmAlpha,AreaX,AreaY,AreaZ,TxPowerDbm,RangeM,Bcast11,QoS,MacQueuePkts,MaxPaths,SimTime_s,TxPkts,RxPkts,PDR,Throughput_kbps,DelayPw_ms,Delay_ms,Jitter_ms,CtrlPktsAll,CtrlBytesAll,NRLall,NRLpkt,MeanMacQt,FracMacQtPos,MaxMacQt,MeanNhQ,FracNhQPos,FbAck,FbDrop,FbExpired,QsDecayed,QsTrendBumps,QlSelections,QlMeanCandidates,QlDupReplies,Deg250,Deg500,Deg1000,TopoFingerprint,FwdPerTx,DropTtl,DropNoRoute,DropOtherIp,MacDrops,LostFm,QsPruned,ProtocolCfg
AODV,A_N20_pi010|AODV,1,20,19,0.1,512,5.0,0.85,1000.0,1000.0,300.0,16.0,0.0,0,0,0,3,200.0,37022,14686,0.396683,16.695663,56.471585,74.299098,29.27864,36691,1747092,22.030203,2.498366,0.0,0.0,0.0,0.0,0.0,0,0,0,0,0,0,0.0,0,2.44359,8.884615,18.407692,22539.664836,0.398385,2,4402,0,4016,20627,0,-
AODV,A_N20_pi010|AODV,10,20,19,0.1,512,5.0,0.85,1000.0,1000.0,300.0,16.0,0.0,0,0,0,3,200.0,37022,20987,0.566879,23.858905,34.218751,42.179784,26.428334,29883,1410680,12.447565,1.423881,0.0,0.0,0.0,0.0,0.0,0,0,0,0,0,0,0.0,0,2.266667,8.910256,18.530769,23279.71399,0.667009,33,2053,0,1703,14942,0,-
AODV,A_N20_pi010|AODV,11,20,19,0.1,512,5.0,0.85,1000.0,1000.0,300.0,16.0,0.0,0,0,0,3,200.0,37022,18599,0.502377,22.3188,9.690468,10.321654,6.082793,8703,411284,4.095043,0.467928,0.0,0.0,0.0,0.0,0.0,0,0,0,0,0,0,0.0,0,2.235897,8.123077,18.446154,24281.639952,0.387472,13,351,0,477,17700,0,-
AODV,A_N20_pi010|AODV,12,20,19,0.1,512,5.0,0.85,1000.0,1000.0,300.0,16.0,0.0,0,0,0,3,200.0,37022,24182,0.653179,27.491116,4.620675,4.71882,3.1201,7370,349124,2.673583,0.304772,0.0,0.0,0.0,0.0,0.0,0,0,0,0,0,0,0.0,0,2.353846,8.851282,18.789744,24864.637506,0.592999,0,347,0,130,12830,0,-
AODV,A_N20_pi010|AODV,13,20,19,0.1,512,5.0,0.85,1000.0,1000.0,300.0,16.0,0.0,0,0,0,3,200.0,37022,22128,0.597699,25.156042,50.205196,65.919482,21.297338,28348,1346088,11.265164,1.281092,0.0,0.0,0.0,0.0,0.0,0,0,0,0,0,0,0.0,0,2.353846,9.04359,18.530769,23376.285305,0.598455,0,4983,0,1458,14126,0,-
AODV,A_N20_pi010|AODV,14,20,19,0.1,512,5.0,0.85,1000.0,1000.0,300.0,16.0,0.0,0,0,0,3,200.0,37022,23450,0.633407,26.658947,72.306899,91.425025,39.204865,39060,1856006,14.656922,1.665672,0.0,0.0,0.0,0.0,0.0,0,0,0,0,0,0,0.0,0,2.205128,8.733333,18.602564,24764.712314,0.968829,465,5998,0,2933,12711,0,-
AODV,A_N20_pi010|AODV,15,20,19,0.1,512,5.0,0.85,1000.0,1000.0,300.0,16.0,0.0,0,0,0,3,200.0,37022,19647,0.530684,22.335537,142.910314,191.008564,77.260638,93500,4454052,41.982208,4.758996,0.0,0.0,0.0,0.0,0.0,0,0,0,0,0,0,0.0,0,1.969231,8.435897,18.364103,24698.448431,0.986143,0,7363,0,7322,16437,0,-
AODV,A_N20_pi010|AODV,16,20,19,0.1,512,5.0,0.85,1000.0,1000.0,300.0,16.0,0.0,0,0,0,3,200.0,37022,24953,0.674005,28.367621,17.938999,18.542804,8.919768,10863,511772,3.798044,0.435338,0.0,0.0,0.0,0.0,0.0,0,0,0,0,0,0,0.0,0,1.825641,8.146154,18.448718,24356.530873,0.709254,4,328,0,401,12010,0,-
AODV,A_N20_pi010|AODV,17,20,19,0.1,512,5.0,0.85,1000.0,1000.0,300.0,16.0,0.0,0,0,0,3,200.0,37022,21043,0.568392,23.922568,44.812564,51.386418,19.122998,28714,1363070,11.995456,1.364539,0.0,0.0,0.0,0.0,0.0,0,0,0,0,0,0,0.0,0,2.333333,8.448718,18.497436,22738.691762,0.693507,0,3940,0,1832,15830,0,-
AODV,A_N20_pi010|AODV,18,20,19,0.1,512,5.0,0.85,1000.0,1000.0,300.0,16.0,0.0,0,0,0,3,200.0,37022,31063,0.839042,35.313726,49.636035,57.18274,17.783461,25192,1185568,7.067882,0.810997,0.0,0.0,0.0,0.0,0.0,0,0,0,0,0,0,0.0,0,1.984615,7.946154,18.264103,21730.452487,1.171277,1,3841,0,1117,5799,0,-
AODV,A_N20_pi010|AODV,19,20,19,0.1,512,5.0,0.85,1000.0,1000.0,300.0,16.0,0.0,0,0,0,3,200.0,37022,22621,0.611015,25.716505,11.909107,13.598186,6.859382,13092,619106,5.068267,0.578754,0.0,0.0,0.0,0.0,0.0,0,0,0,0,0,0,0.0,0,2.046154,7.533333,18.041026,19133.814224,0.732618,0,4627,0,535,14099,0,-
AODV,A_N20_pi010|AODV,2,20,19,0.1,512,5.0,0.85,1000.0,1000.0,300.0,16.0,0.0,0,0,0,3,200.0,37022,14851,0.40114,16.883242,77.387249,97.542762,35.752325,52978,2516840,31.383845,3.567302,0.0,0.0,0.0,0.0,0.0,0,0,0,0,0,0,0.0,0,2.851282,8.679487,18.187179,22296.131007,0.599211,0,7936,0,3905,21963,0,-
AODV,A_N20_pi010|AODV,20,20,19,0.1,512,5.0,0.85,1000.0,1000.0,300.0,16.0,0.0,0,0,0,3,200.0,37022,18959,0.512101,21.553389,28.18132,132.917259,55.371454,24933,1185262,11.577244,1.315101,0.0,0.0,0.0,0.0,0.0,0,0,0,0,0,0,0.0,0,2.328205,8.379487,18.317949,20034.119132,0.448895,0,3294,0,981,17161,0,-
AODV,A_N20_pi010|AODV,3,20,19,0.1,512,5.0,0.85,1000.0,1000.0,300.0,16.0,0.0,0,0,0,3,200.0,37022,8694,0.234833,12.51936,2.944751,7.229756,6.126929,5838,278266,5.927161,0.671498,0.0,0.0,0.0,0.0,0.0,0,0,0,0,0,0,0.0,0,2.187179,8.523077,17.974359,26622.900406,0.079871,0,648,0,64,26708,0,-
AODV,A_N20_pi010|AODV,4,20,19,0.1,512,5.0,0.85,1000.0,1000.0,300.0,16.0,0.0,0,0,0,3,200.0,37022,22834,0.616768,25.958653,43.122336,45.447694,23.709988,40283,1916662,15.54425,1.764167,0.0,0.0,0.0,0.0,0.0,0,0,0,0,0,0,0.0,0,2.65641,9.266667,18.551282,21721.695025,0.882232,1,4676,0,2768,13914,0,-
AODV,A_N20_pi010|AODV,5,20,19,0.1,512,5.0,0.85,1000.0,1000.0,300.0,16.0,0.0,0,0,0,3,200.0,37022,25855,0.698369,29.393053,27.037377,28.111408,10.258231,13611,634850,4.547082,0.526436,0.0,0.0,0.0,0.0,0.0,0,0,0,0,0,0,0.0,0,2.448718,9.497436,18.620513,25315.804661,0.611717,0,1216,0,1056,9777,0,-
AODV,A_N20_pi010|AODV,6,20,19,0.1,512,5.0,0.85,1000.0,1000.0,300.0,16.0,0.0,0,0,0,3,200.0,37022,24216,0.654098,27.529768,39.98831,40.642171,17.308705,43402,2062766,15.774434,1.792286,0.0,0.0,0.0,0.0,0.0,0,0,0,0,0,0,0.0,0,2.653846,9.589744,18.533333,22227.889823,0.7364,0,7369,0,4143,12557,0,-
AODV,A_N20_pi010|AODV,7,20,19,0.1,512,5.0,0.85,1000.0,1000.0,300.0,16.0,0.0,0,0,0,3,200.0,37022,24945,0.673789,28.358526,11.218142,11.684823,5.211091,8977,424362,3.150353,0.359872,0.0,0.0,0.0,0.0,0.0,0,0,0,0,0,0,0.0,0,2.458974,9.976923,18.689744,22459.172633,0.539409,0,714,0,300,11101,0,-
AODV,A_N20_pi010|AODV,8,20,19,0.1,512,5.0,0.85,1000.0,1000.0,300.0,16.0,0.0,0,0,0,3,200.0,37022,14550,0.39301,16.541053,8.726576,10.260243,6.742621,8106,384508,4.893827,0.557113,0.0,0.0,0.0,0.0,0.0,0,0,0,0,0,0,0.0,0,2.597436,9.133333,18.505128,24158.272528,0.406596,0,103,0,165,21669,0,-
AODV,A_N20_pi010|AODV,9,20,19,0.1,512,5.0,0.85,1000.0,1000.0,300.0,16.0,0.0,0,0,0,3,200.0,37022,16556,0.447194,18.821558,27.833858,31.654784,20.359363,47533,2260180,25.280977,2.871044,0.0,0.0,0.0,0.0,0.0,0,0,0,0,0,0,0.0,0,2.220513,8.312821,18.128205,23364.794149,0.607585,0,3927,0,4287,18571,0,-
QMAODV,A_N20_pi010|QMAODV,1,20,19,0.1,512,5.0,0.85,1000.0,1000.0,300.0,16.0,0.0,0,0,0,3,200.0,37022,19839,0.535871,22.553811,57.29581,85.5121,36.847689,37445,1777764,16.594362,1.887444,0.0,0.0,0.0,0.0,0.0,0,0,0,0,0,0,0.0,0,2.44359,8.884615,18.407692,22539.664836,0.758549,1,6323,0,2889,16583,0,MaxPaths=3;Alpha0=0.5;Gamma=0.9;Epsilon0=0.5;RewardW1=0.6;RewardW2=0.4;RewardW3=0;RewardW4=0.2;AdaptiveEpsilon=false;AdaptiveAlpha=false;AdaptiveReward=false;Policy=QLearning;UseMacFeedback=true;DelayRef=0.01;HopByHop=true;UseRerrBump=true;
QMAODV,A_N20_pi010|QMAODV,10,20,19,0.1,512,5.0,0.85,1000.0,1000.0,300.0,16.0,0.0,0,0,0,3,200.0,37022,15348,0.414564,17.448253,65.837898,187.559977,48.181204,16918,802694,9.685108,1.102293,0.0,0.0,0.0,0.0,0.0,0,0,0,0,0,0,0.0,0,2.266667,8.910256,18.530769,23279.71399,0.34809,29,6889,0,884,21215,0,MaxPaths=3;Alpha0=0.5;Gamma=0.9;Epsilon0=0.5;RewardW1=0.6;RewardW2=0.4;RewardW3=0;RewardW4=0.2;AdaptiveEpsilon=false;AdaptiveAlpha=false;AdaptiveReward=false;Policy=QLearning;UseMacFeedback=true;DelayRef=0.01;HopByHop=true;UseRerrBump=true;
QMAODV,A_N20_pi010|QMAODV,11,20,19,0.1,512,5.0,0.85,1000.0,1000.0,300.0,16.0,0.0,0,0,0,3,200.0,37022,23783,0.642402,28.5396,37.267937,33.678189,13.657728,19422,911978,7.101073,0.816634,0.0,0.0,0.0,0.0,0.0,0,0,0,0,0,0,0.0,0,2.235897,8.123077,18.446154,24281.639952,0.804819,1,3329,0,1136,12991,0,MaxPaths=3;Alpha0=0.5;Gamma=0.9;Epsilon0=0.5;RewardW1=0.6;RewardW2=0.4;RewardW3=0;RewardW4=0.2;AdaptiveEpsilon=false;AdaptiveAlpha=false;AdaptiveReward=false;Policy=QLearning;UseMacFeedback=true;DelayRef=0.01;HopByHop=true;UseRerrBump=true;
QMAODV,A_N20_pi010|QMAODV,12,20,19,0.1,512,5.0,0.85,1000.0,1000.0,300.0,16.0,0.0,0,0,0,3,200.0,37022,23125,0.624629,26.289474,17.633689,16.584878,7.181806,9676,456568,3.6562,0.418422,0.0,0.0,0.0,0.0,0.0,0,0,0,0,0,0,0.0,0,2.353846,8.851282,18.789744,24864.637506,0.678164,1,1049,0,316,13396,0,MaxPaths=3;Alpha0=0.5;Gamma=0.9;Epsilon0=0.5;RewardW1=0.6;RewardW2=0.4;RewardW3=0;RewardW4=0.2;AdaptiveEpsilon=false;AdaptiveAlpha=false;AdaptiveReward=false;Policy=QLearning;UseMacFeedback=true;DelayRef=0.01;HopByHop=true;UseRerrBump=true;
QMAODV,A_N20_pi010|QMAODV,13,20,19,0.1,512,5.0,0.85,1000.0,1000.0,300.0,16.0,0.0,0,0,0,3,200.0,37022,14886,0.402085,16.923032,56.02373,65.78699,29.414729,20550,981252,12.206995,1.380492,0.0,0.0,0.0,0.0,0.0,0,0,0,0,0,0,0.0,0,2.353846,9.04359,18.530769,23376.285305,0.417184,29,3576,0,2998,20590,0,MaxPaths=3;Alpha0=0.5;Gamma=0.9;Epsilon0=0.5;RewardW1=0.6;RewardW2=0.4;RewardW3=0;RewardW4=0.2;AdaptiveEpsilon=false;AdaptiveAlpha=false;AdaptiveReward=false;Policy=QLearning;UseMacFeedback=true;DelayRef=0.01;HopByHop=true;UseRerrBump=true;
QMAODV,A_N20_pi010|QMAODV,14,20,19,0.1,512,5.0,0.85,1000.0,1000.0,300.0,16.0,0.0,0,0,0,3,200.0,37022,17509,0.472935,19.904968,102.671186,127.167122,54.918998,41403,1946186,20.583975,2.36467,0.0,0.0,0.0,0.0,0.0,0,0,0,0,0,0,0.0,0,2.205128,8.733333,18.602564,24764.712314,0.743477,4,11084,0,2649,19126,0,MaxPaths=3;Alpha0=0.5;Gamma=0.9;Epsilon0=0.5;RewardW1=0.6;RewardW2=0.4;RewardW3=0;RewardW4=0.2;AdaptiveEpsilon=false;AdaptiveAlpha=false;AdaptiveReward=false;Policy=QLearning;UseMacFeedback=true;DelayRef=0.01;HopByHop=true;UseRerrBump=true;
QMAODV,A_N20_pi010|QMAODV,15,20,19,0.1,512,5.0,0.85,1000.0,1000.0,300.0,16.0,0.0,0,0,0,3,200.0,37022,13716,0.370482,15.592926,38.603404,58.895606,32.763804,20089,946882,12.784231,1.46464,0.0,0.0,0.0,0.0,0.0,0,0,0,0,0,0,0.0,0,1.969231,8.435897,18.364103,24698.448431,0.641943,3,2594,0,994,22180,0,MaxPaths=3;Alpha0=0.5;Gamma=0.9;Epsilon0=0.5;RewardW1=0.6;RewardW2=0.4;RewardW3=0;RewardW4=0.2;AdaptiveEpsilon=false;AdaptiveAlpha=false;AdaptiveReward=false;Policy=QLearning;UseMacFeedback=true;DelayRef=0.01;HopByHop=true;UseRerrBump=true;
QMAODV,A_N20_pi010|QMAODV,16,20,19,0.1,512,5.0,0.85,1000.0,1000.0,300.0,16.0,0.0,0,0,0,3,200.0,37022,21795,0.588704,24.777474,66.338958,64.856588,28.915378,24019,1120810,9.523166,1.102042,0.0,0.0,0.0,0.0,0.0,0,0,0,0,0,0,0.0,0,1.825641,8.146154,18.448718,24356.530873,0.784885,52,4750,0,1282,14577,0,MaxPaths=3;Alpha0=0.5;Gamma=0.9;Epsilon0=0.5;RewardW1=0.6;RewardW2=0.4;RewardW3=0;RewardW4=0.2;AdaptiveEpsilon=false;AdaptiveAlpha=false;AdaptiveReward=false;Policy=QLearning;UseMacFeedback=true;DelayRef=0.01;HopByHop=true;UseRerrBump=true;
QMAODV,A_N20_pi010|QMAODV,17,20,19,0.1,512,5.0,0.85,1000.0,1000.0,300.0,16.0,0.0,0,0,0,3,200.0,37022,17141,0.462995,20.5692,14.691824,15.867651,6.959118,7343,348564,3.76576,0.428388,0.0,0.0,0.0,0.0,0.0,0,0,0,0,0,0,0.0,0,2.333333,8.448718,18.497436,22738.691762,0.431149,0,1232,0,489,19170,0,MaxPaths=3;Alpha0=0.5;Gamma=0.9;Epsilon0=0.5;RewardW1=0.6;RewardW2=0.4;RewardW3=0;RewardW4=0.2;AdaptiveEpsilon=false;AdaptiveAlpha=false;AdaptiveReward=false;Policy=QLearning;UseMacFeedback=true;DelayRef=0.01;HopByHop=true;UseRerrBump=true;
QMAODV,A_N20_pi010|QMAODV,18,20,19,0.1,512,5.0,0.85,1000.0,1000.0,300.0,16.0,0.0,0,0,0,3,200.0,37022,21878,0.590946,24.871832,114.751839,152.548168,54.666345,33143,1556646,13.176149,1.514901,0.0,0.0,0.0,0.0,0.0,0,0,0,0,0,0,0.0,0,1.984615,7.946154,18.264103,21730.452487,1.250635,10,7660,0,1779,14916,0,MaxPaths=3;Alpha0=0.5;Gamma=0.9;Epsilon0=0.5;RewardW1=0.6;RewardW2=0.4;RewardW3=0;RewardW4=0.2;AdaptiveEpsilon=false;AdaptiveAlpha=false;AdaptiveReward=false;Policy=QLearning;UseMacFeedback=true;DelayRef=0.01;HopByHop=true;UseRerrBump=true;
QMAODV,A_N20_pi010|QMAODV,19,20,19,0.1,512,5.0,0.85,1000.0,1000.0,300.0,16.0,0.0,0,0,0,3,200.0,37022,22322,0.602939,25.376589,151.838248,200.216119,45.90739,25569,1198312,9.941297,1.145462,0.0,0.0,0.0,0.0,0.0,0,0,0,0,0,0,0.0,0,2.046154,7.533333,18.041026,19133.814224,0.930771,2,11677,0,1150,14217,0,MaxPaths=3;Alpha0=0.5;Gamma=0.9;Epsilon0=0.5;RewardW1=0.6;RewardW2=0.4;RewardW3=0;RewardW4=0.2;AdaptiveEpsilon=false;AdaptiveAlpha=false;AdaptiveReward=false;Policy=QLearning;UseMacFeedback=true;DelayRef=0.01;HopByHop=true;UseRerrBump=true;
QMAODV,A_N20_pi010|QMAODV,2,20,19,0.1,512,5.0,0.85,1000.0,1000.0,300.0,16.0,0.0,0,0,0,3,200.0,37022,9498,0.25655,12.068047,4.872848,7.901524,8.620163,5897,280928,5.477332,0.620868,0.0,0.0,0.0,0.0,0.0,0,0,0,0,0,0,0.0,0,2.851282,8.679487,18.187179,22296.131007,0.210848,0,1795,0,473,26481,0,MaxPaths=3;Alpha0=0.5;Gamma=0.9;Epsilon0=0.5;RewardW1=0.6;RewardW2=0.4;RewardW3=0;RewardW4=0.2;AdaptiveEpsilon=false;AdaptiveAlpha=false;AdaptiveReward=false;Policy=QLearning;UseMacFeedback=true;DelayRef=0.01;HopByHop=true;UseRerrBump=true;
QMAODV,A_N20_pi010|QMAODV,20,20,19,0.1,512,5.0,0.85,1000.0,1000.0,300.0,16.0,0.0,0,0,0,3,200.0,37022,18956,0.51202,21.549979,70.206005,75.224785,37.158529,26567,1242782,12.141001,1.401509,0.0,0.0,0.0,0.0,0.0,0,0,0,0,0,0,0.0,0,2.328205,8.379487,18.317949,20034.119132,0.796742,1,4509,0,1767,17266,0,MaxPaths=3;Alpha0=0.5;Gamma=0.9;Epsilon0=0.5;RewardW1=0.6;RewardW2=0.4;RewardW3=0;RewardW4=0.2;AdaptiveEpsilon=false;AdaptiveAlpha=false;AdaptiveReward=false;Policy=QLearning;UseMacFeedback=true;DelayRef=0.01;HopByHop=true;UseRerrBump=true;
QMAODV,A_N20_pi010|QMAODV,3,20,19,0.1,512,5.0,0.85,1000.0,1000.0,300.0,16.0,0.0,0,0,0,3,200.0,37022,15012,0.405489,17.066274,91.277839,106.92153,65.798163,59693,2821294,34.802948,3.976352,0.0,0.0,0.0,0.0,0.0,0,0,0,0,0,0,0.0,0,2.187179,8.523077,17.974359,26622.900406,0.686511,1,14917,0,3115,21335,0,MaxPaths=3;Alpha0=0.5;Gamma=0.9;Epsilon0=0.5;RewardW1=0.6;RewardW2=0.4;RewardW3=0;RewardW4=0.2;AdaptiveEpsilon=false;AdaptiveAlpha=false;AdaptiveReward=false;Policy=QLearning;UseMacFeedback=true;DelayRef=0.01;HopByHop=true;UseRerrBump=true;
QMAODV,A_N20_pi010|QMAODV,4,20,19,0.1,512,5.0,0.85,1000.0,1000.0,300.0,16.0,0.0,0,0,0,3,200.0,37022,11237,0.303522,12.774695,82.244173,98.008724,62.463077,32749,1545056,25.462444,2.91439,0.0,0.0,0.0,0.0,0.0,0,0,0,0,0,0,0.0,0,2.65641,9.266667,18.551282,21721.695025,0.627978,41,6114,0,2660,24406,0,MaxPaths=3;Alpha0=0.5;Gamma=0.9;Epsilon0=0.5;RewardW1=0.6;RewardW2=0.4;RewardW3=0;RewardW4=0.2;AdaptiveEpsilon=false;AdaptiveAlpha=false;AdaptiveReward=false;Policy=QLearning;UseMacFeedback=true;DelayRef=0.01;HopByHop=true;UseRerrBump=true;
QMAODV,A_N20_pi010|QMAODV,5,20,19,0.1,512,5.0,0.85,1000.0,1000.0,300.0,16.0,0.0,0,0,0,3,200.0,37022,24212,0.65399,27.525221,71.901652,81.301062,38.740934,30613,1432492,10.956398,1.264373,0.0,0.0,0.0,0.0,0.0,0,0,0,0,0,0,0.0,0,2.448718,9.497436,18.620513,25315.804661,1.112041,0,5699,0,2160,12254,0,MaxPaths=3;Alpha0=0.5;Gamma=0.9;Epsilon0=0.5;RewardW1=0.6;RewardW2=0.4;RewardW3=0;RewardW4=0.2;AdaptiveEpsilon=false;AdaptiveAlpha=false;AdaptiveReward=false;Policy=QLearning;UseMacFeedback=true;DelayRef=0.01;HopByHop=true;UseRerrBump=true;
QMAODV,A_N20_pi010|QMAODV,6,20,19,0.1,512,5.0,0.85,1000.0,1000.0,300.0,16.0,0.0,0,0,0,3,200.0,37022,20296,0.548215,23.073347,31.2446,54.367311,21.044243,33221,1579674,14.413294,1.636825,0.0,0.0,0.0,0.0,0.0,0,0,0,0,0,0,0.0,0,2.653846,9.589744,18.533333,22227.889823,0.457404,0,5262,0,2402,16154,0,MaxPaths=3;Alpha0=0.5;Gamma=0.9;Epsilon0=0.5;RewardW1=0.6;RewardW2=0.4;RewardW3=0;RewardW4=0.2;AdaptiveEpsilon=false;AdaptiveAlpha=false;AdaptiveReward=false;Policy=QLearning;UseMacFeedback=true;DelayRef=0.01;HopByHop=true;UseRerrBump=true;
QMAODV,A_N20_pi010|QMAODV,7,20,19,0.1,512,5.0,0.85,1000.0,1000.0,300.0,16.0,0.0,0,0,0,3,200.0,37022,24151,0.652342,27.455874,12.496618,13.889065,9.097526,10648,503304,3.859237,0.440893,0.0,0.0,0.0,0.0,0.0,0,0,0,0,0,0,0.0,0,2.458974,9.976923,18.689744,22459.172633,0.610799,0,1684,0,329,11650,0,MaxPaths=3;Alpha0=0.5;Gamma=0.9;Epsilon0=0.5;RewardW1=0.6;RewardW2=0.4;RewardW3=0;RewardW4=0.2;AdaptiveEpsilon=false;AdaptiveAlpha=false;AdaptiveReward=false;Policy=QLearning;UseMacFeedback=true;DelayRef=0.01;HopByHop=true;UseRerrBump=true;
QMAODV,A_N20_pi010|QMAODV,8,20,19,0.1,512,5.0,0.85,1000.0,1000.0,300.0,16.0,0.0,0,0,0,3,200.0,37022,9399,0.253876,10.685179,201.541271,257.370079,127.853043,80760,3866166,76.173706,8.592403,0.0,0.0,0.0,0.0,0.0,0,0,0,0,0,0,0.0,0,2.597436,9.133333,18.505128,24158.272528,0.539598,7,14799,0,7777,26917,0,MaxPaths=3;Alpha0=0.5;Gamma=0.9;Epsilon0=0.5;RewardW1=0.6;RewardW2=0.4;RewardW3=0;RewardW4=0.2;AdaptiveEpsilon=false;AdaptiveAlpha=false;AdaptiveReward=false;Policy=QLearning;UseMacFeedback=true;DelayRef=0.01;HopByHop=true;UseRerrBump=true;
QMAODV,A_N20_pi010|QMAODV,9,20,19,0.1,512,5.0,0.85,1000.0,1000.0,300.0,16.0,0.0,0,0,0,3,200.0,37022,13065,0.352898,14.852842,101.113924,108.612189,38.839608,38181,1804032,25.570608,2.922388,0.0,0.0,0.0,0.0,0.0,0,0,0,0,0,0,0.0,0,2.220513,8.312821,18.128205,23364.794149,0.620145,17,5215,0,3045,22116,0,MaxPaths=3;Alpha0=0.5;Gamma=0.9;Epsilon0=0.5;RewardW1=0.6;RewardW2=0.4;RewardW3=0;RewardW4=0.2;AdaptiveEpsilon=false;AdaptiveAlpha=false;AdaptiveReward=false;Policy=QLearning;UseMacFeedback=true;DelayRef=0.01;HopByHop=true;UseRerrBump=true;
QMAODV,A_N20_pi010|QMAODV_srconly,1,20,19,0.1,512,5.0,0.85,1000.0,1000.0,300.0,16.0,0.0,0,0,0,3,200.0,37022,22330,0.603155,25.385684,40.439002,77.401082,24.203162,19581,933680,7.743113,0.876892,0.0,0.0,0.0,0.0,0.0,0,0,0,0,0,0,0.0,0,2.44359,8.884615,18.407692,22539.664836,0.960402,0,2461,0,1057,14175,0,MaxPaths=3;Alpha0=0.5;Gamma=0.9;Epsilon0=0.5;RewardW1=0.6;RewardW2=0.4;RewardW3=0;RewardW4=0.2;AdaptiveEpsilon=false;AdaptiveAlpha=false;AdaptiveReward=false;Policy=QLearning;UseMacFeedback=true;DelayRef=0.01;HopByHop=false;UseRerrBump=true;
QMAODV,A_N20_pi010|QMAODV_srconly,10,20,19,0.1,512,5.0,0.85,1000.0,1000.0,300.0,16.0,0.0,0,0,0,3,200.0,37022,17328,0.468046,19.6992,196.230079,240.660901,76.771879,59411,2814432,30.077973,3.428613,0.0,0.0,0.0,0.0,0.0,0,0,0,0,0,0,0.0,0,2.266667,8.910256,18.530769,23279.71399,0.775566,0,9156,0,3889,19182,0,MaxPaths=3;Alpha0=0.5;Gamma=0.9;Epsilon0=0.5;RewardW1=0.6;RewardW2=0.4;RewardW3=0;RewardW4=0.2;AdaptiveEpsilon=false;AdaptiveAlpha=false;AdaptiveReward=false;Policy=QLearning;UseMacFeedback=true;DelayRef=0.01;HopByHop=false;UseRerrBump=true;
QMAODV,A_N20_pi010|QMAODV_srconly,11,20,19,0.1,512,5.0,0.85,1000.0,1000.0,300.0,16.0,0.0,0,0,0,3,200.0,37022,19940,0.538599,22.668632,25.136821,47.60807,10.878168,11522,548640,5.095286,0.577834,0.0,0.0,0.0,0.0,0.0,0,0,0,0,0,0,0.0,0,2.235897,8.123077,18.446154,24281.639952,0.538085,20,1078,0,1254,16582,0,MaxPaths=3;Alpha0=0.5;Gamma=0.9;Epsilon0=0.5;RewardW1=0.6;RewardW2=0.4;RewardW3=0;RewardW4=0.2;AdaptiveEpsilon=false;AdaptiveAlpha=false;AdaptiveReward=false;Policy=QLearning;UseMacFeedback=true;DelayRef=0.01;HopByHop=false;UseRerrBump=true;
QMAODV,A_N20_pi010|QMAODV_srconly,12,20,19,0.1,512,5.0,0.85,1000.0,1000.0,300.0,16.0,0.0,0,0,0,3,200.0,37022,29582,0.799038,33.630063,37.818686,38.721672,16.017919,21502,1016364,6.362503,0.726861,0.0,0.0,0.0,0.0,0.0,0,0,0,0,0,0,0.0,0,2.353846,8.851282,18.789744,24864.637506,1.150856,1,1677,0,1213,7409,0,MaxPaths=3;Alpha0=0.5;Gamma=0.9;Epsilon0=0.5;RewardW1=0.6;RewardW2=0.4;RewardW3=0;RewardW4=0.2;AdaptiveEpsilon=false;AdaptiveAlpha=false;AdaptiveReward=false;Policy=QLearning;UseMacFeedback=true;DelayRef=0.01;HopByHop=false;UseRerrBump=true;
QMAODV,A_N20_pi010|QMAODV_srconly,13,20,19,0.1,512,5.0,0.85,1000.0,1000.0,300.0,16.0,0.0,0,0,0,3,200.0,37022,22443,0.606207,25.514147,150.81508,159.934875,57.715056,53799,2533542,20.905157,2.397139,0.0,0.0,0.0,0.0,0.0,0,0,0,0,0,0,0.0,0,2.353846,9.04359,18.530769,23376.285305,0.956107,3,8651,0,3089,14017,0,MaxPaths=3;Alpha0=0.5;Gamma=0.9;Epsilon0=0.5;RewardW1=0.6;RewardW2=0.4;RewardW3=0;RewardW4=0.2;AdaptiveEpsilon=false;AdaptiveAlpha=false;AdaptiveReward=false;Policy=QLearning;UseMacFeedback=true;DelayRef=0.01;HopByHop=false;UseRerrBump=true;
QMAODV,A_N20_pi010|QMAODV_srconly,14,20,19,0.1,512,5.0,0.85,1000.0,1000.0,300.0,16.0,0.0,0,0,0,3,200.0,37022,20960,0.56615,23.828211,72.282193,70.182069,27.74726,33120,1561798,13.798752,1.580153,0.0,0.0,0.0,0.0,0.0,0,0,0,0,0,0,0.0,0,2.205128,8.733333,18.602564,24764.712314,0.773081,311,7003,0,3063,15753,0,MaxPaths=3;Alpha0=0.5;Gamma=0.9;Epsilon0=0.5;RewardW1=0.6;RewardW2=0.4;RewardW3=0;RewardW4=0.2;AdaptiveEpsilon=false;AdaptiveAlpha=false;AdaptiveReward=false;Policy=QLearning;UseMacFeedback=true;DelayRef=0.01;HopByHop=false;UseRerrBump=true;
QMAODV,A_N20_pi010|QMAODV_srconly,15,20,19,0.1,512,5.0,0.85,1000.0,1000.0,300.0,16.0,0.0,0,0,0,3,200.0,37022,17925,0.484172,20.377895,137.036754,184.14745,74.250512,60499,2877268,29.725378,3.375119,0.0,0.0,0.0,0.0,0.0,0,0,0,0,0,0,0.0,0,1.969231,8.435897,18.364103,24698.448431,1.024661,34,7002,0,4641,18605,0,MaxPaths=3;Alpha0=0.5;Gamma=0.9;Epsilon0=0.5;RewardW1=0.6;RewardW2=0.4;RewardW3=0;RewardW4=0.2;AdaptiveEpsilon=false;AdaptiveAlpha=false;AdaptiveReward=false;Policy=QLearning;UseMacFeedback=true;DelayRef=0.01;HopByHop=false;UseRerrBump=true;
QMAODV,A_N20_pi010|QMAODV_srconly,16,20,19,0.1,512,5.0,0.85,1000.0,1000.0,300.0,16.0,0.0,0,0,0,3,200.0,37022,25227,0.681406,28.679116,141.544743,147.829473,49.112421,40350,1892062,13.88916,1.599477,0.0,0.0,0.0,0.0,0.0,0,0,0,0,0,0,0.0,0,1.825641,8.146154,18.448718,24356.530873,1.114067,6,5819,0,2217,11773,0,MaxPaths=3;Alpha0=0.5;Gamma=0.9;Epsilon0=0.5;RewardW1=0.6;RewardW2=0.4;RewardW3=0;RewardW4=0.2;AdaptiveEpsilon=false;AdaptiveAlpha=false;AdaptiveReward=false;Policy=QLearning;UseMacFeedback=true;DelayRef=0.01;HopByHop=false;UseRerrBump=true;
QMAODV,A_N20_pi010|QMAODV_srconly,17,20,19,0.1,512,5.0,0.85,1000.0,1000.0,300.0,16.0,0.0,0,0,0,3,200.0,37022,15943,0.430636,19.1316,38.329818,26.302051,5.961582,5607,267572,3.10797,0.35169,0.0,0.0,0.0,0.0,0.0,0,0,0,0,0,0,0.0,0,2.333333,8.448718,18.497436,22738.691762,0.317244,0,1305,0,102,20141,0,MaxPaths=3;Alpha0=0.5;Gamma=0.9;Epsilon0=0.5;RewardW1=0.6;RewardW2=0.4;RewardW3=0;RewardW4=0.2;AdaptiveEpsilon=false;AdaptiveAlpha=false;AdaptiveReward=false;Policy=QLearning;UseMacFeedback=true;DelayRef=0.01;HopByHop=false;UseRerrBump=true;
QMAODV,A_N20_pi010|QMAODV_srconly,18,20,19,0.1,512,5.0,0.85,1000.0,1000.0,300.0,16.0,0.0,0,0,0,3,200.0,37022,27253,0.73613,30.982358,73.527498,88.498449,29.324167,22147,1047584,7.118374,0.812644,0.0,0.0,0.0,0.0,0.0,0,0,0,0,0,0,0.0,0,1.984615,7.946154,18.264103,21730.452487,1.162282,3,5038,0,976,9674,0,MaxPaths=3;Alpha0=0.5;Gamma=0.9;Epsilon0=0.5;RewardW1=0.6;RewardW2=0.4;RewardW3=0;RewardW4=0.2;AdaptiveEpsilon=false;AdaptiveAlpha=false;AdaptiveReward=false;Policy=QLearning;UseMacFeedback=true;DelayRef=0.01;HopByHop=false;UseRerrBump=true;
QMAODV,A_N20_pi010|QMAODV_srconly,19,20,19,0.1,512,5.0,0.85,1000.0,1000.0,300.0,16.0,0.0,0,0,0,3,200.0,37022,24064,0.649992,27.356968,130.288905,191.397172,34.476625,22489,1063084,8.180993,0.93455,0.0,0.0,0.0,0.0,0.0,0,0,0,0,0,0,0.0,0,2.046154,7.533333,18.041026,19133.814224,0.855545,37,11142,0,1080,12632,0,MaxPaths=3;Alpha0=0.5;Gamma=0.9;Epsilon0=0.5;RewardW1=0.6;RewardW2=0.4;RewardW3=0;RewardW4=0.2;AdaptiveEpsilon=false;AdaptiveAlpha=false;AdaptiveReward=false;Policy=QLearning;UseMacFeedback=true;DelayRef=0.01;HopByHop=false;UseRerrBump=true;
QMAODV,A_N20_pi010|QMAODV_srconly,2,20,19,0.1,512,5.0,0.85,1000.0,1000.0,300.0,16.0,0.0,0,0,0,3,200.0,37022,7885,0.212981,10.64475,5.291766,9.15596,12.467079,5473,262182,6.157542,0.694103,0.0,0.0,0.0,0.0,0.0,0,0,0,0,0,0,0.0,0,2.851282,8.679487,18.187179,22296.131007,0.183485,0,2081,0,65,28275,0,MaxPaths=3;Alpha0=0.5;Gamma=0.9;Epsilon0=0.5;RewardW1=0.6;RewardW2=0.4;RewardW3=0;RewardW4=0.2;AdaptiveEpsilon=false;AdaptiveAlpha=false;AdaptiveReward=false;Policy=QLearning;UseMacFeedback=true;DelayRef=0.01;HopByHop=false;UseRerrBump=true;
QMAODV,A_N20_pi010|QMAODV_srconly,20,20,19,0.1,512,5.0,0.85,1000.0,1000.0,300.0,16.0,0.0,0,0,0,3,200.0,37022,23110,0.624223,26.272421,150.021992,164.785266,57.004666,64402,3025830,24.246598,2.786759,0.0,0.0,0.0,0.0,0.0,0,0,0,0,0,0,0.0,0,2.328205,8.379487,18.317949,20034.119132,0.97596,13,8695,0,4024,13587,0,MaxPaths=3;Alpha0=0.5;Gamma=0.9;Epsilon0=0.5;RewardW1=0.6;RewardW2=0.4;RewardW3=0;RewardW4=0.2;AdaptiveEpsilon=false;AdaptiveAlpha=false;AdaptiveReward=false;Policy=QLearning;UseMacFeedback=true;DelayRef=0.01;HopByHop=false;UseRerrBump=true;
QMAODV,A_N20_pi010|QMAODV_srconly,3,20,19,0.1,512,5.0,0.85,1000.0,1000.0,300.0,16.0,0.0,0,0,0,3,200.0,37022,18250,0.49295,20.747368,230.839666,252.878267,66.647461,63142,2993636,30.376824,3.459836,0.0,0.0,0.0,0.0,0.0,0,0,0,0,0,0,0.0,0,2.187179,8.523077,17.974359,26622.900406,0.86924,164,12643,0,3598,18444,0,MaxPaths=3;Alpha0=0.5;Gamma=0.9;Epsilon0=0.5;RewardW1=0.6;RewardW2=0.4;RewardW3=0;RewardW4=0.2;AdaptiveEpsilon=false;AdaptiveAlpha=false;AdaptiveReward=false;Policy=QLearning;UseMacFeedback=true;DelayRef=0.01;HopByHop=false;UseRerrBump=true;
QMAODV,A_N20_pi010|QMAODV_srconly,4,20,19,0.1,512,5.0,0.85,1000.0,1000.0,300.0,16.0,0.0,0,0,0,3,200.0,37022,13815,0.373157,15.705474,74.058369,152.993128,42.090163,27794,1320712,17.703677,2.011871,0.0,0.0,0.0,0.0,0.0,0,0,0,0,0,0,0.0,0,2.65641,9.266667,18.551282,21721.695025,0.442386,0,4373,0,2121,22316,0,MaxPaths=3;Alpha0=0.5;Gamma=0.9;Epsilon0=0.5;RewardW1=0.6;RewardW2=0.4;RewardW3=0;RewardW4=0.2;AdaptiveEpsilon=false;AdaptiveAlpha=false;AdaptiveReward=false;Policy=QLearning;UseMacFeedback=true;DelayRef=0.01;HopByHop=false;UseRerrBump=true;
QMAODV,A_N20_pi010|QMAODV_srconly,5,20,19,0.1,512,5.0,0.85,1000.0,1000.0,300.0,16.0,0.0,0,0,0,3,200.0,37022,31089,0.839744,35.343284,81.600244,91.034948,22.58314,18638,876190,5.219126,0.599505,0.0,0.0,0.0,0.0,0.0,0,0,0,0,0,0,0.0,0,2.448718,9.497436,18.620513,25315.804661,1.144833,0,2248,0,1015,5587,0,MaxPaths=3;Alpha0=0.5;Gamma=0.9;Epsilon0=0.5;RewardW1=0.6;RewardW2=0.4;RewardW3=0;RewardW4=0.2;AdaptiveEpsilon=false;AdaptiveAlpha=false;AdaptiveReward=false;Policy=QLearning;UseMacFeedback=true;DelayRef=0.01;HopByHop=false;UseRerrBump=true;
QMAODV,A_N20_pi010|QMAODV_srconly,6,20,19,0.1,512,5.0,0.85,1000.0,1000.0,300.0,16.0,0.0,0,0,0,3,200.0,37022,21985,0.593836,24.993474,42.474906,128.083749,24.0783,18698,887616,7.476613,0.850489,0.0,0.0,0.0,0.0,0.0,0,0,0,0,0,0,0.0,0,2.653846,9.589744,18.533333,22227.889823,0.586894,0,3451,0,704,14247,0,MaxPaths=3;Alpha0=0.5;Gamma=0.9;Epsilon0=0.5;RewardW1=0.6;RewardW2=0.4;RewardW3=0;RewardW4=0.2;AdaptiveEpsilon=false;AdaptiveAlpha=false;AdaptiveReward=false;Policy=QLearning;UseMacFeedback=true;DelayRef=0.01;HopByHop=false;UseRerrBump=true;
QMAODV,A_N20_pi010|QMAODV_srconly,7,20,19,0.1,512,5.0,0.85,1000.0,1000.0,300.0,16.0,0.0,0,0,0,3,200.0,37022,23019,0.621765,26.168968,34.76759,56.407425,16.811089,11242,530388,4.26691,0.488379,0.0,0.0,0.0,0.0,0.0,0,0,0,0,0,0,0.0,0,2.458974,9.976923,18.689744,22459.172633,0.543839,2,1655,0,382,12766,0,MaxPaths=3;Alpha0=0.5;Gamma=0.9;Epsilon0=0.5;RewardW1=0.6;RewardW2=0.4;RewardW3=0;RewardW4=0.2;AdaptiveEpsilon=false;AdaptiveAlpha=false;AdaptiveReward=false;Policy=QLearning;UseMacFeedback=true;DelayRef=0.01;HopByHop=false;UseRerrBump=true;
QMAODV,A_N20_pi010|QMAODV_srconly,8,20,19,0.1,512,5.0,0.85,1000.0,1000.0,300.0,16.0,0.0,0,0,0,3,200.0,37022,14391,0.388715,16.360295,192.017147,209.499492,81.405275,85078,4055600,52.187967,5.911889,0.0,0.0,0.0,0.0,0.0,0,0,0,0,0,0,0.0,0,2.597436,9.133333,18.505128,24158.272528,0.749392,2,15550,0,6695,22495,0,MaxPaths=3;Alpha0=0.5;Gamma=0.9;Epsilon0=0.5;RewardW1=0.6;RewardW2=0.4;RewardW3=0;RewardW4=0.2;AdaptiveEpsilon=false;AdaptiveAlpha=false;AdaptiveReward=false;Policy=QLearning;UseMacFeedback=true;DelayRef=0.01;HopByHop=false;UseRerrBump=true;
QMAODV,A_N20_pi010|QMAODV_srconly,9,20,19,0.1,512,5.0,0.85,1000.0,1000.0,300.0,16.0,0.0,0,0,0,3,200.0,37022,16104,0.434985,18.307705,81.434888,81.39756,25.040693,29440,1399144,16.089216,1.828117,0.0,0.0,0.0,0.0,0.0,0,0,0,0,0,0,0.0,0,2.220513,8.312821,18.128205,23364.794149,0.744881,0,3338,0,2524,19112,0,MaxPaths=3;Alpha0=0.5;Gamma=0.9;Epsilon0=0.5;RewardW1=0.6;RewardW2=0.4;RewardW3=0;RewardW4=0.2;AdaptiveEpsilon=false;AdaptiveAlpha=false;AdaptiveReward=false;Policy=QLearning;UseMacFeedback=true;DelayRef=0.01;HopByHop=false;UseRerrBump=true;
QSQMAODV,A_N20_pi010|QSQ_prune_FULL_QDE,1,20,19,0.1,512,5.0,0.85,1000.0,1000.0,300.0,16.0,0.0,0,0,0,3,200.0,37022,16363,0.44198,18.602147,213.69385,243.802607,65.648654,38937,1858202,21.029853,2.379576,0.095835,0.264022,1.0,0.053787,0.193568,97356,1639,0,495,2,0,0.0,0,2.44359,8.884615,18.407692,22539.664836,0.886635,3,6033,0,2496,18966,18896,MaxPaths=3;Alpha0=0.5;Gamma=0.9;Epsilon0=0.5;RewardW1=0.6;RewardW2=0.4;RewardW3=0;RewardW4=0.2;AdaptiveEpsilon=false;AdaptiveAlpha=false;AdaptiveReward=false;Policy=QLearning;UseMacFeedback=true;DelayRef=0.01;HopByHop=true;UseRerrBump=true;QueueHighThreshold=0.7;QueueLowThreshold=0.3;QueueRewardWeight=0.1;AdaptiveQueueWeight=true;QueueWeightMax=0.4;QueueWeightKappa=0.2;FailurePenalty=0.5;QueueAwareSelect=true;QueueDrivenExploration=true;QueueSelectBeta=0.5;AckSilenceDecay=true;AckSilenceThreshold=+1.5e+10ns;DecayFactor=0.92;DecayMinTx=3;DecayInterval=+1e+10ns;TrendEpsilon=true;TrendInterval=+1e+09ns;TrendDelta=0.05;TrendWindow=3;TrendBump=0.1;TrendCap=0.5;QueueRefPackets=20;
QSQMAODV,A_N20_pi010|QSQ_prune_FULL_QDE,10,20,19,0.1,512,5.0,0.85,1000.0,1000.0,300.0,16.0,0.0,0,0,0,3,200.0,37022,15653,0.422803,19.888518,4.057502,4.75997,2.472933,6312,301412,3.5659,0.403245,0.002706,0.027392,1.0,0.001976,0.019707,56196,105,0,166,0,0,0.0,0,2.266667,8.910256,18.530769,23279.71399,0.303306,0,546,0,106,20269,1041,MaxPaths=3;Alpha0=0.5;Gamma=0.9;Epsilon0=0.5;RewardW1=0.6;RewardW2=0.4;RewardW3=0;RewardW4=0.2;AdaptiveEpsilon=false;AdaptiveAlpha=false;AdaptiveReward=false;Policy=QLearning;UseMacFeedback=true;DelayRef=0.01;HopByHop=true;UseRerrBump=true;QueueHighThreshold=0.7;QueueLowThreshold=0.3;QueueRewardWeight=0.1;AdaptiveQueueWeight=true;QueueWeightMax=0.4;QueueWeightKappa=0.2;FailurePenalty=0.5;QueueAwareSelect=true;QueueDrivenExploration=true;QueueSelectBeta=0.5;AckSilenceDecay=true;AckSilenceThreshold=+1.5e+10ns;DecayFactor=0.92;DecayMinTx=3;DecayInterval=+1e+10ns;TrendEpsilon=true;TrendInterval=+1e+09ns;TrendDelta=0.05;TrendWindow=3;TrendBump=0.1;TrendCap=0.5;QueueRefPackets=20;
QSQMAODV,A_N20_pi010|QSQ_prune_FULL_QDE,11,20,19,0.1,512,5.0,0.85,1000.0,1000.0,300.0,16.0,0.0,0,0,0,3,200.0,37022,17842,0.48193,20.283537,137.496161,157.794647,39.00903,31091,1472362,15.281898,1.742574,0.105533,0.276062,1.0,0.066083,0.216931,94477,1816,0,452,2,0,0.0,0,2.235897,8.123077,18.446154,24281.639952,0.690589,126,6293,0,2537,18244,14037,MaxPaths=3;Alpha0=0.5;Gamma=0.9;Epsilon0=0.5;RewardW1=0.6;RewardW2=0.4;RewardW3=0;RewardW4=0.2;AdaptiveEpsilon=false;AdaptiveAlpha=false;AdaptiveReward=false;Policy=QLearning;UseMacFeedback=true;DelayRef=0.01;HopByHop=true;UseRerrBump=true;QueueHighThreshold=0.7;QueueLowThreshold=0.3;QueueRewardWeight=0.1;AdaptiveQueueWeight=true;QueueWeightMax=0.4;QueueWeightKappa=0.2;FailurePenalty=0.5;QueueAwareSelect=true;QueueDrivenExploration=true;QueueSelectBeta=0.5;AckSilenceDecay=true;AckSilenceThreshold=+1.5e+10ns;DecayFactor=0.92;DecayMinTx=3;DecayInterval=+1e+10ns;TrendEpsilon=true;TrendInterval=+1e+09ns;TrendDelta=0.05;TrendWindow=3;TrendBump=0.1;TrendCap=0.5;QueueRefPackets=20;
QSQMAODV,A_N20_pi010|QSQ_prune_FULL_QDE,12,20,19,0.1,512,5.0,0.85,1000.0,1000.0,300.0,16.0,0.0,0,0,0,3,200.0,37022,30760,0.830857,34.969263,67.885502,74.326455,22.444977,26537,1261000,7.591629,0.862711,0.07964,0.222291,1.0,0.058729,0.172125,105414,1250,0,805,0,0,0.0,0,2.353846,8.851282,18.789744,24864.637506,1.236913,66,2947,0,1463,6220,10707,MaxPaths=3;Alpha0=0.5;Gamma=0.9;Epsilon0=0.5;RewardW1=0.6;RewardW2=0.4;RewardW3=0;RewardW4=0.2;AdaptiveEpsilon=false;AdaptiveAlpha=false;AdaptiveReward=false;Policy=QLearning;UseMacFeedback=true;DelayRef=0.01;HopByHop=true;UseRerrBump=true;QueueHighThreshold=0.7;QueueLowThreshold=0.3;QueueRewardWeight=0.1;AdaptiveQueueWeight=true;QueueWeightMax=0.4;QueueWeightKappa=0.2;FailurePenalty=0.5;QueueAwareSelect=true;QueueDrivenExploration=true;QueueSelectBeta=0.5;AckSilenceDecay=true;AckSilenceThreshold=+1.5e+10ns;DecayFactor=0.92;DecayMinTx=3;DecayInterval=+1e+10ns;TrendEpsilon=true;TrendInterval=+1e+09ns;TrendDelta=0.05;TrendWindow=3;TrendBump=0.1;TrendCap=0.5;QueueRefPackets=20;
QSQMAODV,A_N20_pi010|QSQ_prune_FULL_QDE,13,20,19,0.1,512,5.0,0.85,1000.0,1000.0,300.0,16.0,0.0,0,0,0,3,200.0,37022,19612,0.529739,22.295747,95.346533,94.305632,23.955156,16704,801950,7.572367,0.851723,0.035567,0.129065,1.0,0.023023,0.093495,75473,611,0,684,0,0,0.0,0,2.353846,9.04359,18.530769,23376.285305,0.509616,8,2146,0,767,16678,5643,MaxPaths=3;Alpha0=0.5;Gamma=0.9;Epsilon0=0.5;RewardW1=0.6;RewardW2=0.4;RewardW3=0;RewardW4=0.2;AdaptiveEpsilon=false;AdaptiveAlpha=false;AdaptiveReward=false;Policy=QLearning;UseMacFeedback=true;DelayRef=0.01;HopByHop=true;UseRerrBump=true;QueueHighThreshold=0.7;QueueLowThreshold=0.3;QueueRewardWeight=0.1;AdaptiveQueueWeight=true;QueueWeightMax=0.4;QueueWeightKappa=0.2;FailurePenalty=0.5;QueueAwareSelect=true;QueueDrivenExploration=true;QueueSelectBeta=0.5;AckSilenceDecay=true;AckSilenceThreshold=+1.5e+10ns;DecayFactor=0.92;DecayMinTx=3;DecayInterval=+1e+10ns;TrendEpsilon=true;TrendInterval=+1e+09ns;TrendDelta=0.05;TrendWindow=3;TrendBump=0.1;TrendCap=0.5;QueueRefPackets=20;
QSQMAODV,A_N20_pi010|QSQ_prune_FULL_QDE,14,20,19,0.1,512,5.0,0.85,1000.0,1000.0,300.0,16.0,0.0,0,0,0,3,200.0,37022,22273,0.601615,25.320884,156.598536,184.500815,48.758101,35221,1675644,13.931866,1.581332,0.12712,0.318904,1.0,0.086348,0.25859,105811,1945,0,182,3,0,0.0,0,2.205128,8.733333,18.602564,24764.712314,0.990438,114,7435,0,2475,14248,16186,MaxPaths=3;Alpha0=0.5;Gamma=0.9;Epsilon0=0.5;RewardW1=0.6;RewardW2=0.4;RewardW3=0;RewardW4=0.2;AdaptiveEpsilon=false;AdaptiveAlpha=false;AdaptiveReward=false;Policy=QLearning;UseMacFeedback=true;DelayRef=0.01;HopByHop=true;UseRerrBump=true;QueueHighThreshold=0.7;QueueLowThreshold=0.3;QueueRewardWeight=0.1;AdaptiveQueueWeight=true;QueueWeightMax=0.4;QueueWeightKappa=0.2;FailurePenalty=0.5;QueueAwareSelect=true;QueueDrivenExploration=true;QueueSelectBeta=0.5;AckSilenceDecay=true;AckSilenceThreshold=+1.5e+10ns;DecayFactor=0.92;DecayMinTx=3;DecayInterval=+1e+10ns;TrendEpsilon=true;TrendInterval=+1e+09ns;TrendDelta=0.05;TrendWindow=3;TrendBump=0.1;TrendCap=0.5;QueueRefPackets=20;
QSQMAODV,A_N20_pi010|QSQ_prune_FULL_QDE,15,20,19,0.1,512,5.0,0.85,1000.0,1000.0,300.0,16.0,0.0,0,0,0,3,200.0,37022,18850,0.509157,21.429474,305.478994,412.592258,101.015141,60763,2903906,28.528402,3.223501,0.197744,0.446699,1.0,0.138906,0.352193,139958,3272,0,245,1,0,0.0,0,1.969231,8.435897,18.364103,24698.448431,1.228324,111,9984,0,4477,17180,31239,MaxPaths=3;Alpha0=0.5;Gamma=0.9;Epsilon0=0.5;RewardW1=0.6;RewardW2=0.4;RewardW3=0;RewardW4=0.2;AdaptiveEpsilon=false;AdaptiveAlpha=false;AdaptiveReward=false;Policy=QLearning;UseMacFeedback=true;DelayRef=0.01;HopByHop=true;UseRerrBump=true;QueueHighThreshold=0.7;QueueLowThreshold=0.3;QueueRewardWeight=0.1;AdaptiveQueueWeight=true;QueueWeightMax=0.4;QueueWeightKappa=0.2;FailurePenalty=0.5;QueueAwareSelect=true;QueueDrivenExploration=true;QueueSelectBeta=0.5;AckSilenceDecay=true;AckSilenceThreshold=+1.5e+10ns;DecayFactor=0.92;DecayMinTx=3;DecayInterval=+1e+10ns;TrendEpsilon=true;TrendInterval=+1e+09ns;TrendDelta=0.05;TrendWindow=3;TrendBump=0.1;TrendCap=0.5;QueueRefPackets=20;
QSQMAODV,A_N20_pi010|QSQ_prune_FULL_QDE,16,20,19,0.1,512,5.0,0.85,1000.0,1000.0,300.0,16.0,0.0,0,0,0,3,200.0,37022,24969,0.674437,28.385811,206.233894,219.957779,48.535607,31327,1479094,10.969854,1.254636,0.120379,0.30394,1.0,0.091528,0.243902,95048,1431,0,585,1,0,0.0,0,1.825641,8.146154,18.448718,24356.530873,1.045649,31,7287,0,1960,11769,11150,MaxPaths=3;Alpha0=0.5;Gamma=0.9;Epsilon0=0.5;RewardW1=0.6;RewardW2=0.4;RewardW3=0;RewardW4=0.2;AdaptiveEpsilon=false;AdaptiveAlpha=false;AdaptiveReward=false;Policy=QLearning;UseMacFeedback=true;DelayRef=0.01;HopByHop=true;UseRerrBump=true;QueueHighThreshold=0.7;QueueLowThreshold=0.3;QueueRewardWeight=0.1;AdaptiveQueueWeight=true;QueueWeightMax=0.4;QueueWeightKappa=0.2;FailurePenalty=0.5;QueueAwareSelect=true;QueueDrivenExploration=true;QueueSelectBeta=0.5;AckSilenceDecay=true;AckSilenceThreshold=+1.5e+10ns;DecayFactor=0.92;DecayMinTx=3;DecayInterval=+1e+10ns;TrendEpsilon=true;TrendInterval=+1e+09ns;TrendDelta=0.05;TrendWindow=3;TrendBump=0.1;TrendCap=0.5;QueueRefPackets=20;
QSQMAODV,A_N20_pi010|QSQ_prune_FULL_QDE,17,20,19,0.1,512,5.0,0.85,1000.0,1000.0,300.0,16.0,0.0,0,0,0,3,200.0,37022,19064,0.514937,22.8768,36.397534,30.064815,5.451649,6912,329402,3.199768,0.362568,0.004953,0.038388,1.0,0.003698,0.028621,60151,136,0,364,0,0,0.0,0,2.333333,8.448718,18.497436,22738.691762,0.491951,0,1812,0,171,17394,1179,MaxPaths=3;Alpha0=0.5;Gamma=0.9;Epsilon0=0.5;RewardW1=0.6;RewardW2=0.4;RewardW3=0;RewardW4=0.2;AdaptiveEpsilon=false;AdaptiveAlpha=false;AdaptiveReward=false;Policy=QLearning;UseMacFeedback=true;DelayRef=0.01;HopByHop=true;UseRerrBump=true;QueueHighThreshold=0.7;QueueLowThreshold=0.3;QueueRewardWeight=0.1;AdaptiveQueueWeight=true;QueueWeightMax=0.4;QueueWeightKappa=0.2;FailurePenalty=0.5;QueueAwareSelect=true;QueueDrivenExploration=true;QueueSelectBeta=0.5;AckSilenceDecay=true;AckSilenceThreshold=+1.5e+10ns;DecayFactor=0.92;DecayMinTx=3;DecayInterval=+1e+10ns;TrendEpsilon=true;TrendInterval=+1e+09ns;TrendDelta=0.05;TrendWindow=3;TrendBump=0.1;TrendCap=0.5;QueueRefPackets=20;
QSQMAODV,A_N20_pi010|QSQ_prune_FULL_QDE,18,20,19,0.1,512,5.0,0.85,1000.0,1000.0,300.0,16.0,0.0,0,0,0,3,200.0,37022,25321,0.683945,28.785979,126.432946,154.517969,28.965197,16842,799200,5.844951,0.66514,0.063987,0.188123,1.0,0.047887,0.15142,85507,580,0,502,0,0,0.0,0,1.984615,7.946154,18.264103,21730.452487,1.052969,37,4094,0,733,11006,5517,MaxPaths=3;Alpha0=0.5;Gamma=0.9;Epsilon0=0.5;RewardW1=0.6;RewardW2=0.4;RewardW3=0;RewardW4=0.2;AdaptiveEpsilon=false;AdaptiveAlpha=false;AdaptiveReward=false;Policy=QLearning;UseMacFeedback=true;DelayRef=0.01;HopByHop=true;UseRerrBump=true;QueueHighThreshold=0.7;QueueLowThreshold=0.3;QueueRewardWeight=0.1;AdaptiveQueueWeight=true;QueueWeightMax=0.4;QueueWeightKappa=0.2;FailurePenalty=0.5;QueueAwareSelect=true;QueueDrivenExploration=true;QueueSelectBeta=0.5;AckSilenceDecay=true;AckSilenceThreshold=+1.5e+10ns;DecayFactor=0.92;DecayMinTx=3;DecayInterval=+1e+10ns;TrendEpsilon=true;TrendInterval=+1e+09ns;TrendDelta=0.05;TrendWindow=3;TrendBump=0.1;TrendCap=0.5;QueueRefPackets=20;
QSQMAODV,A_N20_pi010|QSQ_prune_FULL_QDE,19,20,19,0.1,512,5.0,0.85,1000.0,1000.0,300.0,16.0,0.0,0,0,0,3,200.0,37022,20053,0.541651,22.797095,42.497176,74.975337,14.108065,13535,647276,5.977456,0.674961,0.081669,0.162494,1.0,0.072736,0.136392,62881,424,0,473,0,0,0.0,0,2.046154,7.533333,18.041026,19133.814224,0.513154,9,9004,0,488,16620,3591,MaxPaths=3;Alpha0=0.5;Gamma=0.9;Epsilon0=0.5;RewardW1=0.6;RewardW2=0.4;RewardW3=0;RewardW4=0.2;AdaptiveEpsilon=false;AdaptiveAlpha=false;AdaptiveReward=false;Policy=QLearning;UseMacFeedback=true;DelayRef=0.01;HopByHop=true;UseRerrBump=true;QueueHighThreshold=0.7;QueueLowThreshold=0.3;QueueRewardWeight=0.1;AdaptiveQueueWeight=true;QueueWeightMax=0.4;QueueWeightKappa=0.2;FailurePenalty=0.5;QueueAwareSelect=true;QueueDrivenExploration=true;QueueSelectBeta=0.5;AckSilenceDecay=true;AckSilenceThreshold=+1.5e+10ns;DecayFactor=0.92;DecayMinTx=3;DecayInterval=+1e+10ns;TrendEpsilon=true;TrendInterval=+1e+09ns;TrendDelta=0.05;TrendWindow=3;TrendBump=0.1;TrendCap=0.5;QueueRefPackets=20;
QSQMAODV,A_N20_pi010|QSQ_prune_FULL_QDE,2,20,19,0.1,512,5.0,0.85,1000.0,1000.0,300.0,16.0,0.0,0,0,0,3,200.0,37022,9866,0.26649,11.8392,26.570473,36.052951,16.716352,13273,631320,11.8499,1.345327,0.022256,0.088765,1.0,0.011257,0.062865,76164,480,0,744,0,0,0.0,0,2.851282,8.679487,18.187179,22296.131007,0.244179,3,2637,0,528,26512,4799,MaxPaths=3;Alpha0=0.5;Gamma=0.9;Epsilon0=0.5;RewardW1=0.6;RewardW2=0.4;RewardW3=0;RewardW4=0.2;AdaptiveEpsilon=false;AdaptiveAlpha=false;AdaptiveReward=false;Policy=QLearning;UseMacFeedback=true;DelayRef=0.01;HopByHop=true;UseRerrBump=true;QueueHighThreshold=0.7;QueueLowThreshold=0.3;QueueRewardWeight=0.1;AdaptiveQueueWeight=true;QueueWeightMax=0.4;QueueWeightKappa=0.2;FailurePenalty=0.5;QueueAwareSelect=true;QueueDrivenExploration=true;QueueSelectBeta=0.5;AckSilenceDecay=true;AckSilenceThreshold=+1.5e+10ns;DecayFactor=0.92;DecayMinTx=3;DecayInterval=+1e+10ns;TrendEpsilon=true;TrendInterval=+1e+09ns;TrendDelta=0.05;TrendWindow=3;TrendBump=0.1;TrendCap=0.5;QueueRefPackets=20;
QSQMAODV,A_N20_pi010|QSQ_prune_FULL_QDE,20,20,19,0.1,512,5.0,0.85,1000.0,1000.0,300.0,16.0,0.0,0,0,0,3,200.0,37022,24000,0.648263,27.284211,75.254512,88.181743,25.178603,29502,1379374,10.643318,1.22925,0.085347,0.242691,1.0,0.056109,0.188135,96724,1492,0,501,0,0,0.0,0,2.328205,8.379487,18.317949,20034.119132,0.910405,5,4829,0,1926,12417,11624,MaxPaths=3;Alpha0=0.5;Gamma=0.9;Epsilon0=0.5;RewardW1=0.6;RewardW2=0.4;RewardW3=0;RewardW4=0.2;AdaptiveEpsilon=false;AdaptiveAlpha=false;AdaptiveReward=false;Policy=QLearning;UseMacFeedback=true;DelayRef=0.01;HopByHop=true;UseRerrBump=true;QueueHighThreshold=0.7;QueueLowThreshold=0.3;QueueRewardWeight=0.1;AdaptiveQueueWeight=true;QueueWeightMax=0.4;QueueWeightKappa=0.2;FailurePenalty=0.5;QueueAwareSelect=true;QueueDrivenExploration=true;QueueSelectBeta=0.5;AckSilenceDecay=true;AckSilenceThreshold=+1.5e+10ns;DecayFactor=0.92;DecayMinTx=3;DecayInterval=+1e+10ns;TrendEpsilon=true;TrendInterval=+1e+09ns;TrendDelta=0.05;TrendWindow=3;TrendBump=0.1;TrendCap=0.5;QueueRefPackets=20;
QSQMAODV,A_N20_pi010|QSQ_prune_FULL_QDE,3,20,19,0.1,512,5.0,0.85,1000.0,1000.0,300.0,16.0,0.0,0,0,0,3,200.0,37022,19615,0.52982,22.299158,143.65787,162.426425,47.762673,44205,2097306,19.800663,2.253632,0.120562,0.321245,1.0,0.0762,0.248447,95717,1624,0,252,0,0,0.0,0,2.187179,8.523077,17.974359,26622.900406,0.951839,12,12379,0,2186,16882,17911,MaxPaths=3;Alpha0=0.5;Gamma=0.9;Epsilon0=0.5;RewardW1=0.6;RewardW2=0.4;RewardW3=0;RewardW4=0.2;AdaptiveEpsilon=false;AdaptiveAlpha=false;AdaptiveReward=false;Policy=QLearning;UseMacFeedback=true;DelayRef=0.01;HopByHop=true;UseRerrBump=true;QueueHighThreshold=0.7;QueueLowThreshold=0.3;QueueRewardWeight=0.1;AdaptiveQueueWeight=true;QueueWeightMax=0.4;QueueWeightKappa=0.2;FailurePenalty=0.5;QueueAwareSelect=true;QueueDrivenExploration=true;QueueSelectBeta=0.5;AckSilenceDecay=true;AckSilenceThreshold=+1.5e+10ns;DecayFactor=0.92;DecayMinTx=3;DecayInterval=+1e+10ns;TrendEpsilon=true;TrendInterval=+1e+09ns;TrendDelta=0.05;TrendWindow=3;TrendBump=0.1;TrendCap=0.5;QueueRefPackets=20;
QSQMAODV,A_N20_pi010|QSQ_prune_FULL_QDE,4,20,19,0.1,512,5.0,0.85,1000.0,1000.0,300.0,16.0,0.0,0,0,0,3,200.0,37022,18867,0.509616,21.4488,205.273943,213.204614,62.660876,54267,2587968,25.401671,2.876292,0.13041,0.364759,1.0,0.061503,0.260415,115245,2950,0,508,4,0,0.0,0,2.65641,9.266667,18.551282,21721.695025,0.961509,3,7395,0,3821,17781,30881,MaxPaths=3;Alpha0=0.5;Gamma=0.9;Epsilon0=0.5;RewardW1=0.6;RewardW2=0.4;RewardW3=0;RewardW4=0.2;AdaptiveEpsilon=false;AdaptiveAlpha=false;AdaptiveReward=false;Policy=QLearning;UseMacFeedback=true;DelayRef=0.01;HopByHop=true;UseRerrBump=true;QueueHighThreshold=0.7;QueueLowThreshold=0.3;QueueRewardWeight=0.1;AdaptiveQueueWeight=true;QueueWeightMax=0.4;QueueWeightKappa=0.2;FailurePenalty=0.5;QueueAwareSelect=true;QueueDrivenExploration=true;QueueSelectBeta=0.5;AckSilenceDecay=true;AckSilenceThreshold=+1.5e+10ns;DecayFactor=0.92;DecayMinTx=3;DecayInterval=+1e+10ns;TrendEpsilon=true;TrendInterval=+1e+09ns;TrendDelta=0.05;TrendWindow=3;TrendBump=0.1;TrendCap=0.5;QueueRefPackets=20;
QSQMAODV,A_N20_pi010|QSQ_prune_FULL_QDE,5,20,19,0.1,512,5.0,0.85,1000.0,1000.0,300.0,16.0,0.0,0,0,0,3,200.0,37022,22520,0.608287,25.601684,48.469196,43.444862,9.530564,9760,461670,3.796379,0.433393,0.012005,0.067736,1.0,0.006601,0.042156,63838,364,0,601,0,0,0.0,0,2.448718,9.497436,18.620513,25315.804661,0.592621,0,1182,0,427,13102,2363,MaxPaths=3;Alpha0=0.5;Gamma=0.9;Epsilon0=0.5;RewardW1=0.6;RewardW2=0.4;RewardW3=0;RewardW4=0.2;AdaptiveEpsilon=false;AdaptiveAlpha=false;AdaptiveReward=false;Policy=QLearning;UseMacFeedback=true;DelayRef=0.01;HopByHop=true;UseRerrBump=true;QueueHighThreshold=0.7;QueueLowThreshold=0.3;QueueRewardWeight=0.1;AdaptiveQueueWeight=true;QueueWeightMax=0.4;QueueWeightKappa=0.2;FailurePenalty=0.5;QueueAwareSelect=true;QueueDrivenExploration=true;QueueSelectBeta=0.5;AckSilenceDecay=true;AckSilenceThreshold=+1.5e+10ns;DecayFactor=0.92;DecayMinTx=3;DecayInterval=+1e+10ns;TrendEpsilon=true;TrendInterval=+1e+09ns;TrendDelta=0.05;TrendWindow=3;TrendBump=0.1;TrendCap=0.5;QueueRefPackets=20;
QSQMAODV,A_N20_pi010|QSQ_prune_FULL_QDE,6,20,19,0.1,512,5.0,0.85,1000.0,1000.0,300.0,16.0,0.0,0,0,0,3,200.0,37022,22687,0.612798,25.791537,24.847972,31.296441,9.24189,11743,557446,4.550216,0.517609,0.029839,0.102892,1.0,0.017954,0.0738,68459,454,0,495,0,0,0.0,0,2.653846,9.589744,18.533333,22227.889823,0.643968,0,2472,0,497,13742,3974,MaxPaths=3;Alpha0=0.5;Gamma=0.9;Epsilon0=0.5;RewardW1=0.6;RewardW2=0.4;RewardW3=0;RewardW4=0.2;AdaptiveEpsilon=false;AdaptiveAlpha=false;AdaptiveReward=false;Policy=QLearning;UseMacFeedback=true;DelayRef=0.01;HopByHop=true;UseRerrBump=true;QueueHighThreshold=0.7;QueueLowThreshold=0.3;QueueRewardWeight=0.1;AdaptiveQueueWeight=true;QueueWeightMax=0.4;QueueWeightKappa=0.2;FailurePenalty=0.5;QueueAwareSelect=true;QueueDrivenExploration=true;QueueSelectBeta=0.5;AckSilenceDecay=true;AckSilenceThreshold=+1.5e+10ns;DecayFactor=0.92;DecayMinTx=3;DecayInterval=+1e+10ns;TrendEpsilon=true;TrendInterval=+1e+09ns;TrendDelta=0.05;TrendWindow=3;TrendBump=0.1;TrendCap=0.5;QueueRefPackets=20;
QSQMAODV,A_N20_pi010|QSQ_prune_FULL_QDE,7,20,19,0.1,512,5.0,0.85,1000.0,1000.0,300.0,16.0,0.0,0,0,0,3,200.0,37022,27963,0.755308,31.789516,44.589894,54.11891,18.756069,15355,726690,4.81251,0.549118,0.026362,0.123863,1.0,0.01358,0.081388,75235,818,0,872,0,0,0.0,0,2.458974,9.976923,18.689744,22459.172633,0.82297,0,1997,0,909,8060,5814,MaxPaths=3;Alpha0=0.5;Gamma=0.9;Epsilon0=0.5;RewardW1=0.6;RewardW2=0.4;RewardW3=0;RewardW4=0.2;AdaptiveEpsilon=false;AdaptiveAlpha=false;AdaptiveReward=false;Policy=QLearning;UseMacFeedback=true;DelayRef=0.01;HopByHop=true;UseRerrBump=true;QueueHighThreshold=0.7;QueueLowThreshold=0.3;QueueRewardWeight=0.1;AdaptiveQueueWeight=true;QueueWeightMax=0.4;QueueWeightKappa=0.2;FailurePenalty=0.5;QueueAwareSelect=true;QueueDrivenExploration=true;QueueSelectBeta=0.5;AckSilenceDecay=true;AckSilenceThreshold=+1.5e+10ns;DecayFactor=0.92;DecayMinTx=3;DecayInterval=+1e+10ns;TrendEpsilon=true;TrendInterval=+1e+09ns;TrendDelta=0.05;TrendWindow=3;TrendBump=0.1;TrendCap=0.5;QueueRefPackets=20;
QSQMAODV,A_N20_pi010|QSQ_prune_FULL_QDE,8,20,19,0.1,512,5.0,0.85,1000.0,1000.0,300.0,16.0,0.0,0,0,0,3,200.0,37022,14032,0.379018,15.952168,282.427603,378.336038,115.327368,81383,3902466,51.502201,5.799815,0.209768,0.487859,1.0,0.094591,0.356882,117352,4321,0,161,7,0,0.0,0,2.597436,9.133333,18.505128,24158.272528,0.821863,11,15986,0,6305,22838,50339,MaxPaths=3;Alpha0=0.5;Gamma=0.9;Epsilon0=0.5;RewardW1=0.6;RewardW2=0.4;RewardW3=0;RewardW4=0.2;AdaptiveEpsilon=false;AdaptiveAlpha=false;AdaptiveReward=false;Policy=QLearning;UseMacFeedback=true;DelayRef=0.01;HopByHop=true;UseRerrBump=true;QueueHighThreshold=0.7;QueueLowThreshold=0.3;QueueRewardWeight=0.1;AdaptiveQueueWeight=true;QueueWeightMax=0.4;QueueWeightKappa=0.2;FailurePenalty=0.5;QueueAwareSelect=true;QueueDrivenExploration=true;QueueSelectBeta=0.5;AckSilenceDecay=true;AckSilenceThreshold=+1.5e+10ns;DecayFactor=0.92;DecayMinTx=3;DecayInterval=+1e+10ns;TrendEpsilon=true;TrendInterval=+1e+09ns;TrendDelta=0.05;TrendWindow=3;TrendBump=0.1;TrendCap=0.5;QueueRefPackets=20;
QSQMAODV,A_N20_pi010|QSQ_prune_FULL_QDE,9,20,19,0.1,512,5.0,0.85,1000.0,1000.0,300.0,16.0,0.0,0,0,0,3,200.0,37022,20891,0.564286,23.749768,158.106197,166.291457,44.539992,45047,2146372,19.026198,2.156287,0.11033,0.283382,1.0,0.054824,0.210349,114148,2481,0,303,2,0,0.0,0,2.220513,8.312821,18.128205,23364.794149,1.225461,1,6593,0,3833,15271,23180,MaxPaths=3;Alpha0=0.5;Gamma=0.9;Epsilon0=0.5;RewardW1=0.6;RewardW2=0.4;RewardW3=0;RewardW4=0.2;AdaptiveEpsilon=false;AdaptiveAlpha=false;AdaptiveReward=false;Policy=QLearning;UseMacFeedback=true;DelayRef=0.01;HopByHop=true;UseRerrBump=true;QueueHighThreshold=0.7;QueueLowThreshold=0.3;QueueRewardWeight=0.1;AdaptiveQueueWeight=true;QueueWeightMax=0.4;QueueWeightKappa=0.2;FailurePenalty=0.5;QueueAwareSelect=true;QueueDrivenExploration=true;QueueSelectBeta=0.5;AckSilenceDecay=true;AckSilenceThreshold=+1.5e+10ns;DecayFactor=0.92;DecayMinTx=3;DecayInterval=+1e+10ns;TrendEpsilon=true;TrendInterval=+1e+09ns;TrendDelta=0.05;TrendWindow=3;TrendBump=0.1;TrendCap=0.5;QueueRefPackets=20;
QSQMAODV,A_N20_pi010|QSQ_prune_FULL,1,20,19,0.1,512,5.0,0.85,1000.0,1000.0,300.0,16.0,0.0,0,0,0,3,200.0,37022,21370,0.577224,24.294316,87.190588,127.831489,39.180564,35369,1691702,14.659717,1.655077,0.099497,0.253133,1.0,0.043384,0.170631,89257,1611,0,715,2,0,0.0,0,2.44359,8.884615,18.407692,22539.664836,0.831073,0,4461,0,2334,14712,19067,MaxPaths=3;Alpha0=0.5;Gamma=0.9;Epsilon0=0.5;RewardW1=0.6;RewardW2=0.4;RewardW3=0;RewardW4=0.2;AdaptiveEpsilon=false;AdaptiveAlpha=false;AdaptiveReward=false;Policy=QLearning;UseMacFeedback=true;DelayRef=0.01;HopByHop=true;UseRerrBump=true;QueueHighThreshold=0.7;QueueLowThreshold=0.3;QueueRewardWeight=0.1;AdaptiveQueueWeight=true;QueueWeightMax=0.4;QueueWeightKappa=0.2;FailurePenalty=0.5;QueueAwareSelect=true;QueueDrivenExploration=false;QueueSelectBeta=0.5;AckSilenceDecay=true;AckSilenceThreshold=+1.5e+10ns;DecayFactor=0.92;DecayMinTx=3;DecayInterval=+1e+10ns;TrendEpsilon=true;TrendInterval=+1e+09ns;TrendDelta=0.05;TrendWindow=3;TrendBump=0.1;TrendCap=0.5;QueueRefPackets=20;
QSQMAODV,A_N20_pi010|QSQ_prune_FULL,10,20,19,0.1,512,5.0,0.85,1000.0,1000.0,300.0,16.0,0.0,0,0,0,3,200.0,37022,16065,0.433931,18.263368,73.660805,121.128786,42.559049,23967,1142510,13.169992,1.491877,0.05154,0.16914,1.0,0.032179,0.118439,89945,908,0,691,1,0,0.0,0,2.266667,8.910256,18.530769,23279.71399,0.527281,4,2327,0,1112,19881,9491,MaxPaths=3;Alpha0=0.5;Gamma=0.9;Epsilon0=0.5;RewardW1=0.6;RewardW2=0.4;RewardW3=0;RewardW4=0.2;AdaptiveEpsilon=false;AdaptiveAlpha=false;AdaptiveReward=false;Policy=QLearning;UseMacFeedback=true;DelayRef=0.01;HopByHop=true;UseRerrBump=true;QueueHighThreshold=0.7;QueueLowThreshold=0.3;QueueRewardWeight=0.1;AdaptiveQueueWeight=true;QueueWeightMax=0.4;QueueWeightKappa=0.2;FailurePenalty=0.5;QueueAwareSelect=true;QueueDrivenExploration=false;QueueSelectBeta=0.5;AckSilenceDecay=true;AckSilenceThreshold=+1.5e+10ns;DecayFactor=0.92;DecayMinTx=3;DecayInterval=+1e+10ns;TrendEpsilon=true;TrendInterval=+1e+09ns;TrendDelta=0.05;TrendWindow=3;TrendBump=0.1;TrendCap=0.5;QueueRefPackets=20;
QSQMAODV,A_N20_pi010|QSQ_prune_FULL,11,20,19,0.1,512,5.0,0.85,1000.0,1000.0,300.0,16.0,0.0,0,0,0,3,200.0,37022,24165,0.65272,27.471789,182.595378,189.390471,50.451545,31371,1485790,11.386149,1.2982,0.123586,0.307462,1.0,0.084027,0.232656,92267,1624,0,501,1,0,0.0,0,2.235897,8.123077,18.446154,24281.639952,0.900249,33,6120,0,2176,12543,12650,MaxPaths=3;Alpha0=0.5;Gamma=0.9;Epsilon0=0.5;RewardW1=0.6;RewardW2=0.4;RewardW3=0;RewardW4=0.2;AdaptiveEpsilon=false;AdaptiveAlpha=false;AdaptiveReward=false;Policy=QLearning;UseMacFeedback=true;DelayRef=0.01;HopByHop=true;UseRerrBump=true;QueueHighThreshold=0.7;QueueLowThreshold=0.3;QueueRewardWeight=0.1;AdaptiveQueueWeight=true;QueueWeightMax=0.4;QueueWeightKappa=0.2;FailurePenalty=0.5;QueueAwareSelect=true;QueueDrivenExploration=false;QueueSelectBeta=0.5;AckSilenceDecay=true;AckSilenceThreshold=+1.5e+10ns;DecayFactor=0.92;DecayMinTx=3;DecayInterval=+1e+10ns;TrendEpsilon=true;TrendInterval=+1e+09ns;TrendDelta=0.05;TrendWindow=3;TrendBump=0.1;TrendCap=0.5;QueueRefPackets=20;
QSQMAODV,A_N20_pi010|QSQ_prune_FULL,12,20,19,0.1,512,5.0,0.85,1000.0,1000.0,300.0,16.0,0.0,0,0,0,3,200.0,37022,27548,0.744098,31.317726,42.965433,44.855354,14.879224,13349,631300,4.243771,0.484572,0.017562,0.092203,1.0,0.010351,0.060952,85469,398,0,552,0,0,0.0,0,2.353846,8.851282,18.789744,24864.637506,1.074496,4,1273,0,501,9471,3849,MaxPaths=3;Alpha0=0.5;Gamma=0.9;Epsilon0=0.5;RewardW1=0.6;RewardW2=0.4;RewardW3=0;RewardW4=0.2;AdaptiveEpsilon=false;AdaptiveAlpha=false;AdaptiveReward=false;Policy=QLearning;UseMacFeedback=true;DelayRef=0.01;HopByHop=true;UseRerrBump=true;QueueHighThreshold=0.7;QueueLowThreshold=0.3;QueueRewardWeight=0.1;AdaptiveQueueWeight=true;QueueWeightMax=0.4;QueueWeightKappa=0.2;FailurePenalty=0.5;QueueAwareSelect=true;QueueDrivenExploration=false;QueueSelectBeta=0.5;AckSilenceDecay=true;AckSilenceThreshold=+1.5e+10ns;DecayFactor=0.92;DecayMinTx=3;DecayInterval=+1e+10ns;TrendEpsilon=true;TrendInterval=+1e+09ns;TrendDelta=0.05;TrendWindow=3;TrendBump=0.1;TrendCap=0.5;QueueRefPackets=20;
QSQMAODV,A_N20_pi010|QSQ_prune_FULL,13,20,19,0.1,512,5.0,0.85,1000.0,1000.0,300.0,16.0,0.0,0,0,0,3,200.0,37022,21385,0.57763,24.311368,173.90218,191.855394,58.04764,40913,1938392,16.785667,1.913163,0.133497,0.344399,1.0,0.075823,0.250572,93000,2397,0,726,3,0,0.0,0,2.353846,9.04359,18.530769,23376.285305,0.809789,3,9152,0,3504,14406,18167,MaxPaths=3;Alpha0=0.5;Gamma=0.9;Epsilon0=0.5;RewardW1=0.6;RewardW2=0.4;RewardW3=0;RewardW4=0.2;AdaptiveEpsilon=false;AdaptiveAlpha=false;AdaptiveReward=false;Policy=QLearning;UseMacFeedback=true;DelayRef=0.01;HopByHop=true;UseRerrBump=true;QueueHighThreshold=0.7;QueueLowThreshold=0.3;QueueRewardWeight=0.1;AdaptiveQueueWeight=true;QueueWeightMax=0.4;QueueWeightKappa=0.2;FailurePenalty=0.5;QueueAwareSelect=true;QueueDrivenExploration=false;QueueSelectBeta=0.5;AckSilenceDecay=true;AckSilenceThreshold=+1.5e+10ns;DecayFactor=0.92;DecayMinTx=3;DecayInterval=+1e+10ns;TrendEpsilon=true;TrendInterval=+1e+09ns;TrendDelta=0.05;TrendWindow=3;TrendBump=0.1;TrendCap=0.5;QueueRefPackets=20;
QSQMAODV,A_N20_pi010|QSQ_prune_FULL,14,20,19,0.1,512,5.0,0.85,1000.0,1000.0,300.0,16.0,0.0,0,0,0,3,200.0,37022,22592,0.610232,25.683537,174.598319,207.137661,60.913813,41591,1980552,16.234459,1.840961,0.110791,0.317355,1.0,0.060357,0.233332,99814,1851,0,259,1,0,0.0,0,2.205128,8.733333,18.602564,24764.712314,1.067987,20,8823,0,2533,14147,18067,MaxPaths=3;Alpha0=0.5;Gamma=0.9;Epsilon0=0.5;RewardW1=0.6;RewardW2=0.4;RewardW3=0;RewardW4=0.2;AdaptiveEpsilon=false;AdaptiveAlpha=false;AdaptiveReward=false;Policy=QLearning;UseMacFeedback=true;DelayRef=0.01;HopByHop=true;UseRerrBump=true;QueueHighThreshold=0.7;QueueLowThreshold=0.3;QueueRewardWeight=0.1;AdaptiveQueueWeight=true;QueueWeightMax=0.4;QueueWeightKappa=0.2;FailurePenalty=0.5;QueueAwareSelect=true;QueueDrivenExploration=false;QueueSelectBeta=0.5;AckSilenceDecay=true;AckSilenceThreshold=+1.5e+10ns;DecayFactor=0.92;DecayMinTx=3;DecayInterval=+1e+10ns;TrendEpsilon=true;TrendInterval=+1e+09ns;TrendDelta=0.05;TrendWindow=3;TrendBump=0.1;TrendCap=0.5;QueueRefPackets=20;
QSQMAODV,A_N20_pi010|QSQ_prune_FULL,15,20,19,0.1,512,5.0,0.85,1000.0,1000.0,300.0,16.0,0.0,0,0,0,3,200.0,37022,17307,0.467479,19.675326,227.700227,327.522758,92.306713,42135,2020166,21.615809,2.434564,0.093844,0.288196,1.0,0.045189,0.19231,101950,1850,0,424,1,0,0.0,0,1.969231,8.435897,18.364103,24698.448431,0.854168,12,5090,0,2508,18438,21095,MaxPaths=3;Alpha0=0.5;Gamma=0.9;Epsilon0=0.5;RewardW1=0.6;RewardW2=0.4;RewardW3=0;RewardW4=0.2;AdaptiveEpsilon=false;AdaptiveAlpha=false;AdaptiveReward=false;Policy=QLearning;UseMacFeedback=true;DelayRef=0.01;HopByHop=true;UseRerrBump=true;QueueHighThreshold=0.7;QueueLowThreshold=0.3;QueueRewardWeight=0.1;AdaptiveQueueWeight=true;QueueWeightMax=0.4;QueueWeightKappa=0.2;FailurePenalty=0.5;QueueAwareSelect=true;QueueDrivenExploration=false;QueueSelectBeta=0.5;AckSilenceDecay=true;AckSilenceThreshold=+1.5e+10ns;DecayFactor=0.92;DecayMinTx=3;DecayInterval=+1e+10ns;TrendEpsilon=true;TrendInterval=+1e+09ns;TrendDelta=0.05;TrendWindow=3;TrendBump=0.1;TrendCap=0.5;QueueRefPackets=20;
QSQMAODV,A_N20_pi010|QSQ_prune_FULL,16,20,19,0.1,512,5.0,0.85,1000.0,1000.0,300.0,16.0,0.0,0,0,0,3,200.0,37022,25309,0.683621,28.772337,247.291569,259.082366,65.365447,40845,1928974,14.114244,1.613853,0.09878,0.315928,1.0,0.054687,0.221984,103040,1942,0,587,0,0,0.0,0,1.825641,8.146154,18.448718,24356.530873,1.169926,12,6904,0,2598,11703,14440,MaxPaths=3;Alpha0=0.5;Gamma=0.9;Epsilon0=0.5;RewardW1=0.6;RewardW2=0.4;RewardW3=0;RewardW4=0.2;AdaptiveEpsilon=false;AdaptiveAlpha=false;AdaptiveReward=false;Policy=QLearning;UseMacFeedback=true;DelayRef=0.01;HopByHop=true;UseRerrBump=true;QueueHighThreshold=0.7;QueueLowThreshold=0.3;QueueRewardWeight=0.1;AdaptiveQueueWeight=true;QueueWeightMax=0.4;QueueWeightKappa=0.2;FailurePenalty=0.5;QueueAwareSelect=true;QueueDrivenExploration=false;QueueSelectBeta=0.5;AckSilenceDecay=true;AckSilenceThreshold=+1.5e+10ns;DecayFactor=0.92;DecayMinTx=3;DecayInterval=+1e+10ns;TrendEpsilon=true;TrendInterval=+1e+09ns;TrendDelta=0.05;TrendWindow=3;TrendBump=0.1;TrendCap=0.5;QueueRefPackets=20;
QSQMAODV,A_N20_pi010|QSQ_prune_FULL,17,20,19,0.1,512,5.0,0.85,1000.0,1000.0,300.0,16.0,0.0,0,0,0,3,200.0,37022,25909,0.699827,29.454442,176.745707,262.280094,63.907663,42301,2006074,14.338461,1.632676,0.116071,0.330891,1.0,0.052371,0.226882,116883,1885,0,712,2,0,0.0,0,2.333333,8.448718,18.497436,22738.691762,1.393604,1,6926,0,2360,10475,19804,MaxPaths=3;Alpha0=0.5;Gamma=0.9;Epsilon0=0.5;RewardW1=0.6;RewardW2=0.4;RewardW3=0;RewardW4=0.2;AdaptiveEpsilon=false;AdaptiveAlpha=false;AdaptiveReward=false;Policy=QLearning;UseMacFeedback=true;DelayRef=0.01;HopByHop=true;UseRerrBump=true;QueueHighThreshold=0.7;QueueLowThreshold=0.3;QueueRewardWeight=0.1;AdaptiveQueueWeight=true;QueueWeightMax=0.4;QueueWeightKappa=0.2;FailurePenalty=0.5;QueueAwareSelect=true;QueueDrivenExploration=false;QueueSelectBeta=0.5;AckSilenceDecay=true;AckSilenceThreshold=+1.5e+10ns;DecayFactor=0.92;DecayMinTx=3;DecayInterval=+1e+10ns;TrendEpsilon=true;TrendInterval=+1e+09ns;TrendDelta=0.05;TrendWindow=3;TrendBump=0.1;TrendCap=0.5;QueueRefPackets=20;
QSQMAODV,A_N20_pi010|QSQ_prune_FULL,18,20,19,0.1,512,5.0,0.85,1000.0,1000.0,300.0,16.0,0.0,0,0,0,3,200.0,37022,26467,0.714899,30.0888,68.793116,87.676119,26.923583,19452,928538,6.496826,0.734953,0.036795,0.154491,1.0,0.020374,0.107401,83696,1181,0,574,1,0,0.0,0,1.984615,7.946154,18.264103,21730.452487,1.111366,0,3919,0,1285,10163,6642,MaxPaths=3;Alpha0=0.5;Gamma=0.9;Epsilon0=0.5;RewardW1=0.6;RewardW2=0.4;RewardW3=0;RewardW4=0.2;AdaptiveEpsilon=false;AdaptiveAlpha=false;AdaptiveReward=false;Policy=QLearning;UseMacFeedback=true;DelayRef=0.01;HopByHop=true;UseRerrBump=true;QueueHighThreshold=0.7;QueueLowThreshold=0.3;QueueRewardWeight=0.1;AdaptiveQueueWeight=true;QueueWeightMax=0.4;QueueWeightKappa=0.2;FailurePenalty=0.5;QueueAwareSelect=true;QueueDrivenExploration=false;QueueSelectBeta=0.5;AckSilenceDecay=true;AckSilenceThreshold=+1.5e+10ns;DecayFactor=0.92;DecayMinTx=3;DecayInterval=+1e+10ns;TrendEpsilon=true;TrendInterval=+1e+09ns;TrendDelta=0.05;TrendWindow=3;TrendBump=0.1;TrendCap=0.5;QueueRefPackets=20;
QSQMAODV,A_N20_pi010|QSQ_prune_FULL,19,20,19,0.1,512,5.0,0.85,1000.0,1000.0,300.0,16.0,0.0,0,0,0,3,200.0,37022,25497,0.688699,28.986063,135.798234,165.872863,35.343625,19017,899322,6.531792,0.745852,0.05838,0.188097,1.0,0.037361,0.143662,73453,705,0,308,1,0,0.0,0,2.046154,7.533333,18.041026,19133.814224,0.98852,0,9956,0,915,11371,5630,MaxPaths=3;Alpha0=0.5;Gamma=0.9;Epsilon0=0.5;RewardW1=0.6;RewardW2=0.4;RewardW3=0;RewardW4=0.2;AdaptiveEpsilon=false;AdaptiveAlpha=false;AdaptiveReward=false;Policy=QLearning;UseMacFeedback=true;DelayRef=0.01;HopByHop=true;UseRerrBump=true;QueueHighThreshold=0.7;QueueLowThreshold=0.3;QueueRewardWeight=0.1;AdaptiveQueueWeight=true;QueueWeightMax=0.4;QueueWeightKappa=0.2;FailurePenalty=0.5;QueueAwareSelect=true;QueueDrivenExploration=false;QueueSelectBeta=0.5;AckSilenceDecay=true;AckSilenceThreshold=+1.5e+10ns;DecayFactor=0.92;DecayMinTx=3;DecayInterval=+1e+10ns;TrendEpsilon=true;TrendInterval=+1e+09ns;TrendDelta=0.05;TrendWindow=3;TrendBump=0.1;TrendCap=0.5;QueueRefPackets=20;
QSQMAODV,A_N20_pi010|QSQ_prune_FULL,2,20,19,0.1,512,5.0,0.85,1000.0,1000.0,300.0,16.0,0.0,0,0,0,3,200.0,37022,9685,0.261601,13.07475,34.848065,58.76951,12.351657,6739,321572,6.148722,0.695818,0.002803,0.03274,1.0,0.00161,0.019896,49681,66,0,265,0,0,0.0,0,2.851282,8.679487,18.187179,22296.131007,0.23062,0,2135,0,70,26253,1288,MaxPaths=3;Alpha0=0.5;Gamma=0.9;Epsilon0=0.5;RewardW1=0.6;RewardW2=0.4;RewardW3=0;RewardW4=0.2;AdaptiveEpsilon=false;AdaptiveAlpha=false;AdaptiveReward=false;Policy=QLearning;UseMacFeedback=true;DelayRef=0.01;HopByHop=true;UseRerrBump=true;QueueHighThreshold=0.7;QueueLowThreshold=0.3;QueueRewardWeight=0.1;AdaptiveQueueWeight=true;QueueWeightMax=0.4;QueueWeightKappa=0.2;FailurePenalty=0.5;QueueAwareSelect=true;QueueDrivenExploration=false;QueueSelectBeta=0.5;AckSilenceDecay=true;AckSilenceThreshold=+1.5e+10ns;DecayFactor=0.92;DecayMinTx=3;DecayInterval=+1e+10ns;TrendEpsilon=true;TrendInterval=+1e+09ns;TrendDelta=0.05;TrendWindow=3;TrendBump=0.1;TrendCap=0.5;QueueRefPackets=20;
QSQMAODV,A_N20_pi010|QSQ_prune_FULL,20,20,19,0.1,512,5.0,0.85,1000.0,1000.0,300.0,16.0,0.0,0,0,0,3,200.0,37022,23593,0.63727,26.821516,125.711707,146.038745,52.381267,47397,2240480,17.585882,2.008943,0.101956,0.311177,1.0,0.052729,0.217852,107778,1954,0,430,1,0,0.0,0,2.328205,8.379487,18.317949,20034.119132,1.038545,0,6667,0,2624,12860,20830,MaxPaths=3;Alpha0=0.5;Gamma=0.9;Epsilon0=0.5;RewardW1=0.6;RewardW2=0.4;RewardW3=0;RewardW4=0.2;AdaptiveEpsilon=false;AdaptiveAlpha=false;AdaptiveReward=false;Policy=QLearning;UseMacFeedback=true;DelayRef=0.01;HopByHop=true;UseRerrBump=true;QueueHighThreshold=0.7;QueueLowThreshold=0.3;QueueRewardWeight=0.1;AdaptiveQueueWeight=true;QueueWeightMax=0.4;QueueWeightKappa=0.2;FailurePenalty=0.5;QueueAwareSelect=true;QueueDrivenExploration=false;QueueSelectBeta=0.5;AckSilenceDecay=true;AckSilenceThreshold=+1.5e+10ns;DecayFactor=0.92;DecayMinTx=3;DecayInterval=+1e+10ns;TrendEpsilon=true;TrendInterval=+1e+09ns;TrendDelta=0.05;TrendWindow=3;TrendBump=0.1;TrendCap=0.5;QueueRefPackets=20;
QSQMAODV,A_N20_pi010|QSQ_prune_FULL,3,20,19,0.1,512,5.0,0.85,1000.0,1000.0,300.0,16.0,0.0,0,0,0,3,200.0,37022,19931,0.538356,22.6584,135.204784,154.371404,49.303123,43840,2080104,19.3269,2.199589,0.10073,0.308236,1.0,0.057016,0.225205,96821,1586,0,340,1,0,0.0,0,2.187179,8.523077,17.974359,26622.900406,1.037653,1,11694,0,2168,16250,18191,MaxPaths=3;Alpha0=0.5;Gamma=0.9;Epsilon0=0.5;RewardW1=0.6;RewardW2=0.4;RewardW3=0;RewardW4=0.2;AdaptiveEpsilon=false;AdaptiveAlpha=false;AdaptiveReward=false;Policy=QLearning;UseMacFeedback=true;DelayRef=0.01;HopByHop=true;UseRerrBump=true;QueueHighThreshold=0.7;QueueLowThreshold=0.3;QueueRewardWeight=0.1;AdaptiveQueueWeight=true;QueueWeightMax=0.4;QueueWeightKappa=0.2;FailurePenalty=0.5;QueueAwareSelect=true;QueueDrivenExploration=false;QueueSelectBeta=0.5;AckSilenceDecay=true;AckSilenceThreshold=+1.5e+10ns;DecayFactor=0.92;DecayMinTx=3;DecayInterval=+1e+10ns;TrendEpsilon=true;TrendInterval=+1e+09ns;TrendDelta=0.05;TrendWindow=3;TrendBump=0.1;TrendCap=0.5;QueueRefPackets=20;
QSQMAODV,A_N20_pi010|QSQ_prune_FULL,4,20,19,0.1,512,5.0,0.85,1000.0,1000.0,300.0,16.0,0.0,0,0,0,3,200.0,37022,14330,0.387067,16.290947,157.654567,329.870411,97.343047,32544,1561994,20.185495,2.27104,0.091822,0.242277,1.0,0.036688,0.163443,83671,1845,0,967,5,0,0.0,0,2.65641,9.266667,18.551282,21721.695025,0.452704,0,5460,0,2504,21525,19979,MaxPaths=3;Alpha0=0.5;Gamma=0.9;Epsilon0=0.5;RewardW1=0.6;RewardW2=0.4;RewardW3=0;RewardW4=0.2;AdaptiveEpsilon=false;AdaptiveAlpha=false;AdaptiveReward=false;Policy=QLearning;UseMacFeedback=true;DelayRef=0.01;HopByHop=true;UseRerrBump=true;QueueHighThreshold=0.7;QueueLowThreshold=0.3;QueueRewardWeight=0.1;AdaptiveQueueWeight=true;QueueWeightMax=0.4;QueueWeightKappa=0.2;FailurePenalty=0.5;QueueAwareSelect=true;QueueDrivenExploration=false;QueueSelectBeta=0.5;AckSilenceDecay=true;AckSilenceThreshold=+1.5e+10ns;DecayFactor=0.92;DecayMinTx=3;DecayInterval=+1e+10ns;TrendEpsilon=true;TrendInterval=+1e+09ns;TrendDelta=0.05;TrendWindow=3;TrendBump=0.1;TrendCap=0.5;QueueRefPackets=20;
QSQMAODV,A_N20_pi010|QSQ_prune_FULL,5,20,19,0.1,512,5.0,0.85,1000.0,1000.0,300.0,16.0,0.0,0,0,0,3,200.0,37022,28804,0.778024,32.7456,144.194653,160.045428,44.081339,33148,1578958,10.151355,1.150812,0.072421,0.255828,1.0,0.034089,0.166108,103186,1713,0,626,0,0,0.0,0,2.448718,9.497436,18.620513,25315.804661,1.245719,0,4074,0,2253,7908,16135,MaxPaths=3;Alpha0=0.5;Gamma=0.9;Epsilon0=0.5;RewardW1=0.6;RewardW2=0.4;RewardW3=0;RewardW4=0.2;AdaptiveEpsilon=false;AdaptiveAlpha=false;AdaptiveReward=false;Policy=QLearning;UseMacFeedback=true;DelayRef=0.01;HopByHop=true;UseRerrBump=true;QueueHighThreshold=0.7;QueueLowThreshold=0.3;QueueRewardWeight=0.1;AdaptiveQueueWeight=true;QueueWeightMax=0.4;QueueWeightKappa=0.2;FailurePenalty=0.5;QueueAwareSelect=true;QueueDrivenExploration=false;QueueSelectBeta=0.5;AckSilenceDecay=true;AckSilenceThreshold=+1.5e+10ns;DecayFactor=0.92;DecayMinTx=3;DecayInterval=+1e+10ns;TrendEpsilon=true;TrendInterval=+1e+09ns;TrendDelta=0.05;TrendWindow=3;TrendBump=0.1;TrendCap=0.5;QueueRefPackets=20;
QSQMAODV,A_N20_pi010|QSQ_prune_FULL,6,20,19,0.1,512,5.0,0.85,1000.0,1000.0,300.0,16.0,0.0,0,0,0,3,200.0,37022,20021,0.540787,22.760716,22.576243,29.072855,15.027724,21543,1032480,9.549973,1.07602,0.058457,0.164468,1.0,0.021618,0.109792,71847,1053,0,678,1,0,0.0,0,2.653846,9.589744,18.533333,22227.889823,0.477608,0,3368,0,1328,16233,10684,MaxPaths=3;Alpha0=0.5;Gamma=0.9;Epsilon0=0.5;RewardW1=0.6;RewardW2=0.4;RewardW3=0;RewardW4=0.2;AdaptiveEpsilon=false;AdaptiveAlpha=false;AdaptiveReward=false;Policy=QLearning;UseMacFeedback=true;DelayRef=0.01;HopByHop=true;UseRerrBump=true;QueueHighThreshold=0.7;QueueLowThreshold=0.3;QueueRewardWeight=0.1;AdaptiveQueueWeight=true;QueueWeightMax=0.4;QueueWeightKappa=0.2;FailurePenalty=0.5;QueueAwareSelect=true;QueueDrivenExploration=false;QueueSelectBeta=0.5;AckSilenceDecay=true;AckSilenceThreshold=+1.5e+10ns;DecayFactor=0.92;DecayMinTx=3;DecayInterval=+1e+10ns;TrendEpsilon=true;TrendInterval=+1e+09ns;TrendDelta=0.05;TrendWindow=3;TrendBump=0.1;TrendCap=0.5;QueueRefPackets=20;
QSQMAODV,A_N20_pi010|QSQ_prune_FULL,7,20,19,0.1,512,5.0,0.85,1000.0,1000.0,300.0,16.0,0.0,0,0,0,3,200.0,37022,26457,0.714629,30.077432,88.929308,102.299073,28.770085,26051,1233772,8.63576,0.984654,0.062487,0.214918,1.0,0.034241,0.147603,83783,1475,0,528,0,0,0.0,0,2.458974,9.976923,18.689744,22459.172633,0.852628,3,3284,0,1885,10005,10997,MaxPaths=3;Alpha0=0.5;Gamma=0.9;Epsilon0=0.5;RewardW1=0.6;RewardW2=0.4;RewardW3=0;RewardW4=0.2;AdaptiveEpsilon=false;AdaptiveAlpha=false;AdaptiveReward=false;Policy=QLearning;UseMacFeedback=true;DelayRef=0.01;HopByHop=true;UseRerrBump=true;QueueHighThreshold=0.7;QueueLowThreshold=0.3;QueueRewardWeight=0.1;AdaptiveQueueWeight=true;QueueWeightMax=0.4;QueueWeightKappa=0.2;FailurePenalty=0.5;QueueAwareSelect=true;QueueDrivenExploration=false;QueueSelectBeta=0.5;AckSilenceDecay=true;AckSilenceThreshold=+1.5e+10ns;DecayFactor=0.92;DecayMinTx=3;DecayInterval=+1e+10ns;TrendEpsilon=true;TrendInterval=+1e+09ns;TrendDelta=0.05;TrendWindow=3;TrendBump=0.1;TrendCap=0.5;QueueRefPackets=20;
QSQMAODV,A_N20_pi010|QSQ_prune_FULL,8,20,19,0.1,512,5.0,0.85,1000.0,1000.0,300.0,16.0,0.0,0,0,0,3,200.0,37022,13962,0.377127,15.872589,302.850908,379.291908,128.356235,86695,4158924,55.161948,6.209354,0.216274,0.497338,1.0,0.098071,0.348678,130366,4358,0,260,5,0,0.0,0,2.597436,9.133333,18.505128,24158.272528,0.785965,10,15116,0,6677,22790,51980,MaxPaths=3;Alpha0=0.5;Gamma=0.9;Epsilon0=0.5;RewardW1=0.6;RewardW2=0.4;RewardW3=0;RewardW4=0.2;AdaptiveEpsilon=false;AdaptiveAlpha=false;AdaptiveReward=false;Policy=QLearning;UseMacFeedback=true;DelayRef=0.01;HopByHop=true;UseRerrBump=true;QueueHighThreshold=0.7;QueueLowThreshold=0.3;QueueRewardWeight=0.1;AdaptiveQueueWeight=true;QueueWeightMax=0.4;QueueWeightKappa=0.2;FailurePenalty=0.5;QueueAwareSelect=true;QueueDrivenExploration=false;QueueSelectBeta=0.5;AckSilenceDecay=true;AckSilenceThreshold=+1.5e+10ns;DecayFactor=0.92;DecayMinTx=3;DecayInterval=+1e+10ns;TrendEpsilon=true;TrendInterval=+1e+09ns;TrendDelta=0.05;TrendWindow=3;TrendBump=0.1;TrendCap=0.5;QueueRefPackets=20;
QSQMAODV,A_N20_pi010|QSQ_prune_FULL,9,20,19,0.1,512,5.0,0.85,1000.0,1000.0,300.0,16.0,0.0,0,0,0,3,200.0,37022,13005,0.351278,14.784632,112.226566,129.434914,42.572518,39843,1905882,27.138878,3.063668,0.17414,0.340913,1.0,0.132297,0.275701,115752,2004,0,665,1,0,0.0,0,2.220513,8.312821,18.128205,23364.794149,0.575982,166,4559,0,3230,22074,20852,MaxPaths=3;Alpha0=0.5;Gamma=0.9;Epsilon0=0.5;RewardW1=0.6;RewardW2=0.4;RewardW3=0;RewardW4=0.2;AdaptiveEpsilon=false;AdaptiveAlpha=false;AdaptiveReward=false;Policy=QLearning;UseMacFeedback=true;DelayRef=0.01;HopByHop=true;UseRerrBump=true;QueueHighThreshold=0.7;QueueLowThreshold=0.3;QueueRewardWeight=0.1;AdaptiveQueueWeight=true;QueueWeightMax=0.4;QueueWeightKappa=0.2;FailurePenalty=0.5;QueueAwareSelect=true;QueueDrivenExploration=false;QueueSelectBeta=0.5;AckSilenceDecay=true;AckSilenceThreshold=+1.5e+10ns;DecayFactor=0.92;DecayMinTx=3;DecayInterval=+1e+10ns;TrendEpsilon=true;TrendInterval=+1e+09ns;TrendDelta=0.05;TrendWindow=3;TrendBump=0.1;TrendCap=0.5;QueueRefPackets=20;
QSQMAODV,A_N20_pi010|QSQ_prune_only,1,20,19,0.1,512,5.0,0.85,1000.0,1000.0,300.0,16.0,0.0,0,0,0,3,200.0,37022,21179,0.572065,24.077179,209.559716,258.736284,55.839657,37530,1798422,15.725063,1.772038,0.099833,0.261203,1.0,0.050588,0.18519,102024,1761,0,0,0,0,0.0,0,2.44359,8.884615,18.407692,22539.664836,0.983712,25,5930,0,2322,14243,19346,MaxPaths=3;Alpha0=0.5;Gamma=0.9;Epsilon0=0.5;RewardW1=0.6;RewardW2=0.4;RewardW3=0;RewardW4=0.2;AdaptiveEpsilon=false;AdaptiveAlpha=false;AdaptiveReward=false;Policy=QLearning;UseMacFeedback=true;DelayRef=0.01;HopByHop=true;UseRerrBump=true;QueueHighThreshold=0.7;QueueLowThreshold=0.3;QueueRewardWeight=0;AdaptiveQueueWeight=true;QueueWeightMax=0.4;QueueWeightKappa=0.2;FailurePenalty=0;QueueAwareSelect=false;QueueDrivenExploration=false;QueueSelectBeta=0.5;AckSilenceDecay=false;AckSilenceThreshold=+1.5e+10ns;DecayFactor=0.92;DecayMinTx=3;DecayInterval=+1e+10ns;TrendEpsilon=false;TrendInterval=+1e+09ns;TrendDelta=0.05;TrendWindow=3;TrendBump=0.1;TrendCap=0.5;QueueRefPackets=20;
QSQMAODV,A_N20_pi010|QSQ_prune_only,10,20,19,0.1,512,5.0,0.85,1000.0,1000.0,300.0,16.0,0.0,0,0,0,3,200.0,37022,18224,0.492248,20.717811,82.865783,115.739054,44.467345,30830,1469806,14.935596,1.691725,0.066364,0.207241,1.0,0.03309,0.140755,90242,1321,0,0,0,0,0.0,0,2.266667,8.910256,18.530769,23279.71399,0.62163,0,4278,0,1598,17699,14523,MaxPaths=3;Alpha0=0.5;Gamma=0.9;Epsilon0=0.5;RewardW1=0.6;RewardW2=0.4;RewardW3=0;RewardW4=0.2;AdaptiveEpsilon=false;AdaptiveAlpha=false;AdaptiveReward=false;Policy=QLearning;UseMacFeedback=true;DelayRef=0.01;HopByHop=true;UseRerrBump=true;QueueHighThreshold=0.7;QueueLowThreshold=0.3;QueueRewardWeight=0;AdaptiveQueueWeight=true;QueueWeightMax=0.4;QueueWeightKappa=0.2;FailurePenalty=0;QueueAwareSelect=false;QueueDrivenExploration=false;QueueSelectBeta=0.5;AckSilenceDecay=false;AckSilenceThreshold=+1.5e+10ns;DecayFactor=0.92;DecayMinTx=3;DecayInterval=+1e+10ns;TrendEpsilon=false;TrendInterval=+1e+09ns;TrendDelta=0.05;TrendWindow=3;TrendBump=0.1;TrendCap=0.5;QueueRefPackets=20;
QSQMAODV,A_N20_pi010|QSQ_prune_only,11,20,19,0.1,512,5.0,0.85,1000.0,1000.0,300.0,16.0,0.0,0,0,0,3,200.0,37022,23393,0.631868,26.594147,254.990994,283.026133,59.874381,37876,1794668,14.207067,1.619117,0.101225,0.307228,1.0,0.057472,0.221161,102075,1899,0,0,0,0,0.0,0,2.235897,8.123077,18.446154,24281.639952,1.112285,25,7670,0,2360,12790,15324,MaxPaths=3;Alpha0=0.5;Gamma=0.9;Epsilon0=0.5;RewardW1=0.6;RewardW2=0.4;RewardW3=0;RewardW4=0.2;AdaptiveEpsilon=false;AdaptiveAlpha=false;AdaptiveReward=false;Policy=QLearning;UseMacFeedback=true;DelayRef=0.01;HopByHop=true;UseRerrBump=true;QueueHighThreshold=0.7;QueueLowThreshold=0.3;QueueRewardWeight=0;AdaptiveQueueWeight=true;QueueWeightMax=0.4;QueueWeightKappa=0.2;FailurePenalty=0;QueueAwareSelect=false;QueueDrivenExploration=false;QueueSelectBeta=0.5;AckSilenceDecay=false;AckSilenceThreshold=+1.5e+10ns;DecayFactor=0.92;DecayMinTx=3;DecayInterval=+1e+10ns;TrendEpsilon=false;TrendInterval=+1e+09ns;TrendDelta=0.05;TrendWindow=3;TrendBump=0.1;TrendCap=0.5;QueueRefPackets=20;
QSQMAODV,A_N20_pi010|QSQ_prune_only,12,20,19,0.1,512,5.0,0.85,1000.0,1000.0,300.0,16.0,0.0,0,0,0,3,200.0,37022,22174,0.598941,25.208337,83.676828,99.144795,31.420214,24668,1173844,9.803307,1.112474,0.090408,0.227286,1.0,0.066112,0.173036,100517,1158,0,0,0,0,0.0,0,2.353846,8.851282,18.789744,24864.637506,0.796175,123,2298,0,1439,14465,12288,MaxPaths=3;Alpha0=0.5;Gamma=0.9;Epsilon0=0.5;RewardW1=0.6;RewardW2=0.4;RewardW3=0;RewardW4=0.2;AdaptiveEpsilon=false;AdaptiveAlpha=false;AdaptiveReward=false;Policy=QLearning;UseMacFeedback=true;DelayRef=0.01;HopByHop=true;UseRerrBump=true;QueueHighThreshold=0.7;QueueLowThreshold=0.3;QueueRewardWeight=0;AdaptiveQueueWeight=true;QueueWeightMax=0.4;QueueWeightKappa=0.2;FailurePenalty=0;QueueAwareSelect=false;QueueDrivenExploration=false;QueueSelectBeta=0.5;AckSilenceDecay=false;AckSilenceThreshold=+1.5e+10ns;DecayFactor=0.92;DecayMinTx=3;DecayInterval=+1e+10ns;TrendEpsilon=false;TrendInterval=+1e+09ns;TrendDelta=0.05;TrendWindow=3;TrendBump=0.1;TrendCap=0.5;QueueRefPackets=20;
QSQMAODV,A_N20_pi010|QSQ_prune_only,13,20,19,0.1,512,5.0,0.85,1000.0,1000.0,300.0,16.0,0.0,0,0,0,3,200.0,37022,22181,0.59913,25.216295,175.281473,180.143062,57.794635,45682,2174518,18.15466,2.05951,0.106484,0.323034,1.0,0.052953,0.223788,93543,2003,0,0,0,0,0.0,0,2.353846,9.04359,18.530769,23376.285305,0.852925,0,7909,0,2719,14335,21332,MaxPaths=3;Alpha0=0.5;Gamma=0.9;Epsilon0=0.5;RewardW1=0.6;RewardW2=0.4;RewardW3=0;RewardW4=0.2;AdaptiveEpsilon=false;AdaptiveAlpha=false;AdaptiveReward=false;Policy=QLearning;UseMacFeedback=true;DelayRef=0.01;HopByHop=true;UseRerrBump=true;QueueHighThreshold=0.7;QueueLowThreshold=0.3;QueueRewardWeight=0;AdaptiveQueueWeight=true;QueueWeightMax=0.4;QueueWeightKappa=0.2;FailurePenalty=0;QueueAwareSelect=false;QueueDrivenExploration=false;QueueSelectBeta=0.5;AckSilenceDecay=false;AckSilenceThreshold=+1.5e+10ns;DecayFactor=0.92;DecayMinTx=3;DecayInterval=+1e+10ns;TrendEpsilon=false;TrendInterval=+1e+09ns;TrendDelta=0.05;TrendWindow=3;TrendBump=0.1;TrendCap=0.5;QueueRefPackets=20;
QSQMAODV,A_N20_pi010|QSQ_prune_only,14,20,19,0.1,512,5.0,0.85,1000.0,1000.0,300.0,16.0,0.0,0,0,0,3,200.0,37022,21571,0.582654,24.522821,162.145226,196.978019,52.711857,35146,1675286,14.382187,1.629317,0.161287,0.364895,1.0,0.123238,0.296193,100114,2139,0,0,0,0,0.0,0,2.205128,8.733333,18.602564,24764.712314,0.931905,177,7640,0,3086,14830,17298,MaxPaths=3;Alpha0=0.5;Gamma=0.9;Epsilon0=0.5;RewardW1=0.6;RewardW2=0.4;RewardW3=0;RewardW4=0.2;AdaptiveEpsilon=false;AdaptiveAlpha=false;AdaptiveReward=false;Policy=QLearning;UseMacFeedback=true;DelayRef=0.01;HopByHop=true;UseRerrBump=true;QueueHighThreshold=0.7;QueueLowThreshold=0.3;QueueRewardWeight=0;AdaptiveQueueWeight=true;QueueWeightMax=0.4;QueueWeightKappa=0.2;FailurePenalty=0;QueueAwareSelect=false;QueueDrivenExploration=false;QueueSelectBeta=0.5;AckSilenceDecay=false;AckSilenceThreshold=+1.5e+10ns;DecayFactor=0.92;DecayMinTx=3;DecayInterval=+1e+10ns;TrendEpsilon=false;TrendInterval=+1e+09ns;TrendDelta=0.05;TrendWindow=3;TrendBump=0.1;TrendCap=0.5;QueueRefPackets=20;
QSQMAODV,A_N20_pi010|QSQ_prune_only,15,20,19,0.1,512,5.0,0.85,1000.0,1000.0,300.0,16.0,0.0,0,0,0,3,200.0,37022,16681,0.45057,18.963663,374.662784,551.509726,135.496711,77449,3717536,41.270463,4.642947,0.152228,0.424442,1.0,0.069028,0.294689,130709,3888,0,0,0,0,0.0,0,1.969231,8.435897,18.364103,24698.448431,1.022095,0,10672,0,5821,19885,42388,MaxPaths=3;Alpha0=0.5;Gamma=0.9;Epsilon0=0.5;RewardW1=0.6;RewardW2=0.4;RewardW3=0;RewardW4=0.2;AdaptiveEpsilon=false;AdaptiveAlpha=false;AdaptiveReward=false;Policy=QLearning;UseMacFeedback=true;DelayRef=0.01;HopByHop=true;UseRerrBump=true;QueueHighThreshold=0.7;QueueLowThreshold=0.3;QueueRewardWeight=0;AdaptiveQueueWeight=true;QueueWeightMax=0.4;QueueWeightKappa=0.2;FailurePenalty=0;QueueAwareSelect=false;QueueDrivenExploration=false;QueueSelectBeta=0.5;AckSilenceDecay=false;AckSilenceThreshold=+1.5e+10ns;DecayFactor=0.92;DecayMinTx=3;DecayInterval=+1e+10ns;TrendEpsilon=false;TrendInterval=+1e+09ns;TrendDelta=0.05;TrendWindow=3;TrendBump=0.1;TrendCap=0.5;QueueRefPackets=20;
QSQMAODV,A_N20_pi010|QSQ_prune_only,16,20,19,0.1,512,5.0,0.85,1000.0,1000.0,300.0,16.0,0.0,0,0,0,3,200.0,37022,25679,0.693615,29.192968,128.490459,132.126937,39.267641,29052,1381242,9.960885,1.131352,0.070791,0.240229,1.0,0.042586,0.173595,92433,1262,0,0,0,0,0.0,0,1.825641,8.146154,18.448718,24356.530873,1.076468,31,5516,0,1571,11202,10754,MaxPaths=3;Alpha0=0.5;Gamma=0.9;Epsilon0=0.5;RewardW1=0.6;RewardW2=0.4;RewardW3=0;RewardW4=0.2;AdaptiveEpsilon=false;AdaptiveAlpha=false;AdaptiveReward=false;Policy=QLearning;UseMacFeedback=true;DelayRef=0.01;HopByHop=true;UseRerrBump=true;QueueHighThreshold=0.7;QueueLowThreshold=0.3;QueueRewardWeight=0;AdaptiveQueueWeight=true;QueueWeightMax=0.4;QueueWeightKappa=0.2;FailurePenalty=0;QueueAwareSelect=false;QueueDrivenExploration=false;QueueSelectBeta=0.5;AckSilenceDecay=false;AckSilenceThreshold=+1.5e+10ns;DecayFactor=0.92;DecayMinTx=3;DecayInterval=+1e+10ns;TrendEpsilon=false;TrendInterval=+1e+09ns;TrendDelta=0.05;TrendWindow=3;TrendBump=0.1;TrendCap=0.5;QueueRefPackets=20;
QSQMAODV,A_N20_pi010|QSQ_prune_only,17,20,19,0.1,512,5.0,0.85,1000.0,1000.0,300.0,16.0,0.0,0,0,0,3,200.0,37022,21552,0.58214,24.501221,143.510397,153.662968,55.155454,46877,2227712,19.141577,2.175065,0.136978,0.357042,1.0,0.061155,0.249017,101655,2425,0,0,0,0,0.0,0,2.333333,8.448718,18.497436,22738.691762,0.85876,2,7278,0,3182,15158,25774,MaxPaths=3;Alpha0=0.5;Gamma=0.9;Epsilon0=0.5;RewardW1=0.6;RewardW2=0.4;RewardW3=0;RewardW4=0.2;AdaptiveEpsilon=false;AdaptiveAlpha=false;AdaptiveReward=false;Policy=QLearning;UseMacFeedback=true;DelayRef=0.01;HopByHop=true;UseRerrBump=true;QueueHighThreshold=0.7;QueueLowThreshold=0.3;QueueRewardWeight=0;AdaptiveQueueWeight=true;QueueWeightMax=0.4;QueueWeightKappa=0.2;FailurePenalty=0;QueueAwareSelect=false;QueueDrivenExploration=false;QueueSelectBeta=0.5;AckSilenceDecay=false;AckSilenceThreshold=+1.5e+10ns;DecayFactor=0.92;DecayMinTx=3;DecayInterval=+1e+10ns;TrendEpsilon=false;TrendInterval=+1e+09ns;TrendDelta=0.05;TrendWindow=3;TrendBump=0.1;TrendCap=0.5;QueueRefPackets=20;
QSQMAODV,A_N20_pi010|QSQ_prune_only,18,20,19,0.1,512,5.0,0.85,1000.0,1000.0,300.0,16.0,0.0,0,0,0,3,200.0,37022,26380,0.712549,29.989895,164.850945,200.963763,45.850575,32571,1532814,10.760214,1.234685,0.095041,0.283357,1.0,0.063526,0.212608,102078,1299,0,0,0,0,0.0,0,1.984615,7.946154,18.264103,21730.452487,1.175301,21,5747,0,1515,10065,11888,MaxPaths=3;Alpha0=0.5;Gamma=0.9;Epsilon0=0.5;RewardW1=0.6;RewardW2=0.4;RewardW3=0;RewardW4=0.2;AdaptiveEpsilon=false;AdaptiveAlpha=false;AdaptiveReward=false;Policy=QLearning;UseMacFeedback=true;DelayRef=0.01;HopByHop=true;UseRerrBump=true;QueueHighThreshold=0.7;QueueLowThreshold=0.3;QueueRewardWeight=0;AdaptiveQueueWeight=true;QueueWeightMax=0.4;QueueWeightKappa=0.2;FailurePenalty=0;QueueAwareSelect=false;QueueDrivenExploration=false;QueueSelectBeta=0.5;AckSilenceDecay=false;AckSilenceThreshold=+1.5e+10ns;DecayFactor=0.92;DecayMinTx=3;DecayInterval=+1e+10ns;TrendEpsilon=false;TrendInterval=+1e+09ns;TrendDelta=0.05;TrendWindow=3;TrendBump=0.1;TrendCap=0.5;QueueRefPackets=20;
QSQMAODV,A_N20_pi010|QSQ_prune_only,19,20,19,0.1,512,5.0,0.85,1000.0,1000.0,300.0,16.0,0.0,0,0,0,3,200.0,37022,16006,0.432338,19.2072,48.462139,53.880915,9.152739,6257,298812,3.457176,0.390916,0.004175,0.029105,1.0,0.003459,0.020914,55313,146,0,0,0,0,0.0,0,2.046154,7.533333,18.041026,19133.814224,0.251742,0,3488,0,149,20484,741,MaxPaths=3;Alpha0=0.5;Gamma=0.9;Epsilon0=0.5;RewardW1=0.6;RewardW2=0.4;RewardW3=0;RewardW4=0.2;AdaptiveEpsilon=false;AdaptiveAlpha=false;AdaptiveReward=false;Policy=QLearning;UseMacFeedback=true;DelayRef=0.01;HopByHop=true;UseRerrBump=true;QueueHighThreshold=0.7;QueueLowThreshold=0.3;QueueRewardWeight=0;AdaptiveQueueWeight=true;QueueWeightMax=0.4;QueueWeightKappa=0.2;FailurePenalty=0;QueueAwareSelect=false;QueueDrivenExploration=false;QueueSelectBeta=0.5;AckSilenceDecay=false;AckSilenceThreshold=+1.5e+10ns;DecayFactor=0.92;DecayMinTx=3;DecayInterval=+1e+10ns;TrendEpsilon=false;TrendInterval=+1e+09ns;TrendDelta=0.05;TrendWindow=3;TrendBump=0.1;TrendCap=0.5;QueueRefPackets=20;
QSQMAODV,A_N20_pi010|QSQ_prune_only,2,20,19,0.1,512,5.0,0.85,1000.0,1000.0,300.0,16.0,0.0,0,0,0,3,200.0,37022,9877,0.266787,13.33395,13.088999,13.833358,9.964872,5830,278690,5.225196,0.59026,0.00213,0.023606,1.0,0.001549,0.016204,48258,60,0,0,0,0,0.0,0,2.851282,8.679487,18.187179,22296.131007,0.235671,0,2091,0,60,26124,878,MaxPaths=3;Alpha0=0.5;Gamma=0.9;Epsilon0=0.5;RewardW1=0.6;RewardW2=0.4;RewardW3=0;RewardW4=0.2;AdaptiveEpsilon=false;AdaptiveAlpha=false;AdaptiveReward=false;Policy=QLearning;UseMacFeedback=true;DelayRef=0.01;HopByHop=true;UseRerrBump=true;QueueHighThreshold=0.7;QueueLowThreshold=0.3;QueueRewardWeight=0;AdaptiveQueueWeight=true;QueueWeightMax=0.4;QueueWeightKappa=0.2;FailurePenalty=0;QueueAwareSelect=false;QueueDrivenExploration=false;QueueSelectBeta=0.5;AckSilenceDecay=false;AckSilenceThreshold=+1.5e+10ns;DecayFactor=0.92;DecayMinTx=3;DecayInterval=+1e+10ns;TrendEpsilon=false;TrendInterval=+1e+09ns;TrendDelta=0.05;TrendWindow=3;TrendBump=0.1;TrendCap=0.5;QueueRefPackets=20;
QSQMAODV,A_N20_pi010|QSQ_prune_only,20,20,19,0.1,512,5.0,0.85,1000.0,1000.0,300.0,16.0,0.0,0,0,0,3,200.0,37022,23525,0.635433,26.744211,71.168397,81.499408,25.785449,26215,1247786,9.82238,1.114346,0.052654,0.195017,1.0,0.027312,0.132964,84621,822,0,0,0,0,0.0,0,2.328205,8.379487,18.317949,20034.119132,0.856869,0,3794,0,1007,12561,9802,MaxPaths=3;Alpha0=0.5;Gamma=0.9;Epsilon0=0.5;RewardW1=0.6;RewardW2=0.4;RewardW3=0;RewardW4=0.2;AdaptiveEpsilon=false;AdaptiveAlpha=false;AdaptiveReward=false;Policy=QLearning;UseMacFeedback=true;DelayRef=0.01;HopByHop=true;UseRerrBump=true;QueueHighThreshold=0.7;QueueLowThreshold=0.3;QueueRewardWeight=0;AdaptiveQueueWeight=true;QueueWeightMax=0.4;QueueWeightKappa=0.2;FailurePenalty=0;QueueAwareSelect=false;QueueDrivenExploration=false;QueueSelectBeta=0.5;AckSilenceDecay=false;AckSilenceThreshold=+1.5e+10ns;DecayFactor=0.92;DecayMinTx=3;DecayInterval=+1e+10ns;TrendEpsilon=false;TrendInterval=+1e+09ns;TrendDelta=0.05;TrendWindow=3;TrendBump=0.1;TrendCap=0.5;QueueRefPackets=20;
QSQMAODV,A_N20_pi010|QSQ_prune_only,3,20,19,0.1,512,5.0,0.85,1000.0,1000.0,300.0,16.0,0.0,0,0,0,3,200.0,37022,16986,0.458808,19.3104,9.602538,15.312481,11.605727,12519,593156,6.46672,0.737019,0.020177,0.084203,1.0,0.013252,0.059919,83858,450,0,0,0,0,0.0,0,2.187179,8.523077,17.974359,26622.900406,0.583383,1,1608,0,485,18978,3483,MaxPaths=3;Alpha0=0.5;Gamma=0.9;Epsilon0=0.5;RewardW1=0.6;RewardW2=0.4;RewardW3=0;RewardW4=0.2;AdaptiveEpsilon=false;AdaptiveAlpha=false;AdaptiveReward=false;Policy=QLearning;UseMacFeedback=true;DelayRef=0.01;HopByHop=true;UseRerrBump=true;QueueHighThreshold=0.7;QueueLowThreshold=0.3;QueueRewardWeight=0;AdaptiveQueueWeight=true;QueueWeightMax=0.4;QueueWeightKappa=0.2;FailurePenalty=0;QueueAwareSelect=false;QueueDrivenExploration=false;QueueSelectBeta=0.5;AckSilenceDecay=false;AckSilenceThreshold=+1.5e+10ns;DecayFactor=0.92;DecayMinTx=3;DecayInterval=+1e+10ns;TrendEpsilon=false;TrendInterval=+1e+09ns;TrendDelta=0.05;TrendWindow=3;TrendBump=0.1;TrendCap=0.5;QueueRefPackets=20;
QSQMAODV,A_N20_pi010|QSQ_prune_only,4,20,19,0.1,512,5.0,0.85,1000.0,1000.0,300.0,16.0,0.0,0,0,0,3,200.0,37022,17490,0.472422,19.883368,105.899706,106.636117,33.889979,24006,1148438,12.159731,1.372556,0.055501,0.190832,1.0,0.033018,0.13267,90502,1010,0,0,0,0,0.0,0,2.65641,9.266667,18.551282,21721.695025,0.630679,26,3758,0,1158,18747,9422,MaxPaths=3;Alpha0=0.5;Gamma=0.9;Epsilon0=0.5;RewardW1=0.6;RewardW2=0.4;RewardW3=0;RewardW4=0.2;AdaptiveEpsilon=false;AdaptiveAlpha=false;AdaptiveReward=false;Policy=QLearning;UseMacFeedback=true;DelayRef=0.01;HopByHop=true;UseRerrBump=true;QueueHighThreshold=0.7;QueueLowThreshold=0.3;QueueRewardWeight=0;AdaptiveQueueWeight=true;QueueWeightMax=0.4;QueueWeightKappa=0.2;FailurePenalty=0;QueueAwareSelect=false;QueueDrivenExploration=false;QueueSelectBeta=0.5;AckSilenceDecay=false;AckSilenceThreshold=+1.5e+10ns;DecayFactor=0.92;DecayMinTx=3;DecayInterval=+1e+10ns;TrendEpsilon=false;TrendInterval=+1e+09ns;TrendDelta=0.05;TrendWindow=3;TrendBump=0.1;TrendCap=0.5;QueueRefPackets=20;
QSQMAODV,A_N20_pi010|QSQ_prune_only,5,20,19,0.1,512,5.0,0.85,1000.0,1000.0,300.0,16.0,0.0,0,0,0,3,200.0,37022,29366,0.793204,33.384505,157.23322,171.621046,45.299306,34813,1656424,10.44559,1.185487,0.079894,0.270885,1.0,0.037558,0.179812,110446,1858,0,0,0,0,0.0,0,2.448718,9.497436,18.620513,25315.804661,1.398547,2,4528,0,2388,7243,16385,MaxPaths=3;Alpha0=0.5;Gamma=0.9;Epsilon0=0.5;RewardW1=0.6;RewardW2=0.4;RewardW3=0;RewardW4=0.2;AdaptiveEpsilon=false;AdaptiveAlpha=false;AdaptiveReward=false;Policy=QLearning;UseMacFeedback=true;DelayRef=0.01;HopByHop=true;UseRerrBump=true;QueueHighThreshold=0.7;QueueLowThreshold=0.3;QueueRewardWeight=0;AdaptiveQueueWeight=true;QueueWeightMax=0.4;QueueWeightKappa=0.2;FailurePenalty=0;QueueAwareSelect=false;QueueDrivenExploration=false;QueueSelectBeta=0.5;AckSilenceDecay=false;AckSilenceThreshold=+1.5e+10ns;DecayFactor=0.92;DecayMinTx=3;DecayInterval=+1e+10ns;TrendEpsilon=false;TrendInterval=+1e+09ns;TrendDelta=0.05;TrendWindow=3;TrendBump=0.1;TrendCap=0.5;QueueRefPackets=20;
QSQMAODV,A_N20_pi010|QSQ_prune_only,6,20,19,0.1,512,5.0,0.85,1000.0,1000.0,300.0,16.0,0.0,0,0,0,3,200.0,37022,25066,0.677057,28.496084,89.231283,98.426114,32.297413,56760,2718996,20.08768,2.264422,0.188837,0.389006,1.0,0.069613,0.277624,105566,4145,0,0,0,0,0.0,0,2.653846,9.589744,18.533333,22227.889823,0.934579,0,7618,0,5539,11801,38483,MaxPaths=3;Alpha0=0.5;Gamma=0.9;Epsilon0=0.5;RewardW1=0.6;RewardW2=0.4;RewardW3=0;RewardW4=0.2;AdaptiveEpsilon=false;AdaptiveAlpha=false;AdaptiveReward=false;Policy=QLearning;UseMacFeedback=true;DelayRef=0.01;HopByHop=true;UseRerrBump=true;QueueHighThreshold=0.7;QueueLowThreshold=0.3;QueueRewardWeight=0;AdaptiveQueueWeight=true;QueueWeightMax=0.4;QueueWeightKappa=0.2;FailurePenalty=0;QueueAwareSelect=false;QueueDrivenExploration=false;QueueSelectBeta=0.5;AckSilenceDecay=false;AckSilenceThreshold=+1.5e+10ns;DecayFactor=0.92;DecayMinTx=3;DecayInterval=+1e+10ns;TrendEpsilon=false;TrendInterval=+1e+09ns;TrendDelta=0.05;TrendWindow=3;TrendBump=0.1;TrendCap=0.5;QueueRefPackets=20;
QSQMAODV,A_N20_pi010|QSQ_prune_only,7,20,19,0.1,512,5.0,0.85,1000.0,1000.0,300.0,16.0,0.0,0,0,0,3,200.0,37022,22753,0.614581,25.866568,6.393994,8.901628,5.700417,7450,352824,2.871612,0.327429,0.004088,0.042108,1.0,0.002338,0.02634,56984,152,0,0,0,0,0.0,0,2.458974,9.976923,18.689744,22459.172633,0.476203,0,770,0,152,13135,1642,MaxPaths=3;Alpha0=0.5;Gamma=0.9;Epsilon0=0.5;RewardW1=0.6;RewardW2=0.4;RewardW3=0;RewardW4=0.2;AdaptiveEpsilon=false;AdaptiveAlpha=false;AdaptiveReward=false;Policy=QLearning;UseMacFeedback=true;DelayRef=0.01;HopByHop=true;UseRerrBump=true;QueueHighThreshold=0.7;QueueLowThreshold=0.3;QueueRewardWeight=0;AdaptiveQueueWeight=true;QueueWeightMax=0.4;QueueWeightKappa=0.2;FailurePenalty=0;QueueAwareSelect=false;QueueDrivenExploration=false;QueueSelectBeta=0.5;AckSilenceDecay=false;AckSilenceThreshold=+1.5e+10ns;DecayFactor=0.92;DecayMinTx=3;DecayInterval=+1e+10ns;TrendEpsilon=false;TrendInterval=+1e+09ns;TrendDelta=0.05;TrendWindow=3;TrendBump=0.1;TrendCap=0.5;QueueRefPackets=20;
QSQMAODV,A_N20_pi010|QSQ_prune_only,8,20,19,0.1,512,5.0,0.85,1000.0,1000.0,300.0,16.0,0.0,0,0,0,3,200.0,37022,14113,0.381206,16.044253,276.310355,336.50335,106.779299,81791,3939074,51.686966,5.795437,0.198131,0.475381,1.0,0.075266,0.325852,114644,4360,0,0,0,0,0.0,0,2.597436,9.133333,18.505128,24158.272528,0.7233,3,13599,0,6431,22474,45773,MaxPaths=3;Alpha0=0.5;Gamma=0.9;Epsilon0=0.5;RewardW1=0.6;RewardW2=0.4;RewardW3=0;RewardW4=0.2;AdaptiveEpsilon=false;AdaptiveAlpha=false;AdaptiveReward=false;Policy=QLearning;UseMacFeedback=true;DelayRef=0.01;HopByHop=true;UseRerrBump=true;QueueHighThreshold=0.7;QueueLowThreshold=0.3;QueueRewardWeight=0;AdaptiveQueueWeight=true;QueueWeightMax=0.4;QueueWeightKappa=0.2;FailurePenalty=0;QueueAwareSelect=false;QueueDrivenExploration=false;QueueSelectBeta=0.5;AckSilenceDecay=false;AckSilenceThreshold=+1.5e+10ns;DecayFactor=0.92;DecayMinTx=3;DecayInterval=+1e+10ns;TrendEpsilon=false;TrendInterval=+1e+09ns;TrendDelta=0.05;TrendWindow=3;TrendBump=0.1;TrendCap=0.5;QueueRefPackets=20;
QSQMAODV,A_N20_pi010|QSQ_prune_only,9,20,19,0.1,512,5.0,0.85,1000.0,1000.0,300.0,16.0,0.0,0,0,0,3,200.0,37022,19738,0.533142,22.438989,141.238813,147.428732,42.424691,38022,1811466,16.995474,1.926335,0.080504,0.242118,1.0,0.043188,0.177922,111244,1695,0,0,0,0,0.0,0,2.220513,8.312821,18.128205,23364.794149,1.259683,0,5109,0,2595,16489,17713,MaxPaths=3;Alpha0=0.5;Gamma=0.9;Epsilon0=0.5;RewardW1=0.6;RewardW2=0.4;RewardW3=0;RewardW4=0.2;AdaptiveEpsilon=false;AdaptiveAlpha=false;AdaptiveReward=false;Policy=QLearning;UseMacFeedback=true;DelayRef=0.01;HopByHop=true;UseRerrBump=true;QueueHighThreshold=0.7;QueueLowThreshold=0.3;QueueRewardWeight=0;AdaptiveQueueWeight=true;QueueWeightMax=0.4;QueueWeightKappa=0.2;FailurePenalty=0;QueueAwareSelect=false;QueueDrivenExploration=false;QueueSelectBeta=0.5;AckSilenceDecay=false;AckSilenceThreshold=+1.5e+10ns;DecayFactor=0.92;DecayMinTx=3;DecayInterval=+1e+10ns;TrendEpsilon=false;TrendInterval=+1e+09ns;TrendDelta=0.05;TrendWindow=3;TrendBump=0.1;TrendCap=0.5;QueueRefPackets=20;
QSQMAODV,A_N20_pi010|QSQ_src_FULL_QDE,1,20,19,0.1,512,5.0,0.85,1000.0,1000.0,300.0,16.0,0.0,0,0,0,3,200.0,37022,24667,0.66628,28.042484,129.16584,160.244508,45.795667,38940,1843414,13.839257,1.578627,0.080552,0.257831,1.0,0.043459,0.184215,110103,1595,0,12965,0,0,0.0,0,2.44359,8.884615,18.407692,22539.664836,1.202528,56,5383,0,2124,11873,0,MaxPaths=3;Alpha0=0.5;Gamma=0.9;Epsilon0=0.5;RewardW1=0.6;RewardW2=0.4;RewardW3=0;RewardW4=0.2;AdaptiveEpsilon=false;AdaptiveAlpha=false;AdaptiveReward=false;Policy=QLearning;UseMacFeedback=true;DelayRef=0.01;HopByHop=false;UseRerrBump=true;QueueHighThreshold=0.7;QueueLowThreshold=0.3;QueueRewardWeight=0.1;AdaptiveQueueWeight=true;QueueWeightMax=0.4;QueueWeightKappa=0.2;FailurePenalty=0.5;QueueAwareSelect=true;QueueDrivenExploration=true;QueueSelectBeta=0.5;AckSilenceDecay=true;AckSilenceThreshold=+1.5e+10ns;DecayFactor=0.92;DecayMinTx=3;DecayInterval=+1e+10ns;TrendEpsilon=true;TrendInterval=+1e+09ns;TrendDelta=0.05;TrendWindow=3;TrendBump=0.1;TrendCap=0.5;QueueRefPackets=20;
QSQMAODV,A_N20_pi010|QSQ_src_FULL_QDE,10,20,19,0.1,512,5.0,0.85,1000.0,1000.0,300.0,16.0,0.0,0,0,0,3,200.0,37022,16117,0.435336,18.322484,12.088725,29.454236,19.619006,14323,677502,7.784534,0.888689,0.018659,0.094848,1.0,0.010863,0.067015,66809,422,0,2861,0,0,0.0,0,2.266667,8.910256,18.530769,23279.71399,0.42256,0,1561,0,476,20041,0,MaxPaths=3;Alpha0=0.5;Gamma=0.9;Epsilon0=0.5;RewardW1=0.6;RewardW2=0.4;RewardW3=0;RewardW4=0.2;AdaptiveEpsilon=false;AdaptiveAlpha=false;AdaptiveReward=false;Policy=QLearning;UseMacFeedback=true;DelayRef=0.01;HopByHop=false;UseRerrBump=true;QueueHighThreshold=0.7;QueueLowThreshold=0.3;QueueRewardWeight=0.1;AdaptiveQueueWeight=true;QueueWeightMax=0.4;QueueWeightKappa=0.2;FailurePenalty=0.5;QueueAwareSelect=true;QueueDrivenExploration=true;QueueSelectBeta=0.5;AckSilenceDecay=true;AckSilenceThreshold=+1.5e+10ns;DecayFactor=0.92;DecayMinTx=3;DecayInterval=+1e+10ns;TrendEpsilon=true;TrendInterval=+1e+09ns;TrendDelta=0.05;TrendWindow=3;TrendBump=0.1;TrendCap=0.5;QueueRefPackets=20;
QSQMAODV,A_N20_pi010|QSQ_src_FULL_QDE,11,20,19,0.1,512,5.0,0.85,1000.0,1000.0,300.0,16.0,0.0,0,0,0,3,200.0,37022,26319,0.710902,29.920547,122.870042,136.893334,46.571616,38407,1799340,12.660478,1.459288,0.071233,0.271767,1.0,0.037317,0.181975,98927,1626,0,7299,2,0,0.0,0,2.235897,8.123077,18.446154,24281.639952,1.161147,1,6922,0,1886,10408,0,MaxPaths=3;Alpha0=0.5;Gamma=0.9;Epsilon0=0.5;RewardW1=0.6;RewardW2=0.4;RewardW3=0;RewardW4=0.2;AdaptiveEpsilon=false;AdaptiveAlpha=false;AdaptiveReward=false;Policy=QLearning;UseMacFeedback=true;DelayRef=0.01;HopByHop=false;UseRerrBump=true;QueueHighThreshold=0.7;QueueLowThreshold=0.3;QueueRewardWeight=0.1;AdaptiveQueueWeight=true;QueueWeightMax=0.4;QueueWeightKappa=0.2;FailurePenalty=0.5;QueueAwareSelect=true;QueueDrivenExploration=true;QueueSelectBeta=0.5;AckSilenceDecay=true;AckSilenceThreshold=+1.5e+10ns;DecayFactor=0.92;DecayMinTx=3;DecayInterval=+1e+10ns;TrendEpsilon=true;TrendInterval=+1e+09ns;TrendDelta=0.05;TrendWindow=3;TrendBump=0.1;TrendCap=0.5;QueueRefPackets=20;
QSQMAODV,A_N20_pi010|QSQ_src_FULL_QDE,12,20,19,0.1,512,5.0,0.85,1000.0,1000.0,300.0,16.0,0.0,0,0,0,3,200.0,37022,28120,0.759548,31.968,17.06199,15.946103,7.811334,9480,448650,2.954599,0.337127,0.007813,0.057683,1.0,0.005008,0.03887,78947,247,0,3302,0,0,0.0,0,2.353846,8.851282,18.789744,24864.637506,1.058614,0,500,0,270,8330,0,MaxPaths=3;Alpha0=0.5;Gamma=0.9;Epsilon0=0.5;RewardW1=0.6;RewardW2=0.4;RewardW3=0;RewardW4=0.2;AdaptiveEpsilon=false;AdaptiveAlpha=false;AdaptiveReward=false;Policy=QLearning;UseMacFeedback=true;DelayRef=0.01;HopByHop=false;UseRerrBump=true;QueueHighThreshold=0.7;QueueLowThreshold=0.3;QueueRewardWeight=0.1;AdaptiveQueueWeight=true;QueueWeightMax=0.4;QueueWeightKappa=0.2;FailurePenalty=0.5;QueueAwareSelect=true;QueueDrivenExploration=true;QueueSelectBeta=0.5;AckSilenceDecay=true;AckSilenceThreshold=+1.5e+10ns;DecayFactor=0.92;DecayMinTx=3;DecayInterval=+1e+10ns;TrendEpsilon=true;TrendInterval=+1e+09ns;TrendDelta=0.05;TrendWindow=3;TrendBump=0.1;TrendCap=0.5;QueueRefPackets=20;
QSQMAODV,A_N20_pi010|QSQ_src_FULL_QDE,13,20,19,0.1,512,5.0,0.85,1000.0,1000.0,300.0,16.0,0.0,0,0,0,3,200.0,37022,18886,0.510129,22.6632,37.355234,72.051729,21.597464,8454,407248,3.993238,0.447633,0.00834,0.047774,1.0,0.005322,0.032476,50410,191,0,2465,0,0,0.0,0,2.353846,9.04359,18.530769,23376.285305,0.433796,0,1379,0,219,17508,0,MaxPaths=3;Alpha0=0.5;Gamma=0.9;Epsilon0=0.5;RewardW1=0.6;RewardW2=0.4;RewardW3=0;RewardW4=0.2;AdaptiveEpsilon=false;AdaptiveAlpha=false;AdaptiveReward=false;Policy=QLearning;UseMacFeedback=true;DelayRef=0.01;HopByHop=false;UseRerrBump=true;QueueHighThreshold=0.7;QueueLowThreshold=0.3;QueueRewardWeight=0.1;AdaptiveQueueWeight=true;QueueWeightMax=0.4;QueueWeightKappa=0.2;FailurePenalty=0.5;QueueAwareSelect=true;QueueDrivenExploration=true;QueueSelectBeta=0.5;AckSilenceDecay=true;AckSilenceThreshold=+1.5e+10ns;DecayFactor=0.92;DecayMinTx=3;DecayInterval=+1e+10ns;TrendEpsilon=true;TrendInterval=+1e+09ns;TrendDelta=0.05;TrendWindow=3;TrendBump=0.1;TrendCap=0.5;QueueRefPackets=20;
QSQMAODV,A_N20_pi010|QSQ_src_FULL_QDE,14,20,19,0.1,512,5.0,0.85,1000.0,1000.0,300.0,16.0,0.0,0,0,0,3,200.0,37022,23087,0.623602,26.246274,96.200293,129.342555,33.453271,28135,1336518,10.720463,1.218651,0.057889,0.208642,1.0,0.029856,0.150374,94730,1102,0,6167,2,0,0.0,0,2.205128,8.733333,18.602564,24764.712314,1.0732,17,3807,0,1465,13669,0,MaxPaths=3;Alpha0=0.5;Gamma=0.9;Epsilon0=0.5;RewardW1=0.6;RewardW2=0.4;RewardW3=0;RewardW4=0.2;AdaptiveEpsilon=false;AdaptiveAlpha=false;AdaptiveReward=false;Policy=QLearning;UseMacFeedback=true;DelayRef=0.01;HopByHop=false;UseRerrBump=true;QueueHighThreshold=0.7;QueueLowThreshold=0.3;QueueRewardWeight=0.1;AdaptiveQueueWeight=true;QueueWeightMax=0.4;QueueWeightKappa=0.2;FailurePenalty=0.5;QueueAwareSelect=true;QueueDrivenExploration=true;QueueSelectBeta=0.5;AckSilenceDecay=true;AckSilenceThreshold=+1.5e+10ns;DecayFactor=0.92;DecayMinTx=3;DecayInterval=+1e+10ns;TrendEpsilon=true;TrendInterval=+1e+09ns;TrendDelta=0.05;TrendWindow=3;TrendBump=0.1;TrendCap=0.5;QueueRefPackets=20;
QSQMAODV,A_N20_pi010|QSQ_src_FULL_QDE,15,20,19,0.1,512,5.0,0.85,1000.0,1000.0,300.0,16.0,0.0,0,0,0,3,200.0,37022,18176,0.490951,21.8112,50.420043,51.485724,16.862729,16034,758320,7.726102,0.882152,0.022733,0.102216,1.0,0.012929,0.068481,80039,540,0,6977,0,0,0.0,0,1.969231,8.435897,18.364103,24698.448431,0.789801,0,1161,0,590,17847,0,MaxPaths=3;Alpha0=0.5;Gamma=0.9;Epsilon0=0.5;RewardW1=0.6;RewardW2=0.4;RewardW3=0;RewardW4=0.2;AdaptiveEpsilon=false;AdaptiveAlpha=false;AdaptiveReward=false;Policy=QLearning;UseMacFeedback=true;DelayRef=0.01;HopByHop=false;UseRerrBump=true;QueueHighThreshold=0.7;QueueLowThreshold=0.3;QueueRewardWeight=0.1;AdaptiveQueueWeight=true;QueueWeightMax=0.4;QueueWeightKappa=0.2;FailurePenalty=0.5;QueueAwareSelect=true;QueueDrivenExploration=true;QueueSelectBeta=0.5;AckSilenceDecay=true;AckSilenceThreshold=+1.5e+10ns;DecayFactor=0.92;DecayMinTx=3;DecayInterval=+1e+10ns;TrendEpsilon=true;TrendInterval=+1e+09ns;TrendDelta=0.05;TrendWindow=3;TrendBump=0.1;TrendCap=0.5;QueueRefPackets=20;
QSQMAODV,A_N20_pi010|QSQ_src_FULL_QDE,16,20,19,0.1,512,5.0,0.85,1000.0,1000.0,300.0,16.0,0.0,0,0,0,3,200.0,37022,23738,0.641186,26.986358,102.084659,166.459741,36.863257,30165,1412470,11.018979,1.270747,0.071024,0.234547,1.0,0.041139,0.165867,87630,1445,0,9861,0,0,0.0,0,1.825641,8.146154,18.448718,24356.530873,0.831181,17,5773,0,1995,12484,0,MaxPaths=3;Alpha0=0.5;Gamma=0.9;Epsilon0=0.5;RewardW1=0.6;RewardW2=0.4;RewardW3=0;RewardW4=0.2;AdaptiveEpsilon=false;AdaptiveAlpha=false;AdaptiveReward=false;Policy=QLearning;UseMacFeedback=true;DelayRef=0.01;HopByHop=false;UseRerrBump=true;QueueHighThreshold=0.7;QueueLowThreshold=0.3;QueueRewardWeight=0.1;AdaptiveQueueWeight=true;QueueWeightMax=0.4;QueueWeightKappa=0.2;FailurePenalty=0.5;QueueAwareSelect=true;QueueDrivenExploration=true;QueueSelectBeta=0.5;AckSilenceDecay=true;AckSilenceThreshold=+1.5e+10ns;DecayFactor=0.92;DecayMinTx=3;DecayInterval=+1e+10ns;TrendEpsilon=true;TrendInterval=+1e+09ns;TrendDelta=0.05;TrendWindow=3;TrendBump=0.1;TrendCap=0.5;QueueRefPackets=20;
QSQMAODV,A_N20_pi010|QSQ_src_FULL_QDE,17,20,19,0.1,512,5.0,0.85,1000.0,1000.0,300.0,16.0,0.0,0,0,0,3,200.0,37022,18131,0.489736,21.7572,11.905469,12.696881,8.131154,7665,363074,3.708341,0.422757,0.007598,0.045382,1.0,0.005517,0.033153,59709,195,0,1873,0,0,0.0,0,2.333333,8.448718,18.497436,22738.691762,0.442926,0,1687,0,251,18163,0,MaxPaths=3;Alpha0=0.5;Gamma=0.9;Epsilon0=0.5;RewardW1=0.6;RewardW2=0.4;RewardW3=0;RewardW4=0.2;AdaptiveEpsilon=false;AdaptiveAlpha=false;AdaptiveReward=false;Policy=QLearning;UseMacFeedback=true;DelayRef=0.01;HopByHop=false;UseRerrBump=true;QueueHighThreshold=0.7;QueueLowThreshold=0.3;QueueRewardWeight=0.1;AdaptiveQueueWeight=true;QueueWeightMax=0.4;QueueWeightKappa=0.2;FailurePenalty=0.5;QueueAwareSelect=true;QueueDrivenExploration=true;QueueSelectBeta=0.5;AckSilenceDecay=true;AckSilenceThreshold=+1.5e+10ns;DecayFactor=0.92;DecayMinTx=3;DecayInterval=+1e+10ns;TrendEpsilon=true;TrendInterval=+1e+09ns;TrendDelta=0.05;TrendWindow=3;TrendBump=0.1;TrendCap=0.5;QueueRefPackets=20;
QSQMAODV,A_N20_pi010|QSQ_src_FULL_QDE,18,20,19,0.1,512,5.0,0.85,1000.0,1000.0,300.0,16.0,0.0,0,0,0,3,200.0,37022,22338,0.603371,25.394779,45.292212,68.354693,14.508054,11453,538966,4.468105,0.512714,0.042887,0.117069,1.0,0.038006,0.097451,70239,257,0,3574,0,0,0.0,0,1.984615,7.946154,18.264103,21730.452487,0.6501,63,3058,0,316,13931,0,MaxPaths=3;Alpha0=0.5;Gamma=0.9;Epsilon0=0.5;RewardW1=0.6;RewardW2=0.4;RewardW3=0;RewardW4=0.2;AdaptiveEpsilon=false;AdaptiveAlpha=false;AdaptiveReward=false;Policy=QLearning;UseMacFeedback=true;DelayRef=0.01;HopByHop=false;UseRerrBump=true;QueueHighThreshold=0.7;QueueLowThreshold=0.3;QueueRewardWeight=0.1;AdaptiveQueueWeight=true;QueueWeightMax=0.4;QueueWeightKappa=0.2;FailurePenalty=0.5;QueueAwareSelect=true;QueueDrivenExploration=true;QueueSelectBeta=0.5;AckSilenceDecay=true;AckSilenceThreshold=+1.5e+10ns;DecayFactor=0.92;DecayMinTx=3;DecayInterval=+1e+10ns;TrendEpsilon=true;TrendInterval=+1e+09ns;TrendDelta=0.05;TrendWindow=3;TrendBump=0.1;TrendCap=0.5;QueueRefPackets=20;
QSQMAODV,A_N20_pi010|QSQ_src_FULL_QDE,19,20,19,0.1,512,5.0,0.85,1000.0,1000.0,300.0,16.0,0.0,0,0,0,3,200.0,37022,25947,0.700854,29.497642,88.78596,119.01984,22.711496,15509,740760,5.286845,0.597718,0.038619,0.146468,1.0,0.028506,0.114351,72848,390,0,3858,0,0,0.0,0,2.046154,7.533333,18.041026,19133.814224,0.973475,25,8456,0,497,10936,0,MaxPaths=3;Alpha0=0.5;Gamma=0.9;Epsilon0=0.5;RewardW1=0.6;RewardW2=0.4;RewardW3=0;RewardW4=0.2;AdaptiveEpsilon=false;AdaptiveAlpha=false;AdaptiveReward=false;Policy=QLearning;UseMacFeedback=true;DelayRef=0.01;HopByHop=false;UseRerrBump=true;QueueHighThreshold=0.7;QueueLowThreshold=0.3;QueueRewardWeight=0.1;AdaptiveQueueWeight=true;QueueWeightMax=0.4;QueueWeightKappa=0.2;FailurePenalty=0.5;QueueAwareSelect=true;QueueDrivenExploration=true;QueueSelectBeta=0.5;AckSilenceDecay=true;AckSilenceThreshold=+1.5e+10ns;DecayFactor=0.92;DecayMinTx=3;DecayInterval=+1e+10ns;TrendEpsilon=true;TrendInterval=+1e+09ns;TrendDelta=0.05;TrendWindow=3;TrendBump=0.1;TrendCap=0.5;QueueRefPackets=20;
QSQMAODV,A_N20_pi010|QSQ_src_FULL_QDE,2,20,19,0.1,512,5.0,0.85,1000.0,1000.0,300.0,16.0,0.0,0,0,0,3,200.0,37022,8228,0.222246,12.694629,40.287481,56.343658,7.930264,5846,278932,6.277841,0.710501,0.003233,0.025153,1.0,0.002283,0.017994,41872,55,0,1064,0,0,0.0,0,2.851282,8.679487,18.187179,22296.131007,0.16555,0,2148,0,59,27743,0,MaxPaths=3;Alpha0=0.5;Gamma=0.9;Epsilon0=0.5;RewardW1=0.6;RewardW2=0.4;RewardW3=0;RewardW4=0.2;AdaptiveEpsilon=false;AdaptiveAlpha=false;AdaptiveReward=false;Policy=QLearning;UseMacFeedback=true;DelayRef=0.01;HopByHop=false;UseRerrBump=true;QueueHighThreshold=0.7;QueueLowThreshold=0.3;QueueRewardWeight=0.1;AdaptiveQueueWeight=true;QueueWeightMax=0.4;QueueWeightKappa=0.2;FailurePenalty=0.5;QueueAwareSelect=true;QueueDrivenExploration=true;QueueSelectBeta=0.5;AckSilenceDecay=true;AckSilenceThreshold=+1.5e+10ns;DecayFactor=0.92;DecayMinTx=3;DecayInterval=+1e+10ns;TrendEpsilon=true;TrendInterval=+1e+09ns;TrendDelta=0.05;TrendWindow=3;TrendBump=0.1;TrendCap=0.5;QueueRefPackets=20;
QSQMAODV,A_N20_pi010|QSQ_src_FULL_QDE,20,20,19,0.1,512,5.0,0.85,1000.0,1000.0,300.0,16.0,0.0,0,0,0,3,200.0,37022,23979,0.647696,27.260337,138.506288,150.453964,49.89141,55702,2614140,20.188498,2.322949,0.11348,0.359536,1.0,0.06007,0.2484,115130,2259,0,12190,1,0,0.0,0,2.328205,8.379487,18.317949,20034.119132,1.021987,51,7882,0,2700,12398,0,MaxPaths=3;Alpha0=0.5;Gamma=0.9;Epsilon0=0.5;RewardW1=0.6;RewardW2=0.4;RewardW3=0;RewardW4=0.2;AdaptiveEpsilon=false;AdaptiveAlpha=false;AdaptiveReward=false;Policy=QLearning;UseMacFeedback=true;DelayRef=0.01;HopByHop=false;UseRerrBump=true;QueueHighThreshold=0.7;QueueLowThreshold=0.3;QueueRewardWeight=0.1;AdaptiveQueueWeight=true;QueueWeightMax=0.4;QueueWeightKappa=0.2;FailurePenalty=0.5;QueueAwareSelect=true;QueueDrivenExploration=true;QueueSelectBeta=0.5;AckSilenceDecay=true;AckSilenceThreshold=+1.5e+10ns;DecayFactor=0.92;DecayMinTx=3;DecayInterval=+1e+10ns;TrendEpsilon=true;TrendInterval=+1e+09ns;TrendDelta=0.05;TrendWindow=3;TrendBump=0.1;TrendCap=0.5;QueueRefPackets=20;
QSQMAODV,A_N20_pi010|QSQ_src_FULL_QDE,3,20,19,0.1,512,5.0,0.85,1000.0,1000.0,300.0,16.0,0.0,0,0,0,3,200.0,37022,18232,0.492464,20.726905,130.140858,156.489187,53.730267,52974,2497104,25.363464,2.905551,0.17498,0.412777,1.0,0.12427,0.320918,103030,2019,0,8992,2,0,0.0,0,2.187179,8.523077,17.974359,26622.900406,0.780239,93,13118,0,2640,18560,0,MaxPaths=3;Alpha0=0.5;Gamma=0.9;Epsilon0=0.5;RewardW1=0.6;RewardW2=0.4;RewardW3=0;RewardW4=0.2;AdaptiveEpsilon=false;AdaptiveAlpha=false;AdaptiveReward=false;Policy=QLearning;UseMacFeedback=true;DelayRef=0.01;HopByHop=false;UseRerrBump=true;QueueHighThreshold=0.7;QueueLowThreshold=0.3;QueueRewardWeight=0.1;AdaptiveQueueWeight=true;QueueWeightMax=0.4;QueueWeightKappa=0.2;FailurePenalty=0.5;QueueAwareSelect=true;QueueDrivenExploration=true;QueueSelectBeta=0.5;AckSilenceDecay=true;AckSilenceThreshold=+1.5e+10ns;DecayFactor=0.92;DecayMinTx=3;DecayInterval=+1e+10ns;TrendEpsilon=true;TrendInterval=+1e+09ns;TrendDelta=0.05;TrendWindow=3;TrendBump=0.1;TrendCap=0.5;QueueRefPackets=20;
QSQMAODV,A_N20_pi010|QSQ_src_FULL_QDE,4,20,19,0.1,512,5.0,0.85,1000.0,1000.0,300.0,16.0,0.0,0,0,0,3,200.0,37022,19436,0.524985,22.095663,74.862161,80.539556,35.254047,35568,1697736,16.175939,1.830006,0.095956,0.268734,1.0,0.03864,0.176279,88255,1569,0,11564,0,0,0.0,0,2.65641,9.266667,18.551282,21721.695025,0.790503,0,5372,0,2020,16396,0,MaxPaths=3;Alpha0=0.5;Gamma=0.9;Epsilon0=0.5;RewardW1=0.6;RewardW2=0.4;RewardW3=0;RewardW4=0.2;AdaptiveEpsilon=false;AdaptiveAlpha=false;AdaptiveReward=false;Policy=QLearning;UseMacFeedback=true;DelayRef=0.01;HopByHop=false;UseRerrBump=true;QueueHighThreshold=0.7;QueueLowThreshold=0.3;QueueRewardWeight=0.1;AdaptiveQueueWeight=true;QueueWeightMax=0.4;QueueWeightKappa=0.2;FailurePenalty=0.5;QueueAwareSelect=true;QueueDrivenExploration=true;QueueSelectBeta=0.5;AckSilenceDecay=true;AckSilenceThreshold=+1.5e+10ns;DecayFactor=0.92;DecayMinTx=3;DecayInterval=+1e+10ns;TrendEpsilon=true;TrendInterval=+1e+09ns;TrendDelta=0.05;TrendWindow=3;TrendBump=0.1;TrendCap=0.5;QueueRefPackets=20;
QSQMAODV,A_N20_pi010|QSQ_src_FULL_QDE,5,20,19,0.1,512,5.0,0.85,1000.0,1000.0,300.0,16.0,0.0,0,0,0,3,200.0,37022,28569,0.771676,32.478442,86.06086,102.530356,32.150974,32596,1534720,9.948105,1.140957,0.08414,0.262575,1.0,0.033222,0.168955,97851,1832,0,9882,4,0,0.0,0,2.448718,9.497436,18.620513,25315.804661,1.096834,0,4464,0,2250,8055,0,MaxPaths=3;Alpha0=0.5;Gamma=0.9;Epsilon0=0.5;RewardW1=0.6;RewardW2=0.4;RewardW3=0;RewardW4=0.2;AdaptiveEpsilon=false;AdaptiveAlpha=false;AdaptiveReward=false;Policy=QLearning;UseMacFeedback=true;DelayRef=0.01;HopByHop=false;UseRerrBump=true;QueueHighThreshold=0.7;QueueLowThreshold=0.3;QueueRewardWeight=0.1;AdaptiveQueueWeight=true;QueueWeightMax=0.4;QueueWeightKappa=0.2;FailurePenalty=0.5;QueueAwareSelect=true;QueueDrivenExploration=true;QueueSelectBeta=0.5;AckSilenceDecay=true;AckSilenceThreshold=+1.5e+10ns;DecayFactor=0.92;DecayMinTx=3;DecayInterval=+1e+10ns;TrendEpsilon=true;TrendInterval=+1e+09ns;TrendDelta=0.05;TrendWindow=3;TrendBump=0.1;TrendCap=0.5;QueueRefPackets=20;
QSQMAODV,A_N20_pi010|QSQ_src_FULL_QDE,6,20,19,0.1,512,5.0,0.85,1000.0,1000.0,300.0,16.0,0.0,0,0,0,3,200.0,37022,22539,0.6088,25.623284,26.495578,99.806908,36.389486,24215,1144812,9.406017,1.07436,0.079,0.205053,1.0,0.040476,0.145557,80000,1023,0,7581,0,0,0.0,0,2.653846,9.589744,18.533333,22227.889823,0.602209,0,4133,0,1355,13745,0,MaxPaths=3;Alpha0=0.5;Gamma=0.9;Epsilon0=0.5;RewardW1=0.6;RewardW2=0.4;RewardW3=0;RewardW4=0.2;AdaptiveEpsilon=false;AdaptiveAlpha=false;AdaptiveReward=false;Policy=QLearning;UseMacFeedback=true;DelayRef=0.01;HopByHop=false;UseRerrBump=true;QueueHighThreshold=0.7;QueueLowThreshold=0.3;QueueRewardWeight=0.1;AdaptiveQueueWeight=true;QueueWeightMax=0.4;QueueWeightKappa=0.2;FailurePenalty=0.5;QueueAwareSelect=true;QueueDrivenExploration=true;QueueSelectBeta=0.5;AckSilenceDecay=true;AckSilenceThreshold=+1.5e+10ns;DecayFactor=0.92;DecayMinTx=3;DecayInterval=+1e+10ns;TrendEpsilon=true;TrendInterval=+1e+09ns;TrendDelta=0.05;TrendWindow=3;TrendBump=0.1;TrendCap=0.5;QueueRefPackets=20;
QSQMAODV,A_N20_pi010|QSQ_src_FULL_QDE,7,20,19,0.1,512,5.0,0.85,1000.0,1000.0,300.0,16.0,0.0,0,0,0,3,200.0,37022,27756,0.749716,31.554189,26.184833,40.312733,11.063915,9519,450520,3.005823,0.342953,0.010362,0.062929,1.0,0.006437,0.041532,70709,277,0,3892,0,0,0.0,0,2.458974,9.976923,18.689744,22459.172633,0.712846,0,1115,0,289,8232,0,MaxPaths=3;Alpha0=0.5;Gamma=0.9;Epsilon0=0.5;RewardW1=0.6;RewardW2=0.4;RewardW3=0;RewardW4=0.2;AdaptiveEpsilon=false;AdaptiveAlpha=false;AdaptiveReward=false;Policy=QLearning;UseMacFeedback=true;DelayRef=0.01;HopByHop=false;UseRerrBump=true;QueueHighThreshold=0.7;QueueLowThreshold=0.3;QueueRewardWeight=0.1;AdaptiveQueueWeight=true;QueueWeightMax=0.4;QueueWeightKappa=0.2;FailurePenalty=0.5;QueueAwareSelect=true;QueueDrivenExploration=true;QueueSelectBeta=0.5;AckSilenceDecay=true;AckSilenceThreshold=+1.5e+10ns;DecayFactor=0.92;DecayMinTx=3;DecayInterval=+1e+10ns;TrendEpsilon=true;TrendInterval=+1e+09ns;TrendDelta=0.05;TrendWindow=3;TrendBump=0.1;TrendCap=0.5;QueueRefPackets=20;
QSQMAODV,A_N20_pi010|QSQ_src_FULL_QDE,8,20,19,0.1,512,5.0,0.85,1000.0,1000.0,300.0,16.0,0.0,0,0,0,3,200.0,37022,12293,0.332046,14.7516,29.369025,53.939237,22.518205,12438,595874,8.976412,1.011795,0.016339,0.072599,1.0,0.007839,0.04307,67140,648,0,7056,1,0,0.0,0,2.597436,9.133333,18.505128,24158.272528,0.370536,3,206,0,677,23845,0,MaxPaths=3;Alpha0=0.5;Gamma=0.9;Epsilon0=0.5;RewardW1=0.6;RewardW2=0.4;RewardW3=0;RewardW4=0.2;AdaptiveEpsilon=false;AdaptiveAlpha=false;AdaptiveReward=false;Policy=QLearning;UseMacFeedback=true;DelayRef=0.01;HopByHop=false;UseRerrBump=true;QueueHighThreshold=0.7;QueueLowThreshold=0.3;QueueRewardWeight=0.1;AdaptiveQueueWeight=true;QueueWeightMax=0.4;QueueWeightKappa=0.2;FailurePenalty=0.5;QueueAwareSelect=true;QueueDrivenExploration=true;QueueSelectBeta=0.5;AckSilenceDecay=true;AckSilenceThreshold=+1.5e+10ns;DecayFactor=0.92;DecayMinTx=3;DecayInterval=+1e+10ns;TrendEpsilon=true;TrendInterval=+1e+09ns;TrendDelta=0.05;TrendWindow=3;TrendBump=0.1;TrendCap=0.5;QueueRefPackets=20;
QSQMAODV,A_N20_pi010|QSQ_src_FULL_QDE,9,20,19,0.1,512,5.0,0.85,1000.0,1000.0,300.0,16.0,0.0,0,0,0,3,200.0,37022,21179,0.572065,24.077179,124.860395,136.28325,42.209747,51743,2448906,21.412773,2.443128,0.100777,0.293084,1.0,0.044955,0.20177,115738,2527,0,6898,2,0,0.0,0,2.220513,8.312821,18.128205,23364.794149,1.245746,7,5759,0,3840,15103,0,MaxPaths=3;Alpha0=0.5;Gamma=0.9;Epsilon0=0.5;RewardW1=0.6;RewardW2=0.4;RewardW3=0;RewardW4=0.2;AdaptiveEpsilon=false;AdaptiveAlpha=false;AdaptiveReward=false;Policy=QLearning;UseMacFeedback=true;DelayRef=0.01;HopByHop=false;UseRerrBump=true;QueueHighThreshold=0.7;QueueLowThreshold=0.3;QueueRewardWeight=0.1;AdaptiveQueueWeight=true;QueueWeightMax=0.4;QueueWeightKappa=0.2;FailurePenalty=0.5;QueueAwareSelect=true;QueueDrivenExploration=true;QueueSelectBeta=0.5;AckSilenceDecay=true;AckSilenceThreshold=+1.5e+10ns;DecayFactor=0.92;DecayMinTx=3;DecayInterval=+1e+10ns;TrendEpsilon=true;TrendInterval=+1e+09ns;TrendDelta=0.05;TrendWindow=3;TrendBump=0.1;TrendCap=0.5;QueueRefPackets=20;
QSQMAODV,A_N20_pi010|QSQ_src_FULL,1,20,19,0.1,512,5.0,0.85,1000.0,1000.0,300.0,16.0,0.0,0,0,0,3,200.0,37022,20744,0.560315,23.582653,54.169476,67.637691,27.138039,27842,1325042,11.828873,1.342171,0.078306,0.205731,1.0,0.03306,0.138937,84920,1285,0,13646,2,0,0.0,0,2.44359,8.884615,18.407692,22539.664836,0.797337,0,4129,0,1656,15729,0,MaxPaths=3;Alpha0=0.5;Gamma=0.9;Epsilon0=0.5;RewardW1=0.6;RewardW2=0.4;RewardW3=0;RewardW4=0.2;AdaptiveEpsilon=false;AdaptiveAlpha=false;AdaptiveReward=false;Policy=QLearning;UseMacFeedback=true;DelayRef=0.01;HopByHop=false;UseRerrBump=true;QueueHighThreshold=0.7;QueueLowThreshold=0.3;QueueRewardWeight=0.1;AdaptiveQueueWeight=true;QueueWeightMax=0.4;QueueWeightKappa=0.2;FailurePenalty=0.5;QueueAwareSelect=true;QueueDrivenExploration=false;QueueSelectBeta=0.5;AckSilenceDecay=true;AckSilenceThreshold=+1.5e+10ns;DecayFactor=0.92;DecayMinTx=3;DecayInterval=+1e+10ns;TrendEpsilon=true;TrendInterval=+1e+09ns;TrendDelta=0.05;TrendWindow=3;TrendBump=0.1;TrendCap=0.5;QueueRefPackets=20;
QSQMAODV,A_N20_pi010|QSQ_src_FULL,10,20,19,0.1,512,5.0,0.85,1000.0,1000.0,300.0,16.0,0.0,0,0,0,3,200.0,37022,18060,0.487818,20.531368,13.287154,16.800036,10.807276,10505,498342,5.109942,0.581672,0.013496,0.071211,1.0,0.006639,0.048365,68215,316,0,3941,0,0,0.0,0,2.266667,8.910256,18.530769,23279.71399,0.490924,0,757,0,346,17863,0,MaxPaths=3;Alpha0=0.5;Gamma=0.9;Epsilon0=0.5;RewardW1=0.6;RewardW2=0.4;RewardW3=0;RewardW4=0.2;AdaptiveEpsilon=false;AdaptiveAlpha=false;AdaptiveReward=false;Policy=QLearning;UseMacFeedback=true;DelayRef=0.01;HopByHop=false;UseRerrBump=true;QueueHighThreshold=0.7;QueueLowThreshold=0.3;QueueRewardWeight=0.1;AdaptiveQueueWeight=true;QueueWeightMax=0.4;QueueWeightKappa=0.2;FailurePenalty=0.5;QueueAwareSelect=true;QueueDrivenExploration=false;QueueSelectBeta=0.5;AckSilenceDecay=true;AckSilenceThreshold=+1.5e+10ns;DecayFactor=0.92;DecayMinTx=3;DecayInterval=+1e+10ns;TrendEpsilon=true;TrendInterval=+1e+09ns;TrendDelta=0.05;TrendWindow=3;TrendBump=0.1;TrendCap=0.5;QueueRefPackets=20;
QSQMAODV,A_N20_pi010|QSQ_src_FULL,11,20,19,0.1,512,5.0,0.85,1000.0,1000.0,300.0,16.0,0.0,0,0,0,3,200.0,37022,22002,0.594295,25.0128,73.964234,93.720474,37.635181,31680,1490270,12.54322,1.439869,0.075833,0.24593,1.0,0.035396,0.16339,88602,1564,0,12797,2,0,0.0,0,2.235897,8.123077,18.446154,24281.639952,0.870915,14,4821,0,2092,14120,0,MaxPaths=3;Alpha0=0.5;Gamma=0.9;Epsilon0=0.5;RewardW1=0.6;RewardW2=0.4;RewardW3=0;RewardW4=0.2;AdaptiveEpsilon=false;AdaptiveAlpha=false;AdaptiveReward=false;Policy=QLearning;UseMacFeedback=true;DelayRef=0.01;HopByHop=false;UseRerrBump=true;QueueHighThreshold=0.7;QueueLowThreshold=0.3;QueueRewardWeight=0.1;AdaptiveQueueWeight=true;QueueWeightMax=0.4;QueueWeightKappa=0.2;FailurePenalty=0.5;QueueAwareSelect=true;QueueDrivenExploration=false;QueueSelectBeta=0.5;AckSilenceDecay=true;AckSilenceThreshold=+1.5e+10ns;DecayFactor=0.92;DecayMinTx=3;DecayInterval=+1e+10ns;TrendEpsilon=true;TrendInterval=+1e+09ns;TrendDelta=0.05;TrendWindow=3;TrendBump=0.1;TrendCap=0.5;QueueRefPackets=20;
QSQMAODV,A_N20_pi010|QSQ_src_FULL,12,20,19,0.1,512,5.0,0.85,1000.0,1000.0,300.0,16.0,0.0,0,0,0,3,200.0,37022,24164,0.652693,27.470653,8.452576,7.975445,3.700833,8461,402260,3.082792,0.350149,0.005502,0.04034,1.0,0.003117,0.022557,63782,202,0,2901,0,0,0.0,0,2.353846,8.851282,18.789744,24864.637506,0.642861,0,330,0,208,12181,0,MaxPaths=3;Alpha0=0.5;Gamma=0.9;Epsilon0=0.5;RewardW1=0.6;RewardW2=0.4;RewardW3=0;RewardW4=0.2;AdaptiveEpsilon=false;AdaptiveAlpha=false;AdaptiveReward=false;Policy=QLearning;UseMacFeedback=true;DelayRef=0.01;HopByHop=false;UseRerrBump=true;QueueHighThreshold=0.7;QueueLowThreshold=0.3;QueueRewardWeight=0.1;AdaptiveQueueWeight=true;QueueWeightMax=0.4;QueueWeightKappa=0.2;FailurePenalty=0.5;QueueAwareSelect=true;QueueDrivenExploration=false;QueueSelectBeta=0.5;AckSilenceDecay=true;AckSilenceThreshold=+1.5e+10ns;DecayFactor=0.92;DecayMinTx=3;DecayInterval=+1e+10ns;TrendEpsilon=true;TrendInterval=+1e+09ns;TrendDelta=0.05;TrendWindow=3;TrendBump=0.1;TrendCap=0.5;QueueRefPackets=20;
QSQMAODV,A_N20_pi010|QSQ_src_FULL,13,20,19,0.1,512,5.0,0.85,1000.0,1000.0,300.0,16.0,0.0,0,0,0,3,200.0,37022,19360,0.522932,22.009263,126.825374,146.638123,48.588041,39414,1853548,17.729836,2.035847,0.103993,0.293585,1.0,0.04901,0.203043,78020,1489,0,9544,1,0,0.0,0,2.353846,9.04359,18.530769,23376.285305,0.535249,2,7824,0,2020,17066,0,MaxPaths=3;Alpha0=0.5;Gamma=0.9;Epsilon0=0.5;RewardW1=0.6;RewardW2=0.4;RewardW3=0;RewardW4=0.2;AdaptiveEpsilon=false;AdaptiveAlpha=false;AdaptiveReward=false;Policy=QLearning;UseMacFeedback=true;DelayRef=0.01;HopByHop=false;UseRerrBump=true;QueueHighThreshold=0.7;QueueLowThreshold=0.3;QueueRewardWeight=0.1;AdaptiveQueueWeight=true;QueueWeightMax=0.4;QueueWeightKappa=0.2;FailurePenalty=0.5;QueueAwareSelect=true;QueueDrivenExploration=false;QueueSelectBeta=0.5;AckSilenceDecay=true;AckSilenceThreshold=+1.5e+10ns;DecayFactor=0.92;DecayMinTx=3;DecayInterval=+1e+10ns;TrendEpsilon=true;TrendInterval=+1e+09ns;TrendDelta=0.05;TrendWindow=3;TrendBump=0.1;TrendCap=0.5;QueueRefPackets=20;
QSQMAODV,A_N20_pi010|QSQ_src_FULL,14,20,19,0.1,512,5.0,0.85,1000.0,1000.0,300.0,16.0,0.0,0,0,0,3,200.0,37022,22538,0.608773,25.622147,58.786213,61.969557,21.187078,27344,1301216,10.69154,1.21324,0.054352,0.196339,1.0,0.029917,0.138289,87429,1290,0,5277,0,0,0.0,0,2.205128,8.733333,18.602564,24764.712314,0.940981,2,6107,0,1482,14300,0,MaxPaths=3;Alpha0=0.5;Gamma=0.9;Epsilon0=0.5;RewardW1=0.6;RewardW2=0.4;RewardW3=0;RewardW4=0.2;AdaptiveEpsilon=false;AdaptiveAlpha=false;AdaptiveReward=false;Policy=QLearning;UseMacFeedback=true;DelayRef=0.01;HopByHop=false;UseRerrBump=true;QueueHighThreshold=0.7;QueueLowThreshold=0.3;QueueRewardWeight=0.1;AdaptiveQueueWeight=true;QueueWeightMax=0.4;QueueWeightKappa=0.2;FailurePenalty=0.5;QueueAwareSelect=true;QueueDrivenExploration=false;QueueSelectBeta=0.5;AckSilenceDecay=true;AckSilenceThreshold=+1.5e+10ns;DecayFactor=0.92;DecayMinTx=3;DecayInterval=+1e+10ns;TrendEpsilon=true;TrendInterval=+1e+09ns;TrendDelta=0.05;TrendWindow=3;TrendBump=0.1;TrendCap=0.5;QueueRefPackets=20;
QSQMAODV,A_N20_pi010|QSQ_src_FULL,15,20,19,0.1,512,5.0,0.85,1000.0,1000.0,300.0,16.0,0.0,0,0,0,3,200.0,37022,17193,0.4644,19.545726,129.733038,174.59849,59.426899,41390,1968304,21.200532,2.407375,0.075651,0.267306,1.0,0.031924,0.170422,102050,2060,0,14732,0,0,0.0,0,1.969231,8.435897,18.364103,24698.448431,0.896494,3,4569,0,2610,18859,0,MaxPaths=3;Alpha0=0.5;Gamma=0.9;Epsilon0=0.5;RewardW1=0.6;RewardW2=0.4;RewardW3=0;RewardW4=0.2;AdaptiveEpsilon=false;AdaptiveAlpha=false;AdaptiveReward=false;Policy=QLearning;UseMacFeedback=true;DelayRef=0.01;HopByHop=false;UseRerrBump=true;QueueHighThreshold=0.7;QueueLowThreshold=0.3;QueueRewardWeight=0.1;AdaptiveQueueWeight=true;QueueWeightMax=0.4;QueueWeightKappa=0.2;FailurePenalty=0.5;QueueAwareSelect=true;QueueDrivenExploration=false;QueueSelectBeta=0.5;AckSilenceDecay=true;AckSilenceThreshold=+1.5e+10ns;DecayFactor=0.92;DecayMinTx=3;DecayInterval=+1e+10ns;TrendEpsilon=true;TrendInterval=+1e+09ns;TrendDelta=0.05;TrendWindow=3;TrendBump=0.1;TrendCap=0.5;QueueRefPackets=20;
QSQMAODV,A_N20_pi010|QSQ_src_FULL,16,20,19,0.1,512,5.0,0.85,1000.0,1000.0,300.0,16.0,0.0,0,0,0,3,200.0,37022,25027,0.676003,28.451747,135.812487,149.647433,43.253252,34776,1626570,12.035668,1.389539,0.075547,0.264934,1.0,0.04563,0.185095,95162,1683,0,9385,0,0,0.0,0,1.825641,8.146154,18.448718,24356.530873,1.03976,36,6298,0,2000,11513,0,MaxPaths=3;Alpha0=0.5;Gamma=0.9;Epsilon0=0.5;RewardW1=0.6;RewardW2=0.4;RewardW3=0;RewardW4=0.2;AdaptiveEpsilon=false;AdaptiveAlpha=false;AdaptiveReward=false;Policy=QLearning;UseMacFeedback=true;DelayRef=0.01;HopByHop=false;UseRerrBump=true;QueueHighThreshold=0.7;QueueLowThreshold=0.3;QueueRewardWeight=0.1;AdaptiveQueueWeight=true;QueueWeightMax=0.4;QueueWeightKappa=0.2;FailurePenalty=0.5;QueueAwareSelect=true;QueueDrivenExploration=false;QueueSelectBeta=0.5;AckSilenceDecay=true;AckSilenceThreshold=+1.5e+10ns;DecayFactor=0.92;DecayMinTx=3;DecayInterval=+1e+10ns;TrendEpsilon=true;TrendInterval=+1e+09ns;TrendDelta=0.05;TrendWindow=3;TrendBump=0.1;TrendCap=0.5;QueueRefPackets=20;
QSQMAODV,A_N20_pi010|QSQ_src_FULL,17,20,19,0.1,512,5.0,0.85,1000.0,1000.0,300.0,16.0,0.0,0,0,0,3,200.0,37022,15718,0.424558,18.8616,4.655782,6.561824,4.600693,5703,271716,3.201284,0.362832,0.00108,0.014524,0.45,0.000427,0.006575,47686,93,0,1924,0,0,0.0,0,2.333333,8.448718,18.497436,22738.691762,0.265356,0,743,0,94,20567,0,MaxPaths=3;Alpha0=0.5;Gamma=0.9;Epsilon0=0.5;RewardW1=0.6;RewardW2=0.4;RewardW3=0;RewardW4=0.2;AdaptiveEpsilon=false;AdaptiveAlpha=false;AdaptiveReward=false;Policy=QLearning;UseMacFeedback=true;DelayRef=0.01;HopByHop=false;UseRerrBump=true;QueueHighThreshold=0.7;QueueLowThreshold=0.3;QueueRewardWeight=0.1;AdaptiveQueueWeight=true;QueueWeightMax=0.4;QueueWeightKappa=0.2;FailurePenalty=0.5;QueueAwareSelect=true;QueueDrivenExploration=false;QueueSelectBeta=0.5;AckSilenceDecay=true;AckSilenceThreshold=+1.5e+10ns;DecayFactor=0.92;DecayMinTx=3;DecayInterval=+1e+10ns;TrendEpsilon=true;TrendInterval=+1e+09ns;TrendDelta=0.05;TrendWindow=3;TrendBump=0.1;TrendCap=0.5;QueueRefPackets=20;
QSQMAODV,A_N20_pi010|QSQ_src_FULL,18,20,19,0.1,512,5.0,0.85,1000.0,1000.0,300.0,16.0,0.0,0,0,0,3,200.0,37022,28173,0.76098,32.028253,104.263394,124.832605,33.222097,26313,1245398,8.18618,0.933979,0.046233,0.198145,1.0,0.025582,0.133967,98829,1515,0,8072,0,0,0.0,0,1.984615,7.946154,18.264103,21730.452487,1.348063,0,4794,0,1659,8719,0,MaxPaths=3;Alpha0=0.5;Gamma=0.9;Epsilon0=0.5;RewardW1=0.6;RewardW2=0.4;RewardW3=0;RewardW4=0.2;AdaptiveEpsilon=false;AdaptiveAlpha=false;AdaptiveReward=false;Policy=QLearning;UseMacFeedback=true;DelayRef=0.01;HopByHop=false;UseRerrBump=true;QueueHighThreshold=0.7;QueueLowThreshold=0.3;QueueRewardWeight=0.1;AdaptiveQueueWeight=true;QueueWeightMax=0.4;QueueWeightKappa=0.2;FailurePenalty=0.5;QueueAwareSelect=true;QueueDrivenExploration=false;QueueSelectBeta=0.5;AckSilenceDecay=true;AckSilenceThreshold=+1.5e+10ns;DecayFactor=0.92;DecayMinTx=3;DecayInterval=+1e+10ns;TrendEpsilon=true;TrendInterval=+1e+09ns;TrendDelta=0.05;TrendWindow=3;TrendBump=0.1;TrendCap=0.5;QueueRefPackets=20;
QSQMAODV,A_N20_pi010|QSQ_src_FULL,19,20,19,0.1,512,5.0,0.85,1000.0,1000.0,300.0,16.0,0.0,0,0,0,3,200.0,37022,24976,0.674626,28.393768,131.899096,189.306342,41.046906,23927,1132332,8.395704,0.958,0.06405,0.224392,1.0,0.039834,0.165071,73749,820,0,6127,1,0,0.0,0,2.046154,7.533333,18.041026,19133.814224,0.941737,0,10367,0,1049,11780,0,MaxPaths=3;Alpha0=0.5;Gamma=0.9;Epsilon0=0.5;RewardW1=0.6;RewardW2=0.4;RewardW3=0;RewardW4=0.2;AdaptiveEpsilon=false;AdaptiveAlpha=false;AdaptiveReward=false;Policy=QLearning;UseMacFeedback=true;DelayRef=0.01;HopByHop=false;UseRerrBump=true;QueueHighThreshold=0.7;QueueLowThreshold=0.3;QueueRewardWeight=0.1;AdaptiveQueueWeight=true;QueueWeightMax=0.4;QueueWeightKappa=0.2;FailurePenalty=0.5;QueueAwareSelect=true;QueueDrivenExploration=false;QueueSelectBeta=0.5;AckSilenceDecay=true;AckSilenceThreshold=+1.5e+10ns;DecayFactor=0.92;DecayMinTx=3;DecayInterval=+1e+10ns;TrendEpsilon=true;TrendInterval=+1e+09ns;TrendDelta=0.05;TrendWindow=3;TrendBump=0.1;TrendCap=0.5;QueueRefPackets=20;
QSQMAODV,A_N20_pi010|QSQ_src_FULL,2,20,19,0.1,512,5.0,0.85,1000.0,1000.0,300.0,16.0,0.0,0,0,0,3,200.0,37022,7723,0.208606,10.42605,6.5511,9.842793,13.191619,5413,259170,6.214482,0.700893,0.001111,0.017307,0.45,0.00074,0.011824,41423,65,0,1410,0,0,0.0,0,2.851282,8.679487,18.187179,22296.131007,0.179947,0,2082,0,67,28263,0,MaxPaths=3;Alpha0=0.5;Gamma=0.9;Epsilon0=0.5;RewardW1=0.6;RewardW2=0.4;RewardW3=0;RewardW4=0.2;AdaptiveEpsilon=false;AdaptiveAlpha=false;AdaptiveReward=false;Policy=QLearning;UseMacFeedback=true;DelayRef=0.01;HopByHop=false;UseRerrBump=true;QueueHighThreshold=0.7;QueueLowThreshold=0.3;QueueRewardWeight=0.1;AdaptiveQueueWeight=true;QueueWeightMax=0.4;QueueWeightKappa=0.2;FailurePenalty=0.5;QueueAwareSelect=true;QueueDrivenExploration=false;QueueSelectBeta=0.5;AckSilenceDecay=true;AckSilenceThreshold=+1.5e+10ns;DecayFactor=0.92;DecayMinTx=3;DecayInterval=+1e+10ns;TrendEpsilon=true;TrendInterval=+1e+09ns;TrendDelta=0.05;TrendWindow=3;TrendBump=0.1;TrendCap=0.5;QueueRefPackets=20;
QSQMAODV,A_N20_pi010|QSQ_src_FULL,20,20,19,0.1,512,5.0,0.85,1000.0,1000.0,300.0,16.0,0.0,0,0,0,3,200.0,37022,24521,0.662336,27.876505,126.488928,142.668716,41.942759,43450,2042128,15.422367,1.771951,0.093772,0.297887,1.0,0.043603,0.201816,98136,1726,0,11239,2,0,0.0,0,2.328205,8.379487,18.317949,20034.119132,0.980633,0,6495,0,2221,12236,0,MaxPaths=3;Alpha0=0.5;Gamma=0.9;Epsilon0=0.5;RewardW1=0.6;RewardW2=0.4;RewardW3=0;RewardW4=0.2;AdaptiveEpsilon=false;AdaptiveAlpha=false;AdaptiveReward=false;Policy=QLearning;UseMacFeedback=true;DelayRef=0.01;HopByHop=false;UseRerrBump=true;QueueHighThreshold=0.7;QueueLowThreshold=0.3;QueueRewardWeight=0.1;AdaptiveQueueWeight=true;QueueWeightMax=0.4;QueueWeightKappa=0.2;FailurePenalty=0.5;QueueAwareSelect=true;QueueDrivenExploration=false;QueueSelectBeta=0.5;AckSilenceDecay=true;AckSilenceThreshold=+1.5e+10ns;DecayFactor=0.92;DecayMinTx=3;DecayInterval=+1e+10ns;TrendEpsilon=true;TrendInterval=+1e+09ns;TrendDelta=0.05;TrendWindow=3;TrendBump=0.1;TrendCap=0.5;QueueRefPackets=20;
QSQMAODV,A_N20_pi010|QSQ_src_FULL,3,20,19,0.1,512,5.0,0.85,1000.0,1000.0,300.0,16.0,0.0,0,0,0,3,200.0,37022,19335,0.522257,21.980842,103.19273,126.779025,45.511211,50832,2407642,23.059717,2.629015,0.102601,0.325817,1.0,0.052633,0.230231,97909,1883,0,9839,2,0,0.0,0,2.187179,8.523077,17.974359,26622.900406,0.95943,5,12484,0,2204,17475,0,MaxPaths=3;Alpha0=0.5;Gamma=0.9;Epsilon0=0.5;RewardW1=0.6;RewardW2=0.4;RewardW3=0;RewardW4=0.2;AdaptiveEpsilon=false;AdaptiveAlpha=false;AdaptiveReward=false;Policy=QLearning;UseMacFeedback=true;DelayRef=0.01;HopByHop=false;UseRerrBump=true;QueueHighThreshold=0.7;QueueLowThreshold=0.3;QueueRewardWeight=0.1;AdaptiveQueueWeight=true;QueueWeightMax=0.4;QueueWeightKappa=0.2;FailurePenalty=0.5;QueueAwareSelect=true;QueueDrivenExploration=false;QueueSelectBeta=0.5;AckSilenceDecay=true;AckSilenceThreshold=+1.5e+10ns;DecayFactor=0.92;DecayMinTx=3;DecayInterval=+1e+10ns;TrendEpsilon=true;TrendInterval=+1e+09ns;TrendDelta=0.05;TrendWindow=3;TrendBump=0.1;TrendCap=0.5;QueueRefPackets=20;
QSQMAODV,A_N20_pi010|QSQ_src_FULL,4,20,19,0.1,512,5.0,0.85,1000.0,1000.0,300.0,16.0,0.0,0,0,0,3,200.0,37022,20739,0.56018,23.576968,117.139513,123.91313,47.818891,48032,2281374,20.37112,2.316023,0.107955,0.325277,1.0,0.043442,0.215192,109348,2913,0,14067,3,0,0.0,0,2.65641,9.266667,18.551282,21721.695025,1.011912,46,6024,0,3380,15568,0,MaxPaths=3;Alpha0=0.5;Gamma=0.9;Epsilon0=0.5;RewardW1=0.6;RewardW2=0.4;RewardW3=0;RewardW4=0.2;AdaptiveEpsilon=false;AdaptiveAlpha=false;AdaptiveReward=false;Policy=QLearning;UseMacFeedback=true;DelayRef=0.01;HopByHop=false;UseRerrBump=true;QueueHighThreshold=0.7;QueueLowThreshold=0.3;QueueRewardWeight=0.1;AdaptiveQueueWeight=true;QueueWeightMax=0.4;QueueWeightKappa=0.2;FailurePenalty=0.5;QueueAwareSelect=true;QueueDrivenExploration=false;QueueSelectBeta=0.5;AckSilenceDecay=true;AckSilenceThreshold=+1.5e+10ns;DecayFactor=0.92;DecayMinTx=3;DecayInterval=+1e+10ns;TrendEpsilon=true;TrendInterval=+1e+09ns;TrendDelta=0.05;TrendWindow=3;TrendBump=0.1;TrendCap=0.5;QueueRefPackets=20;
QSQMAODV,A_N20_pi010|QSQ_src_FULL,5,20,19,0.1,512,5.0,0.85,1000.0,1000.0,300.0,16.0,0.0,0,0,0,3,200.0,37022,27354,0.738858,31.097179,69.851232,79.657032,28.098092,29285,1384988,9.376298,1.070593,0.05939,0.222564,1.0,0.021647,0.131626,91680,1793,0,10161,0,0,0.0,0,2.448718,9.497436,18.620513,25315.804661,0.982443,14,2852,0,2206,8665,0,MaxPaths=3;Alpha0=0.5;Gamma=0.9;Epsilon0=0.5;RewardW1=0.6;RewardW2=0.4;RewardW3=0;RewardW4=0.2;AdaptiveEpsilon=false;AdaptiveAlpha=false;AdaptiveReward=false;Policy=QLearning;UseMacFeedback=true;DelayRef=0.01;HopByHop=false;UseRerrBump=true;QueueHighThreshold=0.7;QueueLowThreshold=0.3;QueueRewardWeight=0.1;AdaptiveQueueWeight=true;QueueWeightMax=0.4;QueueWeightKappa=0.2;FailurePenalty=0.5;QueueAwareSelect=true;QueueDrivenExploration=false;QueueSelectBeta=0.5;AckSilenceDecay=true;AckSilenceThreshold=+1.5e+10ns;DecayFactor=0.92;DecayMinTx=3;DecayInterval=+1e+10ns;TrendEpsilon=true;TrendInterval=+1e+09ns;TrendDelta=0.05;TrendWindow=3;TrendBump=0.1;TrendCap=0.5;QueueRefPackets=20;
QSQMAODV,A_N20_pi010|QSQ_src_FULL,6,20,19,0.1,512,5.0,0.85,1000.0,1000.0,300.0,16.0,0.0,0,0,0,3,200.0,37022,22632,0.611312,25.729011,56.206988,63.733814,24.402484,51337,2434332,19.918797,2.268337,0.176528,0.370219,1.0,0.052293,0.251498,97444,3800,0,12147,5,0,0.0,0,2.653846,9.589744,18.533333,22227.889823,0.745341,0,7141,0,4762,14030,0,MaxPaths=3;Alpha0=0.5;Gamma=0.9;Epsilon0=0.5;RewardW1=0.6;RewardW2=0.4;RewardW3=0;RewardW4=0.2;AdaptiveEpsilon=false;AdaptiveAlpha=false;AdaptiveReward=false;Policy=QLearning;UseMacFeedback=true;DelayRef=0.01;HopByHop=false;UseRerrBump=true;QueueHighThreshold=0.7;QueueLowThreshold=0.3;QueueRewardWeight=0.1;AdaptiveQueueWeight=true;QueueWeightMax=0.4;QueueWeightKappa=0.2;FailurePenalty=0.5;QueueAwareSelect=true;QueueDrivenExploration=false;QueueSelectBeta=0.5;AckSilenceDecay=true;AckSilenceThreshold=+1.5e+10ns;DecayFactor=0.92;DecayMinTx=3;DecayInterval=+1e+10ns;TrendEpsilon=true;TrendInterval=+1e+09ns;TrendDelta=0.05;TrendWindow=3;TrendBump=0.1;TrendCap=0.5;QueueRefPackets=20;
QSQMAODV,A_N20_pi010|QSQ_src_FULL,7,20,19,0.1,512,5.0,0.85,1000.0,1000.0,300.0,16.0,0.0,0,0,0,3,200.0,37022,25430,0.686889,28.909895,52.239353,62.891653,25.27082,28405,1339588,9.755087,1.116988,0.064028,0.220862,1.0,0.028084,0.147068,87497,1304,0,5131,1,0,0.0,0,2.458974,9.976923,18.689744,22459.172633,0.790746,0,3582,0,1503,11170,0,MaxPaths=3;Alpha0=0.5;Gamma=0.9;Epsilon0=0.5;RewardW1=0.6;RewardW2=0.4;RewardW3=0;RewardW4=0.2;AdaptiveEpsilon=false;AdaptiveAlpha=false;AdaptiveReward=false;Policy=QLearning;UseMacFeedback=true;DelayRef=0.01;HopByHop=false;UseRerrBump=true;QueueHighThreshold=0.7;QueueLowThreshold=0.3;QueueRewardWeight=0.1;AdaptiveQueueWeight=true;QueueWeightMax=0.4;QueueWeightKappa=0.2;FailurePenalty=0.5;QueueAwareSelect=true;QueueDrivenExploration=false;QueueSelectBeta=0.5;AckSilenceDecay=true;AckSilenceThreshold=+1.5e+10ns;DecayFactor=0.92;DecayMinTx=3;DecayInterval=+1e+10ns;TrendEpsilon=true;TrendInterval=+1e+09ns;TrendDelta=0.05;TrendWindow=3;TrendBump=0.1;TrendCap=0.5;QueueRefPackets=20;
QSQMAODV,A_N20_pi010|QSQ_src_FULL,8,20,19,0.1,512,5.0,0.85,1000.0,1000.0,300.0,16.0,0.0,0,0,0,3,200.0,37022,13639,0.368403,16.3668,86.648813,78.965778,18.310847,23285,1110070,15.072111,1.707237,0.037527,0.138275,1.0,0.018376,0.092524,98076,836,0,11165,0,0,0.0,0,2.597436,9.133333,18.505128,24158.272528,0.55521,0,1654,0,992,23005,0,MaxPaths=3;Alpha0=0.5;Gamma=0.9;Epsilon0=0.5;RewardW1=0.6;RewardW2=0.4;RewardW3=0;RewardW4=0.2;AdaptiveEpsilon=false;AdaptiveAlpha=false;AdaptiveReward=false;Policy=QLearning;UseMacFeedback=true;DelayRef=0.01;HopByHop=false;UseRerrBump=true;QueueHighThreshold=0.7;QueueLowThreshold=0.3;QueueRewardWeight=0.1;AdaptiveQueueWeight=true;QueueWeightMax=0.4;QueueWeightKappa=0.2;FailurePenalty=0.5;QueueAwareSelect=true;QueueDrivenExploration=false;QueueSelectBeta=0.5;AckSilenceDecay=true;AckSilenceThreshold=+1.5e+10ns;DecayFactor=0.92;DecayMinTx=3;DecayInterval=+1e+10ns;TrendEpsilon=true;TrendInterval=+1e+09ns;TrendDelta=0.05;TrendWindow=3;TrendBump=0.1;TrendCap=0.5;QueueRefPackets=20;
QSQMAODV,A_N20_pi010|QSQ_src_FULL,9,20,19,0.1,512,5.0,0.85,1000.0,1000.0,300.0,16.0,0.0,0,0,0,3,200.0,37022,20098,0.542866,22.848253,89.472004,88.993787,34.463706,36562,1736112,15.996727,1.819186,0.081697,0.23281,1.0,0.035271,0.158182,106830,2158,0,7240,0,0,0.0,0,2.220513,8.312821,18.128205,23364.794149,1.055102,3,3527,0,2779,15871,0,MaxPaths=3;Alpha0=0.5;Gamma=0.9;Epsilon0=0.5;RewardW1=0.6;RewardW2=0.4;RewardW3=0;RewardW4=0.2;AdaptiveEpsilon=false;AdaptiveAlpha=false;AdaptiveReward=false;Policy=QLearning;UseMacFeedback=true;DelayRef=0.01;HopByHop=false;UseRerrBump=true;QueueHighThreshold=0.7;QueueLowThreshold=0.3;QueueRewardWeight=0.1;AdaptiveQueueWeight=true;QueueWeightMax=0.4;QueueWeightKappa=0.2;FailurePenalty=0.5;QueueAwareSelect=true;QueueDrivenExploration=false;QueueSelectBeta=0.5;AckSilenceDecay=true;AckSilenceThreshold=+1.5e+10ns;DecayFactor=0.92;DecayMinTx=3;DecayInterval=+1e+10ns;TrendEpsilon=true;TrendInterval=+1e+09ns;TrendDelta=0.05;TrendWindow=3;TrendBump=0.1;TrendCap=0.5;QueueRefPackets=20;
AODV,B_N40_pi025|AODV,1,40,39,0.25,512,5.0,0.85,1000.0,1000.0,300.0,16.0,0.0,0,0,0,3,200.0,30324,6306,0.207954,3.492554,28.48711,102.099357,86.097344,69223,3343248,98.179512,10.977323,0.0,0.0,0.0,0.0,0.0,0,0,0,0,0,0,0.0,0,5.021795,18.353846,37.830769,46973.135287,0.090456,0,1083,0,6842,22802,0,-
AODV,B_N40_pi025|AODV,10,40,39,0.25,512,5.0,0.85,1000.0,1000.0,300.0,16.0,0.0,0,0,0,3,200.0,30324,12626,0.41637,7.370854,6.556413,43.782236,11.842803,19563,924098,13.553719,1.549422,0.0,0.0,0.0,0.0,0.0,0,0,0,0,0,0,0.0,0,4.180769,16.15,37.582051,44499.101968,0.243569,0,23,0,262,16626,0,-
AODV,B_N40_pi025|AODV,11,40,39,0.25,512,5.0,0.85,1000.0,1000.0,300.0,16.0,0.0,0,0,0,3,200.0,30324,15166,0.500132,8.399631,34.902583,41.996482,35.444735,90486,4364234,53.289693,5.966372,0.0,0.0,0.0,0.0,0.0,0,0,0,0,0,0,0.0,0,4.919231,17.382051,37.766667,43624.080201,0.468935,0,908,0,8088,14423,0,-
AODV,B_N40_pi025|AODV,12,40,39,0.25,512,5.0,0.85,1000.0,1000.0,300.0,16.0,0.0,0,0,0,3,200.0,30324,11426,0.376797,6.328246,75.005048,88.472629,66.582771,164418,7969624,129.166488,14.389813,0.0,0.0,0.0,0.0,0.0,0,0,0,0,0,0,0.0,0,5.139744,19.394872,38.239744,49553.615743,0.29996,0,2159,0,24552,17753,0,-
AODV,B_N40_pi025|AODV,13,40,39,0.25,512,5.0,0.85,1000.0,1000.0,300.0,16.0,0.0,0,0,0,3,200.0,30324,11344,0.374093,6.282831,69.398906,107.634561,84.437006,155918,7552954,123.298236,13.744535,0.0,0.0,0.0,0.0,0.0,0,0,0,0,0,0,0.0,0,5.116667,19.062821,38.3,48813.335603,0.312228,0,1741,0,16874,17846,0,-
AODV,B_N40_pi025|AODV,14,40,39,0.25,512,5.0,0.85,1000.0,1000.0,300.0,16.0,0.0,0,0,0,3,200.0,30324,9944,0.327925,5.652379,38.167332,65.28966,56.74543,101688,4934842,91.900606,10.226066,0.0,0.0,0.0,0.0,0.0,0,0,0,0,0,0,0.0,0,4.50641,16.624359,37.552564,46582.542217,0.367564,217,1565,0,9102,19270,0,-
AODV,B_N40_pi025|AODV,15,40,39,0.25,512,5.0,0.85,1000.0,1000.0,300.0,16.0,0.0,0,0,0,3,200.0,30324,10644,0.351009,5.895138,63.322949,74.715484,61.158564,192650,9414058,163.786553,18.099399,0.0,0.0,0.0,0.0,0.0,0,0,0,0,0,0,0.0,0,4.205128,17.779487,37.776923,46198.242591,0.327529,0,2956,0,30116,18735,0,-
AODV,B_N40_pi025|AODV,16,40,39,0.25,512,5.0,0.85,1000.0,1000.0,300.0,16.0,0.0,0,0,0,3,200.0,30324,12439,0.410203,7.070589,14.671602,50.239153,39.883923,66005,3201172,47.657338,5.306295,0.0,0.0,0.0,0.0,0.0,0,0,0,0,0,0,0.0,0,4.392308,17.798718,37.935897,47891.422584,0.392297,0,627,0,6389,16800,0,-
AODV,B_N40_pi025|AODV,17,40,39,0.25,512,5.0,0.85,1000.0,1000.0,300.0,16.0,0.0,0,0,0,3,200.0,30324,9739,0.321165,5.393908,25.853929,74.968481,65.029087,65673,3149344,59.884162,6.7433,0.0,0.0,0.0,0.0,0.0,0,0,0,0,0,0,0.0,0,4.794872,17.575641,38.305128,42102.914699,0.20027,0,495,0,5417,19425,0,-
AODV,B_N40_pi025|AODV,18,40,39,0.25,512,5.0,0.85,1000.0,1000.0,300.0,16.0,0.0,0,0,0,3,200.0,30324,14544,0.47962,8.055138,30.656154,38.523891,33.439879,99623,4816182,61.323264,6.849766,0.0,0.0,0.0,0.0,0.0,0,0,0,0,0,0,0.0,0,4.542308,17.075641,37.641026,45453.021689,0.516423,0,1220,0,9409,15016,0,-
AODV,B_N40_pi025|AODV,19,40,39,0.25,512,5.0,0.85,1000.0,1000.0,300.0,16.0,0.0,0,0,0,3,200.0,30324,11252,0.371059,6.231877,53.838191,83.132415,67.109744,179499,8788226,144.636443,15.952631,0.0,0.0,0.0,0.0,0.0,0,0,0,0,0,0,0.0,0,4.292308,17.108974,38.266667,42351.729677,0.300884,7,3122,0,28704,17938,0,-
AODV,B_N40_pi025|AODV,2,40,39,0.25,512,5.0,0.85,1000.0,1000.0,300.0,16.0,0.0,0,0,0,3,200.0,30324,11176,0.368553,6.189785,46.420889,107.304966,52.709838,108112,5252352,87.030939,9.673586,0.0,0.0,0.0,0.0,0.0,0,0,0,0,0,0,0.0,0,5.25641,18.221795,37.553846,46473.394556,0.360836,0,1726,0,19338,17917,0,-
AODV,B_N40_pi025|AODV,20,40,39,0.25,512,5.0,0.85,1000.0,1000.0,300.0,16.0,0.0,0,0,0,3,200.0,30324,12038,0.396979,6.6672,58.169424,81.510522,58.079457,116561,5669408,87.214684,9.682755,0.0,0.0,0.0,0.0,0.0,0,0,0,0,0,0,0.0,0,4.580769,18.165385,38.025641,47717.008467,0.325188,24,1261,0,16016,17284,0,-
AODV,B_N40_pi025|AODV,3,40,39,0.25,512,5.0,0.85,1000.0,1000.0,300.0,16.0,0.0,0,0,0,3,200.0,30324,10441,0.344315,5.782708,99.680023,105.134939,81.249724,212037,10304800,182.769495,20.308112,0.0,0.0,0.0,0.0,0.0,0,0,0,0,0,0,0.0,0,5.241026,20.371795,38.325641,47166.525338,0.221574,1,2422,0,32023,18802,0,-
AODV,B_N40_pi025|AODV,4,40,39,0.25,512,5.0,0.85,1000.0,1000.0,300.0,16.0,0.0,0,0,0,3,200.0,30324,11484,0.37871,6.360369,27.041243,44.469949,35.920609,89474,4314250,69.569417,7.791188,0.0,0.0,0.0,0.0,0.0,0,0,0,0,0,0,0.0,0,4.730769,17.823077,38.138462,44585.861062,0.373203,0,1278,0,9693,17850,0,-
AODV,B_N40_pi025|AODV,5,40,39,0.25,512,5.0,0.85,1000.0,1000.0,300.0,16.0,0.0,0,0,0,3,200.0,30324,9893,0.326243,5.4792,57.312989,151.827047,119.601893,125038,6096326,114.115967,12.639038,0.0,0.0,0.0,0.0,0.0,0,0,0,0,0,0,0.0,0,5.14359,18.726923,38.091026,40699.174161,0.246768,0,2748,0,14057,19192,0,-
AODV,B_N40_pi025|AODV,6,40,39,0.25,512,5.0,0.85,1000.0,1000.0,300.0,16.0,0.0,0,0,0,3,200.0,30324,12928,0.426329,7.160123,74.120052,87.403818,66.238792,172833,8424480,120.675193,13.368889,0.0,0.0,0.0,0.0,0.0,0,0,0,0,0,0,0.0,0,4.673077,17.975641,37.770513,43873.434179,0.60767,12,2553,0,22878,16314,0,-
AODV,B_N40_pi025|AODV,7,40,39,0.25,512,5.0,0.85,1000.0,1000.0,300.0,16.0,0.0,0,0,0,3,200.0,30324,9487,0.312855,5.254338,49.620495,65.21814,48.496867,127393,6175300,120.541169,13.428165,0.0,0.0,0.0,0.0,0.0,0,0,0,0,0,0,0.0,0,4.529487,18.334615,38.108974,51157.007543,0.253595,4,1433,0,15520,19676,0,-
AODV,B_N40_pi025|AODV,8,40,39,0.25,512,5.0,0.85,1000.0,1000.0,300.0,16.0,0.0,0,0,0,3,200.0,30324,12311,0.405982,6.997832,29.389316,56.341823,38.147621,73922,3546996,53.354814,6.004549,0.0,0.0,0.0,0.0,0.0,0,0,0,0,0,0,0.0,0,4.987179,17.914103,37.753846,47125.491912,0.268962,0,717,0,6912,17373,0,-
AODV,B_N40_pi025|AODV,9,40,39,0.25,512,5.0,0.85,1000.0,1000.0,300.0,16.0,0.0,0,0,0,3,200.0,30324,11779,0.388438,6.523754,59.804912,80.761408,66.835074,215993,10551382,165.885018,18.337125,0.0,0.0,0.0,0.0,0.0,0,0,0,0,0,0,0.0,0,4.867949,17.034615,38.008974,44543.640661,0.46478,13,3730,0,28789,17391,0,-
QMAODV,B_N40_pi025|QMAODV,1,40,39,0.25,512,5.0,0.85,1000.0,1000.0,300.0,16.0,0.0,0,0,0,3,200.0,30324,5961,0.196577,3.301477,58.361158,64.983898,67.348515,194753,9548306,296.62889,32.671196,0.0,0.0,0.0,0.0,0.0,0,0,0,0,0,0,0.0,0,5.021795,18.353846,37.830769,46973.135287,0.335114,2,4479,0,26861,23323,0,MaxPaths=3;Alpha0=0.5;Gamma=0.9;Epsilon0=0.5;RewardW1=0.6;RewardW2=0.4;RewardW3=0;RewardW4=0.2;AdaptiveEpsilon=false;AdaptiveAlpha=false;AdaptiveReward=false;Policy=QLearning;UseMacFeedback=true;DelayRef=0.01;HopByHop=true;UseRerrBump=true;
QMAODV,B_N40_pi025|QMAODV,10,40,39,0.25,512,5.0,0.85,1000.0,1000.0,300.0,16.0,0.0,0,0,0,3,200.0,30324,11698,0.385767,6.478892,22.80693,64.571025,63.255817,82208,4003814,63.382376,7.027526,0.0,0.0,0.0,0.0,0.0,0,0,0,0,0,0,0.0,0,4.180769,16.15,37.582051,44499.101968,0.355593,1,1738,0,8441,17573,0,MaxPaths=3;Alpha0=0.5;Gamma=0.9;Epsilon0=0.5;RewardW1=0.6;RewardW2=0.4;RewardW3=0;RewardW4=0.2;AdaptiveEpsilon=false;AdaptiveAlpha=false;AdaptiveReward=false;Policy=QLearning;UseMacFeedback=true;DelayRef=0.01;HopByHop=true;UseRerrBump=true;
QMAODV,B_N40_pi025|QMAODV,11,40,39,0.25,512,5.0,0.85,1000.0,1000.0,300.0,16.0,0.0,0,0,0,3,200.0,30324,12615,0.416007,6.986769,34.943948,54.922116,51.977965,92777,4495220,65.988755,7.354499,0.0,0.0,0.0,0.0,0.0,0,0,0,0,0,0,0.0,0,4.919231,17.382051,37.766667,43624.080201,0.644341,426,1962,0,8008,16870,0,MaxPaths=3;Alpha0=0.5;Gamma=0.9;Epsilon0=0.5;RewardW1=0.6;RewardW2=0.4;RewardW3=0;RewardW4=0.2;AdaptiveEpsilon=false;AdaptiveAlpha=false;AdaptiveReward=false;Policy=QLearning;UseMacFeedback=true;DelayRef=0.01;HopByHop=true;UseRerrBump=true;
QMAODV,B_N40_pi025|QMAODV,12,40,39,0.25,512,5.0,0.85,1000.0,1000.0,300.0,16.0,0.0,0,0,0,3,200.0,30324,10976,0.361958,6.079015,29.382615,47.080778,44.006165,61495,2987066,50.397264,5.602679,0.0,0.0,0.0,0.0,0.0,0,0,0,0,0,0,0.0,0,5.139744,19.394872,38.239744,49553.615743,0.385338,0,923,0,8242,18522,0,MaxPaths=3;Alpha0=0.5;Gamma=0.9;Epsilon0=0.5;RewardW1=0.6;RewardW2=0.4;RewardW3=0;RewardW4=0.2;AdaptiveEpsilon=false;AdaptiveAlpha=false;AdaptiveReward=false;Policy=QLearning;UseMacFeedback=true;DelayRef=0.01;HopByHop=true;UseRerrBump=true;
QMAODV,B_N40_pi025|QMAODV,13,40,39,0.25,512,5.0,0.85,1000.0,1000.0,300.0,16.0,0.0,0,0,0,3,200.0,30324,11006,0.362947,6.256042,33.856118,137.296515,68.913854,77287,3753344,63.153162,7.022261,0.0,0.0,0.0,0.0,0.0,0,0,0,0,0,0,0.0,0,5.116667,19.062821,38.3,48813.335603,0.421349,0,1801,0,10900,18438,0,MaxPaths=3;Alpha0=0.5;Gamma=0.9;Epsilon0=0.5;RewardW1=0.6;RewardW2=0.4;RewardW3=0;RewardW4=0.2;AdaptiveEpsilon=false;AdaptiveAlpha=false;AdaptiveReward=false;Policy=QLearning;UseMacFeedback=true;DelayRef=0.01;HopByHop=true;UseRerrBump=true;
QMAODV,B_N40_pi025|QMAODV,14,40,39,0.25,512,5.0,0.85,1000.0,1000.0,300.0,16.0,0.0,0,0,0,3,200.0,30324,8984,0.296267,4.975754,27.354942,54.544325,46.228084,57156,2779464,57.292471,6.361977,0.0,0.0,0.0,0.0,0.0,0,0,0,0,0,0,0.0,0,4.50641,16.624359,37.552564,46582.542217,0.389032,2,1174,0,4802,20208,0,MaxPaths=3;Alpha0=0.5;Gamma=0.9;Epsilon0=0.5;RewardW1=0.6;RewardW2=0.4;RewardW3=0;RewardW4=0.2;AdaptiveEpsilon=false;AdaptiveAlpha=false;AdaptiveReward=false;Policy=QLearning;UseMacFeedback=true;DelayRef=0.01;HopByHop=true;UseRerrBump=true;
QMAODV,B_N40_pi025|QMAODV,15,40,39,0.25,512,5.0,0.85,1000.0,1000.0,300.0,16.0,0.0,0,0,0,3,200.0,30324,10516,0.346788,5.824246,34.731036,55.825425,45.861165,113930,5595602,98.537713,10.833967,0.0,0.0,0.0,0.0,0.0,0,0,0,0,0,0,0.0,0,4.205128,17.779487,37.776923,46198.242591,0.25122,0,2118,0,16410,18840,0,MaxPaths=3;Alpha0=0.5;Gamma=0.9;Epsilon0=0.5;RewardW1=0.6;RewardW2=0.4;RewardW3=0;RewardW4=0.2;AdaptiveEpsilon=false;AdaptiveAlpha=false;AdaptiveReward=false;Policy=QLearning;UseMacFeedback=true;DelayRef=0.01;HopByHop=true;UseRerrBump=true;
QMAODV,B_N40_pi025|QMAODV,16,40,39,0.25,512,5.0,0.85,1000.0,1000.0,300.0,16.0,0.0,0,0,0,3,200.0,30324,8591,0.283307,4.758092,61.779436,82.912189,84.661215,159205,7760040,167.273245,18.531603,0.0,0.0,0.0,0.0,0.0,0,0,0,0,0,0,0.0,0,4.392308,17.798718,37.935897,47891.422584,0.4537,1,3009,0,20645,20937,0,MaxPaths=3;Alpha0=0.5;Gamma=0.9;Epsilon0=0.5;RewardW1=0.6;RewardW2=0.4;RewardW3=0;RewardW4=0.2;AdaptiveEpsilon=false;AdaptiveAlpha=false;AdaptiveReward=false;Policy=QLearning;UseMacFeedback=true;DelayRef=0.01;HopByHop=true;UseRerrBump=true;
QMAODV,B_N40_pi025|QMAODV,17,40,39,0.25,512,5.0,0.85,1000.0,1000.0,300.0,16.0,0.0,0,0,0,3,200.0,30324,8982,0.296201,4.974646,24.988666,57.748667,52.405371,71663,3501930,72.200574,7.978513,0.0,0.0,0.0,0.0,0.0,0,0,0,0,0,0,0.0,0,4.794872,17.575641,38.305128,42102.914699,0.26385,0,1531,0,10125,20283,0,MaxPaths=3;Alpha0=0.5;Gamma=0.9;Epsilon0=0.5;RewardW1=0.6;RewardW2=0.4;RewardW3=0;RewardW4=0.2;AdaptiveEpsilon=false;AdaptiveAlpha=false;AdaptiveReward=false;Policy=QLearning;UseMacFeedback=true;DelayRef=0.01;HopByHop=true;UseRerrBump=true;
QMAODV,B_N40_pi025|QMAODV,18,40,39,0.25,512,5.0,0.85,1000.0,1000.0,300.0,16.0,0.0,0,0,0,3,200.0,30324,5887,0.194137,3.260492,33.568099,55.575805,61.223886,127452,6250780,196.628478,21.649737,0.0,0.0,0.0,0.0,0.0,0,0,0,0,0,0,0.0,0,4.542308,17.075641,37.641026,45453.021689,0.197204,1,2935,0,16772,23496,0,MaxPaths=3;Alpha0=0.5;Gamma=0.9;Epsilon0=0.5;RewardW1=0.6;RewardW2=0.4;RewardW3=0;RewardW4=0.2;AdaptiveEpsilon=false;AdaptiveAlpha=false;AdaptiveReward=false;Policy=QLearning;UseMacFeedback=true;DelayRef=0.01;HopByHop=true;UseRerrBump=true;
QMAODV,B_N40_pi025|QMAODV,19,40,39,0.25,512,5.0,0.85,1000.0,1000.0,300.0,16.0,0.0,0,0,0,3,200.0,30324,12217,0.402882,6.766338,32.3782,107.987745,44.637755,88941,4341894,65.814393,7.280101,0.0,0.0,0.0,0.0,0.0,0,0,0,0,0,0,0.0,0,4.292308,17.108974,38.266667,42351.729677,0.342138,0,1770,0,11190,17368,0,MaxPaths=3;Alpha0=0.5;Gamma=0.9;Epsilon0=0.5;RewardW1=0.6;RewardW2=0.4;RewardW3=0;RewardW4=0.2;AdaptiveEpsilon=false;AdaptiveAlpha=false;AdaptiveReward=false;Policy=QLearning;UseMacFeedback=true;DelayRef=0.01;HopByHop=true;UseRerrBump=true;
QMAODV,B_N40_pi025|QMAODV,2,40,39,0.25,512,5.0,0.85,1000.0,1000.0,300.0,16.0,0.0,0,0,0,3,200.0,30324,7070,0.233149,3.915692,57.48373,168.558029,80.246229,154464,7578370,198.500969,21.847808,0.0,0.0,0.0,0.0,0.0,0,0,0,0,0,0,0.0,0,5.25641,18.221795,37.553846,46473.394556,0.267181,0,3667,0,28458,22189,0,MaxPaths=3;Alpha0=0.5;Gamma=0.9;Epsilon0=0.5;RewardW1=0.6;RewardW2=0.4;RewardW3=0;RewardW4=0.2;AdaptiveEpsilon=false;AdaptiveAlpha=false;AdaptiveReward=false;Policy=QLearning;UseMacFeedback=true;DelayRef=0.01;HopByHop=true;UseRerrBump=true;
QMAODV,B_N40_pi025|QMAODV,20,40,39,0.25,512,5.0,0.85,1000.0,1000.0,300.0,16.0,0.0,0,0,0,3,200.0,30324,8074,0.266258,4.471754,62.709089,74.633065,69.391805,166179,8148064,186.883916,20.581992,0.0,0.0,0.0,0.0,0.0,0,0,0,0,0,0,0.0,0,4.580769,18.165385,38.025641,47717.008467,0.376566,17,3075,0,25781,21194,0,MaxPaths=3;Alpha0=0.5;Gamma=0.9;Epsilon0=0.5;RewardW1=0.6;RewardW2=0.4;RewardW3=0;RewardW4=0.2;AdaptiveEpsilon=false;AdaptiveAlpha=false;AdaptiveReward=false;Policy=QLearning;UseMacFeedback=true;DelayRef=0.01;HopByHop=true;UseRerrBump=true;
QMAODV,B_N40_pi025|QMAODV,3,40,39,0.25,512,5.0,0.85,1000.0,1000.0,300.0,16.0,0.0,0,0,0,3,200.0,30324,6173,0.203568,3.418892,49.261502,60.421988,64.926982,175697,8561440,256.836522,28.462174,0.0,0.0,0.0,0.0,0.0,0,0,0,0,0,0,0.0,0,5.241026,20.371795,38.325641,47166.525338,0.294552,46,3654,0,26384,23089,0,MaxPaths=3;Alpha0=0.5;Gamma=0.9;Epsilon0=0.5;RewardW1=0.6;RewardW2=0.4;RewardW3=0;RewardW4=0.2;AdaptiveEpsilon=false;AdaptiveAlpha=false;AdaptiveReward=false;Policy=QLearning;UseMacFeedback=true;DelayRef=0.01;HopByHop=true;UseRerrBump=true;
QMAODV,B_N40_pi025|QMAODV,4,40,39,0.25,512,5.0,0.85,1000.0,1000.0,300.0,16.0,0.0,0,0,0,3,200.0,30324,5423,0.178835,3.003508,45.197093,64.297154,69.653688,133367,6475124,221.113228,24.592845,0.0,0.0,0.0,0.0,0.0,0,0,0,0,0,0,0.0,0,4.730769,17.823077,38.138462,44585.861062,0.26817,0,2493,0,14219,23724,0,MaxPaths=3;Alpha0=0.5;Gamma=0.9;Epsilon0=0.5;RewardW1=0.6;RewardW2=0.4;RewardW3=0;RewardW4=0.2;AdaptiveEpsilon=false;AdaptiveAlpha=false;AdaptiveReward=false;Policy=QLearning;UseMacFeedback=true;DelayRef=0.01;HopByHop=true;UseRerrBump=true;
QMAODV,B_N40_pi025|QMAODV,5,40,39,0.25,512,5.0,0.85,1000.0,1000.0,300.0,16.0,0.0,0,0,0,3,200.0,30324,10368,0.341907,5.742277,22.430544,44.236964,35.125307,84188,4108546,73.383666,8.119985,0.0,0.0,0.0,0.0,0.0,0,0,0,0,0,0,0.0,0,5.14359,18.726923,38.091026,40699.174161,0.400178,2,2732,0,8200,19127,0,MaxPaths=3;Alpha0=0.5;Gamma=0.9;Epsilon0=0.5;RewardW1=0.6;RewardW2=0.4;RewardW3=0;RewardW4=0.2;AdaptiveEpsilon=false;AdaptiveAlpha=false;AdaptiveReward=false;Policy=QLearning;UseMacFeedback=true;DelayRef=0.01;HopByHop=true;UseRerrBump=true;
QMAODV,B_N40_pi025|QMAODV,6,40,39,0.25,512,5.0,0.85,1000.0,1000.0,300.0,16.0,0.0,0,0,0,3,200.0,30324,7274,0.239876,4.028677,24.581368,69.762369,72.351148,45357,2180606,55.514975,6.235496,0.0,0.0,0.0,0.0,0.0,0,0,0,0,0,0,0.0,0,4.673077,17.975641,37.770513,43873.434179,0.310381,43,974,0,2145,21850,0,MaxPaths=3;Alpha0=0.5;Gamma=0.9;Epsilon0=0.5;RewardW1=0.6;RewardW2=0.4;RewardW3=0;RewardW4=0.2;AdaptiveEpsilon=false;AdaptiveAlpha=false;AdaptiveReward=false;Policy=QLearning;UseMacFeedback=true;DelayRef=0.01;HopByHop=true;UseRerrBump=true;
QMAODV,B_N40_pi025|QMAODV,7,40,39,0.25,512,5.0,0.85,1000.0,1000.0,300.0,16.0,0.0,0,0,0,3,200.0,30324,8954,0.295278,4.959138,98.513164,141.037126,132.520484,150908,7352302,152.059125,16.853697,0.0,0.0,0.0,0.0,0.0,0,0,0,0,0,0,0.0,0,4.529487,18.334615,38.108974,51157.007543,0.546992,0,3534,0,17156,20567,0,MaxPaths=3;Alpha0=0.5;Gamma=0.9;Epsilon0=0.5;RewardW1=0.6;RewardW2=0.4;RewardW3=0;RewardW4=0.2;AdaptiveEpsilon=false;AdaptiveAlpha=false;AdaptiveReward=false;Policy=QLearning;UseMacFeedback=true;DelayRef=0.01;HopByHop=true;UseRerrBump=true;
QMAODV,B_N40_pi025|QMAODV,8,40,39,0.25,512,5.0,0.85,1000.0,1000.0,300.0,16.0,0.0,0,0,0,3,200.0,30324,7206,0.237634,4.096042,24.993815,57.766244,50.963461,66180,3227638,82.946259,9.184013,0.0,0.0,0.0,0.0,0.0,0,0,0,0,0,0,0.0,0,4.987179,17.914103,37.753846,47125.491912,0.146913,0,1154,0,10110,22159,0,MaxPaths=3;Alpha0=0.5;Gamma=0.9;Epsilon0=0.5;RewardW1=0.6;RewardW2=0.4;RewardW3=0;RewardW4=0.2;AdaptiveEpsilon=false;AdaptiveAlpha=false;AdaptiveReward=false;Policy=QLearning;UseMacFeedback=true;DelayRef=0.01;HopByHop=true;UseRerrBump=true;
QMAODV,B_N40_pi025|QMAODV,9,40,39,0.25,512,5.0,0.85,1000.0,1000.0,300.0,16.0,0.0,0,0,0,3,200.0,30324,7525,0.248153,4.167692,49.953051,110.913158,109.964005,81042,3964180,97.555802,10.769701,0.0,0.0,0.0,0.0,0.0,0,0,0,0,0,0,0.0,0,4.867949,17.034615,38.008974,44543.640661,0.235127,2,1571,0,12932,21523,0,MaxPaths=3;Alpha0=0.5;Gamma=0.9;Epsilon0=0.5;RewardW1=0.6;RewardW2=0.4;RewardW3=0;RewardW4=0.2;AdaptiveEpsilon=false;AdaptiveAlpha=false;AdaptiveReward=false;Policy=QLearning;UseMacFeedback=true;DelayRef=0.01;HopByHop=true;UseRerrBump=true;
QMAODV,B_N40_pi025|QMAODV_srconly,1,40,39,0.25,512,5.0,0.85,1000.0,1000.0,300.0,16.0,0.0,0,0,0,3,200.0,30324,9644,0.318032,5.341292,33.30965,98.576616,76.026903,89738,4360350,83.727937,9.30506,0.0,0.0,0.0,0.0,0.0,0,0,0,0,0,0,0.0,0,5.021795,18.353846,37.830769,46973.135287,0.273645,32,1568,0,13754,19704,0,MaxPaths=3;Alpha0=0.5;Gamma=0.9;Epsilon0=0.5;RewardW1=0.6;RewardW2=0.4;RewardW3=0;RewardW4=0.2;AdaptiveEpsilon=false;AdaptiveAlpha=false;AdaptiveReward=false;Policy=QLearning;UseMacFeedback=true;DelayRef=0.01;HopByHop=false;UseRerrBump=true;
QMAODV,B_N40_pi025|QMAODV_srconly,10,40,39,0.25,512,5.0,0.85,1000.0,1000.0,300.0,16.0,0.0,0,0,0,3,200.0,30324,10453,0.34471,5.789354,35.588378,62.478008,53.326783,97538,4737414,83.927953,9.331101,0.0,0.0,0.0,0.0,0.0,0,0,0,0,0,0,0.0,0,4.180769,16.15,37.582051,44499.101968,0.324495,0,2022,0,9490,18658,0,MaxPaths=3;Alpha0=0.5;Gamma=0.9;Epsilon0=0.5;RewardW1=0.6;RewardW2=0.4;RewardW3=0;RewardW4=0.2;AdaptiveEpsilon=false;AdaptiveAlpha=false;AdaptiveReward=false;Policy=QLearning;UseMacFeedback=true;DelayRef=0.01;HopByHop=false;UseRerrBump=true;
QMAODV,B_N40_pi025|QMAODV_srconly,11,40,39,0.25,512,5.0,0.85,1000.0,1000.0,300.0,16.0,0.0,0,0,0,3,200.0,30324,14339,0.47286,7.9416,27.584023,48.586926,46.725345,74556,3591126,46.378641,5.199526,0.0,0.0,0.0,0.0,0.0,0,0,0,0,0,0,0.0,0,4.919231,17.382051,37.766667,43624.080201,0.51606,2,823,0,4157,15231,0,MaxPaths=3;Alpha0=0.5;Gamma=0.9;Epsilon0=0.5;RewardW1=0.6;RewardW2=0.4;RewardW3=0;RewardW4=0.2;AdaptiveEpsilon=false;AdaptiveAlpha=false;AdaptiveReward=false;Policy=QLearning;UseMacFeedback=true;DelayRef=0.01;HopByHop=false;UseRerrBump=true;
QMAODV,B_N40_pi025|QMAODV_srconly,12,40,39,0.25,512,5.0,0.85,1000.0,1000.0,300.0,16.0,0.0,0,0,0,3,200.0,30324,8455,0.278822,4.806,100.245208,120.708342,91.511344,179050,8705914,190.680816,21.176818,0.0,0.0,0.0,0.0,0.0,0,0,0,0,0,0,0.0,0,5.139744,19.394872,38.239744,49553.615743,0.255144,0,3176,0,25190,20775,0,MaxPaths=3;Alpha0=0.5;Gamma=0.9;Epsilon0=0.5;RewardW1=0.6;RewardW2=0.4;RewardW3=0;RewardW4=0.2;AdaptiveEpsilon=false;AdaptiveAlpha=false;AdaptiveReward=false;Policy=QLearning;UseMacFeedback=true;DelayRef=0.01;HopByHop=false;UseRerrBump=true;
QMAODV,B_N40_pi025|QMAODV_srconly,13,40,39,0.25,512,5.0,0.85,1000.0,1000.0,300.0,16.0,0.0,0,0,0,3,200.0,30324,13338,0.43985,7.3872,33.465217,53.795101,43.368003,85387,4138698,57.461805,6.401784,0.0,0.0,0.0,0.0,0.0,0,0,0,0,0,0,0.0,0,5.116667,19.062821,38.3,48813.335603,0.469496,0,1200,0,10779,16392,0,MaxPaths=3;Alpha0=0.5;Gamma=0.9;Epsilon0=0.5;RewardW1=0.6;RewardW2=0.4;RewardW3=0;RewardW4=0.2;AdaptiveEpsilon=false;AdaptiveAlpha=false;AdaptiveReward=false;Policy=QLearning;UseMacFeedback=true;DelayRef=0.01;HopByHop=false;UseRerrBump=true;
QMAODV,B_N40_pi025|QMAODV_srconly,14,40,39,0.25,512,5.0,0.85,1000.0,1000.0,300.0,16.0,0.0,0,0,0,3,200.0,30324,7577,0.249868,4.42333,21.597385,98.922332,45.700707,35869,1717086,41.966331,4.733932,0.0,0.0,0.0,0.0,0.0,0,0,0,0,0,0,0.0,0,4.50641,16.624359,37.552564,46582.542217,0.221475,0,227,0,1033,21551,0,MaxPaths=3;Alpha0=0.5;Gamma=0.9;Epsilon0=0.5;RewardW1=0.6;RewardW2=0.4;RewardW3=0;RewardW4=0.2;AdaptiveEpsilon=false;AdaptiveAlpha=false;AdaptiveReward=false;Policy=QLearning;UseMacFeedback=true;DelayRef=0.01;HopByHop=false;UseRerrBump=true;
QMAODV,B_N40_pi025|QMAODV_srconly,15,40,39,0.25,512,5.0,0.85,1000.0,1000.0,300.0,16.0,0.0,0,0,0,3,200.0,30324,9960,0.328453,5.516308,43.7935,93.898131,85.498453,131508,6385756,118.729659,13.203614,0.0,0.0,0.0,0.0,0.0,0,0,0,0,0,0,0.0,0,4.205128,17.779487,37.776923,46198.242591,0.277866,15,1935,0,16848,19258,0,MaxPaths=3;Alpha0=0.5;Gamma=0.9;Epsilon0=0.5;RewardW1=0.6;RewardW2=0.4;RewardW3=0;RewardW4=0.2;AdaptiveEpsilon=false;AdaptiveAlpha=false;AdaptiveReward=false;Policy=QLearning;UseMacFeedback=true;DelayRef=0.01;HopByHop=false;UseRerrBump=true;
QMAODV,B_N40_pi025|QMAODV_srconly,16,40,39,0.25,512,5.0,0.85,1000.0,1000.0,300.0,16.0,0.0,0,0,0,3,200.0,30324,9548,0.314866,5.288123,44.575953,66.453662,53.315606,111544,5440032,105.510404,11.682447,0.0,0.0,0.0,0.0,0.0,0,0,0,0,0,0,0.0,0,4.392308,17.798718,37.935897,47891.422584,0.317933,0,1825,0,14855,19784,0,MaxPaths=3;Alpha0=0.5;Gamma=0.9;Epsilon0=0.5;RewardW1=0.6;RewardW2=0.4;RewardW3=0;RewardW4=0.2;AdaptiveEpsilon=false;AdaptiveAlpha=false;AdaptiveReward=false;Policy=QLearning;UseMacFeedback=true;DelayRef=0.01;HopByHop=false;UseRerrBump=true;
QMAODV,B_N40_pi025|QMAODV_srconly,17,40,39,0.25,512,5.0,0.85,1000.0,1000.0,300.0,16.0,0.0,0,0,0,3,200.0,30324,10808,0.356417,5.985969,45.240559,56.313486,43.662231,105316,5123448,87.785591,9.744264,0.0,0.0,0.0,0.0,0.0,0,0,0,0,0,0,0.0,0,4.794872,17.575641,38.305128,42102.914699,0.41515,11,1715,0,13340,18738,0,MaxPaths=3;Alpha0=0.5;Gamma=0.9;Epsilon0=0.5;RewardW1=0.6;RewardW2=0.4;RewardW3=0;RewardW4=0.2;AdaptiveEpsilon=false;AdaptiveAlpha=false;AdaptiveReward=false;Policy=QLearning;UseMacFeedback=true;DelayRef=0.01;HopByHop=false;UseRerrBump=true;
QMAODV,B_N40_pi025|QMAODV_srconly,18,40,39,0.25,512,5.0,0.85,1000.0,1000.0,300.0,16.0,0.0,0,0,0,3,200.0,30324,11924,0.39322,6.604062,37.137306,53.593704,53.426296,83920,4090200,63.522681,7.037907,0.0,0.0,0.0,0.0,0.0,0,0,0,0,0,0,0.0,0,4.542308,17.075641,37.641026,45453.021689,0.384877,37,1466,0,11835,17558,0,MaxPaths=3;Alpha0=0.5;Gamma=0.9;Epsilon0=0.5;RewardW1=0.6;RewardW2=0.4;RewardW3=0;RewardW4=0.2;AdaptiveEpsilon=false;AdaptiveAlpha=false;AdaptiveReward=false;Policy=QLearning;UseMacFeedback=true;DelayRef=0.01;HopByHop=false;UseRerrBump=true;
QMAODV,B_N40_pi025|QMAODV_srconly,19,40,39,0.25,512,5.0,0.85,1000.0,1000.0,300.0,16.0,0.0,0,0,0,3,200.0,30324,11979,0.395034,6.634523,52.12962,62.353307,57.025439,145521,7092030,109.636772,12.148009,0.0,0.0,0.0,0.0,0.0,0,0,0,0,0,0,0.0,0,4.292308,17.108974,38.266667,42351.729677,0.48549,1,2139,0,17570,17533,0,MaxPaths=3;Alpha0=0.5;Gamma=0.9;Epsilon0=0.5;RewardW1=0.6;RewardW2=0.4;RewardW3=0;RewardW4=0.2;AdaptiveEpsilon=false;AdaptiveAlpha=false;AdaptiveReward=false;Policy=QLearning;UseMacFeedback=true;DelayRef=0.01;HopByHop=false;UseRerrBump=true;
QMAODV,B_N40_pi025|QMAODV_srconly,2,40,39,0.25,512,5.0,0.85,1000.0,1000.0,300.0,16.0,0.0,0,0,0,3,200.0,30324,10236,0.337554,5.669169,19.580796,54.506768,46.659838,42157,2024956,36.634608,4.118503,0.0,0.0,0.0,0.0,0.0,0,0,0,0,0,0,0.0,0,5.25641,18.221795,37.553846,46473.394556,0.349129,39,331,0,3087,18971,0,MaxPaths=3;Alpha0=0.5;Gamma=0.9;Epsilon0=0.5;RewardW1=0.6;RewardW2=0.4;RewardW3=0;RewardW4=0.2;AdaptiveEpsilon=false;AdaptiveAlpha=false;AdaptiveReward=false;Policy=QLearning;UseMacFeedback=true;DelayRef=0.01;HopByHop=false;UseRerrBump=true;
QMAODV,B_N40_pi025|QMAODV_srconly,20,40,39,0.25,512,5.0,0.85,1000.0,1000.0,300.0,16.0,0.0,0,0,0,3,200.0,30324,10105,0.333234,5.596615,62.340754,78.427805,64.090172,123824,6029734,110.501475,12.253736,0.0,0.0,0.0,0.0,0.0,0,0,0,0,0,0,0.0,0,4.580769,18.165385,38.025641,47717.008467,0.36918,0,1854,0,17524,19433,0,MaxPaths=3;Alpha0=0.5;Gamma=0.9;Epsilon0=0.5;RewardW1=0.6;RewardW2=0.4;RewardW3=0;RewardW4=0.2;AdaptiveEpsilon=false;AdaptiveAlpha=false;AdaptiveReward=false;Policy=QLearning;UseMacFeedback=true;DelayRef=0.01;HopByHop=false;UseRerrBump=true;
QMAODV,B_N40_pi025|QMAODV_srconly,3,40,39,0.25,512,5.0,0.85,1000.0,1000.0,300.0,16.0,0.0,0,0,0,3,200.0,30324,8646,0.285121,4.788554,73.495513,104.484907,74.841952,153246,7426790,159.071418,17.724497,0.0,0.0,0.0,0.0,0.0,0,0,0,0,0,0,0.0,0,5.241026,20.371795,38.325641,47166.525338,0.233511,141,2046,0,21715,20544,0,MaxPaths=3;Alpha0=0.5;Gamma=0.9;Epsilon0=0.5;RewardW1=0.6;RewardW2=0.4;RewardW3=0;RewardW4=0.2;AdaptiveEpsilon=false;AdaptiveAlpha=false;AdaptiveReward=false;Policy=QLearning;UseMacFeedback=true;DelayRef=0.01;HopByHop=false;UseRerrBump=true;
QMAODV,B_N40_pi025|QMAODV_srconly,4,40,39,0.25,512,5.0,0.85,1000.0,1000.0,300.0,16.0,0.0,0,0,0,3,200.0,30324,8957,0.295377,4.9608,38.194601,97.474951,91.249818,91863,4451024,92.024529,10.256001,0.0,0.0,0.0,0.0,0.0,0,0,0,0,0,0,0.0,0,4.730769,17.823077,38.138462,44585.861062,0.41848,7,1230,0,9927,20326,0,MaxPaths=3;Alpha0=0.5;Gamma=0.9;Epsilon0=0.5;RewardW1=0.6;RewardW2=0.4;RewardW3=0;RewardW4=0.2;AdaptiveEpsilon=false;AdaptiveAlpha=false;AdaptiveReward=false;Policy=QLearning;UseMacFeedback=true;DelayRef=0.01;HopByHop=false;UseRerrBump=true;
QMAODV,B_N40_pi025|QMAODV_srconly,5,40,39,0.25,512,5.0,0.85,1000.0,1000.0,300.0,16.0,0.0,0,0,0,3,200.0,30324,11583,0.381975,6.584021,15.117365,68.415189,106.726399,66772,3266136,52.217906,5.764655,0.0,0.0,0.0,0.0,0.0,0,0,0,0,0,0,0.0,0,5.14359,18.726923,38.091026,40699.174161,0.31269,0,2398,0,7480,17768,0,MaxPaths=3;Alpha0=0.5;Gamma=0.9;Epsilon0=0.5;RewardW1=0.6;RewardW2=0.4;RewardW3=0;RewardW4=0.2;AdaptiveEpsilon=false;AdaptiveAlpha=false;AdaptiveReward=false;Policy=QLearning;UseMacFeedback=true;DelayRef=0.01;HopByHop=false;UseRerrBump=true;
QMAODV,B_N40_pi025|QMAODV_srconly,6,40,39,0.25,512,5.0,0.85,1000.0,1000.0,300.0,16.0,0.0,0,0,0,3,200.0,30324,10728,0.353779,5.941662,60.083291,69.476814,59.4417,132948,6461776,111.542243,12.392617,0.0,0.0,0.0,0.0,0.0,0,0,0,0,0,0,0.0,0,4.673077,17.975641,37.770513,43873.434179,0.508145,1,2343,0,15055,18767,0,MaxPaths=3;Alpha0=0.5;Gamma=0.9;Epsilon0=0.5;RewardW1=0.6;RewardW2=0.4;RewardW3=0;RewardW4=0.2;AdaptiveEpsilon=false;AdaptiveAlpha=false;AdaptiveReward=false;Policy=QLearning;UseMacFeedback=true;DelayRef=0.01;HopByHop=false;UseRerrBump=true;
QMAODV,B_N40_pi025|QMAODV_srconly,7,40,39,0.25,512,5.0,0.85,1000.0,1000.0,300.0,16.0,0.0,0,0,0,3,200.0,30324,10621,0.350251,5.8824,24.410062,38.326886,35.445273,64691,3109948,54.224301,6.090858,0.0,0.0,0.0,0.0,0.0,0,0,0,0,0,0,0.0,0,4.529487,18.334615,38.108974,51157.007543,0.260487,0,817,0,4188,18817,0,MaxPaths=3;Alpha0=0.5;Gamma=0.9;Epsilon0=0.5;RewardW1=0.6;RewardW2=0.4;RewardW3=0;RewardW4=0.2;AdaptiveEpsilon=false;AdaptiveAlpha=false;AdaptiveReward=false;Policy=QLearning;UseMacFeedback=true;DelayRef=0.01;HopByHop=false;UseRerrBump=true;
QMAODV,B_N40_pi025|QMAODV_srconly,8,40,39,0.25,512,5.0,0.85,1000.0,1000.0,300.0,16.0,0.0,0,0,0,3,200.0,30324,7070,0.233149,3.915692,29.256485,75.176615,70.683806,70907,3461430,90.665567,10.029279,0.0,0.0,0.0,0.0,0.0,0,0,0,0,0,0,0.0,0,4.987179,17.914103,37.753846,47125.491912,0.104406,0,925,0,10600,22294,0,MaxPaths=3;Alpha0=0.5;Gamma=0.9;Epsilon0=0.5;RewardW1=0.6;RewardW2=0.4;RewardW3=0;RewardW4=0.2;AdaptiveEpsilon=false;AdaptiveAlpha=false;AdaptiveReward=false;Policy=QLearning;UseMacFeedback=true;DelayRef=0.01;HopByHop=false;UseRerrBump=true;
QMAODV,B_N40_pi025|QMAODV_srconly,9,40,39,0.25,512,5.0,0.85,1000.0,1000.0,300.0,16.0,0.0,0,0,0,3,200.0,30324,12296,0.405487,6.810092,40.764522,65.672011,62.163277,96552,4697240,70.743271,7.85231,0.0,0.0,0.0,0.0,0.0,0,0,0,0,0,0,0.0,0,4.867949,17.034615,38.008974,44543.640661,0.418349,0,1224,0,13025,16944,0,MaxPaths=3;Alpha0=0.5;Gamma=0.9;Epsilon0=0.5;RewardW1=0.6;RewardW2=0.4;RewardW3=0;RewardW4=0.2;AdaptiveEpsilon=false;AdaptiveAlpha=false;AdaptiveReward=false;Policy=QLearning;UseMacFeedback=true;DelayRef=0.01;HopByHop=false;UseRerrBump=true;
QSQMAODV,B_N40_pi025|QSQ_prune_FULL_QDE,1,40,39,0.25,512,5.0,0.85,1000.0,1000.0,300.0,16.0,0.0,0,0,0,3,200.0,30324,7964,0.26263,4.410831,92.003445,128.649863,91.508717,174560,8545746,198.7124,21.918634,0.205089,0.504805,1.0,0.048466,0.284571,164451,13746,0,1048,31,0,0.0,0,5.021795,18.353846,37.830769,46973.135287,0.334389,97,2553,0,17095,21240,210678,MaxPaths=3;Alpha0=0.5;Gamma=0.9;Epsilon0=0.5;RewardW1=0.6;RewardW2=0.4;RewardW3=0;RewardW4=0.2;AdaptiveEpsilon=false;AdaptiveAlpha=false;AdaptiveReward=false;Policy=QLearning;UseMacFeedback=true;DelayRef=0.01;HopByHop=true;UseRerrBump=true;QueueHighThreshold=0.7;QueueLowThreshold=0.3;QueueRewardWeight=0.1;AdaptiveQueueWeight=true;QueueWeightMax=0.4;QueueWeightKappa=0.2;FailurePenalty=0.5;QueueAwareSelect=true;QueueDrivenExploration=true;QueueSelectBeta=0.5;AckSilenceDecay=true;AckSilenceThreshold=+1.5e+10ns;DecayFactor=0.92;DecayMinTx=3;DecayInterval=+1e+10ns;TrendEpsilon=true;TrendInterval=+1e+09ns;TrendDelta=0.05;TrendWindow=3;TrendBump=0.1;TrendCap=0.5;QueueRefPackets=20;
QSQMAODV,B_N40_pi025|QSQ_prune_FULL_QDE,10,40,39,0.25,512,5.0,0.85,1000.0,1000.0,300.0,16.0,0.0,0,0,0,3,200.0,30324,12122,0.399749,6.713723,57.428859,62.748708,52.736879,149759,7326820,111.930252,12.354314,0.188165,0.461314,1.0,0.043318,0.268824,152223,10797,0,1087,17,0,0.0,0,4.180769,16.15,37.582051,44499.101968,0.618784,18,2372,0,13282,17142,178459,MaxPaths=3;Alpha0=0.5;Gamma=0.9;Epsilon0=0.5;RewardW1=0.6;RewardW2=0.4;RewardW3=0;RewardW4=0.2;AdaptiveEpsilon=false;AdaptiveAlpha=false;AdaptiveReward=false;Policy=QLearning;UseMacFeedback=true;DelayRef=0.01;HopByHop=true;UseRerrBump=true;QueueHighThreshold=0.7;QueueLowThreshold=0.3;QueueRewardWeight=0.1;AdaptiveQueueWeight=true;QueueWeightMax=0.4;QueueWeightKappa=0.2;FailurePenalty=0.5;QueueAwareSelect=true;QueueDrivenExploration=true;QueueSelectBeta=0.5;AckSilenceDecay=true;AckSilenceThreshold=+1.5e+10ns;DecayFactor=0.92;DecayMinTx=3;DecayInterval=+1e+10ns;TrendEpsilon=true;TrendInterval=+1e+09ns;TrendDelta=0.05;TrendWindow=3;TrendBump=0.1;TrendCap=0.5;QueueRefPackets=20;
QSQMAODV,B_N40_pi025|QSQ_prune_FULL_QDE,11,40,39,0.25,512,5.0,0.85,1000.0,1000.0,300.0,16.0,0.0,0,0,0,3,200.0,30324,12259,0.404267,6.968274,44.540743,103.079064,57.692171,104607,5093236,76.938727,8.533078,0.163134,0.396997,1.0,0.03789,0.23239,120581,7716,0,1138,13,0,0.0,0,4.919231,17.382051,37.766667,43624.080201,0.451754,34,1609,0,9787,17159,126571,MaxPaths=3;Alpha0=0.5;Gamma=0.9;Epsilon0=0.5;RewardW1=0.6;RewardW2=0.4;RewardW3=0;RewardW4=0.2;AdaptiveEpsilon=false;AdaptiveAlpha=false;AdaptiveReward=false;Policy=QLearning;UseMacFeedback=true;DelayRef=0.01;HopByHop=true;UseRerrBump=true;QueueHighThreshold=0.7;QueueLowThreshold=0.3;QueueRewardWeight=0.1;AdaptiveQueueWeight=true;QueueWeightMax=0.4;QueueWeightKappa=0.2;FailurePenalty=0.5;QueueAwareSelect=true;QueueDrivenExploration=true;QueueSelectBeta=0.5;AckSilenceDecay=true;AckSilenceThreshold=+1.5e+10ns;DecayFactor=0.92;DecayMinTx=3;DecayInterval=+1e+10ns;TrendEpsilon=true;TrendInterval=+1e+09ns;TrendDelta=0.05;TrendWindow=3;TrendBump=0.1;TrendCap=0.5;QueueRefPackets=20;
QSQMAODV,B_N40_pi025|QSQ_prune_FULL_QDE,12,40,39,0.25,512,5.0,0.85,1000.0,1000.0,300.0,16.0,0.0,0,0,0,3,200.0,30324,10772,0.35523,6.123032,51.198742,63.327667,49.099599,149626,7307506,125.625868,13.890271,0.2788,0.540246,1.0,0.062206,0.323827,133563,16798,0,717,21,0,0.0,0,5.139744,19.394872,38.239744,49553.615743,0.411984,18,2387,0,22004,18403,199705,MaxPaths=3;Alpha0=0.5;Gamma=0.9;Epsilon0=0.5;RewardW1=0.6;RewardW2=0.4;RewardW3=0;RewardW4=0.2;AdaptiveEpsilon=false;AdaptiveAlpha=false;AdaptiveReward=false;Policy=QLearning;UseMacFeedback=true;DelayRef=0.01;HopByHop=true;UseRerrBump=true;QueueHighThreshold=0.7;QueueLowThreshold=0.3;QueueRewardWeight=0.1;AdaptiveQueueWeight=true;QueueWeightMax=0.4;QueueWeightKappa=0.2;FailurePenalty=0.5;QueueAwareSelect=true;QueueDrivenExploration=true;QueueSelectBeta=0.5;AckSilenceDecay=true;AckSilenceThreshold=+1.5e+10ns;DecayFactor=0.92;DecayMinTx=3;DecayInterval=+1e+10ns;TrendEpsilon=true;TrendInterval=+1e+09ns;TrendDelta=0.05;TrendWindow=3;TrendBump=0.1;TrendCap=0.5;QueueRefPackets=20;
QSQMAODV,B_N40_pi025|QSQ_prune_FULL_QDE,13,40,39,0.25,512,5.0,0.85,1000.0,1000.0,300.0,16.0,0.0,0,0,0,3,200.0,30324,12606,0.41571,6.981785,24.054882,80.493757,51.635883,62255,2991530,43.946298,4.938521,0.092679,0.298536,1.0,0.020112,0.147682,90200,3325,0,1450,9,0,0.0,0,5.116667,19.062821,38.3,48813.335603,0.374456,1,553,0,3974,16719,62979,MaxPaths=3;Alpha0=0.5;Gamma=0.9;Epsilon0=0.5;RewardW1=0.6;RewardW2=0.4;RewardW3=0;RewardW4=0.2;AdaptiveEpsilon=false;AdaptiveAlpha=false;AdaptiveReward=false;Policy=QLearning;UseMacFeedback=true;DelayRef=0.01;HopByHop=true;UseRerrBump=true;QueueHighThreshold=0.7;QueueLowThreshold=0.3;QueueRewardWeight=0.1;AdaptiveQueueWeight=true;QueueWeightMax=0.4;QueueWeightKappa=0.2;FailurePenalty=0.5;QueueAwareSelect=true;QueueDrivenExploration=true;QueueSelectBeta=0.5;AckSilenceDecay=true;AckSilenceThreshold=+1.5e+10ns;DecayFactor=0.92;DecayMinTx=3;DecayInterval=+1e+10ns;TrendEpsilon=true;TrendInterval=+1e+09ns;TrendDelta=0.05;TrendWindow=3;TrendBump=0.1;TrendCap=0.5;QueueRefPackets=20;
QSQMAODV,B_N40_pi025|QSQ_prune_FULL_QDE,14,40,39,0.25,512,5.0,0.85,1000.0,1000.0,300.0,16.0,0.0,0,0,0,3,200.0,30324,8874,0.292639,4.914831,15.116215,45.113492,53.639029,40874,1966998,41.04788,4.60604,0.037773,0.178344,1.0,0.010252,0.087635,74331,1335,0,1250,4,0,0.0,0,4.50641,16.624359,37.552564,46582.542217,0.335774,7,391,0,1544,20513,27333,MaxPaths=3;Alpha0=0.5;Gamma=0.9;Epsilon0=0.5;RewardW1=0.6;RewardW2=0.4;RewardW3=0;RewardW4=0.2;AdaptiveEpsilon=false;AdaptiveAlpha=false;AdaptiveReward=false;Policy=QLearning;UseMacFeedback=true;DelayRef=0.01;HopByHop=true;UseRerrBump=true;QueueHighThreshold=0.7;QueueLowThreshold=0.3;QueueRewardWeight=0.1;AdaptiveQueueWeight=true;QueueWeightMax=0.4;QueueWeightKappa=0.2;FailurePenalty=0.5;QueueAwareSelect=true;QueueDrivenExploration=true;QueueSelectBeta=0.5;AckSilenceDecay=true;AckSilenceThreshold=+1.5e+10ns;DecayFactor=0.92;DecayMinTx=3;DecayInterval=+1e+10ns;TrendEpsilon=true;TrendInterval=+1e+09ns;TrendDelta=0.05;TrendWindow=3;TrendBump=0.1;TrendCap=0.5;QueueRefPackets=20;
QSQMAODV,B_N40_pi025|QSQ_prune_FULL_QDE,15,40,39,0.25,512,5.0,0.85,1000.0,1000.0,300.0,16.0,0.0,0,0,0,3,200.0,30324,8849,0.291815,4.900985,17.272798,23.348162,20.526286,73903,3595434,75.242526,8.351565,0.147384,0.342786,1.0,0.029764,0.189567,79801,6525,0,976,8,0,0.0,0,4.205128,17.779487,37.776923,46198.242591,0.181935,7,1149,0,8195,20555,82947,MaxPaths=3;Alpha0=0.5;Gamma=0.9;Epsilon0=0.5;RewardW1=0.6;RewardW2=0.4;RewardW3=0;RewardW4=0.2;AdaptiveEpsilon=false;AdaptiveAlpha=false;AdaptiveReward=false;Policy=QLearning;UseMacFeedback=true;DelayRef=0.01;HopByHop=true;UseRerrBump=true;QueueHighThreshold=0.7;QueueLowThreshold=0.3;QueueRewardWeight=0.1;AdaptiveQueueWeight=true;QueueWeightMax=0.4;QueueWeightKappa=0.2;FailurePenalty=0.5;QueueAwareSelect=true;QueueDrivenExploration=true;QueueSelectBeta=0.5;AckSilenceDecay=true;AckSilenceThreshold=+1.5e+10ns;DecayFactor=0.92;DecayMinTx=3;DecayInterval=+1e+10ns;TrendEpsilon=true;TrendInterval=+1e+09ns;TrendDelta=0.05;TrendWindow=3;TrendBump=0.1;TrendCap=0.5;QueueRefPackets=20;
QSQMAODV,B_N40_pi025|QSQ_prune_FULL_QDE,16,40,39,0.25,512,5.0,0.85,1000.0,1000.0,300.0,16.0,0.0,0,0,0,3,200.0,30324,10529,0.347217,5.831446,35.045176,71.573324,55.944164,126475,6216302,109.332989,12.012062,0.250602,0.487761,1.0,0.049645,0.282996,105920,13899,0,737,24,0,0.0,0,4.392308,17.798718,37.935897,47891.422584,0.345403,0,2000,0,18582,18728,162787,MaxPaths=3;Alpha0=0.5;Gamma=0.9;Epsilon0=0.5;RewardW1=0.6;RewardW2=0.4;RewardW3=0;RewardW4=0.2;AdaptiveEpsilon=false;AdaptiveAlpha=false;AdaptiveReward=false;Policy=QLearning;UseMacFeedback=true;DelayRef=0.01;HopByHop=true;UseRerrBump=true;QueueHighThreshold=0.7;QueueLowThreshold=0.3;QueueRewardWeight=0.1;AdaptiveQueueWeight=true;QueueWeightMax=0.4;QueueWeightKappa=0.2;FailurePenalty=0.5;QueueAwareSelect=true;QueueDrivenExploration=true;QueueSelectBeta=0.5;AckSilenceDecay=true;AckSilenceThreshold=+1.5e+10ns;DecayFactor=0.92;DecayMinTx=3;DecayInterval=+1e+10ns;TrendEpsilon=true;TrendInterval=+1e+09ns;TrendDelta=0.05;TrendWindow=3;TrendBump=0.1;TrendCap=0.5;QueueRefPackets=20;
QSQMAODV,B_N40_pi025|QSQ_prune_FULL_QDE,17,40,39,0.25,512,5.0,0.85,1000.0,1000.0,300.0,16.0,0.0,0,0,0,3,200.0,30324,8354,0.275491,4.626831,22.179373,50.789131,46.783798,59788,2892908,64.127807,7.156811,0.10907,0.288731,1.0,0.023992,0.15645,79391,3875,0,995,5,0,0.0,0,4.794872,17.575641,38.305128,42102.914699,0.204294,8,783,0,4895,20685,59246,MaxPaths=3;Alpha0=0.5;Gamma=0.9;Epsilon0=0.5;RewardW1=0.6;RewardW2=0.4;RewardW3=0;RewardW4=0.2;AdaptiveEpsilon=false;AdaptiveAlpha=false;AdaptiveReward=false;Policy=QLearning;UseMacFeedback=true;DelayRef=0.01;HopByHop=true;UseRerrBump=true;QueueHighThreshold=0.7;QueueLowThreshold=0.3;QueueRewardWeight=0.1;AdaptiveQueueWeight=true;QueueWeightMax=0.4;QueueWeightKappa=0.2;FailurePenalty=0.5;QueueAwareSelect=true;QueueDrivenExploration=true;QueueSelectBeta=0.5;AckSilenceDecay=true;AckSilenceThreshold=+1.5e+10ns;DecayFactor=0.92;DecayMinTx=3;DecayInterval=+1e+10ns;TrendEpsilon=true;TrendInterval=+1e+09ns;TrendDelta=0.05;TrendWindow=3;TrendBump=0.1;TrendCap=0.5;QueueRefPackets=20;
QSQMAODV,B_N40_pi025|QSQ_prune_FULL_QDE,18,40,39,0.25,512,5.0,0.85,1000.0,1000.0,300.0,16.0,0.0,0,0,0,3,200.0,30324,8376,0.276217,4.639015,18.185658,31.152079,27.430048,53402,2571178,56.846236,6.375597,0.079234,0.252836,1.0,0.017355,0.12695,79700,2604,0,1108,5,0,0.0,0,4.542308,17.075641,37.641026,45453.021689,0.234237,0,556,0,3120,21148,47510,MaxPaths=3;Alpha0=0.5;Gamma=0.9;Epsilon0=0.5;RewardW1=0.6;RewardW2=0.4;RewardW3=0;RewardW4=0.2;AdaptiveEpsilon=false;AdaptiveAlpha=false;AdaptiveReward=false;Policy=QLearning;UseMacFeedback=true;DelayRef=0.01;HopByHop=true;UseRerrBump=true;QueueHighThreshold=0.7;QueueLowThreshold=0.3;QueueRewardWeight=0.1;AdaptiveQueueWeight=true;QueueWeightMax=0.4;QueueWeightKappa=0.2;FailurePenalty=0.5;QueueAwareSelect=true;QueueDrivenExploration=true;QueueSelectBeta=0.5;AckSilenceDecay=true;AckSilenceThreshold=+1.5e+10ns;DecayFactor=0.92;DecayMinTx=3;DecayInterval=+1e+10ns;TrendEpsilon=true;TrendInterval=+1e+09ns;TrendDelta=0.05;TrendWindow=3;TrendBump=0.1;TrendCap=0.5;QueueRefPackets=20;
QSQMAODV,B_N40_pi025|QSQ_prune_FULL_QDE,19,40,39,0.25,512,5.0,0.85,1000.0,1000.0,300.0,16.0,0.0,0,0,0,3,200.0,30324,13968,0.460625,7.736123,19.199672,28.260284,29.413362,71953,3498928,46.388146,5.151274,0.100921,0.308403,1.0,0.022917,0.165859,97647,4524,0,1541,8,0,0.0,0,4.292308,17.108974,38.266667,42351.729677,0.550521,4,718,0,5556,15509,75975,MaxPaths=3;Alpha0=0.5;Gamma=0.9;Epsilon0=0.5;RewardW1=0.6;RewardW2=0.4;RewardW3=0;RewardW4=0.2;AdaptiveEpsilon=false;AdaptiveAlpha=false;AdaptiveReward=false;Policy=QLearning;UseMacFeedback=true;DelayRef=0.01;HopByHop=true;UseRerrBump=true;QueueHighThreshold=0.7;QueueLowThreshold=0.3;QueueRewardWeight=0.1;AdaptiveQueueWeight=true;QueueWeightMax=0.4;QueueWeightKappa=0.2;FailurePenalty=0.5;QueueAwareSelect=true;QueueDrivenExploration=true;QueueSelectBeta=0.5;AckSilenceDecay=true;AckSilenceThreshold=+1.5e+10ns;DecayFactor=0.92;DecayMinTx=3;DecayInterval=+1e+10ns;TrendEpsilon=true;TrendInterval=+1e+09ns;TrendDelta=0.05;TrendWindow=3;TrendBump=0.1;TrendCap=0.5;QueueRefPackets=20;
QSQMAODV,B_N40_pi025|QSQ_prune_FULL_QDE,2,40,39,0.25,512,5.0,0.85,1000.0,1000.0,300.0,16.0,0.0,0,0,0,3,200.0,30324,9335,0.307842,5.170154,38.131645,62.977663,46.345064,104962,5127162,101.711242,11.243921,0.191485,0.424553,1.0,0.048921,0.257825,116351,9365,0,1201,16,0,0.0,0,5.25641,18.221795,37.553846,46473.394556,0.421185,47,2060,0,11840,19736,123634,MaxPaths=3;Alpha0=0.5;Gamma=0.9;Epsilon0=0.5;RewardW1=0.6;RewardW2=0.4;RewardW3=0;RewardW4=0.2;AdaptiveEpsilon=false;AdaptiveAlpha=false;AdaptiveReward=false;Policy=QLearning;UseMacFeedback=true;DelayRef=0.01;HopByHop=true;UseRerrBump=true;QueueHighThreshold=0.7;QueueLowThreshold=0.3;QueueRewardWeight=0.1;AdaptiveQueueWeight=true;QueueWeightMax=0.4;QueueWeightKappa=0.2;FailurePenalty=0.5;QueueAwareSelect=true;QueueDrivenExploration=true;QueueSelectBeta=0.5;AckSilenceDecay=true;AckSilenceThreshold=+1.5e+10ns;DecayFactor=0.92;DecayMinTx=3;DecayInterval=+1e+10ns;TrendEpsilon=true;TrendInterval=+1e+09ns;TrendDelta=0.05;TrendWindow=3;TrendBump=0.1;TrendCap=0.5;QueueRefPackets=20;
QSQMAODV,B_N40_pi025|QSQ_prune_FULL_QDE,20,40,39,0.25,512,5.0,0.85,1000.0,1000.0,300.0,16.0,0.0,0,0,0,3,200.0,30324,11442,0.377325,6.337108,58.958006,59.790918,51.680082,118951,5788262,93.681207,10.395997,0.158861,0.422747,1.0,0.033467,0.228652,128799,9319,0,558,19,0,0.0,0,4.580769,18.165385,38.025641,47717.008467,0.58739,0,1487,0,11350,17939,140919,MaxPaths=3;Alpha0=0.5;Gamma=0.9;Epsilon0=0.5;RewardW1=0.6;RewardW2=0.4;RewardW3=0;RewardW4=0.2;AdaptiveEpsilon=false;AdaptiveAlpha=false;AdaptiveReward=false;Policy=QLearning;UseMacFeedback=true;DelayRef=0.01;HopByHop=true;UseRerrBump=true;QueueHighThreshold=0.7;QueueLowThreshold=0.3;QueueRewardWeight=0.1;AdaptiveQueueWeight=true;QueueWeightMax=0.4;QueueWeightKappa=0.2;FailurePenalty=0.5;QueueAwareSelect=true;QueueDrivenExploration=true;QueueSelectBeta=0.5;AckSilenceDecay=true;AckSilenceThreshold=+1.5e+10ns;DecayFactor=0.92;DecayMinTx=3;DecayInterval=+1e+10ns;TrendEpsilon=true;TrendInterval=+1e+09ns;TrendDelta=0.05;TrendWindow=3;TrendBump=0.1;TrendCap=0.5;QueueRefPackets=20;
QSQMAODV,B_N40_pi025|QSQ_prune_FULL_QDE,3,40,39,0.25,512,5.0,0.85,1000.0,1000.0,300.0,16.0,0.0,0,0,0,3,200.0,30324,10851,0.357835,6.696617,29.574906,48.211618,36.758248,94724,4598108,78.472167,8.729518,0.203169,0.427889,1.0,0.036913,0.230808,91420,9877,0,765,11,0,0.0,0,5.241026,20.371795,38.325641,47166.525338,0.286341,1,1035,0,12832,18300,120336,MaxPaths=3;Alpha0=0.5;Gamma=0.9;Epsilon0=0.5;RewardW1=0.6;RewardW2=0.4;RewardW3=0;RewardW4=0.2;AdaptiveEpsilon=false;AdaptiveAlpha=false;AdaptiveReward=false;Policy=QLearning;UseMacFeedback=true;DelayRef=0.01;HopByHop=true;UseRerrBump=true;QueueHighThreshold=0.7;QueueLowThreshold=0.3;QueueRewardWeight=0.1;AdaptiveQueueWeight=true;QueueWeightMax=0.4;QueueWeightKappa=0.2;FailurePenalty=0.5;QueueAwareSelect=true;QueueDrivenExploration=true;QueueSelectBeta=0.5;AckSilenceDecay=true;AckSilenceThreshold=+1.5e+10ns;DecayFactor=0.92;DecayMinTx=3;DecayInterval=+1e+10ns;TrendEpsilon=true;TrendInterval=+1e+09ns;TrendDelta=0.05;TrendWindow=3;TrendBump=0.1;TrendCap=0.5;QueueRefPackets=20;
QSQMAODV,B_N40_pi025|QSQ_prune_FULL_QDE,4,40,39,0.25,512,5.0,0.85,1000.0,1000.0,300.0,16.0,0.0,0,0,0,3,200.0,30324,9959,0.32842,5.813903,24.122628,67.279965,48.337406,71252,3435554,63.883292,7.154534,0.10862,0.328057,1.0,0.026419,0.171446,93393,4181,0,1043,2,0,0.0,0,4.730769,17.823077,38.138462,44585.861062,0.384712,1,749,0,4956,19224,72228,MaxPaths=3;Alpha0=0.5;Gamma=0.9;Epsilon0=0.5;RewardW1=0.6;RewardW2=0.4;RewardW3=0;RewardW4=0.2;AdaptiveEpsilon=false;AdaptiveAlpha=false;AdaptiveReward=false;Policy=QLearning;UseMacFeedback=true;DelayRef=0.01;HopByHop=true;UseRerrBump=true;QueueHighThreshold=0.7;QueueLowThreshold=0.3;QueueRewardWeight=0.1;AdaptiveQueueWeight=true;QueueWeightMax=0.4;QueueWeightKappa=0.2;FailurePenalty=0.5;QueueAwareSelect=true;QueueDrivenExploration=true;QueueSelectBeta=0.5;AckSilenceDecay=true;AckSilenceThreshold=+1.5e+10ns;DecayFactor=0.92;DecayMinTx=3;DecayInterval=+1e+10ns;TrendEpsilon=true;TrendInterval=+1e+09ns;TrendDelta=0.05;TrendWindow=3;TrendBump=0.1;TrendCap=0.5;QueueRefPackets=20;
QSQMAODV,B_N40_pi025|QSQ_prune_FULL_QDE,5,40,39,0.25,512,5.0,0.85,1000.0,1000.0,300.0,16.0,0.0,0,0,0,3,200.0,30324,10273,0.338775,6.339909,39.91618,98.155281,86.282213,103090,5053592,91.09806,10.035043,0.211769,0.439229,1.0,0.042628,0.249049,95389,9937,0,703,9,0,0.0,0,5.14359,18.726923,38.091026,40699.174161,0.33983,18,2893,0,12785,18985,121640,MaxPaths=3;Alpha0=0.5;Gamma=0.9;Epsilon0=0.5;RewardW1=0.6;RewardW2=0.4;RewardW3=0;RewardW4=0.2;AdaptiveEpsilon=false;AdaptiveAlpha=false;AdaptiveReward=false;Policy=QLearning;UseMacFeedback=true;DelayRef=0.01;HopByHop=true;UseRerrBump=true;QueueHighThreshold=0.7;QueueLowThreshold=0.3;QueueRewardWeight=0.1;AdaptiveQueueWeight=true;QueueWeightMax=0.4;QueueWeightKappa=0.2;FailurePenalty=0.5;QueueAwareSelect=true;QueueDrivenExploration=true;QueueSelectBeta=0.5;AckSilenceDecay=true;AckSilenceThreshold=+1.5e+10ns;DecayFactor=0.92;DecayMinTx=3;DecayInterval=+1e+10ns;TrendEpsilon=true;TrendInterval=+1e+09ns;TrendDelta=0.05;TrendWindow=3;TrendBump=0.1;TrendCap=0.5;QueueRefPackets=20;
QSQMAODV,B_N40_pi025|QSQ_prune_FULL_QDE,6,40,39,0.25,512,5.0,0.85,1000.0,1000.0,300.0,16.0,0.0,0,0,0,3,200.0,30324,11274,0.371785,6.244062,88.103445,123.347972,72.508504,120415,5874372,96.491633,10.68077,0.158685,0.419348,1.0,0.039162,0.24365,137406,8767,0,1137,13,0,0.0,0,4.673077,17.975641,37.770513,43873.434179,0.559623,106,2265,0,10958,18148,129944,MaxPaths=3;Alpha0=0.5;Gamma=0.9;Epsilon0=0.5;RewardW1=0.6;RewardW2=0.4;RewardW3=0;RewardW4=0.2;AdaptiveEpsilon=false;AdaptiveAlpha=false;AdaptiveReward=false;Policy=QLearning;UseMacFeedback=true;DelayRef=0.01;HopByHop=true;UseRerrBump=true;QueueHighThreshold=0.7;QueueLowThreshold=0.3;QueueRewardWeight=0.1;AdaptiveQueueWeight=true;QueueWeightMax=0.4;QueueWeightKappa=0.2;FailurePenalty=0.5;QueueAwareSelect=true;QueueDrivenExploration=true;QueueSelectBeta=0.5;AckSilenceDecay=true;AckSilenceThreshold=+1.5e+10ns;DecayFactor=0.92;DecayMinTx=3;DecayInterval=+1e+10ns;TrendEpsilon=true;TrendInterval=+1e+09ns;TrendDelta=0.05;TrendWindow=3;TrendBump=0.1;TrendCap=0.5;QueueRefPackets=20;
QSQMAODV,B_N40_pi025|QSQ_prune_FULL_QDE,7,40,39,0.25,512,5.0,0.85,1000.0,1000.0,300.0,16.0,0.0,0,0,0,3,200.0,30324,11622,0.383261,6.4368,51.002639,97.891964,74.545149,136913,6670884,106.294002,11.780502,0.193414,0.459782,1.0,0.044296,0.267178,136362,11453,0,1563,16,0,0.0,0,4.529487,18.334615,38.108974,51157.007543,0.467946,14,2237,0,14557,17308,163007,MaxPaths=3;Alpha0=0.5;Gamma=0.9;Epsilon0=0.5;RewardW1=0.6;RewardW2=0.4;RewardW3=0;RewardW4=0.2;AdaptiveEpsilon=false;AdaptiveAlpha=false;AdaptiveReward=false;Policy=QLearning;UseMacFeedback=true;DelayRef=0.01;HopByHop=true;UseRerrBump=true;QueueHighThreshold=0.7;QueueLowThreshold=0.3;QueueRewardWeight=0.1;AdaptiveQueueWeight=true;QueueWeightMax=0.4;QueueWeightKappa=0.2;FailurePenalty=0.5;QueueAwareSelect=true;QueueDrivenExploration=true;QueueSelectBeta=0.5;AckSilenceDecay=true;AckSilenceThreshold=+1.5e+10ns;DecayFactor=0.92;DecayMinTx=3;DecayInterval=+1e+10ns;TrendEpsilon=true;TrendInterval=+1e+09ns;TrendDelta=0.05;TrendWindow=3;TrendBump=0.1;TrendCap=0.5;QueueRefPackets=20;
QSQMAODV,B_N40_pi025|QSQ_prune_FULL_QDE,8,40,39,0.25,512,5.0,0.85,1000.0,1000.0,300.0,16.0,0.0,0,0,0,3,200.0,30324,10306,0.339863,5.707938,57.863367,67.429945,59.004254,145089,7096082,127.507205,14.07811,0.229393,0.501823,1.0,0.049933,0.28939,141206,14972,0,662,32,0,0.0,0,4.987179,17.914103,37.753846,47125.491912,0.468177,35,2514,0,18766,18921,189444,MaxPaths=3;Alpha0=0.5;Gamma=0.9;Epsilon0=0.5;RewardW1=0.6;RewardW2=0.4;RewardW3=0;RewardW4=0.2;AdaptiveEpsilon=false;AdaptiveAlpha=false;AdaptiveReward=false;Policy=QLearning;UseMacFeedback=true;DelayRef=0.01;HopByHop=true;UseRerrBump=true;QueueHighThreshold=0.7;QueueLowThreshold=0.3;QueueRewardWeight=0.1;AdaptiveQueueWeight=true;QueueWeightMax=0.4;QueueWeightKappa=0.2;FailurePenalty=0.5;QueueAwareSelect=true;QueueDrivenExploration=true;QueueSelectBeta=0.5;AckSilenceDecay=true;AckSilenceThreshold=+1.5e+10ns;DecayFactor=0.92;DecayMinTx=3;DecayInterval=+1e+10ns;TrendEpsilon=true;TrendInterval=+1e+09ns;TrendDelta=0.05;TrendWindow=3;TrendBump=0.1;TrendCap=0.5;QueueRefPackets=20;
QSQMAODV,B_N40_pi025|QSQ_prune_FULL_QDE,9,40,39,0.25,512,5.0,0.85,1000.0,1000.0,300.0,16.0,0.0,0,0,0,3,200.0,30324,12751,0.420492,7.062092,35.453357,56.770543,49.059091,95323,4619290,67.086823,7.475727,0.154748,0.385791,1.0,0.037298,0.224072,122060,6881,0,1093,19,0,0.0,0,4.867949,17.034615,38.008974,44543.640661,0.639493,11,1268,0,8489,16422,95253,MaxPaths=3;Alpha0=0.5;Gamma=0.9;Epsilon0=0.5;RewardW1=0.6;RewardW2=0.4;RewardW3=0;RewardW4=0.2;AdaptiveEpsilon=false;AdaptiveAlpha=false;AdaptiveReward=false;Policy=QLearning;UseMacFeedback=true;DelayRef=0.01;HopByHop=true;UseRerrBump=true;QueueHighThreshold=0.7;QueueLowThreshold=0.3;QueueRewardWeight=0.1;AdaptiveQueueWeight=true;QueueWeightMax=0.4;QueueWeightKappa=0.2;FailurePenalty=0.5;QueueAwareSelect=true;QueueDrivenExploration=true;QueueSelectBeta=0.5;AckSilenceDecay=true;AckSilenceThreshold=+1.5e+10ns;DecayFactor=0.92;DecayMinTx=3;DecayInterval=+1e+10ns;TrendEpsilon=true;TrendInterval=+1e+09ns;TrendDelta=0.05;TrendWindow=3;TrendBump=0.1;TrendCap=0.5;QueueRefPackets=20;
QSQMAODV,B_N40_pi025|QSQ_prune_FULL,1,40,39,0.25,512,5.0,0.85,1000.0,1000.0,300.0,16.0,0.0,0,0,0,3,200.0,30324,6262,0.206503,3.468185,86.808225,96.761293,90.877332,223278,10969318,324.393993,35.65602,0.291235,0.58858,1.0,0.05386,0.324903,184195,22561,0,923,35,0,0.0,0,5.021795,18.353846,37.830769,46973.135287,0.317043,1,4715,0,29015,22867,284494,MaxPaths=3;Alpha0=0.5;Gamma=0.9;Epsilon0=0.5;RewardW1=0.6;RewardW2=0.4;RewardW3=0;RewardW4=0.2;AdaptiveEpsilon=false;AdaptiveAlpha=false;AdaptiveReward=false;Policy=QLearning;UseMacFeedback=true;DelayRef=0.01;HopByHop=true;UseRerrBump=true;QueueHighThreshold=0.7;QueueLowThreshold=0.3;QueueRewardWeight=0.1;AdaptiveQueueWeight=true;QueueWeightMax=0.4;QueueWeightKappa=0.2;FailurePenalty=0.5;QueueAwareSelect=true;QueueDrivenExploration=false;QueueSelectBeta=0.5;AckSilenceDecay=true;AckSilenceThreshold=+1.5e+10ns;DecayFactor=0.92;DecayMinTx=3;DecayInterval=+1e+10ns;TrendEpsilon=true;TrendInterval=+1e+09ns;TrendDelta=0.05;TrendWindow=3;TrendBump=0.1;TrendCap=0.5;QueueRefPackets=20;
QSQMAODV,B_N40_pi025|QSQ_prune_FULL,10,40,39,0.25,512,5.0,0.85,1000.0,1000.0,300.0,16.0,0.0,0,0,0,3,200.0,30324,11430,0.376929,6.330462,69.415963,92.164607,87.939769,179368,8809704,142.731992,15.692738,0.251609,0.529783,1.0,0.050121,0.30526,156066,15821,0,1425,28,0,0.0,0,4.180769,16.15,37.582051,44499.101968,0.443972,5,3298,0,20367,18046,231496,MaxPaths=3;Alpha0=0.5;Gamma=0.9;Epsilon0=0.5;RewardW1=0.6;RewardW2=0.4;RewardW3=0;RewardW4=0.2;AdaptiveEpsilon=false;AdaptiveAlpha=false;AdaptiveReward=false;Policy=QLearning;UseMacFeedback=true;DelayRef=0.01;HopByHop=true;UseRerrBump=true;QueueHighThreshold=0.7;QueueLowThreshold=0.3;QueueRewardWeight=0.1;AdaptiveQueueWeight=true;QueueWeightMax=0.4;QueueWeightKappa=0.2;FailurePenalty=0.5;QueueAwareSelect=true;QueueDrivenExploration=false;QueueSelectBeta=0.5;AckSilenceDecay=true;AckSilenceThreshold=+1.5e+10ns;DecayFactor=0.92;DecayMinTx=3;DecayInterval=+1e+10ns;TrendEpsilon=true;TrendInterval=+1e+09ns;TrendDelta=0.05;TrendWindow=3;TrendBump=0.1;TrendCap=0.5;QueueRefPackets=20;
QSQMAODV,B_N40_pi025|QSQ_prune_FULL,11,40,39,0.25,512,5.0,0.85,1000.0,1000.0,300.0,16.0,0.0,0,0,0,3,200.0,30324,10960,0.36143,6.070154,42.548363,60.999242,57.633461,102946,5014718,84.730975,9.392883,0.171028,0.405496,1.0,0.032669,0.214877,115162,8103,0,1467,10,0,0.0,0,4.919231,17.382051,37.766667,43624.080201,0.445093,0,1454,0,9986,18384,128398,MaxPaths=3;Alpha0=0.5;Gamma=0.9;Epsilon0=0.5;RewardW1=0.6;RewardW2=0.4;RewardW3=0;RewardW4=0.2;AdaptiveEpsilon=false;AdaptiveAlpha=false;AdaptiveReward=false;Policy=QLearning;UseMacFeedback=true;DelayRef=0.01;HopByHop=true;UseRerrBump=true;QueueHighThreshold=0.7;QueueLowThreshold=0.3;QueueRewardWeight=0.1;AdaptiveQueueWeight=true;QueueWeightMax=0.4;QueueWeightKappa=0.2;FailurePenalty=0.5;QueueAwareSelect=true;QueueDrivenExploration=false;QueueSelectBeta=0.5;AckSilenceDecay=true;AckSilenceThreshold=+1.5e+10ns;DecayFactor=0.92;DecayMinTx=3;DecayInterval=+1e+10ns;TrendEpsilon=true;TrendInterval=+1e+09ns;TrendDelta=0.05;TrendWindow=3;TrendBump=0.1;TrendCap=0.5;QueueRefPackets=20;
QSQMAODV,B_N40_pi025|QSQ_prune_FULL,12,40,39,0.25,512,5.0,0.85,1000.0,1000.0,300.0,16.0,0.0,0,0,0,3,200.0,30324,8977,0.296036,4.971877,82.109274,99.661163,91.004069,179564,8814260,181.828046,20.002673,0.301194,0.581653,1.0,0.048961,0.314168,140466,20679,0,1313,33,0,0.0,0,5.139744,19.394872,38.239744,49553.615743,0.351702,1,3209,0,27391,20176,252348,MaxPaths=3;Alpha0=0.5;Gamma=0.9;Epsilon0=0.5;RewardW1=0.6;RewardW2=0.4;RewardW3=0;RewardW4=0.2;AdaptiveEpsilon=false;AdaptiveAlpha=false;AdaptiveReward=false;Policy=QLearning;UseMacFeedback=true;DelayRef=0.01;HopByHop=true;UseRerrBump=true;QueueHighThreshold=0.7;QueueLowThreshold=0.3;QueueRewardWeight=0.1;AdaptiveQueueWeight=true;QueueWeightMax=0.4;QueueWeightKappa=0.2;FailurePenalty=0.5;QueueAwareSelect=true;QueueDrivenExploration=false;QueueSelectBeta=0.5;AckSilenceDecay=true;AckSilenceThreshold=+1.5e+10ns;DecayFactor=0.92;DecayMinTx=3;DecayInterval=+1e+10ns;TrendEpsilon=true;TrendInterval=+1e+09ns;TrendDelta=0.05;TrendWindow=3;TrendBump=0.1;TrendCap=0.5;QueueRefPackets=20;
QSQMAODV,B_N40_pi025|QSQ_prune_FULL,13,40,39,0.25,512,5.0,0.85,1000.0,1000.0,300.0,16.0,0.0,0,0,0,3,200.0,30324,9355,0.308502,5.181231,74.076557,110.992478,95.522379,182352,8924546,176.664212,19.492464,0.281423,0.566381,1.0,0.049631,0.31074,158405,16901,0,741,39,0,0.0,0,5.116667,19.062821,38.3,48813.335603,0.390648,0,2960,0,21549,20110,234102,MaxPaths=3;Alpha0=0.5;Gamma=0.9;Epsilon0=0.5;RewardW1=0.6;RewardW2=0.4;RewardW3=0;RewardW4=0.2;AdaptiveEpsilon=false;AdaptiveAlpha=false;AdaptiveReward=false;Policy=QLearning;UseMacFeedback=true;DelayRef=0.01;HopByHop=true;UseRerrBump=true;QueueHighThreshold=0.7;QueueLowThreshold=0.3;QueueRewardWeight=0.1;AdaptiveQueueWeight=true;QueueWeightMax=0.4;QueueWeightKappa=0.2;FailurePenalty=0.5;QueueAwareSelect=true;QueueDrivenExploration=false;QueueSelectBeta=0.5;AckSilenceDecay=true;AckSilenceThreshold=+1.5e+10ns;DecayFactor=0.92;DecayMinTx=3;DecayInterval=+1e+10ns;TrendEpsilon=true;TrendInterval=+1e+09ns;TrendDelta=0.05;TrendWindow=3;TrendBump=0.1;TrendCap=0.5;QueueRefPackets=20;
QSQMAODV,B_N40_pi025|QSQ_prune_FULL,14,40,39,0.25,512,5.0,0.85,1000.0,1000.0,300.0,16.0,0.0,0,0,0,3,200.0,30324,9225,0.304214,5.109231,29.13854,34.053438,30.233547,57178,2776278,55.731768,6.198157,0.105687,0.268848,1.0,0.019589,0.142406,85797,4122,0,2364,3,0,0.0,0,4.50641,16.624359,37.552564,46582.542217,0.415743,0,976,0,5342,20019,50734,MaxPaths=3;Alpha0=0.5;Gamma=0.9;Epsilon0=0.5;RewardW1=0.6;RewardW2=0.4;RewardW3=0;RewardW4=0.2;AdaptiveEpsilon=false;AdaptiveAlpha=false;AdaptiveReward=false;Policy=QLearning;UseMacFeedback=true;DelayRef=0.01;HopByHop=true;UseRerrBump=true;QueueHighThreshold=0.7;QueueLowThreshold=0.3;QueueRewardWeight=0.1;AdaptiveQueueWeight=true;QueueWeightMax=0.4;QueueWeightKappa=0.2;FailurePenalty=0.5;QueueAwareSelect=true;QueueDrivenExploration=false;QueueSelectBeta=0.5;AckSilenceDecay=true;AckSilenceThreshold=+1.5e+10ns;DecayFactor=0.92;DecayMinTx=3;DecayInterval=+1e+10ns;TrendEpsilon=true;TrendInterval=+1e+09ns;TrendDelta=0.05;TrendWindow=3;TrendBump=0.1;TrendCap=0.5;QueueRefPackets=20;
QSQMAODV,B_N40_pi025|QSQ_prune_FULL,15,40,39,0.25,512,5.0,0.85,1000.0,1000.0,300.0,16.0,0.0,0,0,0,3,200.0,30324,6403,0.211153,3.546277,116.846787,186.715085,144.85451,215347,10591056,306.310584,33.632204,0.26704,0.566266,1.0,0.047461,0.30174,168151,21641,0,546,42,0,0.0,0,4.205128,17.779487,37.776923,46198.242591,0.252473,1,3404,0,27815,22577,302098,MaxPaths=3;Alpha0=0.5;Gamma=0.9;Epsilon0=0.5;RewardW1=0.6;RewardW2=0.4;RewardW3=0;RewardW4=0.2;AdaptiveEpsilon=false;AdaptiveAlpha=false;AdaptiveReward=false;Policy=QLearning;UseMacFeedback=true;DelayRef=0.01;HopByHop=true;UseRerrBump=true;QueueHighThreshold=0.7;QueueLowThreshold=0.3;QueueRewardWeight=0.1;AdaptiveQueueWeight=true;QueueWeightMax=0.4;QueueWeightKappa=0.2;FailurePenalty=0.5;QueueAwareSelect=true;QueueDrivenExploration=false;QueueSelectBeta=0.5;AckSilenceDecay=true;AckSilenceThreshold=+1.5e+10ns;DecayFactor=0.92;DecayMinTx=3;DecayInterval=+1e+10ns;TrendEpsilon=true;TrendInterval=+1e+09ns;TrendDelta=0.05;TrendWindow=3;TrendBump=0.1;TrendCap=0.5;QueueRefPackets=20;
QSQMAODV,B_N40_pi025|QSQ_prune_FULL,16,40,39,0.25,512,5.0,0.85,1000.0,1000.0,300.0,16.0,0.0,0,0,0,3,200.0,30324,7896,0.260388,4.373169,33.884922,62.884268,66.129039,122560,5997382,140.656826,15.521783,0.196941,0.443548,1.0,0.033743,0.22439,109956,10107,0,1198,15,0,0.0,0,4.392308,17.798718,37.935897,47891.422584,0.320472,0,1608,0,13591,21351,151854,MaxPaths=3;Alpha0=0.5;Gamma=0.9;Epsilon0=0.5;RewardW1=0.6;RewardW2=0.4;RewardW3=0;RewardW4=0.2;AdaptiveEpsilon=false;AdaptiveAlpha=false;AdaptiveReward=false;Policy=QLearning;UseMacFeedback=true;DelayRef=0.01;HopByHop=true;UseRerrBump=true;QueueHighThreshold=0.7;QueueLowThreshold=0.3;QueueRewardWeight=0.1;AdaptiveQueueWeight=true;QueueWeightMax=0.4;QueueWeightKappa=0.2;FailurePenalty=0.5;QueueAwareSelect=true;QueueDrivenExploration=false;QueueSelectBeta=0.5;AckSilenceDecay=true;AckSilenceThreshold=+1.5e+10ns;DecayFactor=0.92;DecayMinTx=3;DecayInterval=+1e+10ns;TrendEpsilon=true;TrendInterval=+1e+09ns;TrendDelta=0.05;TrendWindow=3;TrendBump=0.1;TrendCap=0.5;QueueRefPackets=20;
QSQMAODV,B_N40_pi025|QSQ_prune_FULL,17,40,39,0.25,512,5.0,0.85,1000.0,1000.0,300.0,16.0,0.0,0,0,0,3,200.0,30324,8557,0.282186,4.739262,49.67492,86.892219,88.879379,78833,3855030,83.428123,9.212691,0.185865,0.380247,1.0,0.034888,0.210513,90963,7199,0,1064,6,0,0.0,0,4.794872,17.575641,38.305128,42102.914699,0.227378,10,1228,0,9383,20562,96939,MaxPaths=3;Alpha0=0.5;Gamma=0.9;Epsilon0=0.5;RewardW1=0.6;RewardW2=0.4;RewardW3=0;RewardW4=0.2;AdaptiveEpsilon=false;AdaptiveAlpha=false;AdaptiveReward=false;Policy=QLearning;UseMacFeedback=true;DelayRef=0.01;HopByHop=true;UseRerrBump=true;QueueHighThreshold=0.7;QueueLowThreshold=0.3;QueueRewardWeight=0.1;AdaptiveQueueWeight=true;QueueWeightMax=0.4;QueueWeightKappa=0.2;FailurePenalty=0.5;QueueAwareSelect=true;QueueDrivenExploration=false;QueueSelectBeta=0.5;AckSilenceDecay=true;AckSilenceThreshold=+1.5e+10ns;DecayFactor=0.92;DecayMinTx=3;DecayInterval=+1e+10ns;TrendEpsilon=true;TrendInterval=+1e+09ns;TrendDelta=0.05;TrendWindow=3;TrendBump=0.1;TrendCap=0.5;QueueRefPackets=20;
QSQMAODV,B_N40_pi025|QSQ_prune_FULL,18,40,39,0.25,512,5.0,0.85,1000.0,1000.0,300.0,16.0,0.0,0,0,0,3,200.0,30324,9766,0.322055,5.408862,47.372773,111.167163,74.251243,89266,4351608,82.516213,9.140487,0.164706,0.396055,1.0,0.030649,0.202658,105296,6738,0,1457,12,0,0.0,0,4.542308,17.075641,37.641026,45453.021689,0.401662,0,1666,0,8364,19580,100028,MaxPaths=3;Alpha0=0.5;Gamma=0.9;Epsilon0=0.5;RewardW1=0.6;RewardW2=0.4;RewardW3=0;RewardW4=0.2;AdaptiveEpsilon=false;AdaptiveAlpha=false;AdaptiveReward=false;Policy=QLearning;UseMacFeedback=true;DelayRef=0.01;HopByHop=true;UseRerrBump=true;QueueHighThreshold=0.7;QueueLowThreshold=0.3;QueueRewardWeight=0.1;AdaptiveQueueWeight=true;QueueWeightMax=0.4;QueueWeightKappa=0.2;FailurePenalty=0.5;QueueAwareSelect=true;QueueDrivenExploration=false;QueueSelectBeta=0.5;AckSilenceDecay=true;AckSilenceThreshold=+1.5e+10ns;DecayFactor=0.92;DecayMinTx=3;DecayInterval=+1e+10ns;TrendEpsilon=true;TrendInterval=+1e+09ns;TrendDelta=0.05;TrendWindow=3;TrendBump=0.1;TrendCap=0.5;QueueRefPackets=20;
QSQMAODV,B_N40_pi025|QSQ_prune_FULL,19,40,39,0.25,512,5.0,0.85,1000.0,1000.0,300.0,16.0,0.0,0,0,0,3,200.0,30324,10341,0.341017,5.727323,79.126488,109.765241,99.30827,197932,9727352,174.196062,19.140509,0.268642,0.560356,1.0,0.062561,0.316203,172457,18444,0,730,29,0,0.0,0,4.292308,17.108974,38.266667,42351.729677,0.420162,91,3140,0,23546,19062,262779,MaxPaths=3;Alpha0=0.5;Gamma=0.9;Epsilon0=0.5;RewardW1=0.6;RewardW2=0.4;RewardW3=0;RewardW4=0.2;AdaptiveEpsilon=false;AdaptiveAlpha=false;AdaptiveReward=false;Policy=QLearning;UseMacFeedback=true;DelayRef=0.01;HopByHop=true;UseRerrBump=true;QueueHighThreshold=0.7;QueueLowThreshold=0.3;QueueRewardWeight=0.1;AdaptiveQueueWeight=true;QueueWeightMax=0.4;QueueWeightKappa=0.2;FailurePenalty=0.5;QueueAwareSelect=true;QueueDrivenExploration=false;QueueSelectBeta=0.5;AckSilenceDecay=true;AckSilenceThreshold=+1.5e+10ns;DecayFactor=0.92;DecayMinTx=3;DecayInterval=+1e+10ns;TrendEpsilon=true;TrendInterval=+1e+09ns;TrendDelta=0.05;TrendWindow=3;TrendBump=0.1;TrendCap=0.5;QueueRefPackets=20;
QSQMAODV,B_N40_pi025|QSQ_prune_FULL,2,40,39,0.25,512,5.0,0.85,1000.0,1000.0,300.0,16.0,0.0,0,0,0,3,200.0,30324,7769,0.2562,4.302831,67.561468,105.39624,83.952599,180432,8910180,212.386837,23.224611,0.318364,0.571369,1.0,0.055579,0.334576,137955,21744,0,1018,33,0,0.0,0,5.25641,18.221795,37.553846,46473.394556,0.327299,0,3212,0,29342,21543,235416,MaxPaths=3;Alpha0=0.5;Gamma=0.9;Epsilon0=0.5;RewardW1=0.6;RewardW2=0.4;RewardW3=0;RewardW4=0.2;AdaptiveEpsilon=false;AdaptiveAlpha=false;AdaptiveReward=false;Policy=QLearning;UseMacFeedback=true;DelayRef=0.01;HopByHop=true;UseRerrBump=true;QueueHighThreshold=0.7;QueueLowThreshold=0.3;QueueRewardWeight=0.1;AdaptiveQueueWeight=true;QueueWeightMax=0.4;QueueWeightKappa=0.2;FailurePenalty=0.5;QueueAwareSelect=true;QueueDrivenExploration=false;QueueSelectBeta=0.5;AckSilenceDecay=true;AckSilenceThreshold=+1.5e+10ns;DecayFactor=0.92;DecayMinTx=3;DecayInterval=+1e+10ns;TrendEpsilon=true;TrendInterval=+1e+09ns;TrendDelta=0.05;TrendWindow=3;TrendBump=0.1;TrendCap=0.5;QueueRefPackets=20;
QSQMAODV,B_N40_pi025|QSQ_prune_FULL,20,40,39,0.25,512,5.0,0.85,1000.0,1000.0,300.0,16.0,0.0,0,0,0,3,200.0,30324,11016,0.363277,6.101169,51.732325,55.099461,45.084049,125163,6135354,103.138768,11.361928,0.202119,0.446591,1.0,0.03519,0.237853,119546,11371,0,1147,13,0,0.0,0,4.580769,18.165385,38.025641,47717.008467,0.410137,0,1703,0,14783,18561,164028,MaxPaths=3;Alpha0=0.5;Gamma=0.9;Epsilon0=0.5;RewardW1=0.6;RewardW2=0.4;RewardW3=0;RewardW4=0.2;AdaptiveEpsilon=false;AdaptiveAlpha=false;AdaptiveReward=false;Policy=QLearning;UseMacFeedback=true;DelayRef=0.01;HopByHop=true;UseRerrBump=true;QueueHighThreshold=0.7;QueueLowThreshold=0.3;QueueRewardWeight=0.1;AdaptiveQueueWeight=true;QueueWeightMax=0.4;QueueWeightKappa=0.2;FailurePenalty=0.5;QueueAwareSelect=true;QueueDrivenExploration=false;QueueSelectBeta=0.5;AckSilenceDecay=true;AckSilenceThreshold=+1.5e+10ns;DecayFactor=0.92;DecayMinTx=3;DecayInterval=+1e+10ns;TrendEpsilon=true;TrendInterval=+1e+09ns;TrendDelta=0.05;TrendWindow=3;TrendBump=0.1;TrendCap=0.5;QueueRefPackets=20;
QSQMAODV,B_N40_pi025|QSQ_prune_FULL,3,40,39,0.25,512,5.0,0.85,1000.0,1000.0,300.0,16.0,0.0,0,0,0,3,200.0,30324,7050,0.232489,3.904615,109.30852,169.317244,137.937026,217998,10690894,280.822012,30.921702,0.286039,0.596665,1.0,0.043722,0.297059,157895,22553,0,747,44,0,0.0,0,5.241026,20.371795,38.325641,47166.525338,0.335279,7,3047,0,29602,22141,310406,MaxPaths=3;Alpha0=0.5;Gamma=0.9;Epsilon0=0.5;RewardW1=0.6;RewardW2=0.4;RewardW3=0;RewardW4=0.2;AdaptiveEpsilon=false;AdaptiveAlpha=false;AdaptiveReward=false;Policy=QLearning;UseMacFeedback=true;DelayRef=0.01;HopByHop=true;UseRerrBump=true;QueueHighThreshold=0.7;QueueLowThreshold=0.3;QueueRewardWeight=0.1;AdaptiveQueueWeight=true;QueueWeightMax=0.4;QueueWeightKappa=0.2;FailurePenalty=0.5;QueueAwareSelect=true;QueueDrivenExploration=false;QueueSelectBeta=0.5;AckSilenceDecay=true;AckSilenceThreshold=+1.5e+10ns;DecayFactor=0.92;DecayMinTx=3;DecayInterval=+1e+10ns;TrendEpsilon=true;TrendInterval=+1e+09ns;TrendDelta=0.05;TrendWindow=3;TrendBump=0.1;TrendCap=0.5;QueueRefPackets=20;
QSQMAODV,B_N40_pi025|QSQ_prune_FULL,4,40,39,0.25,512,5.0,0.85,1000.0,1000.0,300.0,16.0,0.0,0,0,0,3,200.0,30324,8550,0.281955,4.735385,28.523619,33.111403,28.709882,101557,4952940,107.276153,11.878012,0.278666,0.477493,1.0,0.118919,0.314245,117908,10441,0,1022,19,0,0.0,0,4.730769,17.823077,38.138462,44585.861062,0.293629,137,1476,0,13665,20650,118921,MaxPaths=3;Alpha0=0.5;Gamma=0.9;Epsilon0=0.5;RewardW1=0.6;RewardW2=0.4;RewardW3=0;RewardW4=0.2;AdaptiveEpsilon=false;AdaptiveAlpha=false;AdaptiveReward=false;Policy=QLearning;UseMacFeedback=true;DelayRef=0.01;HopByHop=true;UseRerrBump=true;QueueHighThreshold=0.7;QueueLowThreshold=0.3;QueueRewardWeight=0.1;AdaptiveQueueWeight=true;QueueWeightMax=0.4;QueueWeightKappa=0.2;FailurePenalty=0.5;QueueAwareSelect=true;QueueDrivenExploration=false;QueueSelectBeta=0.5;AckSilenceDecay=true;AckSilenceThreshold=+1.5e+10ns;DecayFactor=0.92;DecayMinTx=3;DecayInterval=+1e+10ns;TrendEpsilon=true;TrendInterval=+1e+09ns;TrendDelta=0.05;TrendWindow=3;TrendBump=0.1;TrendCap=0.5;QueueRefPackets=20;
QSQMAODV,B_N40_pi025|QSQ_prune_FULL,5,40,39,0.25,512,5.0,0.85,1000.0,1000.0,300.0,16.0,0.0,0,0,0,3,200.0,30324,8759,0.288847,4.851138,45.859143,123.302971,72.8134,133666,6571090,138.927791,15.260418,0.241736,0.499319,1.0,0.043517,0.268196,109111,12457,0,864,28,0,0.0,0,5.14359,18.726923,38.091026,40699.174161,0.299598,0,3307,0,15825,20477,168698,MaxPaths=3;Alpha0=0.5;Gamma=0.9;Epsilon0=0.5;RewardW1=0.6;RewardW2=0.4;RewardW3=0;RewardW4=0.2;AdaptiveEpsilon=false;AdaptiveAlpha=false;AdaptiveReward=false;Policy=QLearning;UseMacFeedback=true;DelayRef=0.01;HopByHop=true;UseRerrBump=true;QueueHighThreshold=0.7;QueueLowThreshold=0.3;QueueRewardWeight=0.1;AdaptiveQueueWeight=true;QueueWeightMax=0.4;QueueWeightKappa=0.2;FailurePenalty=0.5;QueueAwareSelect=true;QueueDrivenExploration=false;QueueSelectBeta=0.5;AckSilenceDecay=true;AckSilenceThreshold=+1.5e+10ns;DecayFactor=0.92;DecayMinTx=3;DecayInterval=+1e+10ns;TrendEpsilon=true;TrendInterval=+1e+09ns;TrendDelta=0.05;TrendWindow=3;TrendBump=0.1;TrendCap=0.5;QueueRefPackets=20;
QSQMAODV,B_N40_pi025|QSQ_prune_FULL,6,40,39,0.25,512,5.0,0.85,1000.0,1000.0,300.0,16.0,0.0,0,0,0,3,200.0,30324,11271,0.371686,6.2424,39.585788,43.667343,40.628227,116645,5722184,94.016831,10.349126,0.195049,0.44052,1.0,0.040404,0.233561,116781,9659,0,746,23,0,0.0,0,4.673077,17.975641,37.770513,43873.434179,0.566119,9,1129,0,12214,17839,146820,MaxPaths=3;Alpha0=0.5;Gamma=0.9;Epsilon0=0.5;RewardW1=0.6;RewardW2=0.4;RewardW3=0;RewardW4=0.2;AdaptiveEpsilon=false;AdaptiveAlpha=false;AdaptiveReward=false;Policy=QLearning;UseMacFeedback=true;DelayRef=0.01;HopByHop=true;UseRerrBump=true;QueueHighThreshold=0.7;QueueLowThreshold=0.3;QueueRewardWeight=0.1;AdaptiveQueueWeight=true;QueueWeightMax=0.4;QueueWeightKappa=0.2;FailurePenalty=0.5;QueueAwareSelect=true;QueueDrivenExploration=false;QueueSelectBeta=0.5;AckSilenceDecay=true;AckSilenceThreshold=+1.5e+10ns;DecayFactor=0.92;DecayMinTx=3;DecayInterval=+1e+10ns;TrendEpsilon=true;TrendInterval=+1e+09ns;TrendDelta=0.05;TrendWindow=3;TrendBump=0.1;TrendCap=0.5;QueueRefPackets=20;
QSQMAODV,B_N40_pi025|QSQ_prune_FULL,7,40,39,0.25,512,5.0,0.85,1000.0,1000.0,300.0,16.0,0.0,0,0,0,3,200.0,30324,9251,0.305072,5.123631,49.810729,84.579216,78.925915,131507,6421150,128.537656,14.215436,0.193729,0.453985,1.0,0.036049,0.237407,129929,10571,0,799,21,0,0.0,0,4.529487,18.334615,38.108974,51157.007543,0.351075,0,2484,0,13430,19996,153540,MaxPaths=3;Alpha0=0.5;Gamma=0.9;Epsilon0=0.5;RewardW1=0.6;RewardW2=0.4;RewardW3=0;RewardW4=0.2;AdaptiveEpsilon=false;AdaptiveAlpha=false;AdaptiveReward=false;Policy=QLearning;UseMacFeedback=true;DelayRef=0.01;HopByHop=true;UseRerrBump=true;QueueHighThreshold=0.7;QueueLowThreshold=0.3;QueueRewardWeight=0.1;AdaptiveQueueWeight=true;QueueWeightMax=0.4;QueueWeightKappa=0.2;FailurePenalty=0.5;QueueAwareSelect=true;QueueDrivenExploration=false;QueueSelectBeta=0.5;AckSilenceDecay=true;AckSilenceThreshold=+1.5e+10ns;DecayFactor=0.92;DecayMinTx=3;DecayInterval=+1e+10ns;TrendEpsilon=true;TrendInterval=+1e+09ns;TrendDelta=0.05;TrendWindow=3;TrendBump=0.1;TrendCap=0.5;QueueRefPackets=20;
QSQMAODV,B_N40_pi025|QSQ_prune_FULL,8,40,39,0.25,512,5.0,0.85,1000.0,1000.0,300.0,16.0,0.0,0,0,0,3,200.0,30324,6629,0.218606,3.671446,36.897058,84.037766,50.523194,72106,3514724,98.185973,10.877357,0.174121,0.367829,1.0,0.02398,0.170706,70345,7231,0,909,11,0,0.0,0,4.987179,17.914103,37.753846,47125.491912,0.130886,0,729,0,9455,22670,87434,MaxPaths=3;Alpha0=0.5;Gamma=0.9;Epsilon0=0.5;RewardW1=0.6;RewardW2=0.4;RewardW3=0;RewardW4=0.2;AdaptiveEpsilon=false;AdaptiveAlpha=false;AdaptiveReward=false;Policy=QLearning;UseMacFeedback=true;DelayRef=0.01;HopByHop=true;UseRerrBump=true;QueueHighThreshold=0.7;QueueLowThreshold=0.3;QueueRewardWeight=0.1;AdaptiveQueueWeight=true;QueueWeightMax=0.4;QueueWeightKappa=0.2;FailurePenalty=0.5;QueueAwareSelect=true;QueueDrivenExploration=false;QueueSelectBeta=0.5;AckSilenceDecay=true;AckSilenceThreshold=+1.5e+10ns;DecayFactor=0.92;DecayMinTx=3;DecayInterval=+1e+10ns;TrendEpsilon=true;TrendInterval=+1e+09ns;TrendDelta=0.05;TrendWindow=3;TrendBump=0.1;TrendCap=0.5;QueueRefPackets=20;
QSQMAODV,B_N40_pi025|QSQ_prune_FULL,9,40,39,0.25,512,5.0,0.85,1000.0,1000.0,300.0,16.0,0.0,0,0,0,3,200.0,30324,10356,0.341512,5.735631,76.278036,114.284031,102.811791,172977,8484854,151.725498,16.703071,0.247808,0.52058,1.0,0.045683,0.284936,152429,16450,0,1807,30,0,0.0,0,4.867949,17.034615,38.008974,44543.640661,0.458746,1,2973,0,21180,18705,233276,MaxPaths=3;Alpha0=0.5;Gamma=0.9;Epsilon0=0.5;RewardW1=0.6;RewardW2=0.4;RewardW3=0;RewardW4=0.2;AdaptiveEpsilon=false;AdaptiveAlpha=false;AdaptiveReward=false;Policy=QLearning;UseMacFeedback=true;DelayRef=0.01;HopByHop=true;UseRerrBump=true;QueueHighThreshold=0.7;QueueLowThreshold=0.3;QueueRewardWeight=0.1;AdaptiveQueueWeight=true;QueueWeightMax=0.4;QueueWeightKappa=0.2;FailurePenalty=0.5;QueueAwareSelect=true;QueueDrivenExploration=false;QueueSelectBeta=0.5;AckSilenceDecay=true;AckSilenceThreshold=+1.5e+10ns;DecayFactor=0.92;DecayMinTx=3;DecayInterval=+1e+10ns;TrendEpsilon=true;TrendInterval=+1e+09ns;TrendDelta=0.05;TrendWindow=3;TrendBump=0.1;TrendCap=0.5;QueueRefPackets=20;
QSQMAODV,B_N40_pi025|QSQ_prune_only,1,40,39,0.25,512,5.0,0.85,1000.0,1000.0,300.0,16.0,0.0,0,0,0,3,200.0,30324,9993,0.329541,5.534585,33.441384,65.546073,59.085632,97274,4739868,87.836819,9.734214,0.177108,0.404511,1.0,0.036036,0.219728,113303,8188,0,0,0,0,0.0,0,5.021795,18.353846,37.830769,46973.135287,0.340654,0,1336,0,10383,19401,109474,MaxPaths=3;Alpha0=0.5;Gamma=0.9;Epsilon0=0.5;RewardW1=0.6;RewardW2=0.4;RewardW3=0;RewardW4=0.2;AdaptiveEpsilon=false;AdaptiveAlpha=false;AdaptiveReward=false;Policy=QLearning;UseMacFeedback=true;DelayRef=0.01;HopByHop=true;UseRerrBump=true;QueueHighThreshold=0.7;QueueLowThreshold=0.3;QueueRewardWeight=0;AdaptiveQueueWeight=true;QueueWeightMax=0.4;QueueWeightKappa=0.2;FailurePenalty=0;QueueAwareSelect=false;QueueDrivenExploration=false;QueueSelectBeta=0.5;AckSilenceDecay=false;AckSilenceThreshold=+1.5e+10ns;DecayFactor=0.92;DecayMinTx=3;DecayInterval=+1e+10ns;TrendEpsilon=false;TrendInterval=+1e+09ns;TrendDelta=0.05;TrendWindow=3;TrendBump=0.1;TrendCap=0.5;QueueRefPackets=20;
QSQMAODV,B_N40_pi025|QSQ_prune_only,10,40,39,0.25,512,5.0,0.85,1000.0,1000.0,300.0,16.0,0.0,0,0,0,3,200.0,30324,10412,0.343358,5.766646,38.832854,104.604258,92.610055,124807,6120694,108.861108,11.986842,0.187598,0.439301,1.0,0.045095,0.247746,126086,8714,0,0,0,0,0.0,0,4.180769,16.15,37.582051,44499.101968,0.358198,14,2539,0,11029,18837,158590,MaxPaths=3;Alpha0=0.5;Gamma=0.9;Epsilon0=0.5;RewardW1=0.6;RewardW2=0.4;RewardW3=0;RewardW4=0.2;AdaptiveEpsilon=false;AdaptiveAlpha=false;AdaptiveReward=false;Policy=QLearning;UseMacFeedback=true;DelayRef=0.01;HopByHop=true;UseRerrBump=true;QueueHighThreshold=0.7;QueueLowThreshold=0.3;QueueRewardWeight=0;AdaptiveQueueWeight=true;QueueWeightMax=0.4;QueueWeightKappa=0.2;FailurePenalty=0;QueueAwareSelect=false;QueueDrivenExploration=false;QueueSelectBeta=0.5;AckSilenceDecay=false;AckSilenceThreshold=+1.5e+10ns;DecayFactor=0.92;DecayMinTx=3;DecayInterval=+1e+10ns;TrendEpsilon=false;TrendInterval=+1e+09ns;TrendDelta=0.05;TrendWindow=3;TrendBump=0.1;TrendCap=0.5;QueueRefPackets=20;
QSQMAODV,B_N40_pi025|QSQ_prune_only,11,40,39,0.25,512,5.0,0.85,1000.0,1000.0,300.0,16.0,0.0,0,0,0,3,200.0,30324,10591,0.349261,5.865785,47.814007,113.992958,71.921253,92421,4511602,78.886021,8.726371,0.16409,0.385034,1.0,0.031329,0.206837,107359,7258,0,0,0,0,0.0,0,4.919231,17.382051,37.766667,43624.080201,0.355395,0,1214,0,9035,18690,113490,MaxPaths=3;Alpha0=0.5;Gamma=0.9;Epsilon0=0.5;RewardW1=0.6;RewardW2=0.4;RewardW3=0;RewardW4=0.2;AdaptiveEpsilon=false;AdaptiveAlpha=false;AdaptiveReward=false;Policy=QLearning;UseMacFeedback=true;DelayRef=0.01;HopByHop=true;UseRerrBump=true;QueueHighThreshold=0.7;QueueLowThreshold=0.3;QueueRewardWeight=0;AdaptiveQueueWeight=true;QueueWeightMax=0.4;QueueWeightKappa=0.2;FailurePenalty=0;QueueAwareSelect=false;QueueDrivenExploration=false;QueueSelectBeta=0.5;AckSilenceDecay=false;AckSilenceThreshold=+1.5e+10ns;DecayFactor=0.92;DecayMinTx=3;DecayInterval=+1e+10ns;TrendEpsilon=false;TrendInterval=+1e+09ns;TrendDelta=0.05;TrendWindow=3;TrendBump=0.1;TrendCap=0.5;QueueRefPackets=20;
QSQMAODV,B_N40_pi025|QSQ_prune_only,12,40,39,0.25,512,5.0,0.85,1000.0,1000.0,300.0,16.0,0.0,0,0,0,3,200.0,30324,10185,0.335873,5.640923,63.650013,75.162259,68.584018,175576,8617938,156.692631,17.238684,0.311617,0.5714,1.0,0.059332,0.328669,138532,19870,0,0,0,0,0.0,0,5.139744,19.394872,38.239744,49553.615743,0.32997,0,3068,0,26806,19193,231122,MaxPaths=3;Alpha0=0.5;Gamma=0.9;Epsilon0=0.5;RewardW1=0.6;RewardW2=0.4;RewardW3=0;RewardW4=0.2;AdaptiveEpsilon=false;AdaptiveAlpha=false;AdaptiveReward=false;Policy=QLearning;UseMacFeedback=true;DelayRef=0.01;HopByHop=true;UseRerrBump=true;QueueHighThreshold=0.7;QueueLowThreshold=0.3;QueueRewardWeight=0;AdaptiveQueueWeight=true;QueueWeightMax=0.4;QueueWeightKappa=0.2;FailurePenalty=0;QueueAwareSelect=false;QueueDrivenExploration=false;QueueSelectBeta=0.5;AckSilenceDecay=false;AckSilenceThreshold=+1.5e+10ns;DecayFactor=0.92;DecayMinTx=3;DecayInterval=+1e+10ns;TrendEpsilon=false;TrendInterval=+1e+09ns;TrendDelta=0.05;TrendWindow=3;TrendBump=0.1;TrendCap=0.5;QueueRefPackets=20;
QSQMAODV,B_N40_pi025|QSQ_prune_only,13,40,39,0.25,512,5.0,0.85,1000.0,1000.0,300.0,16.0,0.0,0,0,0,3,200.0,30324,9438,0.311239,5.2272,67.98424,145.538922,116.75515,146314,7158072,140.45019,15.502649,0.277243,0.545771,1.0,0.046864,0.28875,122327,15836,0,0,0,0,0.0,0,5.116667,19.062821,38.3,48813.335603,0.329871,2,2417,0,21199,19870,197851,MaxPaths=3;Alpha0=0.5;Gamma=0.9;Epsilon0=0.5;RewardW1=0.6;RewardW2=0.4;RewardW3=0;RewardW4=0.2;AdaptiveEpsilon=false;AdaptiveAlpha=false;AdaptiveReward=false;Policy=QLearning;UseMacFeedback=true;DelayRef=0.01;HopByHop=true;UseRerrBump=true;QueueHighThreshold=0.7;QueueLowThreshold=0.3;QueueRewardWeight=0;AdaptiveQueueWeight=true;QueueWeightMax=0.4;QueueWeightKappa=0.2;FailurePenalty=0;QueueAwareSelect=false;QueueDrivenExploration=false;QueueSelectBeta=0.5;AckSilenceDecay=false;AckSilenceThreshold=+1.5e+10ns;DecayFactor=0.92;DecayMinTx=3;DecayInterval=+1e+10ns;TrendEpsilon=false;TrendInterval=+1e+09ns;TrendDelta=0.05;TrendWindow=3;TrendBump=0.1;TrendCap=0.5;QueueRefPackets=20;
QSQMAODV,B_N40_pi025|QSQ_prune_only,14,40,39,0.25,512,5.0,0.85,1000.0,1000.0,300.0,16.0,0.0,0,0,0,3,200.0,30324,8880,0.292837,4.918154,19.068133,33.434435,25.625699,44359,2138900,44.605022,4.995383,0.043721,0.199184,1.0,0.011258,0.091954,76925,1538,0,0,0,0,0.0,0,4.50641,16.624359,37.552564,46582.542217,0.305929,0,342,0,1732,20369,31662,MaxPaths=3;Alpha0=0.5;Gamma=0.9;Epsilon0=0.5;RewardW1=0.6;RewardW2=0.4;RewardW3=0;RewardW4=0.2;AdaptiveEpsilon=false;AdaptiveAlpha=false;AdaptiveReward=false;Policy=QLearning;UseMacFeedback=true;DelayRef=0.01;HopByHop=true;UseRerrBump=true;QueueHighThreshold=0.7;QueueLowThreshold=0.3;QueueRewardWeight=0;AdaptiveQueueWeight=true;QueueWeightMax=0.4;QueueWeightKappa=0.2;FailurePenalty=0;QueueAwareSelect=false;QueueDrivenExploration=false;QueueSelectBeta=0.5;AckSilenceDecay=false;AckSilenceThreshold=+1.5e+10ns;DecayFactor=0.92;DecayMinTx=3;DecayInterval=+1e+10ns;TrendEpsilon=false;TrendInterval=+1e+09ns;TrendDelta=0.05;TrendWindow=3;TrendBump=0.1;TrendCap=0.5;QueueRefPackets=20;
QSQMAODV,B_N40_pi025|QSQ_prune_only,15,40,39,0.25,512,5.0,0.85,1000.0,1000.0,300.0,16.0,0.0,0,0,0,3,200.0,30324,8188,0.270017,4.534892,78.281615,133.316847,110.592624,184396,9041654,204.491985,22.520274,0.283273,0.564706,1.0,0.054423,0.314422,146390,18565,0,0,0,0,0.0,0,4.205128,17.779487,37.776923,46198.242591,0.266983,2,2963,0,24224,20665,244815,MaxPaths=3;Alpha0=0.5;Gamma=0.9;Epsilon0=0.5;RewardW1=0.6;RewardW2=0.4;RewardW3=0;RewardW4=0.2;AdaptiveEpsilon=false;AdaptiveAlpha=false;AdaptiveReward=false;Policy=QLearning;UseMacFeedback=true;DelayRef=0.01;HopByHop=true;UseRerrBump=true;QueueHighThreshold=0.7;QueueLowThreshold=0.3;QueueRewardWeight=0;AdaptiveQueueWeight=true;QueueWeightMax=0.4;QueueWeightKappa=0.2;FailurePenalty=0;QueueAwareSelect=false;QueueDrivenExploration=false;QueueSelectBeta=0.5;AckSilenceDecay=false;AckSilenceThreshold=+1.5e+10ns;DecayFactor=0.92;DecayMinTx=3;DecayInterval=+1e+10ns;TrendEpsilon=false;TrendInterval=+1e+09ns;TrendDelta=0.05;TrendWindow=3;TrendBump=0.1;TrendCap=0.5;QueueRefPackets=20;
QSQMAODV,B_N40_pi025|QSQ_prune_only,16,40,39,0.25,512,5.0,0.85,1000.0,1000.0,300.0,16.0,0.0,0,0,0,3,200.0,30324,8922,0.294222,5.071453,47.580225,46.875238,38.907922,110967,5433410,112.775951,12.437458,0.209105,0.423554,1.0,0.041068,0.240763,108273,10503,0,0,0,0,0.0,0,4.392308,17.798718,37.935897,47891.422584,0.328717,83,1520,0,14198,20478,136490,MaxPaths=3;Alpha0=0.5;Gamma=0.9;Epsilon0=0.5;RewardW1=0.6;RewardW2=0.4;RewardW3=0;RewardW4=0.2;AdaptiveEpsilon=false;AdaptiveAlpha=false;AdaptiveReward=false;Policy=QLearning;UseMacFeedback=true;DelayRef=0.01;HopByHop=true;UseRerrBump=true;QueueHighThreshold=0.7;QueueLowThreshold=0.3;QueueRewardWeight=0;AdaptiveQueueWeight=true;QueueWeightMax=0.4;QueueWeightKappa=0.2;FailurePenalty=0;QueueAwareSelect=false;QueueDrivenExploration=false;QueueSelectBeta=0.5;AckSilenceDecay=false;AckSilenceThreshold=+1.5e+10ns;DecayFactor=0.92;DecayMinTx=3;DecayInterval=+1e+10ns;TrendEpsilon=false;TrendInterval=+1e+09ns;TrendDelta=0.05;TrendWindow=3;TrendBump=0.1;TrendCap=0.5;QueueRefPackets=20;
QSQMAODV,B_N40_pi025|QSQ_prune_only,17,40,39,0.25,512,5.0,0.85,1000.0,1000.0,300.0,16.0,0.0,0,0,0,3,200.0,30324,9583,0.31602,5.307508,31.423616,42.763926,41.37307,95907,4682364,90.483611,10.008035,0.188727,0.412772,1.0,0.032821,0.214304,100010,8963,0,0,0,0,0.0,0,4.794872,17.575641,38.305128,42102.914699,0.418744,0,1434,0,11293,19703,121353,MaxPaths=3;Alpha0=0.5;Gamma=0.9;Epsilon0=0.5;RewardW1=0.6;RewardW2=0.4;RewardW3=0;RewardW4=0.2;AdaptiveEpsilon=false;AdaptiveAlpha=false;AdaptiveReward=false;Policy=QLearning;UseMacFeedback=true;DelayRef=0.01;HopByHop=true;UseRerrBump=true;QueueHighThreshold=0.7;QueueLowThreshold=0.3;QueueRewardWeight=0;AdaptiveQueueWeight=true;QueueWeightMax=0.4;QueueWeightKappa=0.2;FailurePenalty=0;QueueAwareSelect=false;QueueDrivenExploration=false;QueueSelectBeta=0.5;AckSilenceDecay=false;AckSilenceThreshold=+1.5e+10ns;DecayFactor=0.92;DecayMinTx=3;DecayInterval=+1e+10ns;TrendEpsilon=false;TrendInterval=+1e+09ns;TrendDelta=0.05;TrendWindow=3;TrendBump=0.1;TrendCap=0.5;QueueRefPackets=20;
QSQMAODV,B_N40_pi025|QSQ_prune_only,18,40,39,0.25,512,5.0,0.85,1000.0,1000.0,300.0,16.0,0.0,0,0,0,3,200.0,30324,6632,0.218705,3.673108,47.331415,73.122563,67.533874,114016,5573644,155.632735,17.191797,0.198745,0.447485,1.0,0.037965,0.237621,110800,9684,0,0,0,0,0.0,0,4.542308,17.075641,37.641026,45453.021689,0.201655,0,1841,0,12423,22930,142333,MaxPaths=3;Alpha0=0.5;Gamma=0.9;Epsilon0=0.5;RewardW1=0.6;RewardW2=0.4;RewardW3=0;RewardW4=0.2;AdaptiveEpsilon=false;AdaptiveAlpha=false;AdaptiveReward=false;Policy=QLearning;UseMacFeedback=true;DelayRef=0.01;HopByHop=true;UseRerrBump=true;QueueHighThreshold=0.7;QueueLowThreshold=0.3;QueueRewardWeight=0;AdaptiveQueueWeight=true;QueueWeightMax=0.4;QueueWeightKappa=0.2;FailurePenalty=0;QueueAwareSelect=false;QueueDrivenExploration=false;QueueSelectBeta=0.5;AckSilenceDecay=false;AckSilenceThreshold=+1.5e+10ns;DecayFactor=0.92;DecayMinTx=3;DecayInterval=+1e+10ns;TrendEpsilon=false;TrendInterval=+1e+09ns;TrendDelta=0.05;TrendWindow=3;TrendBump=0.1;TrendCap=0.5;QueueRefPackets=20;
QSQMAODV,B_N40_pi025|QSQ_prune_only,19,40,39,0.25,512,5.0,0.85,1000.0,1000.0,300.0,16.0,0.0,0,0,0,3,200.0,30324,11870,0.391439,6.574154,49.633886,74.246855,59.536168,163592,8038256,125.405722,13.781971,0.309084,0.565534,1.0,0.071896,0.342329,138677,19281,0,0,0,0,0.0,0,4.292308,17.108974,38.266667,42351.729677,0.411094,20,2676,0,25196,17262,215164,MaxPaths=3;Alpha0=0.5;Gamma=0.9;Epsilon0=0.5;RewardW1=0.6;RewardW2=0.4;RewardW3=0;RewardW4=0.2;AdaptiveEpsilon=false;AdaptiveAlpha=false;AdaptiveReward=false;Policy=QLearning;UseMacFeedback=true;DelayRef=0.01;HopByHop=true;UseRerrBump=true;QueueHighThreshold=0.7;QueueLowThreshold=0.3;QueueRewardWeight=0;AdaptiveQueueWeight=true;QueueWeightMax=0.4;QueueWeightKappa=0.2;FailurePenalty=0;QueueAwareSelect=false;QueueDrivenExploration=false;QueueSelectBeta=0.5;AckSilenceDecay=false;AckSilenceThreshold=+1.5e+10ns;DecayFactor=0.92;DecayMinTx=3;DecayInterval=+1e+10ns;TrendEpsilon=false;TrendInterval=+1e+09ns;TrendDelta=0.05;TrendWindow=3;TrendBump=0.1;TrendCap=0.5;QueueRefPackets=20;
QSQMAODV,B_N40_pi025|QSQ_prune_only,2,40,39,0.25,512,5.0,0.85,1000.0,1000.0,300.0,16.0,0.0,0,0,0,3,200.0,30324,11984,0.395199,6.811958,13.231008,19.517724,24.741553,26820,1279860,19.777296,2.237984,0.022586,0.138081,1.0,0.005184,0.058467,64520,754,0,0,0,0,0.0,0,5.25641,18.221795,37.553846,46473.394556,0.445258,0,162,0,893,17077,13560,MaxPaths=3;Alpha0=0.5;Gamma=0.9;Epsilon0=0.5;RewardW1=0.6;RewardW2=0.4;RewardW3=0;RewardW4=0.2;AdaptiveEpsilon=false;AdaptiveAlpha=false;AdaptiveReward=false;Policy=QLearning;UseMacFeedback=true;DelayRef=0.01;HopByHop=true;UseRerrBump=true;QueueHighThreshold=0.7;QueueLowThreshold=0.3;QueueRewardWeight=0;AdaptiveQueueWeight=true;QueueWeightMax=0.4;QueueWeightKappa=0.2;FailurePenalty=0;QueueAwareSelect=false;QueueDrivenExploration=false;QueueSelectBeta=0.5;AckSilenceDecay=false;AckSilenceThreshold=+1.5e+10ns;DecayFactor=0.92;DecayMinTx=3;DecayInterval=+1e+10ns;TrendEpsilon=false;TrendInterval=+1e+09ns;TrendDelta=0.05;TrendWindow=3;TrendBump=0.1;TrendCap=0.5;QueueRefPackets=20;
QSQMAODV,B_N40_pi025|QSQ_prune_only,20,40,39,0.25,512,5.0,0.85,1000.0,1000.0,300.0,16.0,0.0,0,0,0,3,200.0,30324,10670,0.351867,5.909538,58.280673,68.272287,60.392997,144286,7047706,122.317783,13.522587,0.201769,0.473972,1.0,0.038134,0.249267,137246,12805,0,0,0,0,0.0,0,4.580769,18.165385,38.025641,47717.008467,0.453568,2,2029,0,16053,18558,183705,MaxPaths=3;Alpha0=0.5;Gamma=0.9;Epsilon0=0.5;RewardW1=0.6;RewardW2=0.4;RewardW3=0;RewardW4=0.2;AdaptiveEpsilon=false;AdaptiveAlpha=false;AdaptiveReward=false;Policy=QLearning;UseMacFeedback=true;DelayRef=0.01;HopByHop=true;UseRerrBump=true;QueueHighThreshold=0.7;QueueLowThreshold=0.3;QueueRewardWeight=0;AdaptiveQueueWeight=true;QueueWeightMax=0.4;QueueWeightKappa=0.2;FailurePenalty=0;QueueAwareSelect=false;QueueDrivenExploration=false;QueueSelectBeta=0.5;AckSilenceDecay=false;AckSilenceThreshold=+1.5e+10ns;DecayFactor=0.92;DecayMinTx=3;DecayInterval=+1e+10ns;TrendEpsilon=false;TrendInterval=+1e+09ns;TrendDelta=0.05;TrendWindow=3;TrendBump=0.1;TrendCap=0.5;QueueRefPackets=20;
QSQMAODV,B_N40_pi025|QSQ_prune_only,3,40,39,0.25,512,5.0,0.85,1000.0,1000.0,300.0,16.0,0.0,0,0,0,3,200.0,30324,5910,0.194895,3.273231,112.144111,140.470985,119.698642,212097,10451762,327.497713,35.887817,0.35642,0.642419,1.0,0.05927,0.346506,137339,27554,0,0,0,0,0.0,0,5.241026,20.371795,38.325641,47166.525338,0.169931,1,3429,0,36721,23598,323496,MaxPaths=3;Alpha0=0.5;Gamma=0.9;Epsilon0=0.5;RewardW1=0.6;RewardW2=0.4;RewardW3=0;RewardW4=0.2;AdaptiveEpsilon=false;AdaptiveAlpha=false;AdaptiveReward=false;Policy=QLearning;UseMacFeedback=true;DelayRef=0.01;HopByHop=true;UseRerrBump=true;QueueHighThreshold=0.7;QueueLowThreshold=0.3;QueueRewardWeight=0;AdaptiveQueueWeight=true;QueueWeightMax=0.4;QueueWeightKappa=0.2;FailurePenalty=0;QueueAwareSelect=false;QueueDrivenExploration=false;QueueSelectBeta=0.5;AckSilenceDecay=false;AckSilenceThreshold=+1.5e+10ns;DecayFactor=0.92;DecayMinTx=3;DecayInterval=+1e+10ns;TrendEpsilon=false;TrendInterval=+1e+09ns;TrendDelta=0.05;TrendWindow=3;TrendBump=0.1;TrendCap=0.5;QueueRefPackets=20;
QSQMAODV,B_N40_pi025|QSQ_prune_only,4,40,39,0.25,512,5.0,0.85,1000.0,1000.0,300.0,16.0,0.0,0,0,0,3,200.0,30324,6750,0.222596,3.738462,30.980921,118.92961,96.626067,86021,4181030,114.705898,12.743852,0.212251,0.420246,1.0,0.04014,0.231977,92281,7770,0,0,0,0,0.0,0,4.730769,17.823077,38.138462,44585.861062,0.179956,0,1445,0,10036,22289,102791,MaxPaths=3;Alpha0=0.5;Gamma=0.9;Epsilon0=0.5;RewardW1=0.6;RewardW2=0.4;RewardW3=0;RewardW4=0.2;AdaptiveEpsilon=false;AdaptiveAlpha=false;AdaptiveReward=false;Policy=QLearning;UseMacFeedback=true;DelayRef=0.01;HopByHop=true;UseRerrBump=true;QueueHighThreshold=0.7;QueueLowThreshold=0.3;QueueRewardWeight=0;AdaptiveQueueWeight=true;QueueWeightMax=0.4;QueueWeightKappa=0.2;FailurePenalty=0;QueueAwareSelect=false;QueueDrivenExploration=false;QueueSelectBeta=0.5;AckSilenceDecay=false;AckSilenceThreshold=+1.5e+10ns;DecayFactor=0.92;DecayMinTx=3;DecayInterval=+1e+10ns;TrendEpsilon=false;TrendInterval=+1e+09ns;TrendDelta=0.05;TrendWindow=3;TrendBump=0.1;TrendCap=0.5;QueueRefPackets=20;
QSQMAODV,B_N40_pi025|QSQ_prune_only,5,40,39,0.25,512,5.0,0.85,1000.0,1000.0,300.0,16.0,0.0,0,0,0,3,200.0,30324,8663,0.285681,4.924232,39.260394,121.036573,121.793093,108830,5336642,114.079076,12.562623,0.238325,0.466716,1.0,0.047181,0.259478,91104,10586,0,0,0,0,0.0,0,5.14359,18.726923,38.091026,40699.174161,0.237502,0,2788,0,13768,20777,123879,MaxPaths=3;Alpha0=0.5;Gamma=0.9;Epsilon0=0.5;RewardW1=0.6;RewardW2=0.4;RewardW3=0;RewardW4=0.2;AdaptiveEpsilon=false;AdaptiveAlpha=false;AdaptiveReward=false;Policy=QLearning;UseMacFeedback=true;DelayRef=0.01;HopByHop=true;UseRerrBump=true;QueueHighThreshold=0.7;QueueLowThreshold=0.3;QueueRewardWeight=0;AdaptiveQueueWeight=true;QueueWeightMax=0.4;QueueWeightKappa=0.2;FailurePenalty=0;QueueAwareSelect=false;QueueDrivenExploration=false;QueueSelectBeta=0.5;AckSilenceDecay=false;AckSilenceThreshold=+1.5e+10ns;DecayFactor=0.92;DecayMinTx=3;DecayInterval=+1e+10ns;TrendEpsilon=false;TrendInterval=+1e+09ns;TrendDelta=0.05;TrendWindow=3;TrendBump=0.1;TrendCap=0.5;QueueRefPackets=20;
QSQMAODV,B_N40_pi025|QSQ_prune_only,6,40,39,0.25,512,5.0,0.85,1000.0,1000.0,300.0,16.0,0.0,0,0,0,3,200.0,30324,8202,0.270479,4.542646,82.98974,102.709497,87.865222,170053,8345276,188.420078,20.733114,0.235058,0.517295,1.0,0.054496,0.291667,159868,16167,0,0,0,0,0.0,0,4.673077,17.975641,37.770513,43873.434179,0.491228,94,3007,0,20444,21170,217892,MaxPaths=3;Alpha0=0.5;Gamma=0.9;Epsilon0=0.5;RewardW1=0.6;RewardW2=0.4;RewardW3=0;RewardW4=0.2;AdaptiveEpsilon=false;AdaptiveAlpha=false;AdaptiveReward=false;Policy=QLearning;UseMacFeedback=true;DelayRef=0.01;HopByHop=true;UseRerrBump=true;QueueHighThreshold=0.7;QueueLowThreshold=0.3;QueueRewardWeight=0;AdaptiveQueueWeight=true;QueueWeightMax=0.4;QueueWeightKappa=0.2;FailurePenalty=0;QueueAwareSelect=false;QueueDrivenExploration=false;QueueSelectBeta=0.5;AckSilenceDecay=false;AckSilenceThreshold=+1.5e+10ns;DecayFactor=0.92;DecayMinTx=3;DecayInterval=+1e+10ns;TrendEpsilon=false;TrendInterval=+1e+09ns;TrendDelta=0.05;TrendWindow=3;TrendBump=0.1;TrendCap=0.5;QueueRefPackets=20;
QSQMAODV,B_N40_pi025|QSQ_prune_only,7,40,39,0.25,512,5.0,0.85,1000.0,1000.0,300.0,16.0,0.0,0,0,0,3,200.0,30324,9312,0.307083,5.157415,51.146804,84.813622,63.432276,133847,6545854,130.1756,14.373604,0.219329,0.49006,1.0,0.041202,0.257463,126568,12456,0,0,0,0,0.0,0,4.529487,18.334615,38.108974,51157.007543,0.329013,3,2168,0,15904,19919,174613,MaxPaths=3;Alpha0=0.5;Gamma=0.9;Epsilon0=0.5;RewardW1=0.6;RewardW2=0.4;RewardW3=0;RewardW4=0.2;AdaptiveEpsilon=false;AdaptiveAlpha=false;AdaptiveReward=false;Policy=QLearning;UseMacFeedback=true;DelayRef=0.01;HopByHop=true;UseRerrBump=true;QueueHighThreshold=0.7;QueueLowThreshold=0.3;QueueRewardWeight=0;AdaptiveQueueWeight=true;QueueWeightMax=0.4;QueueWeightKappa=0.2;FailurePenalty=0;QueueAwareSelect=false;QueueDrivenExploration=false;QueueSelectBeta=0.5;AckSilenceDecay=false;AckSilenceThreshold=+1.5e+10ns;DecayFactor=0.92;DecayMinTx=3;DecayInterval=+1e+10ns;TrendEpsilon=false;TrendInterval=+1e+09ns;TrendDelta=0.05;TrendWindow=3;TrendBump=0.1;TrendCap=0.5;QueueRefPackets=20;
QSQMAODV,B_N40_pi025|QSQ_prune_only,8,40,39,0.25,512,5.0,0.85,1000.0,1000.0,300.0,16.0,0.0,0,0,0,3,200.0,30324,8678,0.286176,4.806277,66.209746,103.627121,85.458711,143233,7026638,149.945755,16.505301,0.260465,0.515739,1.0,0.047037,0.284305,126291,17007,0,0,0,0,0.0,0,4.987179,17.914103,37.753846,47125.491912,0.423031,0,1970,0,22041,20505,188959,MaxPaths=3;Alpha0=0.5;Gamma=0.9;Epsilon0=0.5;RewardW1=0.6;RewardW2=0.4;RewardW3=0;RewardW4=0.2;AdaptiveEpsilon=false;AdaptiveAlpha=false;AdaptiveReward=false;Policy=QLearning;UseMacFeedback=true;DelayRef=0.01;HopByHop=true;UseRerrBump=true;QueueHighThreshold=0.7;QueueLowThreshold=0.3;QueueRewardWeight=0;AdaptiveQueueWeight=true;QueueWeightMax=0.4;QueueWeightKappa=0.2;FailurePenalty=0;QueueAwareSelect=false;QueueDrivenExploration=false;QueueSelectBeta=0.5;AckSilenceDecay=false;AckSilenceThreshold=+1.5e+10ns;DecayFactor=0.92;DecayMinTx=3;DecayInterval=+1e+10ns;TrendEpsilon=false;TrendInterval=+1e+09ns;TrendDelta=0.05;TrendWindow=3;TrendBump=0.1;TrendCap=0.5;QueueRefPackets=20;
QSQMAODV,B_N40_pi025|QSQ_prune_only,9,40,39,0.25,512,5.0,0.85,1000.0,1000.0,300.0,16.0,0.0,0,0,0,3,200.0,30324,10552,0.347975,5.844185,54.106402,73.711282,61.812575,103004,5045964,88.555513,9.761562,0.201191,0.420902,1.0,0.039502,0.23676,112393,10212,0,0,0,0,0.0,0,4.867949,17.034615,38.008974,44543.640661,0.448589,2,1405,0,13481,18451,129527,MaxPaths=3;Alpha0=0.5;Gamma=0.9;Epsilon0=0.5;RewardW1=0.6;RewardW2=0.4;RewardW3=0;RewardW4=0.2;AdaptiveEpsilon=false;AdaptiveAlpha=false;AdaptiveReward=false;Policy=QLearning;UseMacFeedback=true;DelayRef=0.01;HopByHop=true;UseRerrBump=true;QueueHighThreshold=0.7;QueueLowThreshold=0.3;QueueRewardWeight=0;AdaptiveQueueWeight=true;QueueWeightMax=0.4;QueueWeightKappa=0.2;FailurePenalty=0;QueueAwareSelect=false;QueueDrivenExploration=false;QueueSelectBeta=0.5;AckSilenceDecay=false;AckSilenceThreshold=+1.5e+10ns;DecayFactor=0.92;DecayMinTx=3;DecayInterval=+1e+10ns;TrendEpsilon=false;TrendInterval=+1e+09ns;TrendDelta=0.05;TrendWindow=3;TrendBump=0.1;TrendCap=0.5;QueueRefPackets=20;
QSQMAODV,B_N40_pi025|QSQ_src_FULL_QDE,1,40,39,0.25,512,5.0,0.85,1000.0,1000.0,300.0,16.0,0.0,0,0,0,3,200.0,30324,8124,0.267907,4.499446,58.834245,109.57214,90.209059,168292,8177048,186.394405,20.715411,0.246969,0.53575,1.0,0.052472,0.305039,152471,15423,0,46797,32,0,0.0,0,5.021795,18.353846,37.830769,46973.135287,0.311107,3,3203,0,19403,21174,0,MaxPaths=3;Alpha0=0.5;Gamma=0.9;Epsilon0=0.5;RewardW1=0.6;RewardW2=0.4;RewardW3=0;RewardW4=0.2;AdaptiveEpsilon=false;AdaptiveAlpha=false;AdaptiveReward=false;Policy=QLearning;UseMacFeedback=true;DelayRef=0.01;HopByHop=false;UseRerrBump=true;QueueHighThreshold=0.7;QueueLowThreshold=0.3;QueueRewardWeight=0.1;AdaptiveQueueWeight=true;QueueWeightMax=0.4;QueueWeightKappa=0.2;FailurePenalty=0.5;QueueAwareSelect=true;QueueDrivenExploration=true;QueueSelectBeta=0.5;AckSilenceDecay=true;AckSilenceThreshold=+1.5e+10ns;DecayFactor=0.92;DecayMinTx=3;DecayInterval=+1e+10ns;TrendEpsilon=true;TrendInterval=+1e+09ns;TrendDelta=0.05;TrendWindow=3;TrendBump=0.1;TrendCap=0.5;QueueRefPackets=20;
QSQMAODV,B_N40_pi025|QSQ_src_FULL_QDE,10,40,39,0.25,512,5.0,0.85,1000.0,1000.0,300.0,16.0,0.0,0,0,0,3,200.0,30324,14265,0.470419,7.900615,30.139241,39.406432,33.179187,97941,4749522,61.657281,6.865825,0.183014,0.422986,1.0,0.055252,0.26087,118275,7258,0,34121,21,0,0.0,0,4.180769,16.15,37.582051,44499.101968,0.529679,122,1956,0,8924,15316,0,MaxPaths=3;Alpha0=0.5;Gamma=0.9;Epsilon0=0.5;RewardW1=0.6;RewardW2=0.4;RewardW3=0;RewardW4=0.2;AdaptiveEpsilon=false;AdaptiveAlpha=false;AdaptiveReward=false;Policy=QLearning;UseMacFeedback=true;DelayRef=0.01;HopByHop=false;UseRerrBump=true;QueueHighThreshold=0.7;QueueLowThreshold=0.3;QueueRewardWeight=0.1;AdaptiveQueueWeight=true;QueueWeightMax=0.4;QueueWeightKappa=0.2;FailurePenalty=0.5;QueueAwareSelect=true;QueueDrivenExploration=true;QueueSelectBeta=0.5;AckSilenceDecay=true;AckSilenceThreshold=+1.5e+10ns;DecayFactor=0.92;DecayMinTx=3;DecayInterval=+1e+10ns;TrendEpsilon=true;TrendInterval=+1e+09ns;TrendDelta=0.05;TrendWindow=3;TrendBump=0.1;TrendCap=0.5;QueueRefPackets=20;
QSQMAODV,B_N40_pi025|QSQ_src_FULL_QDE,11,40,39,0.25,512,5.0,0.85,1000.0,1000.0,300.0,16.0,0.0,0,0,0,3,200.0,30324,11162,0.368091,6.182031,27.390149,77.863133,49.232881,65606,3171958,52.624944,5.87762,0.115122,0.30953,1.0,0.026236,0.170058,82936,3683,0,35941,5,0,0.0,0,4.919231,17.382051,37.766667,43624.080201,0.326936,0,1052,0,4534,18184,0,MaxPaths=3;Alpha0=0.5;Gamma=0.9;Epsilon0=0.5;RewardW1=0.6;RewardW2=0.4;RewardW3=0;RewardW4=0.2;AdaptiveEpsilon=false;AdaptiveAlpha=false;AdaptiveReward=false;Policy=QLearning;UseMacFeedback=true;DelayRef=0.01;HopByHop=false;UseRerrBump=true;QueueHighThreshold=0.7;QueueLowThreshold=0.3;QueueRewardWeight=0.1;AdaptiveQueueWeight=true;QueueWeightMax=0.4;QueueWeightKappa=0.2;FailurePenalty=0.5;QueueAwareSelect=true;QueueDrivenExploration=true;QueueSelectBeta=0.5;AckSilenceDecay=true;AckSilenceThreshold=+1.5e+10ns;DecayFactor=0.92;DecayMinTx=3;DecayInterval=+1e+10ns;TrendEpsilon=true;TrendInterval=+1e+09ns;TrendDelta=0.05;TrendWindow=3;TrendBump=0.1;TrendCap=0.5;QueueRefPackets=20;
QSQMAODV,B_N40_pi025|QSQ_src_FULL_QDE,12,40,39,0.25,512,5.0,0.85,1000.0,1000.0,300.0,16.0,0.0,0,0,0,3,200.0,30324,12846,0.423625,7.301937,26.293154,45.571348,32.149361,54225,2581194,37.20994,4.221158,0.088463,0.287054,1.0,0.016141,0.133845,76821,3302,0,24160,5,0,0.0,0,5.139744,19.394872,38.239744,49553.615743,0.307776,0,691,0,3803,16522,0,MaxPaths=3;Alpha0=0.5;Gamma=0.9;Epsilon0=0.5;RewardW1=0.6;RewardW2=0.4;RewardW3=0;RewardW4=0.2;AdaptiveEpsilon=false;AdaptiveAlpha=false;AdaptiveReward=false;Policy=QLearning;UseMacFeedback=true;DelayRef=0.01;HopByHop=false;UseRerrBump=true;QueueHighThreshold=0.7;QueueLowThreshold=0.3;QueueRewardWeight=0.1;AdaptiveQueueWeight=true;QueueWeightMax=0.4;QueueWeightKappa=0.2;FailurePenalty=0.5;QueueAwareSelect=true;QueueDrivenExploration=true;QueueSelectBeta=0.5;AckSilenceDecay=true;AckSilenceThreshold=+1.5e+10ns;DecayFactor=0.92;DecayMinTx=3;DecayInterval=+1e+10ns;TrendEpsilon=true;TrendInterval=+1e+09ns;TrendDelta=0.05;TrendWindow=3;TrendBump=0.1;TrendCap=0.5;QueueRefPackets=20;
QSQMAODV,B_N40_pi025|QSQ_src_FULL_QDE,13,40,39,0.25,512,5.0,0.85,1000.0,1000.0,300.0,16.0,0.0,0,0,0,3,200.0,30324,11837,0.390351,6.910249,25.753017,46.940507,26.337904,57523,2753446,43.076574,4.859593,0.107331,0.287675,1.0,0.022571,0.142491,80091,3654,0,30070,8,0,0.0,0,5.116667,19.062821,38.3,48813.335603,0.32842,1,442,0,4525,17506,0,MaxPaths=3;Alpha0=0.5;Gamma=0.9;Epsilon0=0.5;RewardW1=0.6;RewardW2=0.4;RewardW3=0;RewardW4=0.2;AdaptiveEpsilon=false;AdaptiveAlpha=false;AdaptiveReward=false;Policy=QLearning;UseMacFeedback=true;DelayRef=0.01;HopByHop=false;UseRerrBump=true;QueueHighThreshold=0.7;QueueLowThreshold=0.3;QueueRewardWeight=0.1;AdaptiveQueueWeight=true;QueueWeightMax=0.4;QueueWeightKappa=0.2;FailurePenalty=0.5;QueueAwareSelect=true;QueueDrivenExploration=true;QueueSelectBeta=0.5;AckSilenceDecay=true;AckSilenceThreshold=+1.5e+10ns;DecayFactor=0.92;DecayMinTx=3;DecayInterval=+1e+10ns;TrendEpsilon=true;TrendInterval=+1e+09ns;TrendDelta=0.05;TrendWindow=3;TrendBump=0.1;TrendCap=0.5;QueueRefPackets=20;
QSQMAODV,B_N40_pi025|QSQ_src_FULL_QDE,14,40,39,0.25,512,5.0,0.85,1000.0,1000.0,300.0,16.0,0.0,0,0,0,3,200.0,30324,10535,0.347415,6.150162,22.520678,42.191766,31.122593,40574,1943906,34.170156,3.851353,0.044638,0.180188,1.0,0.012768,0.096501,81796,1501,0,15991,3,0,0.0,0,4.50641,16.624359,37.552564,46582.542217,0.470024,0,363,0,1753,18763,0,MaxPaths=3;Alpha0=0.5;Gamma=0.9;Epsilon0=0.5;RewardW1=0.6;RewardW2=0.4;RewardW3=0;RewardW4=0.2;AdaptiveEpsilon=false;AdaptiveAlpha=false;AdaptiveReward=false;Policy=QLearning;UseMacFeedback=true;DelayRef=0.01;HopByHop=false;UseRerrBump=true;QueueHighThreshold=0.7;QueueLowThreshold=0.3;QueueRewardWeight=0.1;AdaptiveQueueWeight=true;QueueWeightMax=0.4;QueueWeightKappa=0.2;FailurePenalty=0.5;QueueAwareSelect=true;QueueDrivenExploration=true;QueueSelectBeta=0.5;AckSilenceDecay=true;AckSilenceThreshold=+1.5e+10ns;DecayFactor=0.92;DecayMinTx=3;DecayInterval=+1e+10ns;TrendEpsilon=true;TrendInterval=+1e+09ns;TrendDelta=0.05;TrendWindow=3;TrendBump=0.1;TrendCap=0.5;QueueRefPackets=20;
QSQMAODV,B_N40_pi025|QSQ_src_FULL_QDE,15,40,39,0.25,512,5.0,0.85,1000.0,1000.0,300.0,16.0,0.0,0,0,0,3,200.0,30324,8896,0.293365,4.927015,83.403895,112.848145,71.666829,205117,10018608,208.554157,23.057217,0.300866,0.594629,1.0,0.064419,0.358289,165127,23448,0,45037,51,0,0.0,0,4.205128,17.779487,37.776923,46198.242591,0.337159,141,4159,0,29639,20310,0,MaxPaths=3;Alpha0=0.5;Gamma=0.9;Epsilon0=0.5;RewardW1=0.6;RewardW2=0.4;RewardW3=0;RewardW4=0.2;AdaptiveEpsilon=false;AdaptiveAlpha=false;AdaptiveReward=false;Policy=QLearning;UseMacFeedback=true;DelayRef=0.01;HopByHop=false;UseRerrBump=true;QueueHighThreshold=0.7;QueueLowThreshold=0.3;QueueRewardWeight=0.1;AdaptiveQueueWeight=true;QueueWeightMax=0.4;QueueWeightKappa=0.2;FailurePenalty=0.5;QueueAwareSelect=true;QueueDrivenExploration=true;QueueSelectBeta=0.5;AckSilenceDecay=true;AckSilenceThreshold=+1.5e+10ns;DecayFactor=0.92;DecayMinTx=3;DecayInterval=+1e+10ns;TrendEpsilon=true;TrendInterval=+1e+09ns;TrendDelta=0.05;TrendWindow=3;TrendBump=0.1;TrendCap=0.5;QueueRefPackets=20;
QSQMAODV,B_N40_pi025|QSQ_src_FULL_QDE,16,40,39,0.25,512,5.0,0.85,1000.0,1000.0,300.0,16.0,0.0,0,0,0,3,200.0,30324,10878,0.358726,6.024738,16.714586,25.252793,22.710014,67008,3236066,55.090226,6.159956,0.135546,0.351503,1.0,0.060287,0.220049,102223,4210,0,31516,6,0,0.0,0,4.392308,17.798718,37.935897,47891.422584,0.382173,213,646,0,5120,18481,0,MaxPaths=3;Alpha0=0.5;Gamma=0.9;Epsilon0=0.5;RewardW1=0.6;RewardW2=0.4;RewardW3=0;RewardW4=0.2;AdaptiveEpsilon=false;AdaptiveAlpha=false;AdaptiveReward=false;Policy=QLearning;UseMacFeedback=true;DelayRef=0.01;HopByHop=false;UseRerrBump=true;QueueHighThreshold=0.7;QueueLowThreshold=0.3;QueueRewardWeight=0.1;AdaptiveQueueWeight=true;QueueWeightMax=0.4;QueueWeightKappa=0.2;FailurePenalty=0.5;QueueAwareSelect=true;QueueDrivenExploration=true;QueueSelectBeta=0.5;AckSilenceDecay=true;AckSilenceThreshold=+1.5e+10ns;DecayFactor=0.92;DecayMinTx=3;DecayInterval=+1e+10ns;TrendEpsilon=true;TrendInterval=+1e+09ns;TrendDelta=0.05;TrendWindow=3;TrendBump=0.1;TrendCap=0.5;QueueRefPackets=20;
QSQMAODV,B_N40_pi025|QSQ_src_FULL_QDE,17,40,39,0.25,512,5.0,0.85,1000.0,1000.0,300.0,16.0,0.0,0,0,0,3,200.0,30324,10849,0.357769,6.008677,26.973831,38.19969,31.07535,77199,3743628,63.90123,7.115771,0.184095,0.391178,1.0,0.035935,0.222491,83030,7012,0,35605,13,0,0.0,0,4.794872,17.575641,38.305128,42102.914699,0.290133,1,1211,0,8634,18536,0,MaxPaths=3;Alpha0=0.5;Gamma=0.9;Epsilon0=0.5;RewardW1=0.6;RewardW2=0.4;RewardW3=0;RewardW4=0.2;AdaptiveEpsilon=false;AdaptiveAlpha=false;AdaptiveReward=false;Policy=QLearning;UseMacFeedback=true;DelayRef=0.01;HopByHop=false;UseRerrBump=true;QueueHighThreshold=0.7;QueueLowThreshold=0.3;QueueRewardWeight=0.1;AdaptiveQueueWeight=true;QueueWeightMax=0.4;QueueWeightKappa=0.2;FailurePenalty=0.5;QueueAwareSelect=true;QueueDrivenExploration=true;QueueSelectBeta=0.5;AckSilenceDecay=true;AckSilenceThreshold=+1.5e+10ns;DecayFactor=0.92;DecayMinTx=3;DecayInterval=+1e+10ns;TrendEpsilon=true;TrendInterval=+1e+09ns;TrendDelta=0.05;TrendWindow=3;TrendBump=0.1;TrendCap=0.5;QueueRefPackets=20;
QSQMAODV,B_N40_pi025|QSQ_src_FULL_QDE,18,40,39,0.25,512,5.0,0.85,1000.0,1000.0,300.0,16.0,0.0,0,0,0,3,200.0,30324,11038,0.364002,6.113354,42.3929,53.688353,48.069229,135068,6567824,110.188775,12.236637,0.222097,0.491724,1.0,0.047967,0.287348,129508,11737,0,41782,25,0,0.0,0,4.542308,17.075641,37.641026,45453.021689,0.385173,0,2831,0,14639,18264,0,MaxPaths=3;Alpha0=0.5;Gamma=0.9;Epsilon0=0.5;RewardW1=0.6;RewardW2=0.4;RewardW3=0;RewardW4=0.2;AdaptiveEpsilon=false;AdaptiveAlpha=false;AdaptiveReward=false;Policy=QLearning;UseMacFeedback=true;DelayRef=0.01;HopByHop=false;UseRerrBump=true;QueueHighThreshold=0.7;QueueLowThreshold=0.3;QueueRewardWeight=0.1;AdaptiveQueueWeight=true;QueueWeightMax=0.4;QueueWeightKappa=0.2;FailurePenalty=0.5;QueueAwareSelect=true;QueueDrivenExploration=true;QueueSelectBeta=0.5;AckSilenceDecay=true;AckSilenceThreshold=+1.5e+10ns;DecayFactor=0.92;DecayMinTx=3;DecayInterval=+1e+10ns;TrendEpsilon=true;TrendInterval=+1e+09ns;TrendDelta=0.05;TrendWindow=3;TrendBump=0.1;TrendCap=0.5;QueueRefPackets=20;
QSQMAODV,B_N40_pi025|QSQ_src_FULL_QDE,19,40,39,0.25,512,5.0,0.85,1000.0,1000.0,300.0,16.0,0.0,0,0,0,3,200.0,30324,13743,0.453205,7.611508,34.712717,44.876636,37.876539,126972,6172112,83.168428,9.239031,0.223893,0.484797,1.0,0.046224,0.280286,124848,11873,0,34522,28,0,0.0,0,4.292308,17.108974,38.266667,42351.729677,0.497164,0,2269,0,14699,15384,0,MaxPaths=3;Alpha0=0.5;Gamma=0.9;Epsilon0=0.5;RewardW1=0.6;RewardW2=0.4;RewardW3=0;RewardW4=0.2;AdaptiveEpsilon=false;AdaptiveAlpha=false;AdaptiveReward=false;Policy=QLearning;UseMacFeedback=true;DelayRef=0.01;HopByHop=false;UseRerrBump=true;QueueHighThreshold=0.7;QueueLowThreshold=0.3;QueueRewardWeight=0.1;AdaptiveQueueWeight=true;QueueWeightMax=0.4;QueueWeightKappa=0.2;FailurePenalty=0.5;QueueAwareSelect=true;QueueDrivenExploration=true;QueueSelectBeta=0.5;AckSilenceDecay=true;AckSilenceThreshold=+1.5e+10ns;DecayFactor=0.92;DecayMinTx=3;DecayInterval=+1e+10ns;TrendEpsilon=true;TrendInterval=+1e+09ns;TrendDelta=0.05;TrendWindow=3;TrendBump=0.1;TrendCap=0.5;QueueRefPackets=20;
QSQMAODV,B_N40_pi025|QSQ_src_FULL_QDE,2,40,39,0.25,512,5.0,0.85,1000.0,1000.0,300.0,16.0,0.0,0,0,0,3,200.0,30324,9277,0.305929,5.138031,54.778694,85.834026,54.045694,165602,8091584,161.522203,17.850814,0.323077,0.573321,1.0,0.068709,0.356585,134410,20210,0,46151,18,0,0.0,0,5.25641,18.221795,37.553846,46473.394556,0.389131,4,3412,0,26391,19975,0,MaxPaths=3;Alpha0=0.5;Gamma=0.9;Epsilon0=0.5;RewardW1=0.6;RewardW2=0.4;RewardW3=0;RewardW4=0.2;AdaptiveEpsilon=false;AdaptiveAlpha=false;AdaptiveReward=false;Policy=QLearning;UseMacFeedback=true;DelayRef=0.01;HopByHop=false;UseRerrBump=true;QueueHighThreshold=0.7;QueueLowThreshold=0.3;QueueRewardWeight=0.1;AdaptiveQueueWeight=true;QueueWeightMax=0.4;QueueWeightKappa=0.2;FailurePenalty=0.5;QueueAwareSelect=true;QueueDrivenExploration=true;QueueSelectBeta=0.5;AckSilenceDecay=true;AckSilenceThreshold=+1.5e+10ns;DecayFactor=0.92;DecayMinTx=3;DecayInterval=+1e+10ns;TrendEpsilon=true;TrendInterval=+1e+09ns;TrendDelta=0.05;TrendWindow=3;TrendBump=0.1;TrendCap=0.5;QueueRefPackets=20;
QSQMAODV,B_N40_pi025|QSQ_src_FULL_QDE,20,40,39,0.25,512,5.0,0.85,1000.0,1000.0,300.0,16.0,0.0,0,0,0,3,200.0,30324,10869,0.358429,6.178168,29.532875,39.448178,33.694741,84308,4093678,69.747771,7.756739,0.176547,0.384112,1.0,0.036672,0.218299,91574,8257,0,19512,10,0,0.0,0,4.580769,18.165385,38.025641,47717.008467,0.385371,0,1250,0,10560,18487,0,MaxPaths=3;Alpha0=0.5;Gamma=0.9;Epsilon0=0.5;RewardW1=0.6;RewardW2=0.4;RewardW3=0;RewardW4=0.2;AdaptiveEpsilon=false;AdaptiveAlpha=false;AdaptiveReward=false;Policy=QLearning;UseMacFeedback=true;DelayRef=0.01;HopByHop=false;UseRerrBump=true;QueueHighThreshold=0.7;QueueLowThreshold=0.3;QueueRewardWeight=0.1;AdaptiveQueueWeight=true;QueueWeightMax=0.4;QueueWeightKappa=0.2;FailurePenalty=0.5;QueueAwareSelect=true;QueueDrivenExploration=true;QueueSelectBeta=0.5;AckSilenceDecay=true;AckSilenceThreshold=+1.5e+10ns;DecayFactor=0.92;DecayMinTx=3;DecayInterval=+1e+10ns;TrendEpsilon=true;TrendInterval=+1e+09ns;TrendDelta=0.05;TrendWindow=3;TrendBump=0.1;TrendCap=0.5;QueueRefPackets=20;
QSQMAODV,B_N40_pi025|QSQ_src_FULL_QDE,3,40,39,0.25,512,5.0,0.85,1000.0,1000.0,300.0,16.0,0.0,0,0,0,3,200.0,30324,9157,0.301972,5.071569,80.349481,98.703758,70.835898,156876,7638288,154.471746,17.131812,0.304663,0.582492,1.0,0.054015,0.326333,118354,19133,0,40133,29,0,0.0,0,5.241026,20.371795,38.325641,47166.525338,0.218144,11,2421,0,25013,20475,0,MaxPaths=3;Alpha0=0.5;Gamma=0.9;Epsilon0=0.5;RewardW1=0.6;RewardW2=0.4;RewardW3=0;RewardW4=0.2;AdaptiveEpsilon=false;AdaptiveAlpha=false;AdaptiveReward=false;Policy=QLearning;UseMacFeedback=true;DelayRef=0.01;HopByHop=false;UseRerrBump=true;QueueHighThreshold=0.7;QueueLowThreshold=0.3;QueueRewardWeight=0.1;AdaptiveQueueWeight=true;QueueWeightMax=0.4;QueueWeightKappa=0.2;FailurePenalty=0.5;QueueAwareSelect=true;QueueDrivenExploration=true;QueueSelectBeta=0.5;AckSilenceDecay=true;AckSilenceThreshold=+1.5e+10ns;DecayFactor=0.92;DecayMinTx=3;DecayInterval=+1e+10ns;TrendEpsilon=true;TrendInterval=+1e+09ns;TrendDelta=0.05;TrendWindow=3;TrendBump=0.1;TrendCap=0.5;QueueRefPackets=20;
QSQMAODV,B_N40_pi025|QSQ_src_FULL_QDE,4,40,39,0.25,512,5.0,0.85,1000.0,1000.0,300.0,16.0,0.0,0,0,0,3,200.0,30324,8345,0.275195,4.621846,34.618535,43.722103,38.563633,126534,6121764,135.849011,15.162852,0.229298,0.481849,1.0,0.047784,0.277042,119098,11328,0,53422,22,0,0.0,0,4.730769,17.823077,38.138462,44585.861062,0.311898,2,2331,0,14500,20940,0,MaxPaths=3;Alpha0=0.5;Gamma=0.9;Epsilon0=0.5;RewardW1=0.6;RewardW2=0.4;RewardW3=0;RewardW4=0.2;AdaptiveEpsilon=false;AdaptiveAlpha=false;AdaptiveReward=false;Policy=QLearning;UseMacFeedback=true;DelayRef=0.01;HopByHop=false;UseRerrBump=true;QueueHighThreshold=0.7;QueueLowThreshold=0.3;QueueRewardWeight=0.1;AdaptiveQueueWeight=true;QueueWeightMax=0.4;QueueWeightKappa=0.2;FailurePenalty=0.5;QueueAwareSelect=true;QueueDrivenExploration=true;QueueSelectBeta=0.5;AckSilenceDecay=true;AckSilenceThreshold=+1.5e+10ns;DecayFactor=0.92;DecayMinTx=3;DecayInterval=+1e+10ns;TrendEpsilon=true;TrendInterval=+1e+09ns;TrendDelta=0.05;TrendWindow=3;TrendBump=0.1;TrendCap=0.5;QueueRefPackets=20;
QSQMAODV,B_N40_pi025|QSQ_src_FULL_QDE,5,40,39,0.25,512,5.0,0.85,1000.0,1000.0,300.0,16.0,0.0,0,0,0,3,200.0,30324,8510,0.280636,4.968,50.082463,143.933592,108.635814,121731,5948880,129.452931,14.304465,0.260093,0.494217,1.0,0.056724,0.293071,104052,12685,0,27955,22,0,0.0,0,5.14359,18.726923,38.091026,40699.174161,0.24258,1,3333,0,16360,20632,0,MaxPaths=3;Alpha0=0.5;Gamma=0.9;Epsilon0=0.5;RewardW1=0.6;RewardW2=0.4;RewardW3=0;RewardW4=0.2;AdaptiveEpsilon=false;AdaptiveAlpha=false;AdaptiveReward=false;Policy=QLearning;UseMacFeedback=true;DelayRef=0.01;HopByHop=false;UseRerrBump=true;QueueHighThreshold=0.7;QueueLowThreshold=0.3;QueueRewardWeight=0.1;AdaptiveQueueWeight=true;QueueWeightMax=0.4;QueueWeightKappa=0.2;FailurePenalty=0.5;QueueAwareSelect=true;QueueDrivenExploration=true;QueueSelectBeta=0.5;AckSilenceDecay=true;AckSilenceThreshold=+1.5e+10ns;DecayFactor=0.92;DecayMinTx=3;DecayInterval=+1e+10ns;TrendEpsilon=true;TrendInterval=+1e+09ns;TrendDelta=0.05;TrendWindow=3;TrendBump=0.1;TrendCap=0.5;QueueRefPackets=20;
QSQMAODV,B_N40_pi025|QSQ_src_FULL_QDE,6,40,39,0.25,512,5.0,0.85,1000.0,1000.0,300.0,16.0,0.0,0,0,0,3,200.0,30324,8303,0.27381,4.598585,52.618626,100.041513,70.775086,102823,5006030,111.651523,12.383837,0.195967,0.405941,1.0,0.041334,0.232517,107370,10609,0,26867,11,0,0.0,0,4.673077,17.975641,37.770513,43873.434179,0.266653,0,1672,0,14019,21198,0,MaxPaths=3;Alpha0=0.5;Gamma=0.9;Epsilon0=0.5;RewardW1=0.6;RewardW2=0.4;RewardW3=0;RewardW4=0.2;AdaptiveEpsilon=false;AdaptiveAlpha=false;AdaptiveReward=false;Policy=QLearning;UseMacFeedback=true;DelayRef=0.01;HopByHop=false;UseRerrBump=true;QueueHighThreshold=0.7;QueueLowThreshold=0.3;QueueRewardWeight=0.1;AdaptiveQueueWeight=true;QueueWeightMax=0.4;QueueWeightKappa=0.2;FailurePenalty=0.5;QueueAwareSelect=true;QueueDrivenExploration=true;QueueSelectBeta=0.5;AckSilenceDecay=true;AckSilenceThreshold=+1.5e+10ns;DecayFactor=0.92;DecayMinTx=3;DecayInterval=+1e+10ns;TrendEpsilon=true;TrendInterval=+1e+09ns;TrendDelta=0.05;TrendWindow=3;TrendBump=0.1;TrendCap=0.5;QueueRefPackets=20;
QSQMAODV,B_N40_pi025|QSQ_src_FULL_QDE,7,40,39,0.25,512,5.0,0.85,1000.0,1000.0,300.0,16.0,0.0,0,0,0,3,200.0,30324,11712,0.386229,6.486646,48.87014,59.82644,51.539561,141641,6853498,108.364609,12.093665,0.174029,0.465551,1.0,0.038076,0.251897,143413,10468,0,49543,16,0,0.0,0,4.529487,18.334615,38.108974,51157.007543,0.483511,0,2616,0,12323,17939,0,MaxPaths=3;Alpha0=0.5;Gamma=0.9;Epsilon0=0.5;RewardW1=0.6;RewardW2=0.4;RewardW3=0;RewardW4=0.2;AdaptiveEpsilon=false;AdaptiveAlpha=false;AdaptiveReward=false;Policy=QLearning;UseMacFeedback=true;DelayRef=0.01;HopByHop=false;UseRerrBump=true;QueueHighThreshold=0.7;QueueLowThreshold=0.3;QueueRewardWeight=0.1;AdaptiveQueueWeight=true;QueueWeightMax=0.4;QueueWeightKappa=0.2;FailurePenalty=0.5;QueueAwareSelect=true;QueueDrivenExploration=true;QueueSelectBeta=0.5;AckSilenceDecay=true;AckSilenceThreshold=+1.5e+10ns;DecayFactor=0.92;DecayMinTx=3;DecayInterval=+1e+10ns;TrendEpsilon=true;TrendInterval=+1e+09ns;TrendDelta=0.05;TrendWindow=3;TrendBump=0.1;TrendCap=0.5;QueueRefPackets=20;
QSQMAODV,B_N40_pi025|QSQ_src_FULL_QDE,8,40,39,0.25,512,5.0,0.85,1000.0,1000.0,300.0,16.0,0.0,0,0,0,3,200.0,30324,8404,0.27714,4.654523,21.497251,65.198968,54.11442,46785,2254362,49.675684,5.566992,0.113252,0.272871,1.0,0.021402,0.136062,58299,3864,0,25083,10,0,0.0,0,4.987179,17.914103,37.753846,47125.491912,0.135042,0,338,0,4918,20795,0,MaxPaths=3;Alpha0=0.5;Gamma=0.9;Epsilon0=0.5;RewardW1=0.6;RewardW2=0.4;RewardW3=0;RewardW4=0.2;AdaptiveEpsilon=false;AdaptiveAlpha=false;AdaptiveReward=false;Policy=QLearning;UseMacFeedback=true;DelayRef=0.01;HopByHop=false;UseRerrBump=true;QueueHighThreshold=0.7;QueueLowThreshold=0.3;QueueRewardWeight=0.1;AdaptiveQueueWeight=true;QueueWeightMax=0.4;QueueWeightKappa=0.2;FailurePenalty=0.5;QueueAwareSelect=true;QueueDrivenExploration=true;QueueSelectBeta=0.5;AckSilenceDecay=true;AckSilenceThreshold=+1.5e+10ns;DecayFactor=0.92;DecayMinTx=3;DecayInterval=+1e+10ns;TrendEpsilon=true;TrendInterval=+1e+09ns;TrendDelta=0.05;TrendWindow=3;TrendBump=0.1;TrendCap=0.5;QueueRefPackets=20;
QSQMAODV,B_N40_pi025|QSQ_src_FULL_QDE,9,40,39,0.25,512,5.0,0.85,1000.0,1000.0,300.0,16.0,0.0,0,0,0,3,200.0,30324,10357,0.341545,5.736185,67.621077,80.525589,55.686383,173234,8429886,150.72801,16.726272,0.300205,0.565215,1.0,0.065326,0.347442,147631,20442,0,36841,22,0,0.0,0,4.867949,17.034615,38.008974,44543.640661,0.388933,1,3183,0,26158,18980,0,MaxPaths=3;Alpha0=0.5;Gamma=0.9;Epsilon0=0.5;RewardW1=0.6;RewardW2=0.4;RewardW3=0;RewardW4=0.2;AdaptiveEpsilon=false;AdaptiveAlpha=false;AdaptiveReward=false;Policy=QLearning;UseMacFeedback=true;DelayRef=0.01;HopByHop=false;UseRerrBump=true;QueueHighThreshold=0.7;QueueLowThreshold=0.3;QueueRewardWeight=0.1;AdaptiveQueueWeight=true;QueueWeightMax=0.4;QueueWeightKappa=0.2;FailurePenalty=0.5;QueueAwareSelect=true;QueueDrivenExploration=true;QueueSelectBeta=0.5;AckSilenceDecay=true;AckSilenceThreshold=+1.5e+10ns;DecayFactor=0.92;DecayMinTx=3;DecayInterval=+1e+10ns;TrendEpsilon=true;TrendInterval=+1e+09ns;TrendDelta=0.05;TrendWindow=3;TrendBump=0.1;TrendCap=0.5;QueueRefPackets=20;
QSQMAODV,B_N40_pi025|QSQ_src_FULL,1,40,39,0.25,512,5.0,0.85,1000.0,1000.0,300.0,16.0,0.0,0,0,0,3,200.0,30324,6414,0.211516,3.552369,90.111526,140.779983,115.056103,229687,11251170,324.844091,35.810259,0.34077,0.646407,1.0,0.068935,0.374869,169814,25264,0,64286,55,0,0.0,0,5.021795,18.353846,37.830769,46973.135287,0.255342,55,4955,0,32239,22892,0,MaxPaths=3;Alpha0=0.5;Gamma=0.9;Epsilon0=0.5;RewardW1=0.6;RewardW2=0.4;RewardW3=0;RewardW4=0.2;AdaptiveEpsilon=false;AdaptiveAlpha=false;AdaptiveReward=false;Policy=QLearning;UseMacFeedback=true;DelayRef=0.01;HopByHop=false;UseRerrBump=true;QueueHighThreshold=0.7;QueueLowThreshold=0.3;QueueRewardWeight=0.1;AdaptiveQueueWeight=true;QueueWeightMax=0.4;QueueWeightKappa=0.2;FailurePenalty=0.5;QueueAwareSelect=true;QueueDrivenExploration=false;QueueSelectBeta=0.5;AckSilenceDecay=true;AckSilenceThreshold=+1.5e+10ns;DecayFactor=0.92;DecayMinTx=3;DecayInterval=+1e+10ns;TrendEpsilon=true;TrendInterval=+1e+09ns;TrendDelta=0.05;TrendWindow=3;TrendBump=0.1;TrendCap=0.5;QueueRefPackets=20;
QSQMAODV,B_N40_pi025|QSQ_src_FULL,10,40,39,0.25,512,5.0,0.85,1000.0,1000.0,300.0,16.0,0.0,0,0,0,3,200.0,30324,9941,0.327826,5.505785,46.994259,107.73572,81.440344,103984,5073184,94.505434,10.460115,0.205321,0.442761,1.0,0.039246,0.250675,101539,8630,0,42605,23,0,0.0,0,4.180769,16.15,37.582051,44499.101968,0.271171,0,2159,0,10680,19287,0,MaxPaths=3;Alpha0=0.5;Gamma=0.9;Epsilon0=0.5;RewardW1=0.6;RewardW2=0.4;RewardW3=0;RewardW4=0.2;AdaptiveEpsilon=false;AdaptiveAlpha=false;AdaptiveReward=false;Policy=QLearning;UseMacFeedback=true;DelayRef=0.01;HopByHop=false;UseRerrBump=true;QueueHighThreshold=0.7;QueueLowThreshold=0.3;QueueRewardWeight=0.1;AdaptiveQueueWeight=true;QueueWeightMax=0.4;QueueWeightKappa=0.2;FailurePenalty=0.5;QueueAwareSelect=true;QueueDrivenExploration=false;QueueSelectBeta=0.5;AckSilenceDecay=true;AckSilenceThreshold=+1.5e+10ns;DecayFactor=0.92;DecayMinTx=3;DecayInterval=+1e+10ns;TrendEpsilon=true;TrendInterval=+1e+09ns;TrendDelta=0.05;TrendWindow=3;TrendBump=0.1;TrendCap=0.5;QueueRefPackets=20;
QSQMAODV,B_N40_pi025|QSQ_src_FULL,11,40,39,0.25,512,5.0,0.85,1000.0,1000.0,300.0,16.0,0.0,0,0,0,3,200.0,30324,13708,0.452051,7.592123,12.169411,39.564282,41.961581,33688,1609032,21.736861,2.457543,0.036194,0.165151,1.0,0.007849,0.075345,66150,1157,0,19383,4,0,0.0,0,4.919231,17.382051,37.766667,43624.080201,0.375808,0,245,0,1262,15662,0,MaxPaths=3;Alpha0=0.5;Gamma=0.9;Epsilon0=0.5;RewardW1=0.6;RewardW2=0.4;RewardW3=0;RewardW4=0.2;AdaptiveEpsilon=false;AdaptiveAlpha=false;AdaptiveReward=false;Policy=QLearning;UseMacFeedback=true;DelayRef=0.01;HopByHop=false;UseRerrBump=true;QueueHighThreshold=0.7;QueueLowThreshold=0.3;QueueRewardWeight=0.1;AdaptiveQueueWeight=true;QueueWeightMax=0.4;QueueWeightKappa=0.2;FailurePenalty=0.5;QueueAwareSelect=true;QueueDrivenExploration=false;QueueSelectBeta=0.5;AckSilenceDecay=true;AckSilenceThreshold=+1.5e+10ns;DecayFactor=0.92;DecayMinTx=3;DecayInterval=+1e+10ns;TrendEpsilon=true;TrendInterval=+1e+09ns;TrendDelta=0.05;TrendWindow=3;TrendBump=0.1;TrendCap=0.5;QueueRefPackets=20;
QSQMAODV,B_N40_pi025|QSQ_src_FULL,12,40,39,0.25,512,5.0,0.85,1000.0,1000.0,300.0,16.0,0.0,0,0,0,3,200.0,30324,11870,0.391439,6.574154,41.2224,64.129692,55.054049,107381,5219902,81.436269,9.04642,0.216945,0.454193,1.0,0.035894,0.242314,102686,12433,0,26872,18,0,0.0,0,5.139744,19.394872,38.239744,49553.615743,0.399947,3,1609,0,16217,17325,0,MaxPaths=3;Alpha0=0.5;Gamma=0.9;Epsilon0=0.5;RewardW1=0.6;RewardW2=0.4;RewardW3=0;RewardW4=0.2;AdaptiveEpsilon=false;AdaptiveAlpha=false;AdaptiveReward=false;Policy=QLearning;UseMacFeedback=true;DelayRef=0.01;HopByHop=false;UseRerrBump=true;QueueHighThreshold=0.7;QueueLowThreshold=0.3;QueueRewardWeight=0.1;AdaptiveQueueWeight=true;QueueWeightMax=0.4;QueueWeightKappa=0.2;FailurePenalty=0.5;QueueAwareSelect=true;QueueDrivenExploration=false;QueueSelectBeta=0.5;AckSilenceDecay=true;AckSilenceThreshold=+1.5e+10ns;DecayFactor=0.92;DecayMinTx=3;DecayInterval=+1e+10ns;TrendEpsilon=true;TrendInterval=+1e+09ns;TrendDelta=0.05;TrendWindow=3;TrendBump=0.1;TrendCap=0.5;QueueRefPackets=20;
QSQMAODV,B_N40_pi025|QSQ_src_FULL,13,40,39,0.25,512,5.0,0.85,1000.0,1000.0,300.0,16.0,0.0,0,0,0,3,200.0,30324,10978,0.362023,6.080123,51.539563,110.047906,82.943125,111186,5399572,91.084054,10.128074,0.276489,0.531408,1.0,0.043969,0.283485,101652,12595,0,53862,28,0,0.0,0,5.116667,19.062821,38.3,48813.335603,0.330233,0,1875,0,15864,18282,0,MaxPaths=3;Alpha0=0.5;Gamma=0.9;Epsilon0=0.5;RewardW1=0.6;RewardW2=0.4;RewardW3=0;RewardW4=0.2;AdaptiveEpsilon=false;AdaptiveAlpha=false;AdaptiveReward=false;Policy=QLearning;UseMacFeedback=true;DelayRef=0.01;HopByHop=false;UseRerrBump=true;QueueHighThreshold=0.7;QueueLowThreshold=0.3;QueueRewardWeight=0.1;AdaptiveQueueWeight=true;QueueWeightMax=0.4;QueueWeightKappa=0.2;FailurePenalty=0.5;QueueAwareSelect=true;QueueDrivenExploration=false;QueueSelectBeta=0.5;AckSilenceDecay=true;AckSilenceThreshold=+1.5e+10ns;DecayFactor=0.92;DecayMinTx=3;DecayInterval=+1e+10ns;TrendEpsilon=true;TrendInterval=+1e+09ns;TrendDelta=0.05;TrendWindow=3;TrendBump=0.1;TrendCap=0.5;QueueRefPackets=20;
QSQMAODV,B_N40_pi025|QSQ_src_FULL,14,40,39,0.25,512,5.0,0.85,1000.0,1000.0,300.0,16.0,0.0,0,0,0,3,200.0,30324,9438,0.311239,5.2272,59.949224,98.462345,81.517615,106434,5179468,101.627542,11.277177,0.190223,0.450755,1.0,0.041107,0.251521,113166,8933,0,50233,20,0,0.0,0,4.50641,16.624359,37.552564,46582.542217,0.356384,34,2542,0,10717,19748,0,MaxPaths=3;Alpha0=0.5;Gamma=0.9;Epsilon0=0.5;RewardW1=0.6;RewardW2=0.4;RewardW3=0;RewardW4=0.2;AdaptiveEpsilon=false;AdaptiveAlpha=false;AdaptiveReward=false;Policy=QLearning;UseMacFeedback=true;DelayRef=0.01;HopByHop=false;UseRerrBump=true;QueueHighThreshold=0.7;QueueLowThreshold=0.3;QueueRewardWeight=0.1;AdaptiveQueueWeight=true;QueueWeightMax=0.4;QueueWeightKappa=0.2;FailurePenalty=0.5;QueueAwareSelect=true;QueueDrivenExploration=false;QueueSelectBeta=0.5;AckSilenceDecay=true;AckSilenceThreshold=+1.5e+10ns;DecayFactor=0.92;DecayMinTx=3;DecayInterval=+1e+10ns;TrendEpsilon=true;TrendInterval=+1e+09ns;TrendDelta=0.05;TrendWindow=3;TrendBump=0.1;TrendCap=0.5;QueueRefPackets=20;
QSQMAODV,B_N40_pi025|QSQ_src_FULL,15,40,39,0.25,512,5.0,0.85,1000.0,1000.0,300.0,16.0,0.0,0,0,0,3,200.0,30324,10178,0.335642,5.637046,35.26286,39.880188,33.021897,157750,7724042,140.536269,15.499116,0.324498,0.579222,1.0,0.057572,0.346188,123512,20674,0,34692,30,0,0.0,0,4.205128,17.779487,37.776923,46198.242591,0.306721,0,2892,0,27116,18952,0,MaxPaths=3;Alpha0=0.5;Gamma=0.9;Epsilon0=0.5;RewardW1=0.6;RewardW2=0.4;RewardW3=0;RewardW4=0.2;AdaptiveEpsilon=false;AdaptiveAlpha=false;AdaptiveReward=false;Policy=QLearning;UseMacFeedback=true;DelayRef=0.01;HopByHop=false;UseRerrBump=true;QueueHighThreshold=0.7;QueueLowThreshold=0.3;QueueRewardWeight=0.1;AdaptiveQueueWeight=true;QueueWeightMax=0.4;QueueWeightKappa=0.2;FailurePenalty=0.5;QueueAwareSelect=true;QueueDrivenExploration=false;QueueSelectBeta=0.5;AckSilenceDecay=true;AckSilenceThreshold=+1.5e+10ns;DecayFactor=0.92;DecayMinTx=3;DecayInterval=+1e+10ns;TrendEpsilon=true;TrendInterval=+1e+09ns;TrendDelta=0.05;TrendWindow=3;TrendBump=0.1;TrendCap=0.5;QueueRefPackets=20;
QSQMAODV,B_N40_pi025|QSQ_src_FULL,16,40,39,0.25,512,5.0,0.85,1000.0,1000.0,300.0,16.0,0.0,0,0,0,3,200.0,30324,10880,0.358792,6.025846,46.7714,52.889227,47.098038,124230,6038130,102.773182,11.418199,0.218522,0.477309,1.0,0.040311,0.259292,111683,11856,0,36378,15,0,0.0,0,4.392308,17.798718,37.935897,47891.422584,0.43055,0,1907,0,14975,18603,0,MaxPaths=3;Alpha0=0.5;Gamma=0.9;Epsilon0=0.5;RewardW1=0.6;RewardW2=0.4;RewardW3=0;RewardW4=0.2;AdaptiveEpsilon=false;AdaptiveAlpha=false;AdaptiveReward=false;Policy=QLearning;UseMacFeedback=true;DelayRef=0.01;HopByHop=false;UseRerrBump=true;QueueHighThreshold=0.7;QueueLowThreshold=0.3;QueueRewardWeight=0.1;AdaptiveQueueWeight=true;QueueWeightMax=0.4;QueueWeightKappa=0.2;FailurePenalty=0.5;QueueAwareSelect=true;QueueDrivenExploration=false;QueueSelectBeta=0.5;AckSilenceDecay=true;AckSilenceThreshold=+1.5e+10ns;DecayFactor=0.92;DecayMinTx=3;DecayInterval=+1e+10ns;TrendEpsilon=true;TrendInterval=+1e+09ns;TrendDelta=0.05;TrendWindow=3;TrendBump=0.1;TrendCap=0.5;QueueRefPackets=20;
QSQMAODV,B_N40_pi025|QSQ_src_FULL,17,40,39,0.25,512,5.0,0.85,1000.0,1000.0,300.0,16.0,0.0,0,0,0,3,200.0,30324,9689,0.319516,5.366215,27.05955,64.91607,35.748903,61863,3005650,57.44678,6.384869,0.144531,0.335174,1.0,0.025706,0.176831,74392,5465,0,36315,12,0,0.0,0,4.794872,17.575641,38.305128,42102.914699,0.229587,0,817,0,6686,19316,0,MaxPaths=3;Alpha0=0.5;Gamma=0.9;Epsilon0=0.5;RewardW1=0.6;RewardW2=0.4;RewardW3=0;RewardW4=0.2;AdaptiveEpsilon=false;AdaptiveAlpha=false;AdaptiveReward=false;Policy=QLearning;UseMacFeedback=true;DelayRef=0.01;HopByHop=false;UseRerrBump=true;QueueHighThreshold=0.7;QueueLowThreshold=0.3;QueueRewardWeight=0.1;AdaptiveQueueWeight=true;QueueWeightMax=0.4;QueueWeightKappa=0.2;FailurePenalty=0.5;QueueAwareSelect=true;QueueDrivenExploration=false;QueueSelectBeta=0.5;AckSilenceDecay=true;AckSilenceThreshold=+1.5e+10ns;DecayFactor=0.92;DecayMinTx=3;DecayInterval=+1e+10ns;TrendEpsilon=true;TrendInterval=+1e+09ns;TrendDelta=0.05;TrendWindow=3;TrendBump=0.1;TrendCap=0.5;QueueRefPackets=20;
QSQMAODV,B_N40_pi025|QSQ_src_FULL,18,40,39,0.25,512,5.0,0.85,1000.0,1000.0,300.0,16.0,0.0,0,0,0,3,200.0,30324,10592,0.349294,5.866338,40.201431,43.111923,35.521824,119843,5848546,102.253028,11.314483,0.240451,0.484543,1.0,0.046967,0.281008,118952,11671,0,43652,16,0,0.0,0,4.542308,17.075641,37.641026,45453.021689,0.411324,0,2549,0,14801,18706,0,MaxPaths=3;Alpha0=0.5;Gamma=0.9;Epsilon0=0.5;RewardW1=0.6;RewardW2=0.4;RewardW3=0;RewardW4=0.2;AdaptiveEpsilon=false;AdaptiveAlpha=false;AdaptiveReward=false;Policy=QLearning;UseMacFeedback=true;DelayRef=0.01;HopByHop=false;UseRerrBump=true;QueueHighThreshold=0.7;QueueLowThreshold=0.3;QueueRewardWeight=0.1;AdaptiveQueueWeight=true;QueueWeightMax=0.4;QueueWeightKappa=0.2;FailurePenalty=0.5;QueueAwareSelect=true;QueueDrivenExploration=false;QueueSelectBeta=0.5;AckSilenceDecay=true;AckSilenceThreshold=+1.5e+10ns;DecayFactor=0.92;DecayMinTx=3;DecayInterval=+1e+10ns;TrendEpsilon=true;TrendInterval=+1e+09ns;TrendDelta=0.05;TrendWindow=3;TrendBump=0.1;TrendCap=0.5;QueueRefPackets=20;
QSQMAODV,B_N40_pi025|QSQ_src_FULL,19,40,39,0.25,512,5.0,0.85,1000.0,1000.0,300.0,16.0,0.0,0,0,0,3,200.0,30324,15044,0.496109,8.332062,18.158101,34.601273,23.282926,61999,3001066,36.941835,4.121178,0.158139,0.340365,1.0,0.028641,0.192309,80504,5798,0,34141,13,0,0.0,0,4.292308,17.108974,38.266667,42351.729677,0.520644,0,983,0,7231,14423,0,MaxPaths=3;Alpha0=0.5;Gamma=0.9;Epsilon0=0.5;RewardW1=0.6;RewardW2=0.4;RewardW3=0;RewardW4=0.2;AdaptiveEpsilon=false;AdaptiveAlpha=false;AdaptiveReward=false;Policy=QLearning;UseMacFeedback=true;DelayRef=0.01;HopByHop=false;UseRerrBump=true;QueueHighThreshold=0.7;QueueLowThreshold=0.3;QueueRewardWeight=0.1;AdaptiveQueueWeight=true;QueueWeightMax=0.4;QueueWeightKappa=0.2;FailurePenalty=0.5;QueueAwareSelect=true;QueueDrivenExploration=false;QueueSelectBeta=0.5;AckSilenceDecay=true;AckSilenceThreshold=+1.5e+10ns;DecayFactor=0.92;DecayMinTx=3;DecayInterval=+1e+10ns;TrendEpsilon=true;TrendInterval=+1e+09ns;TrendDelta=0.05;TrendWindow=3;TrendBump=0.1;TrendCap=0.5;QueueRefPackets=20;
QSQMAODV,B_N40_pi025|QSQ_src_FULL,2,40,39,0.25,512,5.0,0.85,1000.0,1000.0,300.0,16.0,0.0,0,0,0,3,200.0,30324,9849,0.324792,5.454831,31.848641,37.959772,33.380034,72707,3502726,65.859779,7.382171,0.117581,0.345616,1.0,0.02354,0.167748,93375,4713,0,35565,12,0,0.0,0,5.25641,18.221795,37.553846,46473.394556,0.389625,0,831,0,5567,19130,0,MaxPaths=3;Alpha0=0.5;Gamma=0.9;Epsilon0=0.5;RewardW1=0.6;RewardW2=0.4;RewardW3=0;RewardW4=0.2;AdaptiveEpsilon=false;AdaptiveAlpha=false;AdaptiveReward=false;Policy=QLearning;UseMacFeedback=true;DelayRef=0.01;HopByHop=false;UseRerrBump=true;QueueHighThreshold=0.7;QueueLowThreshold=0.3;QueueRewardWeight=0.1;AdaptiveQueueWeight=true;QueueWeightMax=0.4;QueueWeightKappa=0.2;FailurePenalty=0.5;QueueAwareSelect=true;QueueDrivenExploration=false;QueueSelectBeta=0.5;AckSilenceDecay=true;AckSilenceThreshold=+1.5e+10ns;DecayFactor=0.92;DecayMinTx=3;DecayInterval=+1e+10ns;TrendEpsilon=true;TrendInterval=+1e+09ns;TrendDelta=0.05;TrendWindow=3;TrendBump=0.1;TrendCap=0.5;QueueRefPackets=20;
QSQMAODV,B_N40_pi025|QSQ_src_FULL,20,40,39,0.25,512,5.0,0.85,1000.0,1000.0,300.0,16.0,0.0,0,0,0,3,200.0,30324,11802,0.389197,6.536492,42.153584,75.300457,50.603496,103009,5016174,78.708788,8.728097,0.221111,0.442991,1.0,0.036949,0.244898,98729,11450,0,39160,20,0,0.0,0,4.580769,18.165385,38.025641,47717.008467,0.372675,0,1749,0,14860,17827,0,MaxPaths=3;Alpha0=0.5;Gamma=0.9;Epsilon0=0.5;RewardW1=0.6;RewardW2=0.4;RewardW3=0;RewardW4=0.2;AdaptiveEpsilon=false;AdaptiveAlpha=false;AdaptiveReward=false;Policy=QLearning;UseMacFeedback=true;DelayRef=0.01;HopByHop=false;UseRerrBump=true;QueueHighThreshold=0.7;QueueLowThreshold=0.3;QueueRewardWeight=0.1;AdaptiveQueueWeight=true;QueueWeightMax=0.4;QueueWeightKappa=0.2;FailurePenalty=0.5;QueueAwareSelect=true;QueueDrivenExploration=false;QueueSelectBeta=0.5;AckSilenceDecay=true;AckSilenceThreshold=+1.5e+10ns;DecayFactor=0.92;DecayMinTx=3;DecayInterval=+1e+10ns;TrendEpsilon=true;TrendInterval=+1e+09ns;TrendDelta=0.05;TrendWindow=3;TrendBump=0.1;TrendCap=0.5;QueueRefPackets=20;
QSQMAODV,B_N40_pi025|QSQ_src_FULL,3,40,39,0.25,512,5.0,0.85,1000.0,1000.0,300.0,16.0,0.0,0,0,0,3,200.0,30324,9291,0.306391,5.5746,61.966171,80.158189,47.695473,124036,6067124,120.927939,13.350124,0.34184,0.563497,1.0,0.056791,0.314453,89248,18106,0,18806,20,0,0.0,0,5.241026,20.371795,38.325641,47166.525338,0.208185,0,1825,0,24162,20357,0,MaxPaths=3;Alpha0=0.5;Gamma=0.9;Epsilon0=0.5;RewardW1=0.6;RewardW2=0.4;RewardW3=0;RewardW4=0.2;AdaptiveEpsilon=false;AdaptiveAlpha=false;AdaptiveReward=false;Policy=QLearning;UseMacFeedback=true;DelayRef=0.01;HopByHop=false;UseRerrBump=true;QueueHighThreshold=0.7;QueueLowThreshold=0.3;QueueRewardWeight=0.1;AdaptiveQueueWeight=true;QueueWeightMax=0.4;QueueWeightKappa=0.2;FailurePenalty=0.5;QueueAwareSelect=true;QueueDrivenExploration=false;QueueSelectBeta=0.5;AckSilenceDecay=true;AckSilenceThreshold=+1.5e+10ns;DecayFactor=0.92;DecayMinTx=3;DecayInterval=+1e+10ns;TrendEpsilon=true;TrendInterval=+1e+09ns;TrendDelta=0.05;TrendWindow=3;TrendBump=0.1;TrendCap=0.5;QueueRefPackets=20;
QSQMAODV,B_N40_pi025|QSQ_src_FULL,4,40,39,0.25,512,5.0,0.85,1000.0,1000.0,300.0,16.0,0.0,0,0,0,3,200.0,30324,7495,0.247164,4.151077,58.300016,124.376193,92.80136,177709,8659320,213.953006,23.71034,0.327673,0.596239,1.0,0.06395,0.35176,137821,20222,0,56175,22,0,0.0,0,4.730769,17.823077,38.138462,44585.861062,0.309524,1,3514,0,26359,21717,0,MaxPaths=3;Alpha0=0.5;Gamma=0.9;Epsilon0=0.5;RewardW1=0.6;RewardW2=0.4;RewardW3=0;RewardW4=0.2;AdaptiveEpsilon=false;AdaptiveAlpha=false;AdaptiveReward=false;Policy=QLearning;UseMacFeedback=true;DelayRef=0.01;HopByHop=false;UseRerrBump=true;QueueHighThreshold=0.7;QueueLowThreshold=0.3;QueueRewardWeight=0.1;AdaptiveQueueWeight=true;QueueWeightMax=0.4;QueueWeightKappa=0.2;FailurePenalty=0.5;QueueAwareSelect=true;QueueDrivenExploration=false;QueueSelectBeta=0.5;AckSilenceDecay=true;AckSilenceThreshold=+1.5e+10ns;DecayFactor=0.92;DecayMinTx=3;DecayInterval=+1e+10ns;TrendEpsilon=true;TrendInterval=+1e+09ns;TrendDelta=0.05;TrendWindow=3;TrendBump=0.1;TrendCap=0.5;QueueRefPackets=20;
QSQMAODV,B_N40_pi025|QSQ_src_FULL,5,40,39,0.25,512,5.0,0.85,1000.0,1000.0,300.0,16.0,0.0,0,0,0,3,200.0,30324,8267,0.272622,4.578646,58.216468,84.148219,67.716567,170680,8350228,187.049537,20.645942,0.313301,0.589903,1.0,0.057725,0.334771,127367,18752,0,43072,39,0,0.0,0,5.14359,18.726923,38.091026,40699.174161,0.285088,0,4282,0,23750,20805,0,MaxPaths=3;Alpha0=0.5;Gamma=0.9;Epsilon0=0.5;RewardW1=0.6;RewardW2=0.4;RewardW3=0;RewardW4=0.2;AdaptiveEpsilon=false;AdaptiveAlpha=false;AdaptiveReward=false;Policy=QLearning;UseMacFeedback=true;DelayRef=0.01;HopByHop=false;UseRerrBump=true;QueueHighThreshold=0.7;QueueLowThreshold=0.3;QueueRewardWeight=0.1;AdaptiveQueueWeight=true;QueueWeightMax=0.4;QueueWeightKappa=0.2;FailurePenalty=0.5;QueueAwareSelect=true;QueueDrivenExploration=false;QueueSelectBeta=0.5;AckSilenceDecay=true;AckSilenceThreshold=+1.5e+10ns;DecayFactor=0.92;DecayMinTx=3;DecayInterval=+1e+10ns;TrendEpsilon=true;TrendInterval=+1e+09ns;TrendDelta=0.05;TrendWindow=3;TrendBump=0.1;TrendCap=0.5;QueueRefPackets=20;
QSQMAODV,B_N40_pi025|QSQ_src_FULL,6,40,39,0.25,512,5.0,0.85,1000.0,1000.0,300.0,16.0,0.0,0,0,0,3,200.0,30324,11320,0.373302,6.269538,60.932169,62.190868,52.624647,161301,7874688,128.822929,14.249205,0.273274,0.553837,1.0,0.051679,0.309967,136484,17351,0,45475,27,0,0.0,0,4.673077,17.975641,37.770513,43873.434179,0.576408,1,2813,0,21725,18235,0,MaxPaths=3;Alpha0=0.5;Gamma=0.9;Epsilon0=0.5;RewardW1=0.6;RewardW2=0.4;RewardW3=0;RewardW4=0.2;AdaptiveEpsilon=false;AdaptiveAlpha=false;AdaptiveReward=false;Policy=QLearning;UseMacFeedback=true;DelayRef=0.01;HopByHop=false;UseRerrBump=true;QueueHighThreshold=0.7;QueueLowThreshold=0.3;QueueRewardWeight=0.1;AdaptiveQueueWeight=true;QueueWeightMax=0.4;QueueWeightKappa=0.2;FailurePenalty=0.5;QueueAwareSelect=true;QueueDrivenExploration=false;QueueSelectBeta=0.5;AckSilenceDecay=true;AckSilenceThreshold=+1.5e+10ns;DecayFactor=0.92;DecayMinTx=3;DecayInterval=+1e+10ns;TrendEpsilon=true;TrendInterval=+1e+09ns;TrendDelta=0.05;TrendWindow=3;TrendBump=0.1;TrendCap=0.5;QueueRefPackets=20;
QSQMAODV,B_N40_pi025|QSQ_src_FULL,7,40,39,0.25,512,5.0,0.85,1000.0,1000.0,300.0,16.0,0.0,0,0,0,3,200.0,30324,9923,0.327233,5.640442,42.024957,75.188225,44.657235,107488,5223012,97.472986,10.832208,0.217855,0.459243,1.0,0.040061,0.242737,100491,11495,0,25764,12,0,0.0,0,4.529487,18.334615,38.108974,51157.007543,0.252572,0,1502,0,14577,19302,0,MaxPaths=3;Alpha0=0.5;Gamma=0.9;Epsilon0=0.5;RewardW1=0.6;RewardW2=0.4;RewardW3=0;RewardW4=0.2;AdaptiveEpsilon=false;AdaptiveAlpha=false;AdaptiveReward=false;Policy=QLearning;UseMacFeedback=true;DelayRef=0.01;HopByHop=false;UseRerrBump=true;QueueHighThreshold=0.7;QueueLowThreshold=0.3;QueueRewardWeight=0.1;AdaptiveQueueWeight=true;QueueWeightMax=0.4;QueueWeightKappa=0.2;FailurePenalty=0.5;QueueAwareSelect=true;QueueDrivenExploration=false;QueueSelectBeta=0.5;AckSilenceDecay=true;AckSilenceThreshold=+1.5e+10ns;DecayFactor=0.92;DecayMinTx=3;DecayInterval=+1e+10ns;TrendEpsilon=true;TrendInterval=+1e+09ns;TrendDelta=0.05;TrendWindow=3;TrendBump=0.1;TrendCap=0.5;QueueRefPackets=20;
QSQMAODV,B_N40_pi025|QSQ_src_FULL,8,40,39,0.25,512,5.0,0.85,1000.0,1000.0,300.0,16.0,0.0,0,0,0,3,200.0,30324,7382,0.243438,4.088492,55.641677,111.939098,90.360538,91027,4436752,111.300561,12.33094,0.222532,0.4291,1.0,0.034819,0.229561,83776,11119,0,39907,14,0,0.0,0,4.987179,17.914103,37.753846,47125.491912,0.180418,0,1292,0,14690,22070,0,MaxPaths=3;Alpha0=0.5;Gamma=0.9;Epsilon0=0.5;RewardW1=0.6;RewardW2=0.4;RewardW3=0;RewardW4=0.2;AdaptiveEpsilon=false;AdaptiveAlpha=false;AdaptiveReward=false;Policy=QLearning;UseMacFeedback=true;DelayRef=0.01;HopByHop=false;UseRerrBump=true;QueueHighThreshold=0.7;QueueLowThreshold=0.3;QueueRewardWeight=0.1;AdaptiveQueueWeight=true;QueueWeightMax=0.4;QueueWeightKappa=0.2;FailurePenalty=0.5;QueueAwareSelect=true;QueueDrivenExploration=false;QueueSelectBeta=0.5;AckSilenceDecay=true;AckSilenceThreshold=+1.5e+10ns;DecayFactor=0.92;DecayMinTx=3;DecayInterval=+1e+10ns;TrendEpsilon=true;TrendInterval=+1e+09ns;TrendDelta=0.05;TrendWindow=3;TrendBump=0.1;TrendCap=0.5;QueueRefPackets=20;
QSQMAODV,B_N40_pi025|QSQ_src_FULL,9,40,39,0.25,512,5.0,0.85,1000.0,1000.0,300.0,16.0,0.0,0,0,0,3,200.0,30324,13283,0.438036,7.356738,40.781815,99.3497,100.164036,122350,5956890,83.04809,9.211022,0.261514,0.504587,1.0,0.048533,0.29225,110307,14425,0,43200,28,0,0.0,0,4.867949,17.034615,38.008974,44543.640661,0.493009,2,2023,0,18533,16039,0,MaxPaths=3;Alpha0=0.5;Gamma=0.9;Epsilon0=0.5;RewardW1=0.6;RewardW2=0.4;RewardW3=0;RewardW4=0.2;AdaptiveEpsilon=false;AdaptiveAlpha=false;AdaptiveReward=false;Policy=QLearning;UseMacFeedback=true;DelayRef=0.01;HopByHop=false;UseRerrBump=true;QueueHighThreshold=0.7;QueueLowThreshold=0.3;QueueRewardWeight=0.1;AdaptiveQueueWeight=true;QueueWeightMax=0.4;QueueWeightKappa=0.2;FailurePenalty=0.5;QueueAwareSelect=true;QueueDrivenExploration=false;QueueSelectBeta=0.5;AckSilenceDecay=true;AckSilenceThreshold=+1.5e+10ns;DecayFactor=0.92;DecayMinTx=3;DecayInterval=+1e+10ns;TrendEpsilon=true;TrendInterval=+1e+09ns;TrendDelta=0.05;TrendWindow=3;TrendBump=0.1;TrendCap=0.5;QueueRefPackets=20;
AODV,M_N30_r300|AODV,1,30,29,0.1,512,15.0,0.85,1000.0,1000.0,300.0,16.0,300.0,1,0,0,3,200.0,56493,21860,0.386951,16.281931,74.97577,71.776592,15.877385,44055,2075524,17.58263,2.015325,0.0,0.0,0.0,0.0,0.0,0,0,0,0,0,0,0.0,0,3.65641,14.05812,28.249573,35718.64528,0.56807,15,3876,0,2173,33235,0,-
AODV,M_N30_r300|AODV,10,30,29,0.1,512,15.0,0.85,1000.0,1000.0,300.0,16.0,300.0,1,0,0,3,200.0,56493,35447,0.627458,26.401903,30.099019,33.515545,11.270112,22117,1046358,5.466471,0.623946,0.0,0.0,0.0,0.0,0.0,0,0,0,0,0,0,0.0,0,3.661538,13.504274,28.097436,34337.053143,0.826226,0,2848,0,740,19793,0,-
AODV,M_N30_r300|AODV,11,30,29,0.1,512,15.0,0.85,1000.0,1000.0,300.0,16.0,300.0,1,0,0,3,200.0,56493,29342,0.519392,21.854731,91.814606,96.793485,27.398618,81605,3862546,24.377558,2.781167,0.0,0.0,0.0,0.0,0.0,0,0,0,0,0,0,0.0,0,3.760684,14.234188,28.411966,31831.023418,1.055688,38,6527,0,3051,26739,0,-
AODV,M_N30_r300|AODV,12,30,29,0.1,512,15.0,0.85,1000.0,1000.0,300.0,16.0,300.0,1,0,0,3,200.0,56493,38561,0.68258,28.721297,48.350577,45.554343,14.815489,31669,1494648,7.177891,0.82127,0.0,0.0,0.0,0.0,0.0,0,0,0,0,0,0,0.0,0,3.574359,13.316239,28.075214,34300.903184,1.043705,15,4606,0,1085,17049,0,-
AODV,M_N30_r300|AODV,13,30,29,0.1,512,15.0,0.85,1000.0,1000.0,300.0,16.0,300.0,1,0,0,3,200.0,56493,27883,0.493566,20.768028,21.788661,20.323967,11.522359,23280,1094656,7.270167,0.834917,0.0,0.0,0.0,0.0,0.0,0,0,0,0,0,0,0.0,0,3.560684,13.328205,28.264957,30237.191505,0.64192,0,2341,0,693,26870,0,-
AODV,M_N30_r300|AODV,14,30,29,0.1,512,15.0,0.85,1000.0,1000.0,300.0,16.0,300.0,1,0,0,3,200.0,56493,38402,0.679766,28.602869,59.485973,65.064194,25.327094,54468,2561662,12.353051,1.418364,0.0,0.0,0.0,0.0,0.0,0,0,0,0,0,0,0.0,0,3.615385,13.796581,28.305983,35684.210039,1.14331,162,3619,0,2566,17623,0,-
AODV,M_N30_r300|AODV,15,30,29,0.1,512,15.0,0.85,1000.0,1000.0,300.0,16.0,300.0,1,0,0,3,200.0,56493,36670,0.649107,27.312828,49.729251,49.817029,15.494669,39750,1875838,9.473068,1.083992,0.0,0.0,0.0,0.0,0.0,0,0,0,0,0,0,0.0,0,3.687179,13.430769,28.22735,38294.458962,1.210787,0,3701,0,1494,18867,0,-
AODV,M_N30_r300|AODV,16,30,29,0.1,512,15.0,0.85,1000.0,1000.0,300.0,16.0,300.0,1,0,0,3,200.0,56493,34393,0.608801,25.616855,104.337444,107.877708,18.50669,25649,1208666,6.507924,0.745762,0.0,0.0,0.0,0.0,0.0,0,0,0,0,0,0,0.0,0,3.664957,13.752137,28.441026,36269.185127,0.901634,0,3539,0,828,21342,0,-
AODV,M_N30_r300|AODV,17,30,29,0.1,512,15.0,0.85,1000.0,1000.0,300.0,16.0,300.0,1,0,0,3,200.0,56493,37413,0.662259,27.866234,14.512366,16.650717,10.571739,28403,1343478,6.649887,0.759175,0.0,0.0,0.0,0.0,0.0,0,0,0,0,0,0,0.0,0,3.757265,13.988034,28.461538,33898.278726,1.049564,1,2528,0,906,18065,0,-
AODV,M_N30_r300|AODV,18,30,29,0.1,512,15.0,0.85,1000.0,1000.0,300.0,16.0,300.0,1,0,0,3,200.0,56493,34520,0.611049,25.711448,55.756794,55.567987,12.403145,22970,1085024,5.820694,0.665411,0.0,0.0,0.0,0.0,0.0,0,0,0,0,0,0,0.0,0,3.524786,13.791453,28.246154,33349.765461,0.900501,101,4855,0,767,21585,0,-
AODV,M_N30_r300|AODV,19,30,29,0.1,512,15.0,0.85,1000.0,1000.0,300.0,16.0,300.0,1,0,0,3,200.0,56493,26217,0.464075,19.527145,33.327216,41.488926,11.008162,20775,983000,6.943473,0.792425,0.0,0.0,0.0,0.0,0.0,0,0,0,0,0,0,0.0,0,3.623932,13.547009,28.205128,35735.702045,0.584161,0,2294,0,596,28142,0,-
AODV,M_N30_r300|AODV,2,30,29,0.1,512,15.0,0.85,1000.0,1000.0,300.0,16.0,300.0,1,0,0,3,200.0,56493,26971,0.477422,20.088745,67.39943,67.689225,21.152568,41862,1984680,13.626982,1.552112,0.0,0.0,0.0,0.0,0.0,0,0,0,0,0,0,0.0,0,3.186325,13.323077,28.280342,34911.284936,0.800524,96,3916,0,1691,27686,0,-
AODV,M_N30_r300|AODV,20,30,29,0.1,512,15.0,0.85,1000.0,1000.0,300.0,16.0,300.0,1,0,0,3,200.0,56493,38317,0.678261,28.539559,117.806823,119.355469,36.663722,90932,4284000,20.704474,2.37315,0.0,0.0,0.0,0.0,0.0,0,0,0,0,0,0,0.0,0,3.71453,13.8,28.367521,32700.651082,1.645726,60,10545,0,3892,17617,0,-
AODV,M_N30_r300|AODV,3,30,29,0.1,512,15.0,0.85,1000.0,1000.0,300.0,16.0,300.0,1,0,0,3,200.0,56493,35991,0.637088,26.80709,104.530715,105.446757,31.670058,69775,3295284,16.955288,1.938679,0.0,0.0,0.0,0.0,0.0,0,0,0,0,0,0,0.0,0,3.382906,13.015385,27.988034,36483.388441,1.534774,64,7881,0,3024,19506,0,-
AODV,M_N30_r300|AODV,4,30,29,0.1,512,15.0,0.85,1000.0,1000.0,300.0,16.0,300.0,1,0,0,3,200.0,56493,21554,0.381534,16.627371,25.416813,24.023274,5.868402,22737,1077982,9.261682,1.054885,0.0,0.0,0.0,0.0,0.0,0,0,0,0,0,0,0.0,0,3.620513,13.870085,28.37265,34911.734277,0.487883,0,3087,0,688,33021,0,-
AODV,M_N30_r300|AODV,5,30,29,0.1,512,15.0,0.85,1000.0,1000.0,300.0,16.0,300.0,1,0,0,3,200.0,56493,29820,0.527853,23.004,38.151794,35.790506,9.050138,25750,1215022,7.545408,0.863514,0.0,0.0,0.0,0.0,0.0,0,0,0,0,0,0,0.0,0,3.644444,13.374359,28.268376,37519.931912,0.630928,0,2882,0,1263,25517,0,-
AODV,M_N30_r300|AODV,6,30,29,0.1,512,15.0,0.85,1000.0,1000.0,300.0,16.0,300.0,1,0,0,3,200.0,56493,30062,0.532137,22.391007,21.830496,23.19749,7.52514,21821,1030080,6.345405,0.725867,0.0,0.0,0.0,0.0,0.0,0,0,0,0,0,0,0.0,0,3.844444,13.837607,28.364103,32817.801668,0.609474,0,1742,0,652,24845,0,-
AODV,M_N30_r300|AODV,7,30,29,0.1,512,15.0,0.85,1000.0,1000.0,300.0,16.0,300.0,1,0,0,3,200.0,56493,27640,0.489264,20.587034,125.542121,127.56457,27.569742,71005,3356062,22.485274,2.568922,0.0,0.0,0.0,0.0,0.0,0,0,0,0,0,0,0.0,0,3.605128,13.716239,28.317949,35911.020594,1.068893,0,8895,0,3517,26989,0,-
AODV,M_N30_r300|AODV,8,30,29,0.1,512,15.0,0.85,1000.0,1000.0,300.0,16.0,300.0,1,0,0,3,200.0,56493,20966,0.371126,15.616055,62.820522,50.024142,14.693839,27293,1305110,11.52757,1.301774,0.0,0.0,0.0,0.0,0.0,0,0,0,0,0,0,0.0,0,3.403419,13.441026,28.167521,36714.95414,0.404563,28,4914,0,752,33434,0,-
AODV,M_N30_r300|AODV,9,30,29,0.1,512,15.0,0.85,1000.0,1000.0,300.0,16.0,300.0,1,0,0,3,200.0,56493,27558,0.487813,20.525959,55.720685,56.614862,14.410484,30068,1417092,9.522623,1.091081,0.0,0.0,0.0,0.0,0.0,0,0,0,0,0,0,0.0,0,3.191453,13.109402,28.179487,31625.692068,0.897332,168,3574,0,1198,26987,0,-
QMAODV,M_N30_r300|QMAODV,1,30,29,0.1,512,15.0,0.85,1000.0,1000.0,300.0,16.0,300.0,1,0,0,3,200.0,56493,21323,0.377445,15.881959,82.574343,82.09538,27.829834,39889,1882886,16.352417,1.870703,0.0,0.0,0.0,0.0,0.0,0,0,0,0,0,0,0.0,0,3.65641,14.05812,28.249573,35718.64528,0.749686,26,3450,0,1637,32500,0,MaxPaths=3;Alpha0=0.5;Gamma=0.9;Epsilon0=0.5;RewardW1=0.6;RewardW2=0.4;RewardW3=0;RewardW4=0.2;AdaptiveEpsilon=false;AdaptiveAlpha=false;AdaptiveReward=false;Policy=QLearning;UseMacFeedback=true;DelayRef=0.01;HopByHop=true;UseRerrBump=true;
QMAODV,M_N30_r300|QMAODV,10,30,29,0.1,512,15.0,0.85,1000.0,1000.0,300.0,16.0,300.0,1,0,0,3,200.0,56493,32200,0.569982,23.983448,88.368588,102.136713,32.221807,40721,1910264,10.986105,1.264627,0.0,0.0,0.0,0.0,0.0,0,0,0,0,0,0,0.0,0,3.661538,13.504274,28.097436,34337.053143,1.012763,7,7813,0,1951,23805,0,MaxPaths=3;Alpha0=0.5;Gamma=0.9;Epsilon0=0.5;RewardW1=0.6;RewardW2=0.4;RewardW3=0;RewardW4=0.2;AdaptiveEpsilon=false;AdaptiveAlpha=false;AdaptiveReward=false;Policy=QLearning;UseMacFeedback=true;DelayRef=0.01;HopByHop=true;UseRerrBump=true;
QMAODV,M_N30_r300|QMAODV,11,30,29,0.1,512,15.0,0.85,1000.0,1000.0,300.0,16.0,300.0,1,0,0,3,200.0,56493,28557,0.505496,21.270041,127.534598,134.962417,62.351464,83334,3926302,25.461112,2.918164,0.0,0.0,0.0,0.0,0.0,0,0,0,0,0,0,0.0,0,3.760684,14.234188,28.411966,31831.023418,1.379251,45,10788,0,4439,26251,0,MaxPaths=3;Alpha0=0.5;Gamma=0.9;Epsilon0=0.5;RewardW1=0.6;RewardW2=0.4;RewardW3=0;RewardW4=0.2;AdaptiveEpsilon=false;AdaptiveAlpha=false;AdaptiveReward=false;Policy=QLearning;UseMacFeedback=true;DelayRef=0.01;HopByHop=true;UseRerrBump=true;
QMAODV,M_N30_r300|QMAODV,12,30,29,0.1,512,15.0,0.85,1000.0,1000.0,300.0,16.0,300.0,1,0,0,3,200.0,56493,33180,0.587329,24.713379,107.112388,105.264039,32.2129,39603,1868416,10.428058,1.19358,0.0,0.0,0.0,0.0,0.0,0,0,0,0,0,0,0.0,0,3.574359,13.316239,28.075214,34300.903184,1.19151,21,6986,0,1856,22054,0,MaxPaths=3;Alpha0=0.5;Gamma=0.9;Epsilon0=0.5;RewardW1=0.6;RewardW2=0.4;RewardW3=0;RewardW4=0.2;AdaptiveEpsilon=false;AdaptiveAlpha=false;AdaptiveReward=false;Policy=QLearning;UseMacFeedback=true;DelayRef=0.01;HopByHop=true;UseRerrBump=true;
QMAODV,M_N30_r300|QMAODV,13,30,29,0.1,512,15.0,0.85,1000.0,1000.0,300.0,16.0,300.0,1,0,0,3,200.0,56493,19701,0.348733,14.673848,92.802048,160.102601,76.814516,55002,2604126,24.478227,2.791838,0.0,0.0,0.0,0.0,0.0,0,0,0,0,0,0,0.0,0,3.560684,13.328205,28.264957,30237.191505,0.712371,43,7962,0,4401,34730,0,MaxPaths=3;Alpha0=0.5;Gamma=0.9;Epsilon0=0.5;RewardW1=0.6;RewardW2=0.4;RewardW3=0;RewardW4=0.2;AdaptiveEpsilon=false;AdaptiveAlpha=false;AdaptiveReward=false;Policy=QLearning;UseMacFeedback=true;DelayRef=0.01;HopByHop=true;UseRerrBump=true;
QMAODV,M_N30_r300|QMAODV,14,30,29,0.1,512,15.0,0.85,1000.0,1000.0,300.0,16.0,300.0,1,0,0,3,200.0,56493,29247,0.51771,21.783972,41.553485,37.780645,12.675099,18634,881046,5.578578,0.637125,0.0,0.0,0.0,0.0,0.0,0,0,0,0,0,0,0.0,0,3.615385,13.796581,28.305983,35684.210039,0.792399,2,1601,0,780,25166,0,MaxPaths=3;Alpha0=0.5;Gamma=0.9;Epsilon0=0.5;RewardW1=0.6;RewardW2=0.4;RewardW3=0;RewardW4=0.2;AdaptiveEpsilon=false;AdaptiveAlpha=false;AdaptiveReward=false;Policy=QLearning;UseMacFeedback=true;DelayRef=0.01;HopByHop=true;UseRerrBump=true;
QMAODV,M_N30_r300|QMAODV,15,30,29,0.1,512,15.0,0.85,1000.0,1000.0,300.0,16.0,300.0,1,0,0,3,200.0,56493,30552,0.54081,22.755972,92.32946,103.078606,45.937158,59765,2802782,16.988534,1.956173,0.0,0.0,0.0,0.0,0.0,0,0,0,0,0,0,0.0,0,3.687179,13.430769,28.22735,38294.458962,1.36863,48,8636,0,2701,24490,0,MaxPaths=3;Alpha0=0.5;Gamma=0.9;Epsilon0=0.5;RewardW1=0.6;RewardW2=0.4;RewardW3=0;RewardW4=0.2;AdaptiveEpsilon=false;AdaptiveAlpha=false;AdaptiveReward=false;Policy=QLearning;UseMacFeedback=true;DelayRef=0.01;HopByHop=true;UseRerrBump=true;
QMAODV,M_N30_r300|QMAODV,16,30,29,0.1,512,15.0,0.85,1000.0,1000.0,300.0,16.0,300.0,1,0,0,3,200.0,56493,21742,0.384862,16.194041,90.918615,93.837265,29.391101,27788,1304976,11.114995,1.278079,0.0,0.0,0.0,0.0,0.0,0,0,0,0,0,0,0.0,0,3.664957,13.752137,28.441026,36269.185127,0.48822,0,5217,0,1340,33637,0,MaxPaths=3;Alpha0=0.5;Gamma=0.9;Epsilon0=0.5;RewardW1=0.6;RewardW2=0.4;RewardW3=0;RewardW4=0.2;AdaptiveEpsilon=false;AdaptiveAlpha=false;AdaptiveReward=false;Policy=QLearning;UseMacFeedback=true;DelayRef=0.01;HopByHop=true;UseRerrBump=true;
QMAODV,M_N30_r300|QMAODV,17,30,29,0.1,512,15.0,0.85,1000.0,1000.0,300.0,16.0,300.0,1,0,0,3,200.0,56493,31582,0.559043,23.523145,85.732658,98.390454,44.318687,45454,2122986,12.448406,1.439238,0.0,0.0,0.0,0.0,0.0,0,0,0,0,0,0,0.0,0,3.757265,13.988034,28.461538,33898.278726,1.241304,7,7203,0,2714,23514,0,MaxPaths=3;Alpha0=0.5;Gamma=0.9;Epsilon0=0.5;RewardW1=0.6;RewardW2=0.4;RewardW3=0;RewardW4=0.2;AdaptiveEpsilon=false;AdaptiveAlpha=false;AdaptiveReward=false;Policy=QLearning;UseMacFeedback=true;DelayRef=0.01;HopByHop=true;UseRerrBump=true;
QMAODV,M_N30_r300|QMAODV,18,30,29,0.1,512,15.0,0.85,1000.0,1000.0,300.0,16.0,300.0,1,0,0,3,200.0,56493,26298,0.465509,19.587476,109.233054,119.753103,20.134291,19780,936144,6.592136,0.752148,0.0,0.0,0.0,0.0,0.0,0,0,0,0,0,0,0.0,0,3.524786,13.791453,28.246154,33349.765461,0.683784,1,5017,0,766,28318,0,MaxPaths=3;Alpha0=0.5;Gamma=0.9;Epsilon0=0.5;RewardW1=0.6;RewardW2=0.4;RewardW3=0;RewardW4=0.2;AdaptiveEpsilon=false;AdaptiveAlpha=false;AdaptiveReward=false;Policy=QLearning;UseMacFeedback=true;DelayRef=0.01;HopByHop=true;UseRerrBump=true;
QMAODV,M_N30_r300|QMAODV,19,30,29,0.1,512,15.0,0.85,1000.0,1000.0,300.0,16.0,300.0,1,0,0,3,200.0,56493,23470,0.41545,17.481103,11.205253,11.707299,8.20365,14231,676606,5.33862,0.606349,0.0,0.0,0.0,0.0,0.0,0,0,0,0,0,0,0.0,0,3.623932,13.547009,28.205128,35735.702045,0.443064,0,1500,0,438,31101,0,MaxPaths=3;Alpha0=0.5;Gamma=0.9;Epsilon0=0.5;RewardW1=0.6;RewardW2=0.4;RewardW3=0;RewardW4=0.2;AdaptiveEpsilon=false;AdaptiveAlpha=false;AdaptiveReward=false;Policy=QLearning;UseMacFeedback=true;DelayRef=0.01;HopByHop=true;UseRerrBump=true;
QMAODV,M_N30_r300|QMAODV,2,30,29,0.1,512,15.0,0.85,1000.0,1000.0,300.0,16.0,300.0,1,0,0,3,200.0,56493,23724,0.419946,17.67029,196.418187,211.556125,69.91158,69085,3247238,25.347343,2.91203,0.0,0.0,0.0,0.0,0.0,0,0,0,0,0,0,0.0,0,3.186325,13.323077,28.280342,34911.284936,1.027278,11,12987,0,4317,32228,0,MaxPaths=3;Alpha0=0.5;Gamma=0.9;Epsilon0=0.5;RewardW1=0.6;RewardW2=0.4;RewardW3=0;RewardW4=0.2;AdaptiveEpsilon=false;AdaptiveAlpha=false;AdaptiveReward=false;Policy=QLearning;UseMacFeedback=true;DelayRef=0.01;HopByHop=true;UseRerrBump=true;
QMAODV,M_N30_r300|QMAODV,20,30,29,0.1,512,15.0,0.85,1000.0,1000.0,300.0,16.0,300.0,1,0,0,3,200.0,56493,25135,0.444922,18.721241,133.573307,146.992888,68.751003,79416,3732216,27.497558,3.159578,0.0,0.0,0.0,0.0,0.0,0,0,0,0,0,0,0.0,0,3.71453,13.8,28.367521,32700.651082,1.218841,50,13301,0,4689,30787,0,MaxPaths=3;Alpha0=0.5;Gamma=0.9;Epsilon0=0.5;RewardW1=0.6;RewardW2=0.4;RewardW3=0;RewardW4=0.2;AdaptiveEpsilon=false;AdaptiveAlpha=false;AdaptiveReward=false;Policy=QLearning;UseMacFeedback=true;DelayRef=0.01;HopByHop=true;UseRerrBump=true;
QMAODV,M_N30_r300|QMAODV,3,30,29,0.1,512,15.0,0.85,1000.0,1000.0,300.0,16.0,300.0,1,0,0,3,200.0,56493,21150,0.374383,15.753103,116.451292,126.67897,39.080336,31322,1477164,12.933754,1.480946,0.0,0.0,0.0,0.0,0.0,0,0,0,0,0,0,0.0,0,3.382906,13.015385,27.988034,36483.388441,0.721098,39,5453,0,1866,34600,0,MaxPaths=3;Alpha0=0.5;Gamma=0.9;Epsilon0=0.5;RewardW1=0.6;RewardW2=0.4;RewardW3=0;RewardW4=0.2;AdaptiveEpsilon=false;AdaptiveAlpha=false;AdaptiveReward=false;Policy=QLearning;UseMacFeedback=true;DelayRef=0.01;HopByHop=true;UseRerrBump=true;
QMAODV,M_N30_r300|QMAODV,4,30,29,0.1,512,15.0,0.85,1000.0,1000.0,300.0,16.0,300.0,1,0,0,3,200.0,56493,21697,0.384065,16.160524,91.934876,94.400038,24.307086,24652,1160130,9.901779,1.136194,0.0,0.0,0.0,0.0,0.0,0,0,0,0,0,0,0.0,0,3.620513,13.870085,28.37265,34911.734277,0.699131,1,3888,0,1068,32583,0,MaxPaths=3;Alpha0=0.5;Gamma=0.9;Epsilon0=0.5;RewardW1=0.6;RewardW2=0.4;RewardW3=0;RewardW4=0.2;AdaptiveEpsilon=false;AdaptiveAlpha=false;AdaptiveReward=false;Policy=QLearning;UseMacFeedback=true;DelayRef=0.01;HopByHop=true;UseRerrBump=true;
QMAODV,M_N30_r300|QMAODV,5,30,29,0.1,512,15.0,0.85,1000.0,1000.0,300.0,16.0,300.0,1,0,0,3,200.0,56493,28657,0.507266,21.344524,160.004415,159.644272,57.356544,63210,2954240,19.090675,2.205744,0.0,0.0,0.0,0.0,0.0,0,0,0,0,0,0,0.0,0,3.644444,13.374359,28.268376,37519.931912,1.215637,61,10506,0,3718,26400,0,MaxPaths=3;Alpha0=0.5;Gamma=0.9;Epsilon0=0.5;RewardW1=0.6;RewardW2=0.4;RewardW3=0;RewardW4=0.2;AdaptiveEpsilon=false;AdaptiveAlpha=false;AdaptiveReward=false;Policy=QLearning;UseMacFeedback=true;DelayRef=0.01;HopByHop=true;UseRerrBump=true;
QMAODV,M_N30_r300|QMAODV,6,30,29,0.1,512,15.0,0.85,1000.0,1000.0,300.0,16.0,300.0,1,0,0,3,200.0,56493,31546,0.558405,24.335486,36.025556,39.097657,14.46831,24558,1153808,6.773225,0.778482,0.0,0.0,0.0,0.0,0.0,0,0,0,0,0,0,0.0,0,3.844444,13.837607,28.364103,32817.801668,0.899492,52,2786,0,1054,23721,0,MaxPaths=3;Alpha0=0.5;Gamma=0.9;Epsilon0=0.5;RewardW1=0.6;RewardW2=0.4;RewardW3=0;RewardW4=0.2;AdaptiveEpsilon=false;AdaptiveAlpha=false;AdaptiveReward=false;Policy=QLearning;UseMacFeedback=true;DelayRef=0.01;HopByHop=true;UseRerrBump=true;
QMAODV,M_N30_r300|QMAODV,7,30,29,0.1,512,15.0,0.85,1000.0,1000.0,300.0,16.0,300.0,1,0,0,3,200.0,56493,16685,0.295346,12.871286,53.833078,55.79872,21.439884,34907,1646656,18.276074,2.092119,0.0,0.0,0.0,0.0,0.0,0,0,0,0,0,0,0.0,0,3.605128,13.716239,28.317949,35911.020594,0.475634,80,4920,0,1548,37688,0,MaxPaths=3;Alpha0=0.5;Gamma=0.9;Epsilon0=0.5;RewardW1=0.6;RewardW2=0.4;RewardW3=0;RewardW4=0.2;AdaptiveEpsilon=false;AdaptiveAlpha=false;AdaptiveReward=false;Policy=QLearning;UseMacFeedback=true;DelayRef=0.01;HopByHop=true;UseRerrBump=true;
QMAODV,M_N30_r300|QMAODV,8,30,29,0.1,512,15.0,0.85,1000.0,1000.0,300.0,16.0,300.0,1,0,0,3,200.0,56493,25792,0.456552,19.210593,147.323612,144.132902,41.571476,56027,2667658,19.153642,2.172263,0.0,0.0,0.0,0.0,0.0,0,0,0,0,0,0,0.0,0,3.403419,13.441026,28.167521,36714.95414,0.908644,5,11158,0,2387,29335,0,MaxPaths=3;Alpha0=0.5;Gamma=0.9;Epsilon0=0.5;RewardW1=0.6;RewardW2=0.4;RewardW3=0;RewardW4=0.2;AdaptiveEpsilon=false;AdaptiveAlpha=false;AdaptiveReward=false;Policy=QLearning;UseMacFeedback=true;DelayRef=0.01;HopByHop=true;UseRerrBump=true;
QMAODV,M_N30_r300|QMAODV,9,30,29,0.1,512,15.0,0.85,1000.0,1000.0,300.0,16.0,300.0,1,0,0,3,200.0,56493,26140,0.462712,19.469793,106.033175,109.81326,37.817562,45863,2162198,15.31779,1.754514,0.0,0.0,0.0,0.0,0.0,0,0,0,0,0,0,0.0,0,3.191453,13.109402,28.179487,31625.692068,1.019224,6,5919,0,2623,28522,0,MaxPaths=3;Alpha0=0.5;Gamma=0.9;Epsilon0=0.5;RewardW1=0.6;RewardW2=0.4;RewardW3=0;RewardW4=0.2;AdaptiveEpsilon=false;AdaptiveAlpha=false;AdaptiveReward=false;Policy=QLearning;UseMacFeedback=true;DelayRef=0.01;HopByHop=true;UseRerrBump=true;
QMAODV,M_N30_r300|QMAODV_srconly,1,30,29,0.1,512,15.0,0.85,1000.0,1000.0,300.0,16.0,300.0,1,0,0,3,200.0,56493,22647,0.400882,16.86811,93.868512,104.133759,24.352298,33848,1603804,13.114352,1.494591,0.0,0.0,0.0,0.0,0.0,0,0,0,0,0,0,0.0,0,3.65641,14.05812,28.249573,35718.64528,0.733383,0,2669,0,1233,31083,0,MaxPaths=3;Alpha0=0.5;Gamma=0.9;Epsilon0=0.5;RewardW1=0.6;RewardW2=0.4;RewardW3=0;RewardW4=0.2;AdaptiveEpsilon=false;AdaptiveAlpha=false;AdaptiveReward=false;Policy=QLearning;UseMacFeedback=true;DelayRef=0.01;HopByHop=false;UseRerrBump=true;
QMAODV,M_N30_r300|QMAODV_srconly,10,30,29,0.1,512,15.0,0.85,1000.0,1000.0,300.0,16.0,300.0,1,0,0,3,200.0,56493,38054,0.673606,28.343669,86.706386,93.071434,25.866668,34555,1620504,7.885987,0.908052,0.0,0.0,0.0,0.0,0.0,0,0,0,0,0,0,0.0,0,3.661538,13.504274,28.097436,34337.053143,1.195316,20,5208,0,1625,18007,0,MaxPaths=3;Alpha0=0.5;Gamma=0.9;Epsilon0=0.5;RewardW1=0.6;RewardW2=0.4;RewardW3=0;RewardW4=0.2;AdaptiveEpsilon=false;AdaptiveAlpha=false;AdaptiveReward=false;Policy=QLearning;UseMacFeedback=true;DelayRef=0.01;HopByHop=false;UseRerrBump=true;
QMAODV,M_N30_r300|QMAODV_srconly,11,30,29,0.1,512,15.0,0.85,1000.0,1000.0,300.0,16.0,300.0,1,0,0,3,200.0,56493,31722,0.561521,23.627421,161.752762,161.506082,49.849442,96660,4559318,26.61617,3.047097,0.0,0.0,0.0,0.0,0.0,0,0,0,0,0,0,0.0,0,3.760684,14.234188,28.411966,31831.023418,1.424796,7,10741,0,4903,24235,0,MaxPaths=3;Alpha0=0.5;Gamma=0.9;Epsilon0=0.5;RewardW1=0.6;RewardW2=0.4;RewardW3=0;RewardW4=0.2;AdaptiveEpsilon=false;AdaptiveAlpha=false;AdaptiveReward=false;Policy=QLearning;UseMacFeedback=true;DelayRef=0.01;HopByHop=false;UseRerrBump=true;
QMAODV,M_N30_r300|QMAODV_srconly,12,30,29,0.1,512,15.0,0.85,1000.0,1000.0,300.0,16.0,300.0,1,0,0,3,200.0,56493,30489,0.539695,22.709048,120.039712,114.860671,22.892347,23742,1127694,6.849428,0.778707,0.0,0.0,0.0,0.0,0.0,0,0,0,0,0,0,0.0,0,3.574359,13.316239,28.075214,34300.903184,0.857717,0,2579,0,1078,25103,0,MaxPaths=3;Alpha0=0.5;Gamma=0.9;Epsilon0=0.5;RewardW1=0.6;RewardW2=0.4;RewardW3=0;RewardW4=0.2;AdaptiveEpsilon=false;AdaptiveAlpha=false;AdaptiveReward=false;Policy=QLearning;UseMacFeedback=true;DelayRef=0.01;HopByHop=false;UseRerrBump=true;
QMAODV,M_N30_r300|QMAODV_srconly,13,30,29,0.1,512,15.0,0.85,1000.0,1000.0,300.0,16.0,300.0,1,0,0,3,200.0,56493,31416,0.556104,23.399503,62.616146,63.358786,22.654652,33686,1581974,9.325126,1.072256,0.0,0.0,0.0,0.0,0.0,0,0,0,0,0,0,0.0,0,3.560684,13.328205,28.264957,30237.191505,0.935603,80,3686,0,1742,24097,0,MaxPaths=3;Alpha0=0.5;Gamma=0.9;Epsilon0=0.5;RewardW1=0.6;RewardW2=0.4;RewardW3=0;RewardW4=0.2;AdaptiveEpsilon=false;AdaptiveAlpha=false;AdaptiveReward=false;Policy=QLearning;UseMacFeedback=true;DelayRef=0.01;HopByHop=false;UseRerrBump=true;
QMAODV,M_N30_r300|QMAODV_srconly,14,30,29,0.1,512,15.0,0.85,1000.0,1000.0,300.0,16.0,300.0,1,0,0,3,200.0,56493,30976,0.548316,23.071779,50.717126,51.404511,11.58676,22041,1039372,6.213723,0.711551,0.0,0.0,0.0,0.0,0.0,0,0,0,0,0,0,0.0,0,3.615385,13.796581,28.305983,35684.210039,0.78985,28,1113,0,893,23056,0,MaxPaths=3;Alpha0=0.5;Gamma=0.9;Epsilon0=0.5;RewardW1=0.6;RewardW2=0.4;RewardW3=0;RewardW4=0.2;AdaptiveEpsilon=false;AdaptiveAlpha=false;AdaptiveReward=false;Policy=QLearning;UseMacFeedback=true;DelayRef=0.01;HopByHop=false;UseRerrBump=true;
QMAODV,M_N30_r300|QMAODV_srconly,15,30,29,0.1,512,15.0,0.85,1000.0,1000.0,300.0,16.0,300.0,1,0,0,3,200.0,56493,32753,0.579771,24.395338,107.597436,106.173171,24.394339,40603,1918046,10.844616,1.239673,0.0,0.0,0.0,0.0,0.0,0,0,0,0,0,0,0.0,0,3.687179,13.430769,28.22735,38294.458962,1.160285,361,4626,0,1670,23204,0,MaxPaths=3;Alpha0=0.5;Gamma=0.9;Epsilon0=0.5;RewardW1=0.6;RewardW2=0.4;RewardW3=0;RewardW4=0.2;AdaptiveEpsilon=false;AdaptiveAlpha=false;AdaptiveReward=false;Policy=QLearning;UseMacFeedback=true;DelayRef=0.01;HopByHop=false;UseRerrBump=true;
QMAODV,M_N30_r300|QMAODV_srconly,16,30,29,0.1,512,15.0,0.85,1000.0,1000.0,300.0,16.0,300.0,1,0,0,3,200.0,56493,23651,0.418654,17.615917,59.403875,81.024854,12.457278,16588,786680,6.159633,0.701366,0.0,0.0,0.0,0.0,0.0,0,0,0,0,0,0,0.0,0,3.664957,13.752137,28.441026,36269.185127,0.511408,0,2953,0,618,31872,0,MaxPaths=3;Alpha0=0.5;Gamma=0.9;Epsilon0=0.5;RewardW1=0.6;RewardW2=0.4;RewardW3=0;RewardW4=0.2;AdaptiveEpsilon=false;AdaptiveAlpha=false;AdaptiveReward=false;Policy=QLearning;UseMacFeedback=true;DelayRef=0.01;HopByHop=false;UseRerrBump=true;
QMAODV,M_N30_r300|QMAODV_srconly,17,30,29,0.1,512,15.0,0.85,1000.0,1000.0,300.0,16.0,300.0,1,0,0,3,200.0,56493,32126,0.568672,23.928331,54.954155,73.467673,16.12142,32742,1546060,8.912015,1.019175,0.0,0.0,0.0,0.0,0.0,0,0,0,0,0,0,0.0,0,3.757265,13.988034,28.461538,33898.278726,0.783212,1,4037,0,1477,23121,0,MaxPaths=3;Alpha0=0.5;Gamma=0.9;Epsilon0=0.5;RewardW1=0.6;RewardW2=0.4;RewardW3=0;RewardW4=0.2;AdaptiveEpsilon=false;AdaptiveAlpha=false;AdaptiveReward=false;Policy=QLearning;UseMacFeedback=true;DelayRef=0.01;HopByHop=false;UseRerrBump=true;
QMAODV,M_N30_r300|QMAODV_srconly,18,30,29,0.1,512,15.0,0.85,1000.0,1000.0,300.0,16.0,300.0,1,0,0,3,200.0,56493,28742,0.508771,21.407834,93.646169,101.809473,15.142002,20043,949304,6.116381,0.697342,0.0,0.0,0.0,0.0,0.0,0,0,0,0,0,0,0.0,0,3.524786,13.791453,28.246154,33349.765461,0.716,1,3163,0,834,26504,0,MaxPaths=3;Alpha0=0.5;Gamma=0.9;Epsilon0=0.5;RewardW1=0.6;RewardW2=0.4;RewardW3=0;RewardW4=0.2;AdaptiveEpsilon=false;AdaptiveAlpha=false;AdaptiveReward=false;Policy=QLearning;UseMacFeedback=true;DelayRef=0.01;HopByHop=false;UseRerrBump=true;
QMAODV,M_N30_r300|QMAODV_srconly,19,30,29,0.1,512,15.0,0.85,1000.0,1000.0,300.0,16.0,300.0,1,0,0,3,200.0,56493,27905,0.493955,20.784414,17.28668,18.623208,7.864653,17576,832230,5.522905,0.629851,0.0,0.0,0.0,0.0,0.0,0,0,0,0,0,0,0.0,0,3.623932,13.547009,28.205128,35735.702045,0.640805,27,1758,0,673,27299,0,MaxPaths=3;Alpha0=0.5;Gamma=0.9;Epsilon0=0.5;RewardW1=0.6;RewardW2=0.4;RewardW3=0;RewardW4=0.2;AdaptiveEpsilon=false;AdaptiveAlpha=false;AdaptiveReward=false;Policy=QLearning;UseMacFeedback=true;DelayRef=0.01;HopByHop=false;UseRerrBump=true;
QMAODV,M_N30_r300|QMAODV_srconly,2,30,29,0.1,512,15.0,0.85,1000.0,1000.0,300.0,16.0,300.0,1,0,0,3,200.0,56493,31528,0.558087,23.482924,218.994284,223.22656,48.515296,59524,2812258,16.518286,1.887973,0.0,0.0,0.0,0.0,0.0,0,0,0,0,0,0,0.0,0,3.186325,13.323077,28.280342,34911.284936,1.303754,38,7579,0,2638,24422,0,MaxPaths=3;Alpha0=0.5;Gamma=0.9;Epsilon0=0.5;RewardW1=0.6;RewardW2=0.4;RewardW3=0;RewardW4=0.2;AdaptiveEpsilon=false;AdaptiveAlpha=false;AdaptiveReward=false;Policy=QLearning;UseMacFeedback=true;DelayRef=0.01;HopByHop=false;UseRerrBump=true;
QMAODV,M_N30_r300|QMAODV_srconly,20,30,29,0.1,512,15.0,0.85,1000.0,1000.0,300.0,16.0,300.0,1,0,0,3,200.0,56493,30160,0.533871,22.464,110.223223,112.066616,36.552421,71805,3391428,20.823681,2.380802,0.0,0.0,0.0,0.0,0.0,0,0,0,0,0,0,0.0,0,3.71453,13.8,28.367521,32700.651082,1.260138,56,10402,0,3309,24895,0,MaxPaths=3;Alpha0=0.5;Gamma=0.9;Epsilon0=0.5;RewardW1=0.6;RewardW2=0.4;RewardW3=0;RewardW4=0.2;AdaptiveEpsilon=false;AdaptiveAlpha=false;AdaptiveReward=false;Policy=QLearning;UseMacFeedback=true;DelayRef=0.01;HopByHop=false;UseRerrBump=true;
QMAODV,M_N30_r300|QMAODV_srconly,3,30,29,0.1,512,15.0,0.85,1000.0,1000.0,300.0,16.0,300.0,1,0,0,3,200.0,56493,22449,0.397377,16.720634,82.990433,92.194323,20.252063,25065,1184684,9.772637,1.116531,0.0,0.0,0.0,0.0,0.0,0,0,0,0,0,0,0.0,0,3.382906,13.015385,27.988034,36483.388441,0.626432,51,3947,0,1129,33038,0,MaxPaths=3;Alpha0=0.5;Gamma=0.9;Epsilon0=0.5;RewardW1=0.6;RewardW2=0.4;RewardW3=0;RewardW4=0.2;AdaptiveEpsilon=false;AdaptiveAlpha=false;AdaptiveReward=false;Policy=QLearning;UseMacFeedback=true;DelayRef=0.01;HopByHop=false;UseRerrBump=true;
QMAODV,M_N30_r300|QMAODV_srconly,4,30,29,0.1,512,15.0,0.85,1000.0,1000.0,300.0,16.0,300.0,1,0,0,3,200.0,56493,27254,0.482431,20.299531,77.626098,90.480163,18.924593,28526,1351982,9.186433,1.046672,0.0,0.0,0.0,0.0,0.0,0,0,0,0,0,0,0.0,0,3.620513,13.870085,28.37265,34911.734277,0.914166,6,4190,0,1157,28135,0,MaxPaths=3;Alpha0=0.5;Gamma=0.9;Epsilon0=0.5;RewardW1=0.6;RewardW2=0.4;RewardW3=0;RewardW4=0.2;AdaptiveEpsilon=false;AdaptiveAlpha=false;AdaptiveReward=false;Policy=QLearning;UseMacFeedback=true;DelayRef=0.01;HopByHop=false;UseRerrBump=true;
QMAODV,M_N30_r300|QMAODV_srconly,5,30,29,0.1,512,15.0,0.85,1000.0,1000.0,300.0,16.0,300.0,1,0,0,3,200.0,56493,37840,0.669817,28.184276,155.742672,160.279754,40.957989,54979,2589614,12.673313,1.452933,0.0,0.0,0.0,0.0,0.0,0,0,0,0,0,0,0.0,0,3.644444,13.374359,28.268376,37519.931912,1.409785,10,7063,0,2747,18228,0,MaxPaths=3;Alpha0=0.5;Gamma=0.9;Epsilon0=0.5;RewardW1=0.6;RewardW2=0.4;RewardW3=0;RewardW4=0.2;AdaptiveEpsilon=false;AdaptiveAlpha=false;AdaptiveReward=false;Policy=QLearning;UseMacFeedback=true;DelayRef=0.01;HopByHop=false;UseRerrBump=true;
QMAODV,M_N30_r300|QMAODV_srconly,6,30,29,0.1,512,15.0,0.85,1000.0,1000.0,300.0,16.0,300.0,1,0,0,3,200.0,56493,27574,0.488096,21.271371,27.31962,26.1239,7.935452,17564,831540,5.584568,0.636977,0.0,0.0,0.0,0.0,0.0,0,0,0,0,0,0,0.0,0,3.844444,13.837607,28.364103,32817.801668,0.532385,0,2179,0,627,27294,0,MaxPaths=3;Alpha0=0.5;Gamma=0.9;Epsilon0=0.5;RewardW1=0.6;RewardW2=0.4;RewardW3=0;RewardW4=0.2;AdaptiveEpsilon=false;AdaptiveAlpha=false;AdaptiveReward=false;Policy=QLearning;UseMacFeedback=true;DelayRef=0.01;HopByHop=false;UseRerrBump=true;
QMAODV,M_N30_r300|QMAODV_srconly,7,30,29,0.1,512,15.0,0.85,1000.0,1000.0,300.0,16.0,300.0,1,0,0,3,200.0,56493,14640,0.259147,11.293714,79.579953,80.012036,12.041664,18652,888486,11.238692,1.274044,0.0,0.0,0.0,0.0,0.0,0,0,0,0,0,0,0.0,0,3.605128,13.716239,28.317949,35911.020594,0.296054,0,3613,0,589,39493,0,MaxPaths=3;Alpha0=0.5;Gamma=0.9;Epsilon0=0.5;RewardW1=0.6;RewardW2=0.4;RewardW3=0;RewardW4=0.2;AdaptiveEpsilon=false;AdaptiveAlpha=false;AdaptiveReward=false;Policy=QLearning;UseMacFeedback=true;DelayRef=0.01;HopByHop=false;UseRerrBump=true;
QMAODV,M_N30_r300|QMAODV_srconly,8,30,29,0.1,512,15.0,0.85,1000.0,1000.0,300.0,16.0,300.0,1,0,0,3,200.0,56493,24919,0.441099,18.560359,178.000768,174.691805,36.768077,42388,2024866,15.047762,1.701031,0.0,0.0,0.0,0.0,0.0,0,0,0,0,0,0,0.0,0,3.403419,13.441026,28.167521,36714.95414,0.881614,0,8062,0,1837,29498,0,MaxPaths=3;Alpha0=0.5;Gamma=0.9;Epsilon0=0.5;RewardW1=0.6;RewardW2=0.4;RewardW3=0;RewardW4=0.2;AdaptiveEpsilon=false;AdaptiveAlpha=false;AdaptiveReward=false;Policy=QLearning;UseMacFeedback=true;DelayRef=0.01;HopByHop=false;UseRerrBump=true;
QMAODV,M_N30_r300|QMAODV_srconly,9,30,29,0.1,512,15.0,0.85,1000.0,1000.0,300.0,16.0,300.0,1,0,0,3,200.0,56493,29341,0.519374,21.853986,234.748167,242.599448,40.307191,56865,2675548,16.886672,1.938073,0.0,0.0,0.0,0.0,0.0,0,0,0,0,0,0,0.0,0,3.191453,13.109402,28.179487,31625.692068,1.177739,7,6217,0,2168,25916,0,MaxPaths=3;Alpha0=0.5;Gamma=0.9;Epsilon0=0.5;RewardW1=0.6;RewardW2=0.4;RewardW3=0;RewardW4=0.2;AdaptiveEpsilon=false;AdaptiveAlpha=false;AdaptiveReward=false;Policy=QLearning;UseMacFeedback=true;DelayRef=0.01;HopByHop=false;UseRerrBump=true;
QSQMAODV,M_N30_r300|QSQ_prune_FULL_QDE,1,30,29,0.1,512,15.0,0.85,1000.0,1000.0,300.0,16.0,300.0,1,0,0,3,200.0,56493,16643,0.294603,12.396166,107.793346,107.314528,27.070132,26873,1273788,14.173326,1.614673,0.023137,0.102551,1.0,0.014853,0.074137,129912,1014,0,358,0,0,0.0,0,3.65641,14.05812,28.249573,35718.64528,0.456145,13,2072,0,1031,36966,10672,MaxPaths=3;Alpha0=0.5;Gamma=0.9;Epsilon0=0.5;RewardW1=0.6;RewardW2=0.4;RewardW3=0;RewardW4=0.2;AdaptiveEpsilon=false;AdaptiveAlpha=false;AdaptiveReward=false;Policy=QLearning;UseMacFeedback=true;DelayRef=0.01;HopByHop=true;UseRerrBump=true;QueueHighThreshold=0.7;QueueLowThreshold=0.3;QueueRewardWeight=0.1;AdaptiveQueueWeight=true;QueueWeightMax=0.4;QueueWeightKappa=0.2;FailurePenalty=0.5;QueueAwareSelect=true;QueueDrivenExploration=true;QueueSelectBeta=0.5;AckSilenceDecay=true;AckSilenceThreshold=+1.5e+10ns;DecayFactor=0.92;DecayMinTx=3;DecayInterval=+1e+10ns;TrendEpsilon=true;TrendInterval=+1e+09ns;TrendDelta=0.05;TrendWindow=3;TrendBump=0.1;TrendCap=0.5;QueueRefPackets=20;
QSQMAODV,M_N30_r300|QSQ_prune_FULL_QDE,10,30,29,0.1,512,15.0,0.85,1000.0,1000.0,300.0,16.0,300.0,1,0,0,3,200.0,56493,35513,0.628627,26.451062,156.625655,175.749573,35.672368,33001,1563342,8.152163,0.929265,0.052828,0.182054,1.0,0.037168,0.138427,149825,1372,0,282,0,0,0.0,0,3.661538,13.504274,28.097436,34337.053143,1.122316,50,6724,0,1499,19785,13931,MaxPaths=3;Alpha0=0.5;Gamma=0.9;Epsilon0=0.5;RewardW1=0.6;RewardW2=0.4;RewardW3=0;RewardW4=0.2;AdaptiveEpsilon=false;AdaptiveAlpha=false;AdaptiveReward=false;Policy=QLearning;UseMacFeedback=true;DelayRef=0.01;HopByHop=true;UseRerrBump=true;QueueHighThreshold=0.7;QueueLowThreshold=0.3;QueueRewardWeight=0.1;AdaptiveQueueWeight=true;QueueWeightMax=0.4;QueueWeightKappa=0.2;FailurePenalty=0.5;QueueAwareSelect=true;QueueDrivenExploration=true;QueueSelectBeta=0.5;AckSilenceDecay=true;AckSilenceThreshold=+1.5e+10ns;DecayFactor=0.92;DecayMinTx=3;DecayInterval=+1e+10ns;TrendEpsilon=true;TrendInterval=+1e+09ns;TrendDelta=0.05;TrendWindow=3;TrendBump=0.1;TrendCap=0.5;QueueRefPackets=20;
QSQMAODV,M_N30_r300|QSQ_prune_FULL_QDE,11,30,29,0.1,512,15.0,0.85,1000.0,1000.0,300.0,16.0,300.0,1,0,0,3,200.0,56493,22870,0.404829,17.034207,140.907383,126.623208,30.811074,49147,2334762,18.905262,2.148972,0.056467,0.184814,1.0,0.031232,0.13002,169007,1768,0,476,2,0,0.0,0,3.760684,14.234188,28.411966,31831.023418,0.742959,11,4348,0,1889,31553,24314,MaxPaths=3;Alpha0=0.5;Gamma=0.9;Epsilon0=0.5;RewardW1=0.6;RewardW2=0.4;RewardW3=0;RewardW4=0.2;AdaptiveEpsilon=false;AdaptiveAlpha=false;AdaptiveReward=false;Policy=QLearning;UseMacFeedback=true;DelayRef=0.01;HopByHop=true;UseRerrBump=true;QueueHighThreshold=0.7;QueueLowThreshold=0.3;QueueRewardWeight=0.1;AdaptiveQueueWeight=true;QueueWeightMax=0.4;QueueWeightKappa=0.2;FailurePenalty=0.5;QueueAwareSelect=true;QueueDrivenExploration=true;QueueSelectBeta=0.5;AckSilenceDecay=true;AckSilenceThreshold=+1.5e+10ns;DecayFactor=0.92;DecayMinTx=3;DecayInterval=+1e+10ns;TrendEpsilon=true;TrendInterval=+1e+09ns;TrendDelta=0.05;TrendWindow=3;TrendBump=0.1;TrendCap=0.5;QueueRefPackets=20;
QSQMAODV,M_N30_r300|QSQ_prune_FULL_QDE,12,30,29,0.1,512,15.0,0.85,1000.0,1000.0,300.0,16.0,300.0,1,0,0,3,200.0,56493,33425,0.591666,24.895862,172.868085,166.543111,34.917435,39232,1861282,10.312097,1.173732,0.065389,0.198216,1.0,0.045366,0.153801,155877,1467,0,224,0,0,0.0,0,3.574359,13.316239,28.075214,34300.903184,1.049953,108,6314,0,1621,22093,16107,MaxPaths=3;Alpha0=0.5;Gamma=0.9;Epsilon0=0.5;RewardW1=0.6;RewardW2=0.4;RewardW3=0;RewardW4=0.2;AdaptiveEpsilon=false;AdaptiveAlpha=false;AdaptiveReward=false;Policy=QLearning;UseMacFeedback=true;DelayRef=0.01;HopByHop=true;UseRerrBump=true;QueueHighThreshold=0.7;QueueLowThreshold=0.3;QueueRewardWeight=0.1;AdaptiveQueueWeight=true;QueueWeightMax=0.4;QueueWeightKappa=0.2;FailurePenalty=0.5;QueueAwareSelect=true;QueueDrivenExploration=true;QueueSelectBeta=0.5;AckSilenceDecay=true;AckSilenceThreshold=+1.5e+10ns;DecayFactor=0.92;DecayMinTx=3;DecayInterval=+1e+10ns;TrendEpsilon=true;TrendInterval=+1e+09ns;TrendDelta=0.05;TrendWindow=3;TrendBump=0.1;TrendCap=0.5;QueueRefPackets=20;
QSQMAODV,M_N30_r300|QSQ_prune_FULL_QDE,13,30,29,0.1,512,15.0,0.85,1000.0,1000.0,300.0,16.0,300.0,1,0,0,3,200.0,56493,27854,0.493052,20.746428,118.286471,153.611752,43.281443,35288,1661294,11.044986,1.266892,0.062813,0.173272,1.0,0.046913,0.131833,157903,1633,0,392,1,0,0.0,0,3.560684,13.328205,28.264957,30237.191505,0.814065,58,4850,0,1711,26954,15296,MaxPaths=3;Alpha0=0.5;Gamma=0.9;Epsilon0=0.5;RewardW1=0.6;RewardW2=0.4;RewardW3=0;RewardW4=0.2;AdaptiveEpsilon=false;AdaptiveAlpha=false;AdaptiveReward=false;Policy=QLearning;UseMacFeedback=true;DelayRef=0.01;HopByHop=true;UseRerrBump=true;QueueHighThreshold=0.7;QueueLowThreshold=0.3;QueueRewardWeight=0.1;AdaptiveQueueWeight=true;QueueWeightMax=0.4;QueueWeightKappa=0.2;FailurePenalty=0.5;QueueAwareSelect=true;QueueDrivenExploration=true;QueueSelectBeta=0.5;AckSilenceDecay=true;AckSilenceThreshold=+1.5e+10ns;DecayFactor=0.92;DecayMinTx=3;DecayInterval=+1e+10ns;TrendEpsilon=true;TrendInterval=+1e+09ns;TrendDelta=0.05;TrendWindow=3;TrendBump=0.1;TrendCap=0.5;QueueRefPackets=20;
QSQMAODV,M_N30_r300|QSQ_prune_FULL_QDE,14,30,29,0.1,512,15.0,0.85,1000.0,1000.0,300.0,16.0,300.0,1,0,0,3,200.0,56493,30810,0.545377,22.948138,155.503852,163.281945,56.96811,77448,3693186,22.198096,2.513729,0.128226,0.327576,1.0,0.070394,0.250555,209083,4492,0,185,1,0,0.0,0,3.615385,13.796581,28.305983,35684.210039,1.203795,85,8080,0,5223,25052,47764,MaxPaths=3;Alpha0=0.5;Gamma=0.9;Epsilon0=0.5;RewardW1=0.6;RewardW2=0.4;RewardW3=0;RewardW4=0.2;AdaptiveEpsilon=false;AdaptiveAlpha=false;AdaptiveReward=false;Policy=QLearning;UseMacFeedback=true;DelayRef=0.01;HopByHop=true;UseRerrBump=true;QueueHighThreshold=0.7;QueueLowThreshold=0.3;QueueRewardWeight=0.1;AdaptiveQueueWeight=true;QueueWeightMax=0.4;QueueWeightKappa=0.2;FailurePenalty=0.5;QueueAwareSelect=true;QueueDrivenExploration=true;QueueSelectBeta=0.5;AckSilenceDecay=true;AckSilenceThreshold=+1.5e+10ns;DecayFactor=0.92;DecayMinTx=3;DecayInterval=+1e+10ns;TrendEpsilon=true;TrendInterval=+1e+09ns;TrendDelta=0.05;TrendWindow=3;TrendBump=0.1;TrendCap=0.5;QueueRefPackets=20;
QSQMAODV,M_N30_r300|QSQ_prune_FULL_QDE,15,30,29,0.1,512,15.0,0.85,1000.0,1000.0,300.0,16.0,300.0,1,0,0,3,200.0,56493,32388,0.57331,24.123476,230.309096,246.904769,50.867363,58260,2742828,15.682695,1.798814,0.087983,0.249603,1.0,0.054181,0.188431,190962,2570,0,343,0,0,0.0,0,3.687179,13.430769,28.22735,38294.458962,1.246225,30,8107,0,2792,23259,30213,MaxPaths=3;Alpha0=0.5;Gamma=0.9;Epsilon0=0.5;RewardW1=0.6;RewardW2=0.4;RewardW3=0;RewardW4=0.2;AdaptiveEpsilon=false;AdaptiveAlpha=false;AdaptiveReward=false;Policy=QLearning;UseMacFeedback=true;DelayRef=0.01;HopByHop=true;UseRerrBump=true;QueueHighThreshold=0.7;QueueLowThreshold=0.3;QueueRewardWeight=0.1;AdaptiveQueueWeight=true;QueueWeightMax=0.4;QueueWeightKappa=0.2;FailurePenalty=0.5;QueueAwareSelect=true;QueueDrivenExploration=true;QueueSelectBeta=0.5;AckSilenceDecay=true;AckSilenceThreshold=+1.5e+10ns;DecayFactor=0.92;DecayMinTx=3;DecayInterval=+1e+10ns;TrendEpsilon=true;TrendInterval=+1e+09ns;TrendDelta=0.05;TrendWindow=3;TrendBump=0.1;TrendCap=0.5;QueueRefPackets=20;
QSQMAODV,M_N30_r300|QSQ_prune_FULL_QDE,16,30,29,0.1,512,15.0,0.85,1000.0,1000.0,300.0,16.0,300.0,1,0,0,3,200.0,56493,21550,0.381463,16.624286,76.535441,69.66654,10.026766,16806,798740,6.863797,0.779861,0.012186,0.05819,1.0,0.009021,0.041276,105303,584,0,215,0,0,0.0,0,3.664957,13.752137,28.441026,36269.185127,0.380826,14,2997,0,588,32977,5038,MaxPaths=3;Alpha0=0.5;Gamma=0.9;Epsilon0=0.5;RewardW1=0.6;RewardW2=0.4;RewardW3=0;RewardW4=0.2;AdaptiveEpsilon=false;AdaptiveAlpha=false;AdaptiveReward=false;Policy=QLearning;UseMacFeedback=true;DelayRef=0.01;HopByHop=true;UseRerrBump=true;QueueHighThreshold=0.7;QueueLowThreshold=0.3;QueueRewardWeight=0.1;AdaptiveQueueWeight=true;QueueWeightMax=0.4;QueueWeightKappa=0.2;FailurePenalty=0.5;QueueAwareSelect=true;QueueDrivenExploration=true;QueueSelectBeta=0.5;AckSilenceDecay=true;AckSilenceThreshold=+1.5e+10ns;DecayFactor=0.92;DecayMinTx=3;DecayInterval=+1e+10ns;TrendEpsilon=true;TrendInterval=+1e+09ns;TrendDelta=0.05;TrendWindow=3;TrendBump=0.1;TrendCap=0.5;QueueRefPackets=20;
QSQMAODV,M_N30_r300|QSQ_prune_FULL_QDE,17,30,29,0.1,512,15.0,0.85,1000.0,1000.0,300.0,16.0,300.0,1,0,0,3,200.0,56493,30224,0.535004,22.511669,70.827229,96.648957,22.822673,25930,1229450,7.532951,0.857927,0.029624,0.105341,1.0,0.020127,0.07592,131167,1046,0,289,0,0,0.0,0,3.757265,13.988034,28.461538,33898.278726,0.82812,0,2842,0,1127,24776,9934,MaxPaths=3;Alpha0=0.5;Gamma=0.9;Epsilon0=0.5;RewardW1=0.6;RewardW2=0.4;RewardW3=0;RewardW4=0.2;AdaptiveEpsilon=false;AdaptiveAlpha=false;AdaptiveReward=false;Policy=QLearning;UseMacFeedback=true;DelayRef=0.01;HopByHop=true;UseRerrBump=true;QueueHighThreshold=0.7;QueueLowThreshold=0.3;QueueRewardWeight=0.1;AdaptiveQueueWeight=true;QueueWeightMax=0.4;QueueWeightKappa=0.2;FailurePenalty=0.5;QueueAwareSelect=true;QueueDrivenExploration=true;QueueSelectBeta=0.5;AckSilenceDecay=true;AckSilenceThreshold=+1.5e+10ns;DecayFactor=0.92;DecayMinTx=3;DecayInterval=+1e+10ns;TrendEpsilon=true;TrendInterval=+1e+09ns;TrendDelta=0.05;TrendWindow=3;TrendBump=0.1;TrendCap=0.5;QueueRefPackets=20;
QSQMAODV,M_N30_r300|QSQ_prune_FULL_QDE,18,30,29,0.1,512,15.0,0.85,1000.0,1000.0,300.0,16.0,300.0,1,0,0,3,200.0,56493,29221,0.51725,21.764607,67.525555,79.604736,15.938316,24050,1141100,7.231608,0.823038,0.030991,0.11611,1.0,0.023633,0.08341,126316,1022,0,565,0,0,0.0,0,3.524786,13.791453,28.246154,33349.765461,0.764944,28,3830,0,1071,26114,9839,MaxPaths=3;Alpha0=0.5;Gamma=0.9;Epsilon0=0.5;RewardW1=0.6;RewardW2=0.4;RewardW3=0;RewardW4=0.2;AdaptiveEpsilon=false;AdaptiveAlpha=false;AdaptiveReward=false;Policy=QLearning;UseMacFeedback=true;DelayRef=0.01;HopByHop=true;UseRerrBump=true;QueueHighThreshold=0.7;QueueLowThreshold=0.3;QueueRewardWeight=0.1;AdaptiveQueueWeight=true;QueueWeightMax=0.4;QueueWeightKappa=0.2;FailurePenalty=0.5;QueueAwareSelect=true;QueueDrivenExploration=true;QueueSelectBeta=0.5;AckSilenceDecay=true;AckSilenceThreshold=+1.5e+10ns;DecayFactor=0.92;DecayMinTx=3;DecayInterval=+1e+10ns;TrendEpsilon=true;TrendInterval=+1e+09ns;TrendDelta=0.05;TrendWindow=3;TrendBump=0.1;TrendCap=0.5;QueueRefPackets=20;
QSQMAODV,M_N30_r300|QSQ_prune_FULL_QDE,19,30,29,0.1,512,15.0,0.85,1000.0,1000.0,300.0,16.0,300.0,1,0,0,3,200.0,56493,29017,0.513639,21.612662,44.468793,45.187887,11.222352,18919,894248,5.70705,0.651997,0.015675,0.066945,1.0,0.011189,0.04776,116372,620,0,254,0,0,0.0,0,3.623932,13.547009,28.205128,35735.702045,0.738658,9,2212,0,629,26645,6390,MaxPaths=3;Alpha0=0.5;Gamma=0.9;Epsilon0=0.5;RewardW1=0.6;RewardW2=0.4;RewardW3=0;RewardW4=0.2;AdaptiveEpsilon=false;AdaptiveAlpha=false;AdaptiveReward=false;Policy=QLearning;UseMacFeedback=true;DelayRef=0.01;HopByHop=true;UseRerrBump=true;QueueHighThreshold=0.7;QueueLowThreshold=0.3;QueueRewardWeight=0.1;AdaptiveQueueWeight=true;QueueWeightMax=0.4;QueueWeightKappa=0.2;FailurePenalty=0.5;QueueAwareSelect=true;QueueDrivenExploration=true;QueueSelectBeta=0.5;AckSilenceDecay=true;AckSilenceThreshold=+1.5e+10ns;DecayFactor=0.92;DecayMinTx=3;DecayInterval=+1e+10ns;TrendEpsilon=true;TrendInterval=+1e+09ns;TrendDelta=0.05;TrendWindow=3;TrendBump=0.1;TrendCap=0.5;QueueRefPackets=20;
QSQMAODV,M_N30_r300|QSQ_prune_FULL_QDE,2,30,29,0.1,512,15.0,0.85,1000.0,1000.0,300.0,16.0,300.0,1,0,0,3,200.0,56493,22743,0.402581,16.939614,220.281436,251.404579,46.23777,59102,2819542,22.958159,2.59869,0.081781,0.220685,1.0,0.045931,0.165822,169407,2471,0,225,1,0,0.0,0,3.186325,13.323077,28.280342,34911.284936,0.786788,23,7062,0,3037,31613,32838,MaxPaths=3;Alpha0=0.5;Gamma=0.9;Epsilon0=0.5;RewardW1=0.6;RewardW2=0.4;RewardW3=0;RewardW4=0.2;AdaptiveEpsilon=false;AdaptiveAlpha=false;AdaptiveReward=false;Policy=QLearning;UseMacFeedback=true;DelayRef=0.01;HopByHop=true;UseRerrBump=true;QueueHighThreshold=0.7;QueueLowThreshold=0.3;QueueRewardWeight=0.1;AdaptiveQueueWeight=true;QueueWeightMax=0.4;QueueWeightKappa=0.2;FailurePenalty=0.5;QueueAwareSelect=true;QueueDrivenExploration=true;QueueSelectBeta=0.5;AckSilenceDecay=true;AckSilenceThreshold=+1.5e+10ns;DecayFactor=0.92;DecayMinTx=3;DecayInterval=+1e+10ns;TrendEpsilon=true;TrendInterval=+1e+09ns;TrendDelta=0.05;TrendWindow=3;TrendBump=0.1;TrendCap=0.5;QueueRefPackets=20;
QSQMAODV,M_N30_r300|QSQ_prune_FULL_QDE,20,30,29,0.1,512,15.0,0.85,1000.0,1000.0,300.0,16.0,300.0,1,0,0,3,200.0,56493,24417,0.432213,18.186455,103.391394,115.678668,22.179358,39325,1874862,14.219465,1.610558,0.047356,0.168673,1.0,0.032344,0.119309,161952,1525,0,280,0,0,0.0,0,3.71453,13.8,28.367521,32700.651082,0.801391,80,4327,0,1582,30134,20903,MaxPaths=3;Alpha0=0.5;Gamma=0.9;Epsilon0=0.5;RewardW1=0.6;RewardW2=0.4;RewardW3=0;RewardW4=0.2;AdaptiveEpsilon=false;AdaptiveAlpha=false;AdaptiveReward=false;Policy=QLearning;UseMacFeedback=true;DelayRef=0.01;HopByHop=true;UseRerrBump=true;QueueHighThreshold=0.7;QueueLowThreshold=0.3;QueueRewardWeight=0.1;AdaptiveQueueWeight=true;QueueWeightMax=0.4;QueueWeightKappa=0.2;FailurePenalty=0.5;QueueAwareSelect=true;QueueDrivenExploration=true;QueueSelectBeta=0.5;AckSilenceDecay=true;AckSilenceThreshold=+1.5e+10ns;DecayFactor=0.92;DecayMinTx=3;DecayInterval=+1e+10ns;TrendEpsilon=true;TrendInterval=+1e+09ns;TrendDelta=0.05;TrendWindow=3;TrendBump=0.1;TrendCap=0.5;QueueRefPackets=20;
QSQMAODV,M_N30_r300|QSQ_prune_FULL_QDE,3,30,29,0.1,512,15.0,0.85,1000.0,1000.0,300.0,16.0,300.0,1,0,0,3,200.0,56493,23492,0.415839,17.49749,121.366643,132.985434,27.493063,33137,1575840,12.422196,1.410565,0.040942,0.143556,1.0,0.029211,0.109698,137766,1216,0,267,0,0,0.0,0,3.382906,13.015385,27.988034,36483.388441,0.726285,24,5282,0,1342,32374,13266,MaxPaths=3;Alpha0=0.5;Gamma=0.9;Epsilon0=0.5;RewardW1=0.6;RewardW2=0.4;RewardW3=0;RewardW4=0.2;AdaptiveEpsilon=false;AdaptiveAlpha=false;AdaptiveReward=false;Policy=QLearning;UseMacFeedback=true;DelayRef=0.01;HopByHop=true;UseRerrBump=true;QueueHighThreshold=0.7;QueueLowThreshold=0.3;QueueRewardWeight=0.1;AdaptiveQueueWeight=true;QueueWeightMax=0.4;QueueWeightKappa=0.2;FailurePenalty=0.5;QueueAwareSelect=true;QueueDrivenExploration=true;QueueSelectBeta=0.5;AckSilenceDecay=true;AckSilenceThreshold=+1.5e+10ns;DecayFactor=0.92;DecayMinTx=3;DecayInterval=+1e+10ns;TrendEpsilon=true;TrendInterval=+1e+09ns;TrendDelta=0.05;TrendWindow=3;TrendBump=0.1;TrendCap=0.5;QueueRefPackets=20;
QSQMAODV,M_N30_r300|QSQ_prune_FULL_QDE,4,30,29,0.1,512,15.0,0.85,1000.0,1000.0,300.0,16.0,300.0,1,0,0,3,200.0,56493,21653,0.383286,16.127752,51.747463,60.402446,16.67542,33736,1596884,13.657196,1.558029,0.039355,0.136243,1.0,0.024631,0.099099,150441,1211,0,248,0,0,0.0,0,3.620513,13.870085,28.37265,34911.734277,0.627547,124,3812,0,1275,33994,15216,MaxPaths=3;Alpha0=0.5;Gamma=0.9;Epsilon0=0.5;RewardW1=0.6;RewardW2=0.4;RewardW3=0;RewardW4=0.2;AdaptiveEpsilon=false;AdaptiveAlpha=false;AdaptiveReward=false;Policy=QLearning;UseMacFeedback=true;DelayRef=0.01;HopByHop=true;UseRerrBump=true;QueueHighThreshold=0.7;QueueLowThreshold=0.3;QueueRewardWeight=0.1;AdaptiveQueueWeight=true;QueueWeightMax=0.4;QueueWeightKappa=0.2;FailurePenalty=0.5;QueueAwareSelect=true;QueueDrivenExploration=true;QueueSelectBeta=0.5;AckSilenceDecay=true;AckSilenceThreshold=+1.5e+10ns;DecayFactor=0.92;DecayMinTx=3;DecayInterval=+1e+10ns;TrendEpsilon=true;TrendInterval=+1e+09ns;TrendDelta=0.05;TrendWindow=3;TrendBump=0.1;TrendCap=0.5;QueueRefPackets=20;
QSQMAODV,M_N30_r300|QSQ_prune_FULL_QDE,5,30,29,0.1,512,15.0,0.85,1000.0,1000.0,300.0,16.0,300.0,1,0,0,3,200.0,56493,29312,0.518861,21.832386,87.291017,104.654463,23.27758,29360,1392426,8.796966,1.001638,0.03658,0.137636,1.0,0.022044,0.097871,127981,1148,0,271,1,0,0.0,0,3.644444,13.374359,28.268376,37519.931912,0.750642,34,3738,0,1229,26359,13273,MaxPaths=3;Alpha0=0.5;Gamma=0.9;Epsilon0=0.5;RewardW1=0.6;RewardW2=0.4;RewardW3=0;RewardW4=0.2;AdaptiveEpsilon=false;AdaptiveAlpha=false;AdaptiveReward=false;Policy=QLearning;UseMacFeedback=true;DelayRef=0.01;HopByHop=true;UseRerrBump=true;QueueHighThreshold=0.7;QueueLowThreshold=0.3;QueueRewardWeight=0.1;AdaptiveQueueWeight=true;QueueWeightMax=0.4;QueueWeightKappa=0.2;FailurePenalty=0.5;QueueAwareSelect=true;QueueDrivenExploration=true;QueueSelectBeta=0.5;AckSilenceDecay=true;AckSilenceThreshold=+1.5e+10ns;DecayFactor=0.92;DecayMinTx=3;DecayInterval=+1e+10ns;TrendEpsilon=true;TrendInterval=+1e+09ns;TrendDelta=0.05;TrendWindow=3;TrendBump=0.1;TrendCap=0.5;QueueRefPackets=20;
QSQMAODV,M_N30_r300|QSQ_prune_FULL_QDE,6,30,29,0.1,512,15.0,0.85,1000.0,1000.0,300.0,16.0,300.0,1,0,0,3,200.0,56493,25991,0.460075,19.358814,44.371722,41.505824,8.169775,17433,826796,5.8909,0.670732,0.028393,0.094089,1.0,0.023248,0.071732,113706,698,0,321,0,0,0.0,0,3.844444,13.837607,28.364103,32817.801668,0.454587,95,1369,0,708,28936,5598,MaxPaths=3;Alpha0=0.5;Gamma=0.9;Epsilon0=0.5;RewardW1=0.6;RewardW2=0.4;RewardW3=0;RewardW4=0.2;AdaptiveEpsilon=false;AdaptiveAlpha=false;AdaptiveReward=false;Policy=QLearning;UseMacFeedback=true;DelayRef=0.01;HopByHop=true;UseRerrBump=true;QueueHighThreshold=0.7;QueueLowThreshold=0.3;QueueRewardWeight=0.1;AdaptiveQueueWeight=true;QueueWeightMax=0.4;QueueWeightKappa=0.2;FailurePenalty=0.5;QueueAwareSelect=true;QueueDrivenExploration=true;QueueSelectBeta=0.5;AckSilenceDecay=true;AckSilenceThreshold=+1.5e+10ns;DecayFactor=0.92;DecayMinTx=3;DecayInterval=+1e+10ns;TrendEpsilon=true;TrendInterval=+1e+09ns;TrendDelta=0.05;TrendWindow=3;TrendBump=0.1;TrendCap=0.5;QueueRefPackets=20;
QSQMAODV,M_N30_r300|QSQ_prune_FULL_QDE,7,30,29,0.1,512,15.0,0.85,1000.0,1000.0,300.0,16.0,300.0,1,0,0,3,200.0,56493,20959,0.371002,15.610841,147.539121,161.254631,34.577348,36875,1750546,15.467111,1.759387,0.040599,0.146474,1.0,0.024223,0.10286,137982,1176,0,474,1,0,0.0,0,3.605128,13.716239,28.317949,35911.020594,0.718496,14,4279,0,1224,32731,17530,MaxPaths=3;Alpha0=0.5;Gamma=0.9;Epsilon0=0.5;RewardW1=0.6;RewardW2=0.4;RewardW3=0;RewardW4=0.2;AdaptiveEpsilon=false;AdaptiveAlpha=false;AdaptiveReward=false;Policy=QLearning;UseMacFeedback=true;DelayRef=0.01;HopByHop=true;UseRerrBump=true;QueueHighThreshold=0.7;QueueLowThreshold=0.3;QueueRewardWeight=0.1;AdaptiveQueueWeight=true;QueueWeightMax=0.4;QueueWeightKappa=0.2;FailurePenalty=0.5;QueueAwareSelect=true;QueueDrivenExploration=true;QueueSelectBeta=0.5;AckSilenceDecay=true;AckSilenceThreshold=+1.5e+10ns;DecayFactor=0.92;DecayMinTx=3;DecayInterval=+1e+10ns;TrendEpsilon=true;TrendInterval=+1e+09ns;TrendDelta=0.05;TrendWindow=3;TrendBump=0.1;TrendCap=0.5;QueueRefPackets=20;
QSQMAODV,M_N30_r300|QSQ_prune_FULL_QDE,8,30,29,0.1,512,15.0,0.85,1000.0,1000.0,300.0,16.0,300.0,1,0,0,3,200.0,56493,25951,0.459367,19.329021,121.069462,128.38,26.455917,42873,2049954,14.628381,1.652075,0.057749,0.188244,1.0,0.042557,0.145055,157425,1489,0,451,0,0,0.0,0,3.403419,13.441026,28.167521,36714.95414,0.804666,120,8530,0,1585,29292,18652,MaxPaths=3;Alpha0=0.5;Gamma=0.9;Epsilon0=0.5;RewardW1=0.6;RewardW2=0.4;RewardW3=0;RewardW4=0.2;AdaptiveEpsilon=false;AdaptiveAlpha=false;AdaptiveReward=false;Policy=QLearning;UseMacFeedback=true;DelayRef=0.01;HopByHop=true;UseRerrBump=true;QueueHighThreshold=0.7;QueueLowThreshold=0.3;QueueRewardWeight=0.1;AdaptiveQueueWeight=true;QueueWeightMax=0.4;QueueWeightKappa=0.2;FailurePenalty=0.5;QueueAwareSelect=true;QueueDrivenExploration=true;QueueSelectBeta=0.5;AckSilenceDecay=true;AckSilenceThreshold=+1.5e+10ns;DecayFactor=0.92;DecayMinTx=3;DecayInterval=+1e+10ns;TrendEpsilon=true;TrendInterval=+1e+09ns;TrendDelta=0.05;TrendWindow=3;TrendBump=0.1;TrendCap=0.5;QueueRefPackets=20;
QSQMAODV,M_N30_r300|QSQ_prune_FULL_QDE,9,30,29,0.1,512,15.0,0.85,1000.0,1000.0,300.0,16.0,300.0,1,0,0,3,200.0,56493,21554,0.381534,16.054014,126.502263,115.71649,21.715305,37647,1787802,15.360232,1.746636,0.040365,0.147065,1.0,0.026049,0.108075,143710,1389,0,268,0,0,0.0,0,3.191453,13.109402,28.179487,31625.692068,0.662578,6,5821,0,1531,33224,14921,MaxPaths=3;Alpha0=0.5;Gamma=0.9;Epsilon0=0.5;RewardW1=0.6;RewardW2=0.4;RewardW3=0;RewardW4=0.2;AdaptiveEpsilon=false;AdaptiveAlpha=false;AdaptiveReward=false;Policy=QLearning;UseMacFeedback=true;DelayRef=0.01;HopByHop=true;UseRerrBump=true;QueueHighThreshold=0.7;QueueLowThreshold=0.3;QueueRewardWeight=0.1;AdaptiveQueueWeight=true;QueueWeightMax=0.4;QueueWeightKappa=0.2;FailurePenalty=0.5;QueueAwareSelect=true;QueueDrivenExploration=true;QueueSelectBeta=0.5;AckSilenceDecay=true;AckSilenceThreshold=+1.5e+10ns;DecayFactor=0.92;DecayMinTx=3;DecayInterval=+1e+10ns;TrendEpsilon=true;TrendInterval=+1e+09ns;TrendDelta=0.05;TrendWindow=3;TrendBump=0.1;TrendCap=0.5;QueueRefPackets=20;
QSQMAODV,M_N30_r300|QSQ_prune_FULL,1,30,29,0.1,512,15.0,0.85,1000.0,1000.0,300.0,16.0,300.0,1,0,0,3,200.0,56493,25632,0.45372,19.091421,194.474232,208.370465,60.5406,87159,4156864,30.032367,3.400398,0.11234,0.294791,1.0,0.052935,0.200577,197932,3673,0,221,3,0,0.0,0,3.65641,14.05812,28.249573,35718.64528,1.049935,15,8048,0,4246,29015,55430,MaxPaths=3;Alpha0=0.5;Gamma=0.9;Epsilon0=0.5;RewardW1=0.6;RewardW2=0.4;RewardW3=0;RewardW4=0.2;AdaptiveEpsilon=false;AdaptiveAlpha=false;AdaptiveReward=false;Policy=QLearning;UseMacFeedback=true;DelayRef=0.01;HopByHop=true;UseRerrBump=true;QueueHighThreshold=0.7;QueueLowThreshold=0.3;QueueRewardWeight=0.1;AdaptiveQueueWeight=true;QueueWeightMax=0.4;QueueWeightKappa=0.2;FailurePenalty=0.5;QueueAwareSelect=true;QueueDrivenExploration=false;QueueSelectBeta=0.5;AckSilenceDecay=true;AckSilenceThreshold=+1.5e+10ns;DecayFactor=0.92;DecayMinTx=3;DecayInterval=+1e+10ns;TrendEpsilon=true;TrendInterval=+1e+09ns;TrendDelta=0.05;TrendWindow=3;TrendBump=0.1;TrendCap=0.5;QueueRefPackets=20;
QSQMAODV,M_N30_r300|QSQ_prune_FULL,10,30,29,0.1,512,15.0,0.85,1000.0,1000.0,300.0,16.0,300.0,1,0,0,3,200.0,56493,36804,0.651479,27.412634,109.264305,136.771854,29.704344,27553,1301352,6.54796,0.748641,0.029852,0.12549,1.0,0.01911,0.086629,140271,1161,0,374,0,0,0.0,0,3.661538,13.504274,28.097436,34337.053143,1.077638,0,4273,0,1177,19282,10403,MaxPaths=3;Alpha0=0.5;Gamma=0.9;Epsilon0=0.5;RewardW1=0.6;RewardW2=0.4;RewardW3=0;RewardW4=0.2;AdaptiveEpsilon=false;AdaptiveAlpha=false;AdaptiveReward=false;Policy=QLearning;UseMacFeedback=true;DelayRef=0.01;HopByHop=true;UseRerrBump=true;QueueHighThreshold=0.7;QueueLowThreshold=0.3;QueueRewardWeight=0.1;AdaptiveQueueWeight=true;QueueWeightMax=0.4;QueueWeightKappa=0.2;FailurePenalty=0.5;QueueAwareSelect=true;QueueDrivenExploration=false;QueueSelectBeta=0.5;AckSilenceDecay=true;AckSilenceThreshold=+1.5e+10ns;DecayFactor=0.92;DecayMinTx=3;DecayInterval=+1e+10ns;TrendEpsilon=true;TrendInterval=+1e+09ns;TrendDelta=0.05;TrendWindow=3;TrendBump=0.1;TrendCap=0.5;QueueRefPackets=20;
QSQMAODV,M_N30_r300|QSQ_prune_FULL,11,30,29,0.1,512,15.0,0.85,1000.0,1000.0,300.0,16.0,300.0,1,0,0,3,200.0,56493,30676,0.543005,22.848331,268.835245,270.870604,78.439603,135052,6435744,38.851364,4.40253,0.15606,0.389909,1.0,0.068246,0.271684,266160,5768,0,255,7,0,0.0,0,3.760684,14.234188,28.411966,31831.023418,1.48036,53,13469,0,6731,25179,81432,MaxPaths=3;Alpha0=0.5;Gamma=0.9;Epsilon0=0.5;RewardW1=0.6;RewardW2=0.4;RewardW3=0;RewardW4=0.2;AdaptiveEpsilon=false;AdaptiveAlpha=false;AdaptiveReward=false;Policy=QLearning;UseMacFeedback=true;DelayRef=0.01;HopByHop=true;UseRerrBump=true;QueueHighThreshold=0.7;QueueLowThreshold=0.3;QueueRewardWeight=0.1;AdaptiveQueueWeight=true;QueueWeightMax=0.4;QueueWeightKappa=0.2;FailurePenalty=0.5;QueueAwareSelect=true;QueueDrivenExploration=false;QueueSelectBeta=0.5;AckSilenceDecay=true;AckSilenceThreshold=+1.5e+10ns;DecayFactor=0.92;DecayMinTx=3;DecayInterval=+1e+10ns;TrendEpsilon=true;TrendInterval=+1e+09ns;TrendDelta=0.05;TrendWindow=3;TrendBump=0.1;TrendCap=0.5;QueueRefPackets=20;
QSQMAODV,M_N30_r300|QSQ_prune_FULL,12,30,29,0.1,512,15.0,0.85,1000.0,1000.0,300.0,16.0,300.0,1,0,0,3,200.0,56493,36000,0.637247,26.813793,154.617399,152.634954,41.967396,41231,1963786,10.10178,1.145306,0.055806,0.192384,1.0,0.035581,0.136125,162240,1652,0,240,0,0,0.0,0,3.574359,13.316239,28.075214,34300.903184,1.230453,19,4578,0,1795,19317,18210,MaxPaths=3;Alpha0=0.5;Gamma=0.9;Epsilon0=0.5;RewardW1=0.6;RewardW2=0.4;RewardW3=0;RewardW4=0.2;AdaptiveEpsilon=false;AdaptiveAlpha=false;AdaptiveReward=false;Policy=QLearning;UseMacFeedback=true;DelayRef=0.01;HopByHop=true;UseRerrBump=true;QueueHighThreshold=0.7;QueueLowThreshold=0.3;QueueRewardWeight=0.1;AdaptiveQueueWeight=true;QueueWeightMax=0.4;QueueWeightKappa=0.2;FailurePenalty=0.5;QueueAwareSelect=true;QueueDrivenExploration=false;QueueSelectBeta=0.5;AckSilenceDecay=true;AckSilenceThreshold=+1.5e+10ns;DecayFactor=0.92;DecayMinTx=3;DecayInterval=+1e+10ns;TrendEpsilon=true;TrendInterval=+1e+09ns;TrendDelta=0.05;TrendWindow=3;TrendBump=0.1;TrendCap=0.5;QueueRefPackets=20;
QSQMAODV,M_N30_r300|QSQ_prune_FULL,13,30,29,0.1,512,15.0,0.85,1000.0,1000.0,300.0,16.0,300.0,1,0,0,3,200.0,56493,26985,0.47767,20.099172,123.509289,129.199316,42.657674,30946,1461668,10.03073,1.146785,0.06099,0.167795,1.0,0.043978,0.118987,150407,1258,0,525,2,0,0.0,0,3.560684,13.328205,28.264957,30237.191505,0.752341,28,3814,0,1317,28272,13969,MaxPaths=3;Alpha0=0.5;Gamma=0.9;Epsilon0=0.5;RewardW1=0.6;RewardW2=0.4;RewardW3=0;RewardW4=0.2;AdaptiveEpsilon=false;AdaptiveAlpha=false;AdaptiveReward=false;Policy=QLearning;UseMacFeedback=true;DelayRef=0.01;HopByHop=true;UseRerrBump=true;QueueHighThreshold=0.7;QueueLowThreshold=0.3;QueueRewardWeight=0.1;AdaptiveQueueWeight=true;QueueWeightMax=0.4;QueueWeightKappa=0.2;FailurePenalty=0.5;QueueAwareSelect=true;QueueDrivenExploration=false;QueueSelectBeta=0.5;AckSilenceDecay=true;AckSilenceThreshold=+1.5e+10ns;DecayFactor=0.92;DecayMinTx=3;DecayInterval=+1e+10ns;TrendEpsilon=true;TrendInterval=+1e+09ns;TrendDelta=0.05;TrendWindow=3;TrendBump=0.1;TrendCap=0.5;QueueRefPackets=20;
QSQMAODV,M_N30_r300|QSQ_prune_FULL,14,30,29,0.1,512,15.0,0.85,1000.0,1000.0,300.0,16.0,300.0,1,0,0,3,200.0,56493,29170,0.516347,21.726621,112.217402,123.588496,44.852926,52752,2505326,15.905014,1.808433,0.113661,0.263295,1.0,0.075106,0.193724,188469,2538,0,229,5,0,0.0,0,3.615385,13.796581,28.305983,35684.210039,1.020693,108,5166,0,2762,24863,29394,MaxPaths=3;Alpha0=0.5;Gamma=0.9;Epsilon0=0.5;RewardW1=0.6;RewardW2=0.4;RewardW3=0;RewardW4=0.2;AdaptiveEpsilon=false;AdaptiveAlpha=false;AdaptiveReward=false;Policy=QLearning;UseMacFeedback=true;DelayRef=0.01;HopByHop=true;UseRerrBump=true;QueueHighThreshold=0.7;QueueLowThreshold=0.3;QueueRewardWeight=0.1;AdaptiveQueueWeight=true;QueueWeightMax=0.4;QueueWeightKappa=0.2;FailurePenalty=0.5;QueueAwareSelect=true;QueueDrivenExploration=false;QueueSelectBeta=0.5;AckSilenceDecay=true;AckSilenceThreshold=+1.5e+10ns;DecayFactor=0.92;DecayMinTx=3;DecayInterval=+1e+10ns;TrendEpsilon=true;TrendInterval=+1e+09ns;TrendDelta=0.05;TrendWindow=3;TrendBump=0.1;TrendCap=0.5;QueueRefPackets=20;
QSQMAODV,M_N30_r300|QSQ_prune_FULL,15,30,29,0.1,512,15.0,0.85,1000.0,1000.0,300.0,16.0,300.0,1,0,0,3,200.0,56493,35377,0.626219,26.349766,160.171626,165.746224,43.787833,52773,2497472,13.073319,1.491732,0.057052,0.207932,1.0,0.03405,0.14835,195957,1748,0,479,1,0,0.0,0,3.687179,13.430769,28.22735,38294.458962,1.479121,79,5705,0,1910,20139,24020,MaxPaths=3;Alpha0=0.5;Gamma=0.9;Epsilon0=0.5;RewardW1=0.6;RewardW2=0.4;RewardW3=0;RewardW4=0.2;AdaptiveEpsilon=false;AdaptiveAlpha=false;AdaptiveReward=false;Policy=QLearning;UseMacFeedback=true;DelayRef=0.01;HopByHop=true;UseRerrBump=true;QueueHighThreshold=0.7;QueueLowThreshold=0.3;QueueRewardWeight=0.1;AdaptiveQueueWeight=true;QueueWeightMax=0.4;QueueWeightKappa=0.2;FailurePenalty=0.5;QueueAwareSelect=true;QueueDrivenExploration=false;QueueSelectBeta=0.5;AckSilenceDecay=true;AckSilenceThreshold=+1.5e+10ns;DecayFactor=0.92;DecayMinTx=3;DecayInterval=+1e+10ns;TrendEpsilon=true;TrendInterval=+1e+09ns;TrendDelta=0.05;TrendWindow=3;TrendBump=0.1;TrendCap=0.5;QueueRefPackets=20;
QSQMAODV,M_N30_r300|QSQ_prune_FULL,16,30,29,0.1,512,15.0,0.85,1000.0,1000.0,300.0,16.0,300.0,1,0,0,3,200.0,56493,24423,0.432319,18.8406,48.323277,53.402511,14.989556,19948,943712,7.155611,0.816771,0.015606,0.078084,1.0,0.010277,0.052482,115230,722,0,387,0,0,0.0,0,3.664957,13.752137,28.441026,36269.185127,0.505319,3,2973,0,736,31256,5848,MaxPaths=3;Alpha0=0.5;Gamma=0.9;Epsilon0=0.5;RewardW1=0.6;RewardW2=0.4;RewardW3=0;RewardW4=0.2;AdaptiveEpsilon=false;AdaptiveAlpha=false;AdaptiveReward=false;Policy=QLearning;UseMacFeedback=true;DelayRef=0.01;HopByHop=true;UseRerrBump=true;QueueHighThreshold=0.7;QueueLowThreshold=0.3;QueueRewardWeight=0.1;AdaptiveQueueWeight=true;QueueWeightMax=0.4;QueueWeightKappa=0.2;FailurePenalty=0.5;QueueAwareSelect=true;QueueDrivenExploration=false;QueueSelectBeta=0.5;AckSilenceDecay=true;AckSilenceThreshold=+1.5e+10ns;DecayFactor=0.92;DecayMinTx=3;DecayInterval=+1e+10ns;TrendEpsilon=true;TrendInterval=+1e+09ns;TrendDelta=0.05;TrendWindow=3;TrendBump=0.1;TrendCap=0.5;QueueRefPackets=20;
QSQMAODV,M_N30_r300|QSQ_prune_FULL,17,30,29,0.1,512,15.0,0.85,1000.0,1000.0,300.0,16.0,300.0,1,0,0,3,200.0,56493,35146,0.62213,26.17771,207.416014,230.742058,63.561829,63595,3032724,15.979501,1.809452,0.099547,0.279008,1.0,0.057656,0.200221,196475,2621,0,286,1,0,0.0,0,3.757265,13.988034,28.461538,33898.278726,1.359974,99,9045,0,2953,19903,35722,MaxPaths=3;Alpha0=0.5;Gamma=0.9;Epsilon0=0.5;RewardW1=0.6;RewardW2=0.4;RewardW3=0;RewardW4=0.2;AdaptiveEpsilon=false;AdaptiveAlpha=false;AdaptiveReward=false;Policy=QLearning;UseMacFeedback=true;DelayRef=0.01;HopByHop=true;UseRerrBump=true;QueueHighThreshold=0.7;QueueLowThreshold=0.3;QueueRewardWeight=0.1;AdaptiveQueueWeight=true;QueueWeightMax=0.4;QueueWeightKappa=0.2;FailurePenalty=0.5;QueueAwareSelect=true;QueueDrivenExploration=false;QueueSelectBeta=0.5;AckSilenceDecay=true;AckSilenceThreshold=+1.5e+10ns;DecayFactor=0.92;DecayMinTx=3;DecayInterval=+1e+10ns;TrendEpsilon=true;TrendInterval=+1e+09ns;TrendDelta=0.05;TrendWindow=3;TrendBump=0.1;TrendCap=0.5;QueueRefPackets=20;
QSQMAODV,M_N30_r300|QSQ_prune_FULL,18,30,29,0.1,512,15.0,0.85,1000.0,1000.0,300.0,16.0,300.0,1,0,0,3,200.0,56493,23551,0.416884,17.541434,100.827082,174.41118,20.020195,15433,732396,5.758944,0.655301,0.012934,0.058661,1.0,0.009965,0.038868,99317,559,0,385,0,0,0.0,0,3.524786,13.791453,28.246154,33349.765461,0.479776,0,3002,0,562,31343,4785,MaxPaths=3;Alpha0=0.5;Gamma=0.9;Epsilon0=0.5;RewardW1=0.6;RewardW2=0.4;RewardW3=0;RewardW4=0.2;AdaptiveEpsilon=false;AdaptiveAlpha=false;AdaptiveReward=false;Policy=QLearning;UseMacFeedback=true;DelayRef=0.01;HopByHop=true;UseRerrBump=true;QueueHighThreshold=0.7;QueueLowThreshold=0.3;QueueRewardWeight=0.1;AdaptiveQueueWeight=true;QueueWeightMax=0.4;QueueWeightKappa=0.2;FailurePenalty=0.5;QueueAwareSelect=true;QueueDrivenExploration=false;QueueSelectBeta=0.5;AckSilenceDecay=true;AckSilenceThreshold=+1.5e+10ns;DecayFactor=0.92;DecayMinTx=3;DecayInterval=+1e+10ns;TrendEpsilon=true;TrendInterval=+1e+09ns;TrendDelta=0.05;TrendWindow=3;TrendBump=0.1;TrendCap=0.5;QueueRefPackets=20;
QSQMAODV,M_N30_r300|QSQ_prune_FULL,19,30,29,0.1,512,15.0,0.85,1000.0,1000.0,300.0,16.0,300.0,1,0,0,3,200.0,56493,27257,0.482485,20.301766,32.664621,34.263671,12.565587,19358,922576,6.268019,0.710203,0.012789,0.067875,1.0,0.008737,0.042534,117175,759,0,342,0,0,0.0,0,3.623932,13.547009,28.205128,35735.702045,0.675358,1,1630,0,767,27445,6675,MaxPaths=3;Alpha0=0.5;Gamma=0.9;Epsilon0=0.5;RewardW1=0.6;RewardW2=0.4;RewardW3=0;RewardW4=0.2;AdaptiveEpsilon=false;AdaptiveAlpha=false;AdaptiveReward=false;Policy=QLearning;UseMacFeedback=true;DelayRef=0.01;HopByHop=true;UseRerrBump=true;QueueHighThreshold=0.7;QueueLowThreshold=0.3;QueueRewardWeight=0.1;AdaptiveQueueWeight=true;QueueWeightMax=0.4;QueueWeightKappa=0.2;FailurePenalty=0.5;QueueAwareSelect=true;QueueDrivenExploration=false;QueueSelectBeta=0.5;AckSilenceDecay=true;AckSilenceThreshold=+1.5e+10ns;DecayFactor=0.92;DecayMinTx=3;DecayInterval=+1e+10ns;TrendEpsilon=true;TrendInterval=+1e+09ns;TrendDelta=0.05;TrendWindow=3;TrendBump=0.1;TrendCap=0.5;QueueRefPackets=20;
QSQMAODV,M_N30_r300|QSQ_prune_FULL,2,30,29,0.1,512,15.0,0.85,1000.0,1000.0,300.0,16.0,300.0,1,0,0,3,200.0,56493,29187,0.516648,21.739283,244.933693,246.244848,59.760857,68325,3268586,20.738469,2.340939,0.076034,0.24374,1.0,0.039459,0.165813,187006,2754,0,271,0,0,0.0,0,3.186325,13.323077,28.280342,34911.284936,1.242827,8,9277,0,3097,25728,36553,MaxPaths=3;Alpha0=0.5;Gamma=0.9;Epsilon0=0.5;RewardW1=0.6;RewardW2=0.4;RewardW3=0;RewardW4=0.2;AdaptiveEpsilon=false;AdaptiveAlpha=false;AdaptiveReward=false;Policy=QLearning;UseMacFeedback=true;DelayRef=0.01;HopByHop=true;UseRerrBump=true;QueueHighThreshold=0.7;QueueLowThreshold=0.3;QueueRewardWeight=0.1;AdaptiveQueueWeight=true;QueueWeightMax=0.4;QueueWeightKappa=0.2;FailurePenalty=0.5;QueueAwareSelect=true;QueueDrivenExploration=false;QueueSelectBeta=0.5;AckSilenceDecay=true;AckSilenceThreshold=+1.5e+10ns;DecayFactor=0.92;DecayMinTx=3;DecayInterval=+1e+10ns;TrendEpsilon=true;TrendInterval=+1e+09ns;TrendDelta=0.05;TrendWindow=3;TrendBump=0.1;TrendCap=0.5;QueueRefPackets=20;
QSQMAODV,M_N30_r300|QSQ_prune_FULL,20,30,29,0.1,512,15.0,0.85,1000.0,1000.0,300.0,16.0,300.0,1,0,0,3,200.0,56493,25778,0.456304,19.200166,289.979795,297.409627,59.304439,67205,3181482,22.855277,2.607068,0.090497,0.245982,1.0,0.046648,0.170963,182928,2755,0,300,1,0,0.0,0,3.71453,13.8,28.367521,32700.651082,0.958048,48,9964,0,3146,29140,38378,MaxPaths=3;Alpha0=0.5;Gamma=0.9;Epsilon0=0.5;RewardW1=0.6;RewardW2=0.4;RewardW3=0;RewardW4=0.2;AdaptiveEpsilon=false;AdaptiveAlpha=false;AdaptiveReward=false;Policy=QLearning;UseMacFeedback=true;DelayRef=0.01;HopByHop=true;UseRerrBump=true;QueueHighThreshold=0.7;QueueLowThreshold=0.3;QueueRewardWeight=0.1;AdaptiveQueueWeight=true;QueueWeightMax=0.4;QueueWeightKappa=0.2;FailurePenalty=0.5;QueueAwareSelect=true;QueueDrivenExploration=false;QueueSelectBeta=0.5;AckSilenceDecay=true;AckSilenceThreshold=+1.5e+10ns;DecayFactor=0.92;DecayMinTx=3;DecayInterval=+1e+10ns;TrendEpsilon=true;TrendInterval=+1e+09ns;TrendDelta=0.05;TrendWindow=3;TrendBump=0.1;TrendCap=0.5;QueueRefPackets=20;
QSQMAODV,M_N30_r300|QSQ_prune_FULL,3,30,29,0.1,512,15.0,0.85,1000.0,1000.0,300.0,16.0,300.0,1,0,0,3,200.0,56493,32044,0.567221,23.867255,309.542896,312.681951,72.979094,72075,3424574,19.790924,2.249251,0.10212,0.294064,1.0,0.066199,0.216951,211747,2856,0,414,3,0,0.0,0,3.382906,13.015385,27.988034,36483.388441,1.554777,100,11981,0,3239,23735,34863,MaxPaths=3;Alpha0=0.5;Gamma=0.9;Epsilon0=0.5;RewardW1=0.6;RewardW2=0.4;RewardW3=0;RewardW4=0.2;AdaptiveEpsilon=false;AdaptiveAlpha=false;AdaptiveReward=false;Policy=QLearning;UseMacFeedback=true;DelayRef=0.01;HopByHop=true;UseRerrBump=true;QueueHighThreshold=0.7;QueueLowThreshold=0.3;QueueRewardWeight=0.1;AdaptiveQueueWeight=true;QueueWeightMax=0.4;QueueWeightKappa=0.2;FailurePenalty=0.5;QueueAwareSelect=true;QueueDrivenExploration=false;QueueSelectBeta=0.5;AckSilenceDecay=true;AckSilenceThreshold=+1.5e+10ns;DecayFactor=0.92;DecayMinTx=3;DecayInterval=+1e+10ns;TrendEpsilon=true;TrendInterval=+1e+09ns;TrendDelta=0.05;TrendWindow=3;TrendBump=0.1;TrendCap=0.5;QueueRefPackets=20;
QSQMAODV,M_N30_r300|QSQ_prune_FULL,4,30,29,0.1,512,15.0,0.85,1000.0,1000.0,300.0,16.0,300.0,1,0,0,3,200.0,56493,15852,0.280601,11.807007,22.08835,20.926451,9.179226,19062,904912,10.571303,1.202498,0.010618,0.063683,1.0,0.005948,0.037537,103945,643,0,262,0,0,0.0,0,3.620513,13.870085,28.37265,34911.734277,0.250792,0,1845,0,650,38260,6818,MaxPaths=3;Alpha0=0.5;Gamma=0.9;Epsilon0=0.5;RewardW1=0.6;RewardW2=0.4;RewardW3=0;RewardW4=0.2;AdaptiveEpsilon=false;AdaptiveAlpha=false;AdaptiveReward=false;Policy=QLearning;UseMacFeedback=true;DelayRef=0.01;HopByHop=true;UseRerrBump=true;QueueHighThreshold=0.7;QueueLowThreshold=0.3;QueueRewardWeight=0.1;AdaptiveQueueWeight=true;QueueWeightMax=0.4;QueueWeightKappa=0.2;FailurePenalty=0.5;QueueAwareSelect=true;QueueDrivenExploration=false;QueueSelectBeta=0.5;AckSilenceDecay=true;AckSilenceThreshold=+1.5e+10ns;DecayFactor=0.92;DecayMinTx=3;DecayInterval=+1e+10ns;TrendEpsilon=true;TrendInterval=+1e+09ns;TrendDelta=0.05;TrendWindow=3;TrendBump=0.1;TrendCap=0.5;QueueRefPackets=20;
QSQMAODV,M_N30_r300|QSQ_prune_FULL,5,30,29,0.1,512,15.0,0.85,1000.0,1000.0,300.0,16.0,300.0,1,0,0,3,200.0,56493,30693,0.543306,22.860993,236.664366,269.902582,75.575385,81330,3875538,23.382928,2.64979,0.134369,0.338692,1.0,0.074424,0.244164,202491,3713,0,298,3,0,0.0,0,3.644444,13.374359,28.268376,37519.931912,1.136088,67,9573,0,4150,25059,46283,MaxPaths=3;Alpha0=0.5;Gamma=0.9;Epsilon0=0.5;RewardW1=0.6;RewardW2=0.4;RewardW3=0;RewardW4=0.2;AdaptiveEpsilon=false;AdaptiveAlpha=false;AdaptiveReward=false;Policy=QLearning;UseMacFeedback=true;DelayRef=0.01;HopByHop=true;UseRerrBump=true;QueueHighThreshold=0.7;QueueLowThreshold=0.3;QueueRewardWeight=0.1;AdaptiveQueueWeight=true;QueueWeightMax=0.4;QueueWeightKappa=0.2;FailurePenalty=0.5;QueueAwareSelect=true;QueueDrivenExploration=false;QueueSelectBeta=0.5;AckSilenceDecay=true;AckSilenceThreshold=+1.5e+10ns;DecayFactor=0.92;DecayMinTx=3;DecayInterval=+1e+10ns;TrendEpsilon=true;TrendInterval=+1e+09ns;TrendDelta=0.05;TrendWindow=3;TrendBump=0.1;TrendCap=0.5;QueueRefPackets=20;
QSQMAODV,M_N30_r300|QSQ_prune_FULL,6,30,29,0.1,512,15.0,0.85,1000.0,1000.0,300.0,16.0,300.0,1,0,0,3,200.0,56493,28596,0.506187,21.29909,34.596667,42.733305,14.840116,23735,1120406,7.255651,0.830011,0.019103,0.083949,1.0,0.011229,0.052227,124547,797,0,514,0,0,0.0,0,3.844444,13.837607,28.364103,32817.801668,0.690917,0,2415,0,810,26265,9804,MaxPaths=3;Alpha0=0.5;Gamma=0.9;Epsilon0=0.5;RewardW1=0.6;RewardW2=0.4;RewardW3=0;RewardW4=0.2;AdaptiveEpsilon=false;AdaptiveAlpha=false;AdaptiveReward=false;Policy=QLearning;UseMacFeedback=true;DelayRef=0.01;HopByHop=true;UseRerrBump=true;QueueHighThreshold=0.7;QueueLowThreshold=0.3;QueueRewardWeight=0.1;AdaptiveQueueWeight=true;QueueWeightMax=0.4;QueueWeightKappa=0.2;FailurePenalty=0.5;QueueAwareSelect=true;QueueDrivenExploration=false;QueueSelectBeta=0.5;AckSilenceDecay=true;AckSilenceThreshold=+1.5e+10ns;DecayFactor=0.92;DecayMinTx=3;DecayInterval=+1e+10ns;TrendEpsilon=true;TrendInterval=+1e+09ns;TrendDelta=0.05;TrendWindow=3;TrendBump=0.1;TrendCap=0.5;QueueRefPackets=20;
QSQMAODV,M_N30_r300|QSQ_prune_FULL,7,30,29,0.1,512,15.0,0.85,1000.0,1000.0,300.0,16.0,300.0,1,0,0,3,200.0,56493,17175,0.30402,13.249286,102.744543,98.561085,22.255598,29420,1396852,15.061211,1.712955,0.078452,0.192537,1.0,0.065865,0.161032,158562,1311,0,364,1,0,0.0,0,3.605128,13.716239,28.317949,35911.020594,0.435381,286,4769,0,1364,37219,11111,MaxPaths=3;Alpha0=0.5;Gamma=0.9;Epsilon0=0.5;RewardW1=0.6;RewardW2=0.4;RewardW3=0;RewardW4=0.2;AdaptiveEpsilon=false;AdaptiveAlpha=false;AdaptiveReward=false;Policy=QLearning;UseMacFeedback=true;DelayRef=0.01;HopByHop=true;UseRerrBump=true;QueueHighThreshold=0.7;QueueLowThreshold=0.3;QueueRewardWeight=0.1;AdaptiveQueueWeight=true;QueueWeightMax=0.4;QueueWeightKappa=0.2;FailurePenalty=0.5;QueueAwareSelect=true;QueueDrivenExploration=false;QueueSelectBeta=0.5;AckSilenceDecay=true;AckSilenceThreshold=+1.5e+10ns;DecayFactor=0.92;DecayMinTx=3;DecayInterval=+1e+10ns;TrendEpsilon=true;TrendInterval=+1e+09ns;TrendDelta=0.05;TrendWindow=3;TrendBump=0.1;TrendCap=0.5;QueueRefPackets=20;
QSQMAODV,M_N30_r300|QSQ_prune_FULL,8,30,29,0.1,512,15.0,0.85,1000.0,1000.0,300.0,16.0,300.0,1,0,0,3,200.0,56493,26087,0.461774,19.430317,152.538081,155.35872,36.431425,43001,2065676,14.663725,1.648369,0.050703,0.167352,1.0,0.025161,0.112055,144557,1430,0,377,1,0,0.0,0,3.403419,13.441026,28.167521,36714.95414,0.833661,1,7268,0,1537,28283,18630,MaxPaths=3;Alpha0=0.5;Gamma=0.9;Epsilon0=0.5;RewardW1=0.6;RewardW2=0.4;RewardW3=0;RewardW4=0.2;AdaptiveEpsilon=false;AdaptiveAlpha=false;AdaptiveReward=false;Policy=QLearning;UseMacFeedback=true;DelayRef=0.01;HopByHop=true;UseRerrBump=true;QueueHighThreshold=0.7;QueueLowThreshold=0.3;QueueRewardWeight=0.1;AdaptiveQueueWeight=true;QueueWeightMax=0.4;QueueWeightKappa=0.2;FailurePenalty=0.5;QueueAwareSelect=true;QueueDrivenExploration=false;QueueSelectBeta=0.5;AckSilenceDecay=true;AckSilenceThreshold=+1.5e+10ns;DecayFactor=0.92;DecayMinTx=3;DecayInterval=+1e+10ns;TrendEpsilon=true;TrendInterval=+1e+09ns;TrendDelta=0.05;TrendWindow=3;TrendBump=0.1;TrendCap=0.5;QueueRefPackets=20;
QSQMAODV,M_N30_r300|QSQ_prune_FULL,9,30,29,0.1,512,15.0,0.85,1000.0,1000.0,300.0,16.0,300.0,1,0,0,3,200.0,56493,23558,0.417007,17.546648,187.534321,183.383676,45.063333,46652,2219744,17.449007,1.980304,0.085013,0.221966,1.0,0.058981,0.168836,149385,1682,0,242,1,0,0.0,0,3.191453,13.109402,28.179487,31625.692068,0.809304,30,10431,0,1773,31745,21721,MaxPaths=3;Alpha0=0.5;Gamma=0.9;Epsilon0=0.5;RewardW1=0.6;RewardW2=0.4;RewardW3=0;RewardW4=0.2;AdaptiveEpsilon=false;AdaptiveAlpha=false;AdaptiveReward=false;Policy=QLearning;UseMacFeedback=true;DelayRef=0.01;HopByHop=true;UseRerrBump=true;QueueHighThreshold=0.7;QueueLowThreshold=0.3;QueueRewardWeight=0.1;AdaptiveQueueWeight=true;QueueWeightMax=0.4;QueueWeightKappa=0.2;FailurePenalty=0.5;QueueAwareSelect=true;QueueDrivenExploration=false;QueueSelectBeta=0.5;AckSilenceDecay=true;AckSilenceThreshold=+1.5e+10ns;DecayFactor=0.92;DecayMinTx=3;DecayInterval=+1e+10ns;TrendEpsilon=true;TrendInterval=+1e+09ns;TrendDelta=0.05;TrendWindow=3;TrendBump=0.1;TrendCap=0.5;QueueRefPackets=20;
QSQMAODV,M_N30_r300|QSQ_prune_only,1,30,29,0.1,512,15.0,0.85,1000.0,1000.0,300.0,16.0,300.0,1,0,0,3,200.0,56493,31618,0.55968,23.549959,284.512827,292.845105,77.750322,116730,5553134,32.524453,3.691884,0.143779,0.366641,1.0,0.068926,0.26144,243906,4384,0,0,0,0,0.0,0,3.65641,14.05812,28.249573,35718.64528,1.573345,4,13753,0,5194,23666,68075,MaxPaths=3;Alpha0=0.5;Gamma=0.9;Epsilon0=0.5;RewardW1=0.6;RewardW2=0.4;RewardW3=0;RewardW4=0.2;AdaptiveEpsilon=false;AdaptiveAlpha=false;AdaptiveReward=false;Policy=QLearning;UseMacFeedback=true;DelayRef=0.01;HopByHop=true;UseRerrBump=true;QueueHighThreshold=0.7;QueueLowThreshold=0.3;QueueRewardWeight=0;AdaptiveQueueWeight=true;QueueWeightMax=0.4;QueueWeightKappa=0.2;FailurePenalty=0;QueueAwareSelect=false;QueueDrivenExploration=false;QueueSelectBeta=0.5;AckSilenceDecay=false;AckSilenceThreshold=+1.5e+10ns;DecayFactor=0.92;DecayMinTx=3;DecayInterval=+1e+10ns;TrendEpsilon=false;TrendInterval=+1e+09ns;TrendDelta=0.05;TrendWindow=3;TrendBump=0.1;TrendCap=0.5;QueueRefPackets=20;
QSQMAODV,M_N30_r300|QSQ_prune_only,10,30,29,0.1,512,15.0,0.85,1000.0,1000.0,300.0,16.0,300.0,1,0,0,3,200.0,56493,34273,0.606677,25.527476,135.07909,146.948602,34.478397,30860,1462484,7.90215,0.900417,0.036793,0.142966,1.0,0.023314,0.09918,141156,1192,0,0,0,0,0.0,0,3.661538,13.504274,28.097436,34337.053143,1.054485,0,4424,0,1280,21783,13174,MaxPaths=3;Alpha0=0.5;Gamma=0.9;Epsilon0=0.5;RewardW1=0.6;RewardW2=0.4;RewardW3=0;RewardW4=0.2;AdaptiveEpsilon=false;AdaptiveAlpha=false;AdaptiveReward=false;Policy=QLearning;UseMacFeedback=true;DelayRef=0.01;HopByHop=true;UseRerrBump=true;QueueHighThreshold=0.7;QueueLowThreshold=0.3;QueueRewardWeight=0;AdaptiveQueueWeight=true;QueueWeightMax=0.4;QueueWeightKappa=0.2;FailurePenalty=0;QueueAwareSelect=false;QueueDrivenExploration=false;QueueSelectBeta=0.5;AckSilenceDecay=false;AckSilenceThreshold=+1.5e+10ns;DecayFactor=0.92;DecayMinTx=3;DecayInterval=+1e+10ns;TrendEpsilon=false;TrendInterval=+1e+09ns;TrendDelta=0.05;TrendWindow=3;TrendBump=0.1;TrendCap=0.5;QueueRefPackets=20;
QSQMAODV,M_N30_r300|QSQ_prune_only,11,30,29,0.1,512,15.0,0.85,1000.0,1000.0,300.0,16.0,300.0,1,0,0,3,200.0,56493,23615,0.418016,17.589103,150.476384,154.355159,48.04669,75980,3613650,28.337686,3.217447,0.087896,0.263672,1.0,0.04885,0.181181,214346,2980,0,0,0,0,0.0,0,3.760684,14.234188,28.411966,31831.023418,0.938311,43,6984,0,3544,30877,38619,MaxPaths=3;Alpha0=0.5;Gamma=0.9;Epsilon0=0.5;RewardW1=0.6;RewardW2=0.4;RewardW3=0;RewardW4=0.2;AdaptiveEpsilon=false;AdaptiveAlpha=false;AdaptiveReward=false;Policy=QLearning;UseMacFeedback=true;DelayRef=0.01;HopByHop=true;UseRerrBump=true;QueueHighThreshold=0.7;QueueLowThreshold=0.3;QueueRewardWeight=0;AdaptiveQueueWeight=true;QueueWeightMax=0.4;QueueWeightKappa=0.2;FailurePenalty=0;QueueAwareSelect=false;QueueDrivenExploration=false;QueueSelectBeta=0.5;AckSilenceDecay=false;AckSilenceThreshold=+1.5e+10ns;DecayFactor=0.92;DecayMinTx=3;DecayInterval=+1e+10ns;TrendEpsilon=false;TrendInterval=+1e+09ns;TrendDelta=0.05;TrendWindow=3;TrendBump=0.1;TrendCap=0.5;QueueRefPackets=20;
QSQMAODV,M_N30_r300|QSQ_prune_only,12,30,29,0.1,512,15.0,0.85,1000.0,1000.0,300.0,16.0,300.0,1,0,0,3,200.0,56493,36786,0.65116,27.399228,163.569705,164.935608,44.342035,48211,2290296,11.529628,1.31058,0.063724,0.21542,1.0,0.038924,0.155549,173092,2140,0,0,0,0,0.0,0,3.574359,13.316239,28.075214,34300.903184,1.354256,30,5935,0,2375,18927,21763,MaxPaths=3;Alpha0=0.5;Gamma=0.9;Epsilon0=0.5;RewardW1=0.6;RewardW2=0.4;RewardW3=0;RewardW4=0.2;AdaptiveEpsilon=false;AdaptiveAlpha=false;AdaptiveReward=false;Policy=QLearning;UseMacFeedback=true;DelayRef=0.01;HopByHop=true;UseRerrBump=true;QueueHighThreshold=0.7;QueueLowThreshold=0.3;QueueRewardWeight=0;AdaptiveQueueWeight=true;QueueWeightMax=0.4;QueueWeightKappa=0.2;FailurePenalty=0;QueueAwareSelect=false;QueueDrivenExploration=false;QueueSelectBeta=0.5;AckSilenceDecay=false;AckSilenceThreshold=+1.5e+10ns;DecayFactor=0.92;DecayMinTx=3;DecayInterval=+1e+10ns;TrendEpsilon=false;TrendInterval=+1e+09ns;TrendDelta=0.05;TrendWindow=3;TrendBump=0.1;TrendCap=0.5;QueueRefPackets=20;
QSQMAODV,M_N30_r300|QSQ_prune_only,13,30,29,0.1,512,15.0,0.85,1000.0,1000.0,300.0,16.0,300.0,1,0,0,3,200.0,56493,27199,0.481458,20.258566,97.14516,100.045017,33.946392,25908,1221860,8.319069,0.952535,0.056639,0.155552,1.0,0.045161,0.115953,134755,1158,0,0,0,0,0.0,0,3.560684,13.328205,28.264957,30237.191505,0.705769,55,3198,0,1214,27739,9631,MaxPaths=3;Alpha0=0.5;Gamma=0.9;Epsilon0=0.5;RewardW1=0.6;RewardW2=0.4;RewardW3=0;RewardW4=0.2;AdaptiveEpsilon=false;AdaptiveAlpha=false;AdaptiveReward=false;Policy=QLearning;UseMacFeedback=true;DelayRef=0.01;HopByHop=true;UseRerrBump=true;QueueHighThreshold=0.7;QueueLowThreshold=0.3;QueueRewardWeight=0;AdaptiveQueueWeight=true;QueueWeightMax=0.4;QueueWeightKappa=0.2;FailurePenalty=0;QueueAwareSelect=false;QueueDrivenExploration=false;QueueSelectBeta=0.5;AckSilenceDecay=false;AckSilenceThreshold=+1.5e+10ns;DecayFactor=0.92;DecayMinTx=3;DecayInterval=+1e+10ns;TrendEpsilon=false;TrendInterval=+1e+09ns;TrendDelta=0.05;TrendWindow=3;TrendBump=0.1;TrendCap=0.5;QueueRefPackets=20;
QSQMAODV,M_N30_r300|QSQ_prune_only,14,30,29,0.1,512,15.0,0.85,1000.0,1000.0,300.0,16.0,300.0,1,0,0,3,200.0,56493,34413,0.609155,25.631752,103.710525,109.565215,31.855687,40418,1913422,10.296615,1.174498,0.052264,0.172436,1.0,0.032696,0.121414,156232,1905,0,0,0,0,0.0,0,3.615385,13.796581,28.305983,35684.210039,1.095853,3,4050,0,2093,20578,19287,MaxPaths=3;Alpha0=0.5;Gamma=0.9;Epsilon0=0.5;RewardW1=0.6;RewardW2=0.4;RewardW3=0;RewardW4=0.2;AdaptiveEpsilon=false;AdaptiveAlpha=false;AdaptiveReward=false;Policy=QLearning;UseMacFeedback=true;DelayRef=0.01;HopByHop=true;UseRerrBump=true;QueueHighThreshold=0.7;QueueLowThreshold=0.3;QueueRewardWeight=0;AdaptiveQueueWeight=true;QueueWeightMax=0.4;QueueWeightKappa=0.2;FailurePenalty=0;QueueAwareSelect=false;QueueDrivenExploration=false;QueueSelectBeta=0.5;AckSilenceDecay=false;AckSilenceThreshold=+1.5e+10ns;DecayFactor=0.92;DecayMinTx=3;DecayInterval=+1e+10ns;TrendEpsilon=false;TrendInterval=+1e+09ns;TrendDelta=0.05;TrendWindow=3;TrendBump=0.1;TrendCap=0.5;QueueRefPackets=20;
QSQMAODV,M_N30_r300|QSQ_prune_only,15,30,29,0.1,512,15.0,0.85,1000.0,1000.0,300.0,16.0,300.0,1,0,0,3,200.0,56493,33393,0.5911,24.872028,189.835948,212.568687,53.643777,48995,2316674,12.847414,1.467224,0.061869,0.200717,1.0,0.037297,0.142251,176692,2075,0,0,0,0,0.0,0,3.687179,13.430769,28.22735,38294.458962,1.322518,0,6457,0,2346,21947,21807,MaxPaths=3;Alpha0=0.5;Gamma=0.9;Epsilon0=0.5;RewardW1=0.6;RewardW2=0.4;RewardW3=0;RewardW4=0.2;AdaptiveEpsilon=false;AdaptiveAlpha=false;AdaptiveReward=false;Policy=QLearning;UseMacFeedback=true;DelayRef=0.01;HopByHop=true;UseRerrBump=true;QueueHighThreshold=0.7;QueueLowThreshold=0.3;QueueRewardWeight=0;AdaptiveQueueWeight=true;QueueWeightMax=0.4;QueueWeightKappa=0.2;FailurePenalty=0;QueueAwareSelect=false;QueueDrivenExploration=false;QueueSelectBeta=0.5;AckSilenceDecay=false;AckSilenceThreshold=+1.5e+10ns;DecayFactor=0.92;DecayMinTx=3;DecayInterval=+1e+10ns;TrendEpsilon=false;TrendInterval=+1e+09ns;TrendDelta=0.05;TrendWindow=3;TrendBump=0.1;TrendCap=0.5;QueueRefPackets=20;
QSQMAODV,M_N30_r300|QSQ_prune_only,16,30,29,0.1,512,15.0,0.85,1000.0,1000.0,300.0,16.0,300.0,1,0,0,3,200.0,56493,25780,0.45634,19.201655,91.894336,118.627344,27.424505,21120,1006502,7.229995,0.81924,0.016544,0.075875,1.0,0.011447,0.050891,114296,712,0,0,0,0,0.0,0,3.664957,13.752137,28.441026,36269.185127,0.63199,0,4337,0,816,29444,7744,MaxPaths=3;Alpha0=0.5;Gamma=0.9;Epsilon0=0.5;RewardW1=0.6;RewardW2=0.4;RewardW3=0;RewardW4=0.2;AdaptiveEpsilon=false;AdaptiveAlpha=false;AdaptiveReward=false;Policy=QLearning;UseMacFeedback=true;DelayRef=0.01;HopByHop=true;UseRerrBump=true;QueueHighThreshold=0.7;QueueLowThreshold=0.3;QueueRewardWeight=0;AdaptiveQueueWeight=true;QueueWeightMax=0.4;QueueWeightKappa=0.2;FailurePenalty=0;QueueAwareSelect=false;QueueDrivenExploration=false;QueueSelectBeta=0.5;AckSilenceDecay=false;AckSilenceThreshold=+1.5e+10ns;DecayFactor=0.92;DecayMinTx=3;DecayInterval=+1e+10ns;TrendEpsilon=false;TrendInterval=+1e+09ns;TrendDelta=0.05;TrendWindow=3;TrendBump=0.1;TrendCap=0.5;QueueRefPackets=20;
QSQMAODV,M_N30_r300|QSQ_prune_only,17,30,29,0.1,512,15.0,0.85,1000.0,1000.0,300.0,16.0,300.0,1,0,0,3,200.0,56493,38176,0.675765,28.434538,222.690702,239.999767,67.62699,83047,3959930,19.208937,2.175372,0.102369,0.296019,1.0,0.052269,0.206162,212830,3644,0,0,0,0,0.0,0,3.757265,13.988034,28.461538,33898.278726,1.632751,1,9436,0,4183,17167,45357,MaxPaths=3;Alpha0=0.5;Gamma=0.9;Epsilon0=0.5;RewardW1=0.6;RewardW2=0.4;RewardW3=0;RewardW4=0.2;AdaptiveEpsilon=false;AdaptiveAlpha=false;AdaptiveReward=false;Policy=QLearning;UseMacFeedback=true;DelayRef=0.01;HopByHop=true;UseRerrBump=true;QueueHighThreshold=0.7;QueueLowThreshold=0.3;QueueRewardWeight=0;AdaptiveQueueWeight=true;QueueWeightMax=0.4;QueueWeightKappa=0.2;FailurePenalty=0;QueueAwareSelect=false;QueueDrivenExploration=false;QueueSelectBeta=0.5;AckSilenceDecay=false;AckSilenceThreshold=+1.5e+10ns;DecayFactor=0.92;DecayMinTx=3;DecayInterval=+1e+10ns;TrendEpsilon=false;TrendInterval=+1e+09ns;TrendDelta=0.05;TrendWindow=3;TrendBump=0.1;TrendCap=0.5;QueueRefPackets=20;
QSQMAODV,M_N30_r300|QSQ_prune_only,18,30,29,0.1,512,15.0,0.85,1000.0,1000.0,300.0,16.0,300.0,1,0,0,3,200.0,56493,27638,0.489229,20.585545,90.757099,120.311237,29.646735,30426,1445718,9.686864,1.100876,0.104823,0.255308,1.0,0.092517,0.218646,179386,1439,0,0,0,0,0.0,0,3.524786,13.791453,28.246154,33349.765461,0.757156,651,5059,0,1583,27819,12711,MaxPaths=3;Alpha0=0.5;Gamma=0.9;Epsilon0=0.5;RewardW1=0.6;RewardW2=0.4;RewardW3=0;RewardW4=0.2;AdaptiveEpsilon=false;AdaptiveAlpha=false;AdaptiveReward=false;Policy=QLearning;UseMacFeedback=true;DelayRef=0.01;HopByHop=true;UseRerrBump=true;QueueHighThreshold=0.7;QueueLowThreshold=0.3;QueueRewardWeight=0;AdaptiveQueueWeight=true;QueueWeightMax=0.4;QueueWeightKappa=0.2;FailurePenalty=0;QueueAwareSelect=false;QueueDrivenExploration=false;QueueSelectBeta=0.5;AckSilenceDecay=false;AckSilenceThreshold=+1.5e+10ns;DecayFactor=0.92;DecayMinTx=3;DecayInterval=+1e+10ns;TrendEpsilon=false;TrendInterval=+1e+09ns;TrendDelta=0.05;TrendWindow=3;TrendBump=0.1;TrendCap=0.5;QueueRefPackets=20;
QSQMAODV,M_N30_r300|QSQ_prune_only,19,30,29,0.1,512,15.0,0.85,1000.0,1000.0,300.0,16.0,300.0,1,0,0,3,200.0,56493,23117,0.409201,17.218179,20.065703,22.77603,6.784906,13291,629674,5.044179,0.574945,0.00413,0.033487,1.0,0.002514,0.019657,96407,430,0,0,0,0,0.0,0,3.623932,13.547009,28.205128,35735.702045,0.446834,0,1715,0,431,31333,3460,MaxPaths=3;Alpha0=0.5;Gamma=0.9;Epsilon0=0.5;RewardW1=0.6;RewardW2=0.4;RewardW3=0;RewardW4=0.2;AdaptiveEpsilon=false;AdaptiveAlpha=false;AdaptiveReward=false;Policy=QLearning;UseMacFeedback=true;DelayRef=0.01;HopByHop=true;UseRerrBump=true;QueueHighThreshold=0.7;QueueLowThreshold=0.3;QueueRewardWeight=0;AdaptiveQueueWeight=true;QueueWeightMax=0.4;QueueWeightKappa=0.2;FailurePenalty=0;QueueAwareSelect=false;QueueDrivenExploration=false;QueueSelectBeta=0.5;AckSilenceDecay=false;AckSilenceThreshold=+1.5e+10ns;DecayFactor=0.92;DecayMinTx=3;DecayInterval=+1e+10ns;TrendEpsilon=false;TrendInterval=+1e+09ns;TrendDelta=0.05;TrendWindow=3;TrendBump=0.1;TrendCap=0.5;QueueRefPackets=20;
QSQMAODV,M_N30_r300|QSQ_prune_only,2,30,29,0.1,512,15.0,0.85,1000.0,1000.0,300.0,16.0,300.0,1,0,0,3,200.0,56493,32325,0.572195,24.076552,341.566125,353.084438,71.698506,84028,4011656,22.982189,2.599474,0.115164,0.31604,1.0,0.067574,0.230116,215104,3612,0,0,0,0,0.0,0,3.186325,13.323077,28.280342,34911.284936,1.453224,16,9984,0,3974,22938,44516,MaxPaths=3;Alpha0=0.5;Gamma=0.9;Epsilon0=0.5;RewardW1=0.6;RewardW2=0.4;RewardW3=0;RewardW4=0.2;AdaptiveEpsilon=false;AdaptiveAlpha=false;AdaptiveReward=false;Policy=QLearning;UseMacFeedback=true;DelayRef=0.01;HopByHop=true;UseRerrBump=true;QueueHighThreshold=0.7;QueueLowThreshold=0.3;QueueRewardWeight=0;AdaptiveQueueWeight=true;QueueWeightMax=0.4;QueueWeightKappa=0.2;FailurePenalty=0;QueueAwareSelect=false;QueueDrivenExploration=false;QueueSelectBeta=0.5;AckSilenceDecay=false;AckSilenceThreshold=+1.5e+10ns;DecayFactor=0.92;DecayMinTx=3;DecayInterval=+1e+10ns;TrendEpsilon=false;TrendInterval=+1e+09ns;TrendDelta=0.05;TrendWindow=3;TrendBump=0.1;TrendCap=0.5;QueueRefPackets=20;
QSQMAODV,M_N30_r300|QSQ_prune_only,20,30,29,0.1,512,15.0,0.85,1000.0,1000.0,300.0,16.0,300.0,1,0,0,3,200.0,56493,19899,0.352238,14.821324,153.554032,168.278938,56.561293,64707,3088576,28.743078,3.251771,0.091927,0.238381,1.0,0.043232,0.15841,171125,2828,0,0,0,0,0.0,0,3.71453,13.8,28.367521,32700.651082,0.668313,5,7399,0,3171,35018,35123,MaxPaths=3;Alpha0=0.5;Gamma=0.9;Epsilon0=0.5;RewardW1=0.6;RewardW2=0.4;RewardW3=0;RewardW4=0.2;AdaptiveEpsilon=false;AdaptiveAlpha=false;AdaptiveReward=false;Policy=QLearning;UseMacFeedback=true;DelayRef=0.01;HopByHop=true;UseRerrBump=true;QueueHighThreshold=0.7;QueueLowThreshold=0.3;QueueRewardWeight=0;AdaptiveQueueWeight=true;QueueWeightMax=0.4;QueueWeightKappa=0.2;FailurePenalty=0;QueueAwareSelect=false;QueueDrivenExploration=false;QueueSelectBeta=0.5;AckSilenceDecay=false;AckSilenceThreshold=+1.5e+10ns;DecayFactor=0.92;DecayMinTx=3;DecayInterval=+1e+10ns;TrendEpsilon=false;TrendInterval=+1e+09ns;TrendDelta=0.05;TrendWindow=3;TrendBump=0.1;TrendCap=0.5;QueueRefPackets=20;
QSQMAODV,M_N30_r300|QSQ_prune_only,3,30,29,0.1,512,15.0,0.85,1000.0,1000.0,300.0,16.0,300.0,1,0,0,3,200.0,56493,23431,0.414759,17.452055,119.254404,161.17442,33.22913,28195,1339028,10.582909,1.20332,0.027732,0.107784,1.0,0.017326,0.07596,148985,1022,0,0,0,0,0.0,0,3.382906,13.015385,27.988034,36483.388441,0.739826,0,4176,0,1055,32080,10208,MaxPaths=3;Alpha0=0.5;Gamma=0.9;Epsilon0=0.5;RewardW1=0.6;RewardW2=0.4;RewardW3=0;RewardW4=0.2;AdaptiveEpsilon=false;AdaptiveAlpha=false;AdaptiveReward=false;Policy=QLearning;UseMacFeedback=true;DelayRef=0.01;HopByHop=true;UseRerrBump=true;QueueHighThreshold=0.7;QueueLowThreshold=0.3;QueueRewardWeight=0;AdaptiveQueueWeight=true;QueueWeightMax=0.4;QueueWeightKappa=0.2;FailurePenalty=0;QueueAwareSelect=false;QueueDrivenExploration=false;QueueSelectBeta=0.5;AckSilenceDecay=false;AckSilenceThreshold=+1.5e+10ns;DecayFactor=0.92;DecayMinTx=3;DecayInterval=+1e+10ns;TrendEpsilon=false;TrendInterval=+1e+09ns;TrendDelta=0.05;TrendWindow=3;TrendBump=0.1;TrendCap=0.5;QueueRefPackets=20;
QSQMAODV,M_N30_r300|QSQ_prune_only,4,30,29,0.1,512,15.0,0.85,1000.0,1000.0,300.0,16.0,300.0,1,0,0,3,200.0,56493,26577,0.470448,19.795283,108.758675,109.507658,24.720296,35837,1694538,11.807327,1.348422,0.046678,0.154769,1.0,0.029432,0.116557,165484,1264,0,0,0,0,0.0,0,3.620513,13.870085,28.37265,34911.734277,0.921796,45,5243,0,1326,29147,15748,MaxPaths=3;Alpha0=0.5;Gamma=0.9;Epsilon0=0.5;RewardW1=0.6;RewardW2=0.4;RewardW3=0;RewardW4=0.2;AdaptiveEpsilon=false;AdaptiveAlpha=false;AdaptiveReward=false;Policy=QLearning;UseMacFeedback=true;DelayRef=0.01;HopByHop=true;UseRerrBump=true;QueueHighThreshold=0.7;QueueLowThreshold=0.3;QueueRewardWeight=0;AdaptiveQueueWeight=true;QueueWeightMax=0.4;QueueWeightKappa=0.2;FailurePenalty=0;QueueAwareSelect=false;QueueDrivenExploration=false;QueueSelectBeta=0.5;AckSilenceDecay=false;AckSilenceThreshold=+1.5e+10ns;DecayFactor=0.92;DecayMinTx=3;DecayInterval=+1e+10ns;TrendEpsilon=false;TrendInterval=+1e+09ns;TrendDelta=0.05;TrendWindow=3;TrendBump=0.1;TrendCap=0.5;QueueRefPackets=20;
QSQMAODV,M_N30_r300|QSQ_prune_only,5,30,29,0.1,512,15.0,0.85,1000.0,1000.0,300.0,16.0,300.0,1,0,0,3,200.0,56493,32081,0.567876,23.894814,86.202901,96.409594,29.558788,39492,1872354,10.808024,1.231009,0.040281,0.163934,1.0,0.024428,0.11365,157021,1800,0,0,0,0,0.0,0,3.644444,13.374359,28.268376,37519.931912,1.020852,0,4205,0,1848,23934,17570,MaxPaths=3;Alpha0=0.5;Gamma=0.9;Epsilon0=0.5;RewardW1=0.6;RewardW2=0.4;RewardW3=0;RewardW4=0.2;AdaptiveEpsilon=false;AdaptiveAlpha=false;AdaptiveReward=false;Policy=QLearning;UseMacFeedback=true;DelayRef=0.01;HopByHop=true;UseRerrBump=true;QueueHighThreshold=0.7;QueueLowThreshold=0.3;QueueRewardWeight=0;AdaptiveQueueWeight=true;QueueWeightMax=0.4;QueueWeightKappa=0.2;FailurePenalty=0;QueueAwareSelect=false;QueueDrivenExploration=false;QueueSelectBeta=0.5;AckSilenceDecay=false;AckSilenceThreshold=+1.5e+10ns;DecayFactor=0.92;DecayMinTx=3;DecayInterval=+1e+10ns;TrendEpsilon=false;TrendInterval=+1e+09ns;TrendDelta=0.05;TrendWindow=3;TrendBump=0.1;TrendCap=0.5;QueueRefPackets=20;
QSQMAODV,M_N30_r300|QSQ_prune_only,6,30,29,0.1,512,15.0,0.85,1000.0,1000.0,300.0,16.0,300.0,1,0,0,3,200.0,56493,29679,0.525357,22.895229,44.92737,47.921639,14.630728,22980,1082408,6.753796,0.774285,0.016704,0.079109,1.0,0.010264,0.051838,132885,880,0,0,0,0,0.0,0,3.844444,13.837607,28.364103,32817.801668,0.760236,1,2333,0,906,25563,9065,MaxPaths=3;Alpha0=0.5;Gamma=0.9;Epsilon0=0.5;RewardW1=0.6;RewardW2=0.4;RewardW3=0;RewardW4=0.2;AdaptiveEpsilon=false;AdaptiveAlpha=false;AdaptiveReward=false;Policy=QLearning;UseMacFeedback=true;DelayRef=0.01;HopByHop=true;UseRerrBump=true;QueueHighThreshold=0.7;QueueLowThreshold=0.3;QueueRewardWeight=0;AdaptiveQueueWeight=true;QueueWeightMax=0.4;QueueWeightKappa=0.2;FailurePenalty=0;QueueAwareSelect=false;QueueDrivenExploration=false;QueueSelectBeta=0.5;AckSilenceDecay=false;AckSilenceThreshold=+1.5e+10ns;DecayFactor=0.92;DecayMinTx=3;DecayInterval=+1e+10ns;TrendEpsilon=false;TrendInterval=+1e+09ns;TrendDelta=0.05;TrendWindow=3;TrendBump=0.1;TrendCap=0.5;QueueRefPackets=20;
QSQMAODV,M_N30_r300|QSQ_prune_only,7,30,29,0.1,512,15.0,0.85,1000.0,1000.0,300.0,16.0,300.0,1,0,0,3,200.0,56493,15158,0.268316,11.693314,104.003354,97.800745,19.336019,24515,1166246,14.24802,1.617298,0.044248,0.118817,1.0,0.038152,0.091709,131540,1020,0,0,0,0,0.0,0,3.605128,13.716239,28.317949,35911.020594,0.360363,73,2852,0,1037,39198,9081,MaxPaths=3;Alpha0=0.5;Gamma=0.9;Epsilon0=0.5;RewardW1=0.6;RewardW2=0.4;RewardW3=0;RewardW4=0.2;AdaptiveEpsilon=false;AdaptiveAlpha=false;AdaptiveReward=false;Policy=QLearning;UseMacFeedback=true;DelayRef=0.01;HopByHop=true;UseRerrBump=true;QueueHighThreshold=0.7;QueueLowThreshold=0.3;QueueRewardWeight=0;AdaptiveQueueWeight=true;QueueWeightMax=0.4;QueueWeightKappa=0.2;FailurePenalty=0;QueueAwareSelect=false;QueueDrivenExploration=false;QueueSelectBeta=0.5;AckSilenceDecay=false;AckSilenceThreshold=+1.5e+10ns;DecayFactor=0.92;DecayMinTx=3;DecayInterval=+1e+10ns;TrendEpsilon=false;TrendInterval=+1e+09ns;TrendDelta=0.05;TrendWindow=3;TrendBump=0.1;TrendCap=0.5;QueueRefPackets=20;
QSQMAODV,M_N30_r300|QSQ_prune_only,8,30,29,0.1,512,15.0,0.85,1000.0,1000.0,300.0,16.0,300.0,1,0,0,3,200.0,56493,23535,0.4166,17.529517,188.465296,191.17237,40.440435,47087,2259874,17.781822,2.000722,0.050729,0.177554,1.0,0.027467,0.118022,145383,1730,0,0,0,0,0.0,0,3.403419,13.441026,28.167521,36714.95414,0.752642,2,7598,0,1896,31152,21789,MaxPaths=3;Alpha0=0.5;Gamma=0.9;Epsilon0=0.5;RewardW1=0.6;RewardW2=0.4;RewardW3=0;RewardW4=0.2;AdaptiveEpsilon=false;AdaptiveAlpha=false;AdaptiveReward=false;Policy=QLearning;UseMacFeedback=true;DelayRef=0.01;HopByHop=true;UseRerrBump=true;QueueHighThreshold=0.7;QueueLowThreshold=0.3;QueueRewardWeight=0;AdaptiveQueueWeight=true;QueueWeightMax=0.4;QueueWeightKappa=0.2;FailurePenalty=0;QueueAwareSelect=false;QueueDrivenExploration=false;QueueSelectBeta=0.5;AckSilenceDecay=false;AckSilenceThreshold=+1.5e+10ns;DecayFactor=0.92;DecayMinTx=3;DecayInterval=+1e+10ns;TrendEpsilon=false;TrendInterval=+1e+09ns;TrendDelta=0.05;TrendWindow=3;TrendBump=0.1;TrendCap=0.5;QueueRefPackets=20;
QSQMAODV,M_N30_r300|QSQ_prune_only,9,30,29,0.1,512,15.0,0.85,1000.0,1000.0,300.0,16.0,300.0,1,0,0,3,200.0,56493,18147,0.321226,13.516386,99.13829,88.222139,14.642265,22963,1085130,11.073456,1.265388,0.022256,0.086868,1.0,0.015936,0.062799,121152,1015,0,0,0,0,0.0,0,3.191453,13.109402,28.179487,31625.692068,0.448109,5,2475,0,1070,36706,8277,MaxPaths=3;Alpha0=0.5;Gamma=0.9;Epsilon0=0.5;RewardW1=0.6;RewardW2=0.4;RewardW3=0;RewardW4=0.2;AdaptiveEpsilon=false;AdaptiveAlpha=false;AdaptiveReward=false;Policy=QLearning;UseMacFeedback=true;DelayRef=0.01;HopByHop=true;UseRerrBump=true;QueueHighThreshold=0.7;QueueLowThreshold=0.3;QueueRewardWeight=0;AdaptiveQueueWeight=true;QueueWeightMax=0.4;QueueWeightKappa=0.2;FailurePenalty=0;QueueAwareSelect=false;QueueDrivenExploration=false;QueueSelectBeta=0.5;AckSilenceDecay=false;AckSilenceThreshold=+1.5e+10ns;DecayFactor=0.92;DecayMinTx=3;DecayInterval=+1e+10ns;TrendEpsilon=false;TrendInterval=+1e+09ns;TrendDelta=0.05;TrendWindow=3;TrendBump=0.1;TrendCap=0.5;QueueRefPackets=20;
QSQMAODV,M_N30_r300|QSQ_src_FULL_QDE,1,30,29,0.1,512,15.0,0.85,1000.0,1000.0,300.0,16.0,300.0,1,0,0,3,200.0,56493,23444,0.414989,17.461738,113.628945,123.550932,30.261729,54243,2558602,20.21051,2.313726,0.064653,0.192738,1.0,0.03774,0.137706,174497,2244,0,26927,1,0,0.0,0,3.65641,14.05812,28.249573,35718.64528,0.816845,21,5185,0,2583,30569,0,MaxPaths=3;Alpha0=0.5;Gamma=0.9;Epsilon0=0.5;RewardW1=0.6;RewardW2=0.4;RewardW3=0;RewardW4=0.2;AdaptiveEpsilon=false;AdaptiveAlpha=false;AdaptiveReward=false;Policy=QLearning;UseMacFeedback=true;DelayRef=0.01;HopByHop=false;UseRerrBump=true;QueueHighThreshold=0.7;QueueLowThreshold=0.3;QueueRewardWeight=0.1;AdaptiveQueueWeight=true;QueueWeightMax=0.4;QueueWeightKappa=0.2;FailurePenalty=0.5;QueueAwareSelect=true;QueueDrivenExploration=true;QueueSelectBeta=0.5;AckSilenceDecay=true;AckSilenceThreshold=+1.5e+10ns;DecayFactor=0.92;DecayMinTx=3;DecayInterval=+1e+10ns;TrendEpsilon=true;TrendInterval=+1e+09ns;TrendDelta=0.05;TrendWindow=3;TrendBump=0.1;TrendCap=0.5;QueueRefPackets=20;
QSQMAODV,M_N30_r300|QSQ_src_FULL_QDE,10,30,29,0.1,512,15.0,0.85,1000.0,1000.0,300.0,16.0,300.0,1,0,0,3,200.0,56493,41748,0.738994,31.095062,120.366596,128.498013,31.82571,47573,2230208,9.892725,1.139528,0.073251,0.22843,1.0,0.051864,0.174577,180741,1955,0,18677,2,0,0.0,0,3.661538,13.504274,28.097436,34337.053143,1.489335,111,7575,0,2039,14520,0,MaxPaths=3;Alpha0=0.5;Gamma=0.9;Epsilon0=0.5;RewardW1=0.6;RewardW2=0.4;RewardW3=0;RewardW4=0.2;AdaptiveEpsilon=false;AdaptiveAlpha=false;AdaptiveReward=false;Policy=QLearning;UseMacFeedback=true;DelayRef=0.01;HopByHop=false;UseRerrBump=true;QueueHighThreshold=0.7;QueueLowThreshold=0.3;QueueRewardWeight=0.1;AdaptiveQueueWeight=true;QueueWeightMax=0.4;QueueWeightKappa=0.2;FailurePenalty=0.5;QueueAwareSelect=true;QueueDrivenExploration=true;QueueSelectBeta=0.5;AckSilenceDecay=true;AckSilenceThreshold=+1.5e+10ns;DecayFactor=0.92;DecayMinTx=3;DecayInterval=+1e+10ns;TrendEpsilon=true;TrendInterval=+1e+09ns;TrendDelta=0.05;TrendWindow=3;TrendBump=0.1;TrendCap=0.5;QueueRefPackets=20;
QSQMAODV,M_N30_r300|QSQ_src_FULL_QDE,11,30,29,0.1,512,15.0,0.85,1000.0,1000.0,300.0,16.0,300.0,1,0,0,3,200.0,56493,23233,0.411254,17.304579,109.818806,124.402681,26.044696,45414,2148420,17.124588,1.95472,0.039982,0.153773,1.0,0.023482,0.10509,167488,1699,0,21427,2,0,0.0,0,3.760684,14.234188,28.411966,31831.023418,0.773636,84,4212,0,1779,31010,0,MaxPaths=3;Alpha0=0.5;Gamma=0.9;Epsilon0=0.5;RewardW1=0.6;RewardW2=0.4;RewardW3=0;RewardW4=0.2;AdaptiveEpsilon=false;AdaptiveAlpha=false;AdaptiveReward=false;Policy=QLearning;UseMacFeedback=true;DelayRef=0.01;HopByHop=false;UseRerrBump=true;QueueHighThreshold=0.7;QueueLowThreshold=0.3;QueueRewardWeight=0.1;AdaptiveQueueWeight=true;QueueWeightMax=0.4;QueueWeightKappa=0.2;FailurePenalty=0.5;QueueAwareSelect=true;QueueDrivenExploration=true;QueueSelectBeta=0.5;AckSilenceDecay=true;AckSilenceThreshold=+1.5e+10ns;DecayFactor=0.92;DecayMinTx=3;DecayInterval=+1e+10ns;TrendEpsilon=true;TrendInterval=+1e+09ns;TrendDelta=0.05;TrendWindow=3;TrendBump=0.1;TrendCap=0.5;QueueRefPackets=20;
QSQMAODV,M_N30_r300|QSQ_src_FULL_QDE,12,30,29,0.1,512,15.0,0.85,1000.0,1000.0,300.0,16.0,300.0,1,0,0,3,200.0,56493,33415,0.591489,24.888414,107.668619,98.857511,21.347674,29183,1387056,7.687033,0.87335,0.027256,0.118717,1.0,0.017541,0.082739,131574,1013,0,8722,0,0,0.0,0,3.574359,13.316239,28.075214,34300.903184,0.9521,27,3156,0,1042,22495,0,MaxPaths=3;Alpha0=0.5;Gamma=0.9;Epsilon0=0.5;RewardW1=0.6;RewardW2=0.4;RewardW3=0;RewardW4=0.2;AdaptiveEpsilon=false;AdaptiveAlpha=false;AdaptiveReward=false;Policy=QLearning;UseMacFeedback=true;DelayRef=0.01;HopByHop=false;UseRerrBump=true;QueueHighThreshold=0.7;QueueLowThreshold=0.3;QueueRewardWeight=0.1;AdaptiveQueueWeight=true;QueueWeightMax=0.4;QueueWeightKappa=0.2;FailurePenalty=0.5;QueueAwareSelect=true;QueueDrivenExploration=true;QueueSelectBeta=0.5;AckSilenceDecay=true;AckSilenceThreshold=+1.5e+10ns;DecayFactor=0.92;DecayMinTx=3;DecayInterval=+1e+10ns;TrendEpsilon=true;TrendInterval=+1e+09ns;TrendDelta=0.05;TrendWindow=3;TrendBump=0.1;TrendCap=0.5;QueueRefPackets=20;
QSQMAODV,M_N30_r300|QSQ_src_FULL_QDE,13,30,29,0.1,512,15.0,0.85,1000.0,1000.0,300.0,16.0,300.0,1,0,0,3,200.0,56493,38040,0.673358,28.333241,102.768945,109.884058,29.897386,44176,2072000,10.086848,1.161304,0.049232,0.180486,1.0,0.032713,0.128981,174768,1753,0,14538,1,0,0.0,0,3.560684,13.328205,28.264957,30237.191505,1.315933,18,5447,0,1873,18133,0,MaxPaths=3;Alpha0=0.5;Gamma=0.9;Epsilon0=0.5;RewardW1=0.6;RewardW2=0.4;RewardW3=0;RewardW4=0.2;AdaptiveEpsilon=false;AdaptiveAlpha=false;AdaptiveReward=false;Policy=QLearning;UseMacFeedback=true;DelayRef=0.01;HopByHop=false;UseRerrBump=true;QueueHighThreshold=0.7;QueueLowThreshold=0.3;QueueRewardWeight=0.1;AdaptiveQueueWeight=true;QueueWeightMax=0.4;QueueWeightKappa=0.2;FailurePenalty=0.5;QueueAwareSelect=true;QueueDrivenExploration=true;QueueSelectBeta=0.5;AckSilenceDecay=true;AckSilenceThreshold=+1.5e+10ns;DecayFactor=0.92;DecayMinTx=3;DecayInterval=+1e+10ns;TrendEpsilon=true;TrendInterval=+1e+09ns;TrendDelta=0.05;TrendWindow=3;TrendBump=0.1;TrendCap=0.5;QueueRefPackets=20;
QSQMAODV,M_N30_r300|QSQ_src_FULL_QDE,14,30,29,0.1,512,15.0,0.85,1000.0,1000.0,300.0,16.0,300.0,1,0,0,3,200.0,56493,35266,0.624254,26.26709,79.928761,83.887324,18.656755,23524,1110546,5.831585,0.667045,0.021541,0.101283,1.0,0.015588,0.072793,136966,877,0,11130,1,0,0.0,0,3.615385,13.796581,28.305983,35684.210039,0.987184,49,2005,0,933,19130,0,MaxPaths=3;Alpha0=0.5;Gamma=0.9;Epsilon0=0.5;RewardW1=0.6;RewardW2=0.4;RewardW3=0;RewardW4=0.2;AdaptiveEpsilon=false;AdaptiveAlpha=false;AdaptiveReward=false;Policy=QLearning;UseMacFeedback=true;DelayRef=0.01;HopByHop=false;UseRerrBump=true;QueueHighThreshold=0.7;QueueLowThreshold=0.3;QueueRewardWeight=0.1;AdaptiveQueueWeight=true;QueueWeightMax=0.4;QueueWeightKappa=0.2;FailurePenalty=0.5;QueueAwareSelect=true;QueueDrivenExploration=true;QueueSelectBeta=0.5;AckSilenceDecay=true;AckSilenceThreshold=+1.5e+10ns;DecayFactor=0.92;DecayMinTx=3;DecayInterval=+1e+10ns;TrendEpsilon=true;TrendInterval=+1e+09ns;TrendDelta=0.05;TrendWindow=3;TrendBump=0.1;TrendCap=0.5;QueueRefPackets=20;
QSQMAODV,M_N30_r300|QSQ_src_FULL_QDE,15,30,29,0.1,512,15.0,0.85,1000.0,1000.0,300.0,16.0,300.0,1,0,0,3,200.0,56493,37146,0.657533,27.667366,140.945163,144.074037,30.8603,47843,2247746,11.205763,1.287972,0.053803,0.180268,1.0,0.034797,0.133762,185277,1541,0,22582,0,0,0.0,0,3.687179,13.430769,28.22735,38294.458962,1.526472,8,6247,0,1638,18224,0,MaxPaths=3;Alpha0=0.5;Gamma=0.9;Epsilon0=0.5;RewardW1=0.6;RewardW2=0.4;RewardW3=0;RewardW4=0.2;AdaptiveEpsilon=false;AdaptiveAlpha=false;AdaptiveReward=false;Policy=QLearning;UseMacFeedback=true;DelayRef=0.01;HopByHop=false;UseRerrBump=true;QueueHighThreshold=0.7;QueueLowThreshold=0.3;QueueRewardWeight=0.1;AdaptiveQueueWeight=true;QueueWeightMax=0.4;QueueWeightKappa=0.2;FailurePenalty=0.5;QueueAwareSelect=true;QueueDrivenExploration=true;QueueSelectBeta=0.5;AckSilenceDecay=true;AckSilenceThreshold=+1.5e+10ns;DecayFactor=0.92;DecayMinTx=3;DecayInterval=+1e+10ns;TrendEpsilon=true;TrendInterval=+1e+09ns;TrendDelta=0.05;TrendWindow=3;TrendBump=0.1;TrendCap=0.5;QueueRefPackets=20;
QSQMAODV,M_N30_r300|QSQ_src_FULL_QDE,16,30,29,0.1,512,15.0,0.85,1000.0,1000.0,300.0,16.0,300.0,1,0,0,3,200.0,56493,25884,0.458181,19.967657,75.870898,132.474377,13.185882,16123,765880,5.479432,0.622894,0.011655,0.055957,1.0,0.009076,0.039503,106426,561,0,6334,0,0,0.0,0,3.664957,13.752137,28.441026,36269.185127,0.527446,9,3331,0,587,29406,0,MaxPaths=3;Alpha0=0.5;Gamma=0.9;Epsilon0=0.5;RewardW1=0.6;RewardW2=0.4;RewardW3=0;RewardW4=0.2;AdaptiveEpsilon=false;AdaptiveAlpha=false;AdaptiveReward=false;Policy=QLearning;UseMacFeedback=true;DelayRef=0.01;HopByHop=false;UseRerrBump=true;QueueHighThreshold=0.7;QueueLowThreshold=0.3;QueueRewardWeight=0.1;AdaptiveQueueWeight=true;QueueWeightMax=0.4;QueueWeightKappa=0.2;FailurePenalty=0.5;QueueAwareSelect=true;QueueDrivenExploration=true;QueueSelectBeta=0.5;AckSilenceDecay=true;AckSilenceThreshold=+1.5e+10ns;DecayFactor=0.92;DecayMinTx=3;DecayInterval=+1e+10ns;TrendEpsilon=true;TrendInterval=+1e+09ns;TrendDelta=0.05;TrendWindow=3;TrendBump=0.1;TrendCap=0.5;QueueRefPackets=20;
QSQMAODV,M_N30_r300|QSQ_src_FULL_QDE,17,30,29,0.1,512,15.0,0.85,1000.0,1000.0,300.0,16.0,300.0,1,0,0,3,200.0,56493,29831,0.528048,22.218952,24.623124,29.202864,9.061213,27203,1294466,8.035799,0.911904,0.020373,0.095397,1.0,0.011247,0.060514,124421,846,0,15678,0,0,0.0,0,3.757265,13.988034,28.461538,33898.278726,0.684775,3,3068,0,869,24944,0,MaxPaths=3;Alpha0=0.5;Gamma=0.9;Epsilon0=0.5;RewardW1=0.6;RewardW2=0.4;RewardW3=0;RewardW4=0.2;AdaptiveEpsilon=false;AdaptiveAlpha=false;AdaptiveReward=false;Policy=QLearning;UseMacFeedback=true;DelayRef=0.01;HopByHop=false;UseRerrBump=true;QueueHighThreshold=0.7;QueueLowThreshold=0.3;QueueRewardWeight=0.1;AdaptiveQueueWeight=true;QueueWeightMax=0.4;QueueWeightKappa=0.2;FailurePenalty=0.5;QueueAwareSelect=true;QueueDrivenExploration=true;QueueSelectBeta=0.5;AckSilenceDecay=true;AckSilenceThreshold=+1.5e+10ns;DecayFactor=0.92;DecayMinTx=3;DecayInterval=+1e+10ns;TrendEpsilon=true;TrendInterval=+1e+09ns;TrendDelta=0.05;TrendWindow=3;TrendBump=0.1;TrendCap=0.5;QueueRefPackets=20;
QSQMAODV,M_N30_r300|QSQ_src_FULL_QDE,18,30,29,0.1,512,15.0,0.85,1000.0,1000.0,300.0,16.0,300.0,1,0,0,3,200.0,56493,37172,0.657993,27.686731,132.429325,151.643436,28.873574,34036,1595034,7.946214,0.915635,0.074871,0.201973,1.0,0.061609,0.162549,165619,1420,0,12334,2,0,0.0,0,3.524786,13.791453,28.246154,33349.765461,1.292266,88,6164,0,1503,18974,0,MaxPaths=3;Alpha0=0.5;Gamma=0.9;Epsilon0=0.5;RewardW1=0.6;RewardW2=0.4;RewardW3=0;RewardW4=0.2;AdaptiveEpsilon=false;AdaptiveAlpha=false;AdaptiveReward=false;Policy=QLearning;UseMacFeedback=true;DelayRef=0.01;HopByHop=false;UseRerrBump=true;QueueHighThreshold=0.7;QueueLowThreshold=0.3;QueueRewardWeight=0.1;AdaptiveQueueWeight=true;QueueWeightMax=0.4;QueueWeightKappa=0.2;FailurePenalty=0.5;QueueAwareSelect=true;QueueDrivenExploration=true;QueueSelectBeta=0.5;AckSilenceDecay=true;AckSilenceThreshold=+1.5e+10ns;DecayFactor=0.92;DecayMinTx=3;DecayInterval=+1e+10ns;TrendEpsilon=true;TrendInterval=+1e+09ns;TrendDelta=0.05;TrendWindow=3;TrendBump=0.1;TrendCap=0.5;QueueRefPackets=20;
QSQMAODV,M_N30_r300|QSQ_src_FULL_QDE,19,30,29,0.1,512,15.0,0.85,1000.0,1000.0,300.0,16.0,300.0,1,0,0,3,200.0,56493,24908,0.440904,18.552166,11.27249,15.020605,8.621986,16135,767832,5.708652,0.647784,0.005009,0.041265,1.0,0.002603,0.02262,101150,479,0,7654,0,0,0.0,0,3.623932,13.547009,28.205128,35735.702045,0.47921,0,1375,0,487,29718,0,MaxPaths=3;Alpha0=0.5;Gamma=0.9;Epsilon0=0.5;RewardW1=0.6;RewardW2=0.4;RewardW3=0;RewardW4=0.2;AdaptiveEpsilon=false;AdaptiveAlpha=false;AdaptiveReward=false;Policy=QLearning;UseMacFeedback=true;DelayRef=0.01;HopByHop=false;UseRerrBump=true;QueueHighThreshold=0.7;QueueLowThreshold=0.3;QueueRewardWeight=0.1;AdaptiveQueueWeight=true;QueueWeightMax=0.4;QueueWeightKappa=0.2;FailurePenalty=0.5;QueueAwareSelect=true;QueueDrivenExploration=true;QueueSelectBeta=0.5;AckSilenceDecay=true;AckSilenceThreshold=+1.5e+10ns;DecayFactor=0.92;DecayMinTx=3;DecayInterval=+1e+10ns;TrendEpsilon=true;TrendInterval=+1e+09ns;TrendDelta=0.05;TrendWindow=3;TrendBump=0.1;TrendCap=0.5;QueueRefPackets=20;
QSQMAODV,M_N30_r300|QSQ_src_FULL_QDE,2,30,29,0.1,512,15.0,0.85,1000.0,1000.0,300.0,16.0,300.0,1,0,0,3,200.0,56493,25103,0.444356,18.697407,143.602621,149.506299,31.134628,36682,1736480,12.810037,1.46126,0.034829,0.139286,1.0,0.021959,0.097075,141046,1377,0,15851,0,0,0.0,0,3.186325,13.323077,28.280342,34911.284936,0.821217,28,4244,0,1438,30691,0,MaxPaths=3;Alpha0=0.5;Gamma=0.9;Epsilon0=0.5;RewardW1=0.6;RewardW2=0.4;RewardW3=0;RewardW4=0.2;AdaptiveEpsilon=false;AdaptiveAlpha=false;AdaptiveReward=false;Policy=QLearning;UseMacFeedback=true;DelayRef=0.01;HopByHop=false;UseRerrBump=true;QueueHighThreshold=0.7;QueueLowThreshold=0.3;QueueRewardWeight=0.1;AdaptiveQueueWeight=true;QueueWeightMax=0.4;QueueWeightKappa=0.2;FailurePenalty=0.5;QueueAwareSelect=true;QueueDrivenExploration=true;QueueSelectBeta=0.5;AckSilenceDecay=true;AckSilenceThreshold=+1.5e+10ns;DecayFactor=0.92;DecayMinTx=3;DecayInterval=+1e+10ns;TrendEpsilon=true;TrendInterval=+1e+09ns;TrendDelta=0.05;TrendWindow=3;TrendBump=0.1;TrendCap=0.5;QueueRefPackets=20;
QSQMAODV,M_N30_r300|QSQ_src_FULL_QDE,20,30,29,0.1,512,15.0,0.85,1000.0,1000.0,300.0,16.0,300.0,1,0,0,3,200.0,56493,32937,0.583028,24.532386,194.611317,207.630609,50.853767,85334,4021880,22.612642,2.590825,0.103182,0.299765,1.0,0.063349,0.222425,226086,3565,0,37217,2,0,0.0,0,3.71453,13.8,28.367521,32700.651082,1.456481,214,11496,0,4039,22106,0,MaxPaths=3;Alpha0=0.5;Gamma=0.9;Epsilon0=0.5;RewardW1=0.6;RewardW2=0.4;RewardW3=0;RewardW4=0.2;AdaptiveEpsilon=false;AdaptiveAlpha=false;AdaptiveReward=false;Policy=QLearning;UseMacFeedback=true;DelayRef=0.01;HopByHop=false;UseRerrBump=true;QueueHighThreshold=0.7;QueueLowThreshold=0.3;QueueRewardWeight=0.1;AdaptiveQueueWeight=true;QueueWeightMax=0.4;QueueWeightKappa=0.2;FailurePenalty=0.5;QueueAwareSelect=true;QueueDrivenExploration=true;QueueSelectBeta=0.5;AckSilenceDecay=true;AckSilenceThreshold=+1.5e+10ns;DecayFactor=0.92;DecayMinTx=3;DecayInterval=+1e+10ns;TrendEpsilon=true;TrendInterval=+1e+09ns;TrendDelta=0.05;TrendWindow=3;TrendBump=0.1;TrendCap=0.5;QueueRefPackets=20;
QSQMAODV,M_N30_r300|QSQ_src_FULL_QDE,3,30,29,0.1,512,15.0,0.85,1000.0,1000.0,300.0,16.0,300.0,1,0,0,3,200.0,56493,23027,0.407608,17.151145,75.962158,89.421127,20.188592,32639,1549150,12.458402,1.417423,0.036774,0.13178,1.0,0.024698,0.096842,149026,1254,0,14456,0,0,0.0,0,3.382906,13.015385,27.988034,36483.388441,0.73818,172,4098,0,1307,32187,0,MaxPaths=3;Alpha0=0.5;Gamma=0.9;Epsilon0=0.5;RewardW1=0.6;RewardW2=0.4;RewardW3=0;RewardW4=0.2;AdaptiveEpsilon=false;AdaptiveAlpha=false;AdaptiveReward=false;Policy=QLearning;UseMacFeedback=true;DelayRef=0.01;HopByHop=false;UseRerrBump=true;QueueHighThreshold=0.7;QueueLowThreshold=0.3;QueueRewardWeight=0.1;AdaptiveQueueWeight=true;QueueWeightMax=0.4;QueueWeightKappa=0.2;FailurePenalty=0.5;QueueAwareSelect=true;QueueDrivenExploration=true;QueueSelectBeta=0.5;AckSilenceDecay=true;AckSilenceThreshold=+1.5e+10ns;DecayFactor=0.92;DecayMinTx=3;DecayInterval=+1e+10ns;TrendEpsilon=true;TrendInterval=+1e+09ns;TrendDelta=0.05;TrendWindow=3;TrendBump=0.1;TrendCap=0.5;QueueRefPackets=20;
QSQMAODV,M_N30_r300|QSQ_src_FULL_QDE,4,30,29,0.1,512,15.0,0.85,1000.0,1000.0,300.0,16.0,300.0,1,0,0,3,200.0,56493,25255,0.447047,18.810621,97.708213,88.750257,18.773359,30467,1443492,10.584571,1.206375,0.02469,0.112674,1.0,0.016082,0.077528,143146,967,0,14164,0,0,0.0,0,3.620513,13.870085,28.37265,34911.734277,0.790611,0,3920,0,993,28966,0,MaxPaths=3;Alpha0=0.5;Gamma=0.9;Epsilon0=0.5;RewardW1=0.6;RewardW2=0.4;RewardW3=0;RewardW4=0.2;AdaptiveEpsilon=false;AdaptiveAlpha=false;AdaptiveReward=false;Policy=QLearning;UseMacFeedback=true;DelayRef=0.01;HopByHop=false;UseRerrBump=true;QueueHighThreshold=0.7;QueueLowThreshold=0.3;QueueRewardWeight=0.1;AdaptiveQueueWeight=true;QueueWeightMax=0.4;QueueWeightKappa=0.2;FailurePenalty=0.5;QueueAwareSelect=true;QueueDrivenExploration=true;QueueSelectBeta=0.5;AckSilenceDecay=true;AckSilenceThreshold=+1.5e+10ns;DecayFactor=0.92;DecayMinTx=3;DecayInterval=+1e+10ns;TrendEpsilon=true;TrendInterval=+1e+09ns;TrendDelta=0.05;TrendWindow=3;TrendBump=0.1;TrendCap=0.5;QueueRefPackets=20;
QSQMAODV,M_N30_r300|QSQ_src_FULL_QDE,5,30,29,0.1,512,15.0,0.85,1000.0,1000.0,300.0,16.0,300.0,1,0,0,3,200.0,56493,33040,0.584851,24.609103,80.501505,80.052155,18.924336,30160,1425490,7.989698,0.912833,0.022238,0.120681,1.0,0.012996,0.079093,140871,1102,0,17934,0,0,0.0,0,3.644444,13.374359,28.268376,37519.931912,0.895191,14,4018,0,1133,22634,0,MaxPaths=3;Alpha0=0.5;Gamma=0.9;Epsilon0=0.5;RewardW1=0.6;RewardW2=0.4;RewardW3=0;RewardW4=0.2;AdaptiveEpsilon=false;AdaptiveAlpha=false;AdaptiveReward=false;Policy=QLearning;UseMacFeedback=true;DelayRef=0.01;HopByHop=false;UseRerrBump=true;QueueHighThreshold=0.7;QueueLowThreshold=0.3;QueueRewardWeight=0.1;AdaptiveQueueWeight=true;QueueWeightMax=0.4;QueueWeightKappa=0.2;FailurePenalty=0.5;QueueAwareSelect=true;QueueDrivenExploration=true;QueueSelectBeta=0.5;AckSilenceDecay=true;AckSilenceThreshold=+1.5e+10ns;DecayFactor=0.92;DecayMinTx=3;DecayInterval=+1e+10ns;TrendEpsilon=true;TrendInterval=+1e+09ns;TrendDelta=0.05;TrendWindow=3;TrendBump=0.1;TrendCap=0.5;QueueRefPackets=20;
QSQMAODV,M_N30_r300|QSQ_src_FULL_QDE,6,30,29,0.1,512,15.0,0.85,1000.0,1000.0,300.0,16.0,300.0,1,0,0,3,200.0,56493,34009,0.602004,25.330841,55.295053,62.590172,16.856806,30262,1423986,7.753863,0.889823,0.033464,0.123191,1.0,0.023478,0.088813,143270,1204,0,11506,1,0,0.0,0,3.844444,13.837607,28.364103,32817.801668,0.968403,34,3181,0,1262,21813,0,MaxPaths=3;Alpha0=0.5;Gamma=0.9;Epsilon0=0.5;RewardW1=0.6;RewardW2=0.4;RewardW3=0;RewardW4=0.2;AdaptiveEpsilon=false;AdaptiveAlpha=false;AdaptiveReward=false;Policy=QLearning;UseMacFeedback=true;DelayRef=0.01;HopByHop=false;UseRerrBump=true;QueueHighThreshold=0.7;QueueLowThreshold=0.3;QueueRewardWeight=0.1;AdaptiveQueueWeight=true;QueueWeightMax=0.4;QueueWeightKappa=0.2;FailurePenalty=0.5;QueueAwareSelect=true;QueueDrivenExploration=true;QueueSelectBeta=0.5;AckSilenceDecay=true;AckSilenceThreshold=+1.5e+10ns;DecayFactor=0.92;DecayMinTx=3;DecayInterval=+1e+10ns;TrendEpsilon=true;TrendInterval=+1e+09ns;TrendDelta=0.05;TrendWindow=3;TrendBump=0.1;TrendCap=0.5;QueueRefPackets=20;
QSQMAODV,M_N30_r300|QSQ_src_FULL_QDE,7,30,29,0.1,512,15.0,0.85,1000.0,1000.0,300.0,16.0,300.0,1,0,0,3,200.0,56493,25960,0.459526,19.335724,233.775359,255.679772,50.364556,81521,3846932,27.442019,3.140254,0.117466,0.290102,1.0,0.071408,0.218612,218513,3623,0,24593,4,0,0.0,0,3.605128,13.716239,28.317949,35911.020594,1.022852,241,9239,0,4271,29839,0,MaxPaths=3;Alpha0=0.5;Gamma=0.9;Epsilon0=0.5;RewardW1=0.6;RewardW2=0.4;RewardW3=0;RewardW4=0.2;AdaptiveEpsilon=false;AdaptiveAlpha=false;AdaptiveReward=false;Policy=QLearning;UseMacFeedback=true;DelayRef=0.01;HopByHop=false;UseRerrBump=true;QueueHighThreshold=0.7;QueueLowThreshold=0.3;QueueRewardWeight=0.1;AdaptiveQueueWeight=true;QueueWeightMax=0.4;QueueWeightKappa=0.2;FailurePenalty=0.5;QueueAwareSelect=true;QueueDrivenExploration=true;QueueSelectBeta=0.5;AckSilenceDecay=true;AckSilenceThreshold=+1.5e+10ns;DecayFactor=0.92;DecayMinTx=3;DecayInterval=+1e+10ns;TrendEpsilon=true;TrendInterval=+1e+09ns;TrendDelta=0.05;TrendWindow=3;TrendBump=0.1;TrendCap=0.5;QueueRefPackets=20;
QSQMAODV,M_N30_r300|QSQ_src_FULL_QDE,8,30,29,0.1,512,15.0,0.85,1000.0,1000.0,300.0,16.0,300.0,1,0,0,3,200.0,56493,24657,0.436461,18.365214,47.88087,42.835826,14.581871,35506,1686862,12.669094,1.439997,0.076708,0.176762,1.0,0.058892,0.142366,147447,1219,0,16465,1,0,0.0,0,3.403419,13.441026,28.167521,36714.95414,0.768839,136,6688,0,1465,29598,0,MaxPaths=3;Alpha0=0.5;Gamma=0.9;Epsilon0=0.5;RewardW1=0.6;RewardW2=0.4;RewardW3=0;RewardW4=0.2;AdaptiveEpsilon=false;AdaptiveAlpha=false;AdaptiveReward=false;Policy=QLearning;UseMacFeedback=true;DelayRef=0.01;HopByHop=false;UseRerrBump=true;QueueHighThreshold=0.7;QueueLowThreshold=0.3;QueueRewardWeight=0.1;AdaptiveQueueWeight=true;QueueWeightMax=0.4;QueueWeightKappa=0.2;FailurePenalty=0.5;QueueAwareSelect=true;QueueDrivenExploration=true;QueueSelectBeta=0.5;AckSilenceDecay=true;AckSilenceThreshold=+1.5e+10ns;DecayFactor=0.92;DecayMinTx=3;DecayInterval=+1e+10ns;TrendEpsilon=true;TrendInterval=+1e+09ns;TrendDelta=0.05;TrendWindow=3;TrendBump=0.1;TrendCap=0.5;QueueRefPackets=20;
QSQMAODV,M_N30_r300|QSQ_src_FULL_QDE,9,30,29,0.1,512,15.0,0.85,1000.0,1000.0,300.0,16.0,300.0,1,0,0,3,200.0,56493,24134,0.427203,17.975669,150.29007,136.881619,29.281256,38824,1832254,14.059265,1.608685,0.047704,0.146287,1.0,0.031485,0.104999,137649,1625,0,11296,2,0,0.0,0,3.191453,13.109402,28.179487,31625.692068,0.771069,0,7169,0,1817,31948,0,MaxPaths=3;Alpha0=0.5;Gamma=0.9;Epsilon0=0.5;RewardW1=0.6;RewardW2=0.4;RewardW3=0;RewardW4=0.2;AdaptiveEpsilon=false;AdaptiveAlpha=false;AdaptiveReward=false;Policy=QLearning;UseMacFeedback=true;DelayRef=0.01;HopByHop=false;UseRerrBump=true;QueueHighThreshold=0.7;QueueLowThreshold=0.3;QueueRewardWeight=0.1;AdaptiveQueueWeight=true;QueueWeightMax=0.4;QueueWeightKappa=0.2;FailurePenalty=0.5;QueueAwareSelect=true;QueueDrivenExploration=true;QueueSelectBeta=0.5;AckSilenceDecay=true;AckSilenceThreshold=+1.5e+10ns;DecayFactor=0.92;DecayMinTx=3;DecayInterval=+1e+10ns;TrendEpsilon=true;TrendInterval=+1e+09ns;TrendDelta=0.05;TrendWindow=3;TrendBump=0.1;TrendCap=0.5;QueueRefPackets=20;
QSQMAODV,M_N30_r300|QSQ_src_FULL,1,30,29,0.1,512,15.0,0.85,1000.0,1000.0,300.0,16.0,300.0,1,0,0,3,200.0,56493,26527,0.469563,19.758041,135.628568,143.351922,35.087183,61012,2888640,20.165617,2.299996,0.072088,0.215338,1.0,0.036529,0.146226,175076,2725,0,33955,0,0,0.0,0,3.65641,14.05812,28.249573,35718.64528,0.953764,55,4869,0,3131,27091,0,MaxPaths=3;Alpha0=0.5;Gamma=0.9;Epsilon0=0.5;RewardW1=0.6;RewardW2=0.4;RewardW3=0;RewardW4=0.2;AdaptiveEpsilon=false;AdaptiveAlpha=false;AdaptiveReward=false;Policy=QLearning;UseMacFeedback=true;DelayRef=0.01;HopByHop=false;UseRerrBump=true;QueueHighThreshold=0.7;QueueLowThreshold=0.3;QueueRewardWeight=0.1;AdaptiveQueueWeight=true;QueueWeightMax=0.4;QueueWeightKappa=0.2;FailurePenalty=0.5;QueueAwareSelect=true;QueueDrivenExploration=false;QueueSelectBeta=0.5;AckSilenceDecay=true;AckSilenceThreshold=+1.5e+10ns;DecayFactor=0.92;DecayMinTx=3;DecayInterval=+1e+10ns;TrendEpsilon=true;TrendInterval=+1e+09ns;TrendDelta=0.05;TrendWindow=3;TrendBump=0.1;TrendCap=0.5;QueueRefPackets=20;
QSQMAODV,M_N30_r300|QSQ_src_FULL,10,30,29,0.1,512,15.0,0.85,1000.0,1000.0,300.0,16.0,300.0,1,0,0,3,200.0,56493,38274,0.6775,28.507531,63.139132,72.392659,19.449944,32132,1518746,7.348311,0.839526,0.047764,0.152695,1.0,0.037072,0.113543,143637,1270,0,14992,0,0,0.0,0,3.661538,13.504274,28.097436,34337.053143,1.120971,3,5347,0,1331,17162,0,MaxPaths=3;Alpha0=0.5;Gamma=0.9;Epsilon0=0.5;RewardW1=0.6;RewardW2=0.4;RewardW3=0;RewardW4=0.2;AdaptiveEpsilon=false;AdaptiveAlpha=false;AdaptiveReward=false;Policy=QLearning;UseMacFeedback=true;DelayRef=0.01;HopByHop=false;UseRerrBump=true;QueueHighThreshold=0.7;QueueLowThreshold=0.3;QueueRewardWeight=0.1;AdaptiveQueueWeight=true;QueueWeightMax=0.4;QueueWeightKappa=0.2;FailurePenalty=0.5;QueueAwareSelect=true;QueueDrivenExploration=false;QueueSelectBeta=0.5;AckSilenceDecay=true;AckSilenceThreshold=+1.5e+10ns;DecayFactor=0.92;DecayMinTx=3;DecayInterval=+1e+10ns;TrendEpsilon=true;TrendInterval=+1e+09ns;TrendDelta=0.05;TrendWindow=3;TrendBump=0.1;TrendCap=0.5;QueueRefPackets=20;
QSQMAODV,M_N30_r300|QSQ_src_FULL,11,30,29,0.1,512,15.0,0.85,1000.0,1000.0,300.0,16.0,300.0,1,0,0,3,200.0,56493,22375,0.396067,16.665517,59.297318,49.71186,16.343884,31125,1471998,12.182893,1.391061,0.0336,0.114607,1.0,0.022134,0.080152,143934,1034,0,20754,0,0,0.0,0,3.760684,14.234188,28.411966,31831.023418,0.673641,0,3148,0,1085,32205,0,MaxPaths=3;Alpha0=0.5;Gamma=0.9;Epsilon0=0.5;RewardW1=0.6;RewardW2=0.4;RewardW3=0;RewardW4=0.2;AdaptiveEpsilon=false;AdaptiveAlpha=false;AdaptiveReward=false;Policy=QLearning;UseMacFeedback=true;DelayRef=0.01;HopByHop=false;UseRerrBump=true;QueueHighThreshold=0.7;QueueLowThreshold=0.3;QueueRewardWeight=0.1;AdaptiveQueueWeight=true;QueueWeightMax=0.4;QueueWeightKappa=0.2;FailurePenalty=0.5;QueueAwareSelect=true;QueueDrivenExploration=false;QueueSelectBeta=0.5;AckSilenceDecay=true;AckSilenceThreshold=+1.5e+10ns;DecayFactor=0.92;DecayMinTx=3;DecayInterval=+1e+10ns;TrendEpsilon=true;TrendInterval=+1e+09ns;TrendDelta=0.05;TrendWindow=3;TrendBump=0.1;TrendCap=0.5;QueueRefPackets=20;
QSQMAODV,M_N30_r300|QSQ_src_FULL,12,30,29,0.1,512,15.0,0.85,1000.0,1000.0,300.0,16.0,300.0,1,0,0,3,200.0,56493,27984,0.495353,20.843255,107.531042,108.814841,19.725951,20390,972128,6.433094,0.728631,0.015229,0.073934,1.0,0.010637,0.051006,117569,771,0,8633,0,0,0.0,0,3.574359,13.316239,28.075214,34300.903184,0.615085,128,2800,0,782,27447,0,MaxPaths=3;Alpha0=0.5;Gamma=0.9;Epsilon0=0.5;RewardW1=0.6;RewardW2=0.4;RewardW3=0;RewardW4=0.2;AdaptiveEpsilon=false;AdaptiveAlpha=false;AdaptiveReward=false;Policy=QLearning;UseMacFeedback=true;DelayRef=0.01;HopByHop=false;UseRerrBump=true;QueueHighThreshold=0.7;QueueLowThreshold=0.3;QueueRewardWeight=0.1;AdaptiveQueueWeight=true;QueueWeightMax=0.4;QueueWeightKappa=0.2;FailurePenalty=0.5;QueueAwareSelect=true;QueueDrivenExploration=false;QueueSelectBeta=0.5;AckSilenceDecay=true;AckSilenceThreshold=+1.5e+10ns;DecayFactor=0.92;DecayMinTx=3;DecayInterval=+1e+10ns;TrendEpsilon=true;TrendInterval=+1e+09ns;TrendDelta=0.05;TrendWindow=3;TrendBump=0.1;TrendCap=0.5;QueueRefPackets=20;
QSQMAODV,M_N30_r300|QSQ_src_FULL,13,30,29,0.1,512,15.0,0.85,1000.0,1000.0,300.0,16.0,300.0,1,0,0,3,200.0,56493,33645,0.595561,25.059724,143.952202,152.819582,32.094996,39308,1846890,10.165453,1.168316,0.046575,0.174741,1.0,0.029392,0.123537,160806,1796,0,19849,2,0,0.0,0,3.560684,13.328205,28.264957,30237.191505,1.067654,102,4524,0,1946,21650,0,MaxPaths=3;Alpha0=0.5;Gamma=0.9;Epsilon0=0.5;RewardW1=0.6;RewardW2=0.4;RewardW3=0;RewardW4=0.2;AdaptiveEpsilon=false;AdaptiveAlpha=false;AdaptiveReward=false;Policy=QLearning;UseMacFeedback=true;DelayRef=0.01;HopByHop=false;UseRerrBump=true;QueueHighThreshold=0.7;QueueLowThreshold=0.3;QueueRewardWeight=0.1;AdaptiveQueueWeight=true;QueueWeightMax=0.4;QueueWeightKappa=0.2;FailurePenalty=0.5;QueueAwareSelect=true;QueueDrivenExploration=false;QueueSelectBeta=0.5;AckSilenceDecay=true;AckSilenceThreshold=+1.5e+10ns;DecayFactor=0.92;DecayMinTx=3;DecayInterval=+1e+10ns;TrendEpsilon=true;TrendInterval=+1e+09ns;TrendDelta=0.05;TrendWindow=3;TrendBump=0.1;TrendCap=0.5;QueueRefPackets=20;
QSQMAODV,M_N30_r300|QSQ_src_FULL,14,30,29,0.1,512,15.0,0.85,1000.0,1000.0,300.0,16.0,300.0,1,0,0,3,200.0,56493,30047,0.531871,22.379834,35.739403,35.934072,11.617061,24392,1149272,7.083175,0.811795,0.020054,0.081647,1.0,0.01231,0.053785,121629,932,0,9449,0,0,0.0,0,3.615385,13.796581,28.305983,35684.210039,0.761422,0,2388,0,985,24384,0,MaxPaths=3;Alpha0=0.5;Gamma=0.9;Epsilon0=0.5;RewardW1=0.6;RewardW2=0.4;RewardW3=0;RewardW4=0.2;AdaptiveEpsilon=false;AdaptiveAlpha=false;AdaptiveReward=false;Policy=QLearning;UseMacFeedback=true;DelayRef=0.01;HopByHop=false;UseRerrBump=true;QueueHighThreshold=0.7;QueueLowThreshold=0.3;QueueRewardWeight=0.1;AdaptiveQueueWeight=true;QueueWeightMax=0.4;QueueWeightKappa=0.2;FailurePenalty=0.5;QueueAwareSelect=true;QueueDrivenExploration=false;QueueSelectBeta=0.5;AckSilenceDecay=true;AckSilenceThreshold=+1.5e+10ns;DecayFactor=0.92;DecayMinTx=3;DecayInterval=+1e+10ns;TrendEpsilon=true;TrendInterval=+1e+09ns;TrendDelta=0.05;TrendWindow=3;TrendBump=0.1;TrendCap=0.5;QueueRefPackets=20;
QSQMAODV,M_N30_r300|QSQ_src_FULL,15,30,29,0.1,512,15.0,0.85,1000.0,1000.0,300.0,16.0,300.0,1,0,0,3,200.0,56493,34555,0.611669,25.737517,120.428911,129.930434,31.6219,47464,2245340,12.033098,1.373578,0.055551,0.182385,1.0,0.031049,0.127226,169186,1945,0,20931,0,0,0.0,0,3.687179,13.430769,28.22735,38294.458962,1.245499,47,6150,0,2199,21113,0,MaxPaths=3;Alpha0=0.5;Gamma=0.9;Epsilon0=0.5;RewardW1=0.6;RewardW2=0.4;RewardW3=0;RewardW4=0.2;AdaptiveEpsilon=false;AdaptiveAlpha=false;AdaptiveReward=false;Policy=QLearning;UseMacFeedback=true;DelayRef=0.01;HopByHop=false;UseRerrBump=true;QueueHighThreshold=0.7;QueueLowThreshold=0.3;QueueRewardWeight=0.1;AdaptiveQueueWeight=true;QueueWeightMax=0.4;QueueWeightKappa=0.2;FailurePenalty=0.5;QueueAwareSelect=true;QueueDrivenExploration=false;QueueSelectBeta=0.5;AckSilenceDecay=true;AckSilenceThreshold=+1.5e+10ns;DecayFactor=0.92;DecayMinTx=3;DecayInterval=+1e+10ns;TrendEpsilon=true;TrendInterval=+1e+09ns;TrendDelta=0.05;TrendWindow=3;TrendBump=0.1;TrendCap=0.5;QueueRefPackets=20;
QSQMAODV,M_N30_r300|QSQ_src_FULL,16,30,29,0.1,512,15.0,0.85,1000.0,1000.0,300.0,16.0,300.0,1,0,0,3,200.0,56493,25871,0.457951,19.957629,49.30732,50.787451,10.678334,17601,831536,5.952153,0.680337,0.01238,0.066362,1.0,0.008785,0.045364,112158,730,0,9161,0,0,0.0,0,3.664957,13.752137,28.441026,36269.185127,0.528455,8,2431,0,741,29859,0,MaxPaths=3;Alpha0=0.5;Gamma=0.9;Epsilon0=0.5;RewardW1=0.6;RewardW2=0.4;RewardW3=0;RewardW4=0.2;AdaptiveEpsilon=false;AdaptiveAlpha=false;AdaptiveReward=false;Policy=QLearning;UseMacFeedback=true;DelayRef=0.01;HopByHop=false;UseRerrBump=true;QueueHighThreshold=0.7;QueueLowThreshold=0.3;QueueRewardWeight=0.1;AdaptiveQueueWeight=true;QueueWeightMax=0.4;QueueWeightKappa=0.2;FailurePenalty=0.5;QueueAwareSelect=true;QueueDrivenExploration=false;QueueSelectBeta=0.5;AckSilenceDecay=true;AckSilenceThreshold=+1.5e+10ns;DecayFactor=0.92;DecayMinTx=3;DecayInterval=+1e+10ns;TrendEpsilon=true;TrendInterval=+1e+09ns;TrendDelta=0.05;TrendWindow=3;TrendBump=0.1;TrendCap=0.5;QueueRefPackets=20;
QSQMAODV,M_N30_r300|QSQ_src_FULL,17,30,29,0.1,512,15.0,0.85,1000.0,1000.0,300.0,16.0,300.0,1,0,0,3,200.0,56493,32762,0.57993,24.402041,47.041622,56.801518,18.485751,27962,1322248,7.473925,0.853489,0.026481,0.10937,1.0,0.015766,0.074208,130663,1086,0,16490,0,0,0.0,0,3.757265,13.988034,28.461538,33898.278726,0.874551,0,3612,0,1122,22373,0,MaxPaths=3;Alpha0=0.5;Gamma=0.9;Epsilon0=0.5;RewardW1=0.6;RewardW2=0.4;RewardW3=0;RewardW4=0.2;AdaptiveEpsilon=false;AdaptiveAlpha=false;AdaptiveReward=false;Policy=QLearning;UseMacFeedback=true;DelayRef=0.01;HopByHop=false;UseRerrBump=true;QueueHighThreshold=0.7;QueueLowThreshold=0.3;QueueRewardWeight=0.1;AdaptiveQueueWeight=true;QueueWeightMax=0.4;QueueWeightKappa=0.2;FailurePenalty=0.5;QueueAwareSelect=true;QueueDrivenExploration=false;QueueSelectBeta=0.5;AckSilenceDecay=true;AckSilenceThreshold=+1.5e+10ns;DecayFactor=0.92;DecayMinTx=3;DecayInterval=+1e+10ns;TrendEpsilon=true;TrendInterval=+1e+09ns;TrendDelta=0.05;TrendWindow=3;TrendBump=0.1;TrendCap=0.5;QueueRefPackets=20;
QSQMAODV,M_N30_r300|QSQ_src_FULL,18,30,29,0.1,512,15.0,0.85,1000.0,1000.0,300.0,16.0,300.0,1,0,0,3,200.0,56493,33549,0.593861,24.988221,66.717317,83.521877,22.738194,28059,1326654,7.322921,0.836359,0.02704,0.118237,1.0,0.017637,0.081008,138427,1065,0,11207,0,0,0.0,0,3.524786,13.791453,28.246154,33349.765461,1.108792,0,4490,0,1160,22087,0,MaxPaths=3;Alpha0=0.5;Gamma=0.9;Epsilon0=0.5;RewardW1=0.6;RewardW2=0.4;RewardW3=0;RewardW4=0.2;AdaptiveEpsilon=false;AdaptiveAlpha=false;AdaptiveReward=false;Policy=QLearning;UseMacFeedback=true;DelayRef=0.01;HopByHop=false;UseRerrBump=true;QueueHighThreshold=0.7;QueueLowThreshold=0.3;QueueRewardWeight=0.1;AdaptiveQueueWeight=true;QueueWeightMax=0.4;QueueWeightKappa=0.2;FailurePenalty=0.5;QueueAwareSelect=true;QueueDrivenExploration=false;QueueSelectBeta=0.5;AckSilenceDecay=true;AckSilenceThreshold=+1.5e+10ns;DecayFactor=0.92;DecayMinTx=3;DecayInterval=+1e+10ns;TrendEpsilon=true;TrendInterval=+1e+09ns;TrendDelta=0.05;TrendWindow=3;TrendBump=0.1;TrendCap=0.5;QueueRefPackets=20;
QSQMAODV,M_N30_r300|QSQ_src_FULL,19,30,29,0.1,512,15.0,0.85,1000.0,1000.0,300.0,16.0,300.0,1,0,0,3,200.0,56493,20920,0.370311,15.581793,54.524036,76.880495,15.427363,14820,704296,6.234473,0.708413,0.008745,0.046045,1.0,0.006731,0.028776,87288,493,0,7726,0,0,0.0,0,3.623932,13.547009,28.205128,35735.702045,0.378861,0,2275,0,500,33416,0,MaxPaths=3;Alpha0=0.5;Gamma=0.9;Epsilon0=0.5;RewardW1=0.6;RewardW2=0.4;RewardW3=0;RewardW4=0.2;AdaptiveEpsilon=false;AdaptiveAlpha=false;AdaptiveReward=false;Policy=QLearning;UseMacFeedback=true;DelayRef=0.01;HopByHop=false;UseRerrBump=true;QueueHighThreshold=0.7;QueueLowThreshold=0.3;QueueRewardWeight=0.1;AdaptiveQueueWeight=true;QueueWeightMax=0.4;QueueWeightKappa=0.2;FailurePenalty=0.5;QueueAwareSelect=true;QueueDrivenExploration=false;QueueSelectBeta=0.5;AckSilenceDecay=true;AckSilenceThreshold=+1.5e+10ns;DecayFactor=0.92;DecayMinTx=3;DecayInterval=+1e+10ns;TrendEpsilon=true;TrendInterval=+1e+09ns;TrendDelta=0.05;TrendWindow=3;TrendBump=0.1;TrendCap=0.5;QueueRefPackets=20;
QSQMAODV,M_N30_r300|QSQ_src_FULL,2,30,29,0.1,512,15.0,0.85,1000.0,1000.0,300.0,16.0,300.0,1,0,0,3,200.0,56493,27644,0.489335,20.590014,156.898978,155.191369,27.718793,34490,1633828,10.944897,1.247649,0.030472,0.133374,1.0,0.019559,0.090768,150192,1434,0,18400,0,0,0.0,0,3.186325,13.323077,28.280342,34911.284936,0.937567,0,4563,0,1458,27430,0,MaxPaths=3;Alpha0=0.5;Gamma=0.9;Epsilon0=0.5;RewardW1=0.6;RewardW2=0.4;RewardW3=0;RewardW4=0.2;AdaptiveEpsilon=false;AdaptiveAlpha=false;AdaptiveReward=false;Policy=QLearning;UseMacFeedback=true;DelayRef=0.01;HopByHop=false;UseRerrBump=true;QueueHighThreshold=0.7;QueueLowThreshold=0.3;QueueRewardWeight=0.1;AdaptiveQueueWeight=true;QueueWeightMax=0.4;QueueWeightKappa=0.2;FailurePenalty=0.5;QueueAwareSelect=true;QueueDrivenExploration=false;QueueSelectBeta=0.5;AckSilenceDecay=true;AckSilenceThreshold=+1.5e+10ns;DecayFactor=0.92;DecayMinTx=3;DecayInterval=+1e+10ns;TrendEpsilon=true;TrendInterval=+1e+09ns;TrendDelta=0.05;TrendWindow=3;TrendBump=0.1;TrendCap=0.5;QueueRefPackets=20;
QSQMAODV,M_N30_r300|QSQ_src_FULL,20,30,29,0.1,512,15.0,0.85,1000.0,1000.0,300.0,16.0,300.0,1,0,0,3,200.0,56493,25521,0.451755,19.008745,106.447165,102.79584,26.787047,42622,2016182,14.629797,1.670076,0.056725,0.181253,1.0,0.039257,0.132469,157388,1743,0,17857,2,0,0.0,0,3.71453,13.8,28.367521,32700.651082,0.946613,104,5513,0,1817,29072,0,MaxPaths=3;Alpha0=0.5;Gamma=0.9;Epsilon0=0.5;RewardW1=0.6;RewardW2=0.4;RewardW3=0;RewardW4=0.2;AdaptiveEpsilon=false;AdaptiveAlpha=false;AdaptiveReward=false;Policy=QLearning;UseMacFeedback=true;DelayRef=0.01;HopByHop=false;UseRerrBump=true;QueueHighThreshold=0.7;QueueLowThreshold=0.3;QueueRewardWeight=0.1;AdaptiveQueueWeight=true;QueueWeightMax=0.4;QueueWeightKappa=0.2;FailurePenalty=0.5;QueueAwareSelect=true;QueueDrivenExploration=false;QueueSelectBeta=0.5;AckSilenceDecay=true;AckSilenceThreshold=+1.5e+10ns;DecayFactor=0.92;DecayMinTx=3;DecayInterval=+1e+10ns;TrendEpsilon=true;TrendInterval=+1e+09ns;TrendDelta=0.05;TrendWindow=3;TrendBump=0.1;TrendCap=0.5;QueueRefPackets=20;
QSQMAODV,M_N30_r300|QSQ_src_FULL,3,30,29,0.1,512,15.0,0.85,1000.0,1000.0,300.0,16.0,300.0,1,0,0,3,200.0,56493,31867,0.564088,23.735421,138.049861,146.466047,41.59082,62663,2956758,17.182282,1.966392,0.120473,0.278798,1.0,0.087593,0.214919,207175,3317,0,34069,3,0,0.0,0,3.382906,13.015385,27.988034,36483.388441,1.358257,122,8357,0,3724,23722,0,MaxPaths=3;Alpha0=0.5;Gamma=0.9;Epsilon0=0.5;RewardW1=0.6;RewardW2=0.4;RewardW3=0;RewardW4=0.2;AdaptiveEpsilon=false;AdaptiveAlpha=false;AdaptiveReward=false;Policy=QLearning;UseMacFeedback=true;DelayRef=0.01;HopByHop=false;UseRerrBump=true;QueueHighThreshold=0.7;QueueLowThreshold=0.3;QueueRewardWeight=0.1;AdaptiveQueueWeight=true;QueueWeightMax=0.4;QueueWeightKappa=0.2;FailurePenalty=0.5;QueueAwareSelect=true;QueueDrivenExploration=false;QueueSelectBeta=0.5;AckSilenceDecay=true;AckSilenceThreshold=+1.5e+10ns;DecayFactor=0.92;DecayMinTx=3;DecayInterval=+1e+10ns;TrendEpsilon=true;TrendInterval=+1e+09ns;TrendDelta=0.05;TrendWindow=3;TrendBump=0.1;TrendCap=0.5;QueueRefPackets=20;
QSQMAODV,M_N30_r300|QSQ_src_FULL,4,30,29,0.1,512,15.0,0.85,1000.0,1000.0,300.0,16.0,300.0,1,0,0,3,200.0,56493,20886,0.36971,15.556469,51.759138,53.863073,12.183906,21560,1024130,9.080422,1.03227,0.012263,0.070542,1.0,0.007341,0.044476,120472,805,0,11164,0,0,0.0,0,3.620513,13.870085,28.37265,34911.734277,0.51178,0,2649,0,811,33341,0,MaxPaths=3;Alpha0=0.5;Gamma=0.9;Epsilon0=0.5;RewardW1=0.6;RewardW2=0.4;RewardW3=0;RewardW4=0.2;AdaptiveEpsilon=false;AdaptiveAlpha=false;AdaptiveReward=false;Policy=QLearning;UseMacFeedback=true;DelayRef=0.01;HopByHop=false;UseRerrBump=true;QueueHighThreshold=0.7;QueueLowThreshold=0.3;QueueRewardWeight=0.1;AdaptiveQueueWeight=true;QueueWeightMax=0.4;QueueWeightKappa=0.2;FailurePenalty=0.5;QueueAwareSelect=true;QueueDrivenExploration=false;QueueSelectBeta=0.5;AckSilenceDecay=true;AckSilenceThreshold=+1.5e+10ns;DecayFactor=0.92;DecayMinTx=3;DecayInterval=+1e+10ns;TrendEpsilon=true;TrendInterval=+1e+09ns;TrendDelta=0.05;TrendWindow=3;TrendBump=0.1;TrendCap=0.5;QueueRefPackets=20;
QSQMAODV,M_N30_r300|QSQ_src_FULL,5,30,29,0.1,512,15.0,0.85,1000.0,1000.0,300.0,16.0,300.0,1,0,0,3,200.0,56493,39700,0.702742,29.569655,196.015912,199.141047,50.735897,63809,3004158,14.013238,1.60728,0.099499,0.296851,1.0,0.069323,0.222379,207918,3358,0,30098,3,0,0.0,0,3.644444,13.374359,28.268376,37519.931912,1.640663,185,7122,0,3634,16448,0,MaxPaths=3;Alpha0=0.5;Gamma=0.9;Epsilon0=0.5;RewardW1=0.6;RewardW2=0.4;RewardW3=0;RewardW4=0.2;AdaptiveEpsilon=false;AdaptiveAlpha=false;AdaptiveReward=false;Policy=QLearning;UseMacFeedback=true;DelayRef=0.01;HopByHop=false;UseRerrBump=true;QueueHighThreshold=0.7;QueueLowThreshold=0.3;QueueRewardWeight=0.1;AdaptiveQueueWeight=true;QueueWeightMax=0.4;QueueWeightKappa=0.2;FailurePenalty=0.5;QueueAwareSelect=true;QueueDrivenExploration=false;QueueSelectBeta=0.5;AckSilenceDecay=true;AckSilenceThreshold=+1.5e+10ns;DecayFactor=0.92;DecayMinTx=3;DecayInterval=+1e+10ns;TrendEpsilon=true;TrendInterval=+1e+09ns;TrendDelta=0.05;TrendWindow=3;TrendBump=0.1;TrendCap=0.5;QueueRefPackets=20;
QSQMAODV,M_N30_r300|QSQ_src_FULL,6,30,29,0.1,512,15.0,0.85,1000.0,1000.0,300.0,16.0,300.0,1,0,0,3,200.0,56493,31506,0.557697,23.466538,77.646488,101.429008,22.143881,26263,1233112,7.247955,0.833587,0.024776,0.105658,1.0,0.01669,0.07346,127502,960,0,11095,0,0,0.0,0,3.844444,13.837607,28.364103,32817.801668,0.878038,0,3064,0,1022,24694,0,MaxPaths=3;Alpha0=0.5;Gamma=0.9;Epsilon0=0.5;RewardW1=0.6;RewardW2=0.4;RewardW3=0;RewardW4=0.2;AdaptiveEpsilon=false;AdaptiveAlpha=false;AdaptiveReward=false;Policy=QLearning;UseMacFeedback=true;DelayRef=0.01;HopByHop=false;UseRerrBump=true;QueueHighThreshold=0.7;QueueLowThreshold=0.3;QueueRewardWeight=0.1;AdaptiveQueueWeight=true;QueueWeightMax=0.4;QueueWeightKappa=0.2;FailurePenalty=0.5;QueueAwareSelect=true;QueueDrivenExploration=false;QueueSelectBeta=0.5;AckSilenceDecay=true;AckSilenceThreshold=+1.5e+10ns;DecayFactor=0.92;DecayMinTx=3;DecayInterval=+1e+10ns;TrendEpsilon=true;TrendInterval=+1e+09ns;TrendDelta=0.05;TrendWindow=3;TrendBump=0.1;TrendCap=0.5;QueueRefPackets=20;
QSQMAODV,M_N30_r300|QSQ_src_FULL,7,30,29,0.1,512,15.0,0.85,1000.0,1000.0,300.0,16.0,300.0,1,0,0,3,200.0,56493,23848,0.422141,17.762648,159.140596,165.620613,33.637205,67175,3164338,24.57181,2.816798,0.081082,0.229463,1.0,0.044466,0.160227,182043,2636,0,33469,3,0,0.0,0,3.605128,13.716239,28.317949,35911.020594,0.924946,17,9022,0,3015,30826,0,MaxPaths=3;Alpha0=0.5;Gamma=0.9;Epsilon0=0.5;RewardW1=0.6;RewardW2=0.4;RewardW3=0;RewardW4=0.2;AdaptiveEpsilon=false;AdaptiveAlpha=false;AdaptiveReward=false;Policy=QLearning;UseMacFeedback=true;DelayRef=0.01;HopByHop=false;UseRerrBump=true;QueueHighThreshold=0.7;QueueLowThreshold=0.3;QueueRewardWeight=0.1;AdaptiveQueueWeight=true;QueueWeightMax=0.4;QueueWeightKappa=0.2;FailurePenalty=0.5;QueueAwareSelect=true;QueueDrivenExploration=false;QueueSelectBeta=0.5;AckSilenceDecay=true;AckSilenceThreshold=+1.5e+10ns;DecayFactor=0.92;DecayMinTx=3;DecayInterval=+1e+10ns;TrendEpsilon=true;TrendInterval=+1e+09ns;TrendDelta=0.05;TrendWindow=3;TrendBump=0.1;TrendCap=0.5;QueueRefPackets=20;
QSQMAODV,M_N30_r300|QSQ_src_FULL,8,30,29,0.1,512,15.0,0.85,1000.0,1000.0,300.0,16.0,300.0,1,0,0,3,200.0,56493,28449,0.503585,21.1896,115.613965,114.231771,33.64936,51419,2450412,15.950649,1.80741,0.064948,0.196626,1.0,0.041045,0.139052,162603,2014,0,21854,0,0,0.0,0,3.403419,13.441026,28.167521,36714.95414,1.013825,21,8051,0,2194,26785,0,MaxPaths=3;Alpha0=0.5;Gamma=0.9;Epsilon0=0.5;RewardW1=0.6;RewardW2=0.4;RewardW3=0;RewardW4=0.2;AdaptiveEpsilon=false;AdaptiveAlpha=false;AdaptiveReward=false;Policy=QLearning;UseMacFeedback=true;DelayRef=0.01;HopByHop=false;UseRerrBump=true;QueueHighThreshold=0.7;QueueLowThreshold=0.3;QueueRewardWeight=0.1;AdaptiveQueueWeight=true;QueueWeightMax=0.4;QueueWeightKappa=0.2;FailurePenalty=0.5;QueueAwareSelect=true;QueueDrivenExploration=false;QueueSelectBeta=0.5;AckSilenceDecay=true;AckSilenceThreshold=+1.5e+10ns;DecayFactor=0.92;DecayMinTx=3;DecayInterval=+1e+10ns;TrendEpsilon=true;TrendInterval=+1e+09ns;TrendDelta=0.05;TrendWindow=3;TrendBump=0.1;TrendCap=0.5;QueueRefPackets=20;
QSQMAODV,M_N30_r300|QSQ_src_FULL,9,30,29,0.1,512,15.0,0.85,1000.0,1000.0,300.0,16.0,300.0,1,0,0,3,200.0,56493,24640,0.43616,18.352552,127.662015,120.668497,21.134568,28341,1333838,10.024636,1.150203,0.0427,0.123983,1.0,0.034908,0.095973,150607,1219,0,14589,0,0,0.0,0,3.191453,13.109402,28.179487,31625.692068,0.822314,29,3928,0,1272,29801,0,MaxPaths=3;Alpha0=0.5;Gamma=0.9;Epsilon0=0.5;RewardW1=0.6;RewardW2=0.4;RewardW3=0;RewardW4=0.2;AdaptiveEpsilon=false;AdaptiveAlpha=false;AdaptiveReward=false;Policy=QLearning;UseMacFeedback=true;DelayRef=0.01;HopByHop=false;UseRerrBump=true;QueueHighThreshold=0.7;QueueLowThreshold=0.3;QueueRewardWeight=0.1;AdaptiveQueueWeight=true;QueueWeightMax=0.4;QueueWeightKappa=0.2;FailurePenalty=0.5;QueueAwareSelect=true;QueueDrivenExploration=false;QueueSelectBeta=0.5;AckSilenceDecay=true;AckSilenceThreshold=+1.5e+10ns;DecayFactor=0.92;DecayMinTx=3;DecayInterval=+1e+10ns;TrendEpsilon=true;TrendInterval=+1e+09ns;TrendDelta=0.05;TrendWindow=3;TrendBump=0.1;TrendCap=0.5;QueueRefPackets=20;
