Protocol,Tag,Seed,nNodes,nFlows,PktInterval_s,PktSize_B,Speed_ms,GmAlpha,AreaX,AreaY,AreaZ,TxPowerDbm,RangeM,Bcast11,QoS,MacQueuePkts,MaxPaths,SimTime_s,TxPkts,RxPkts,PDR,Throughput_kbps,DelayPw_ms,Delay_ms,Jitter_ms,CtrlPktsAll,CtrlBytesAll,NRLall,NRLpkt,MeanMacQt,FracMacQtPos,MaxMacQt,MeanNhQ,FracNhQPos,FbAck,FbDrop,FbExpired,QsDecayed,QlSelections,QlMeanCandidates,QlDupReplies,Deg250,Deg500,Deg1000,TopoFingerprint,FwdPerTx,DropTtl,DropNoRoute,DropOtherIp,MacDrops,LostFm,ProtocolCfg
AODV,A_N20_pi010|AODV,1,20,19,0.1,512,5.0,0.85,1000.0,1000.0,300.0,16.0,0.0,0,0,0,3,200.0,37022,14686,0.396683,16.695663,56.471585,74.299098,29.27864,36691,1747092,22.030203,2.498366,0.0,0.0,0.0,0.0,0.0,0,0,0,0,0,0.0,0,2.44359,8.884615,18.407692,22539.664836,0.398385,2,4402,0,4016,20627,-
AODV,A_N20_pi010|AODV,10,20,19,0.1,512,5.0,0.85,1000.0,1000.0,300.0,16.0,0.0,0,0,0,3,200.0,37022,20987,0.566879,23.858905,34.218751,42.179784,26.428334,29883,1410680,12.447565,1.423881,0.0,0.0,0.0,0.0,0.0,0,0,0,0,0,0.0,0,2.266667,8.910256,18.530769,23279.71399,0.667009,33,2053,0,1703,14942,-
AODV,A_N20_pi010|AODV,11,20,19,0.1,512,5.0,0.85,1000.0,1000.0,300.0,16.0,0.0,0,0,0,3,200.0,37022,18599,0.502377,22.3188,9.690468,10.321654,6.082793,8703,411284,4.095043,0.467928,0.0,0.0,0.0,0.0,0.0,0,0,0,0,0,0.0,0,2.235897,8.123077,18.446154,24281.639952,0.387472,13,351,0,477,17700,-
AODV,A_N20_pi010|AODV,12,20,19,0.1,512,5.0,0.85,1000.0,1000.0,300.0,16.0,0.0,0,0,0,3,200.0,37022,24182,0.653179,27.491116,4.620675,4.71882,3.1201,7370,349124,2.673583,0.304772,0.0,0.0,0.0,0.0,0.0,0,0,0,0,0,0.0,0,2.353846,8.851282,18.789744,24864.637506,0.592999,0,347,0,130,12830,-
AODV,A_N20_pi010|AODV,13,20,19,0.1,512,5.0,0.85,1000.0,1000.0,300.0,16.0,0.0,0,0,0,3,200.0,37022,22128,0.597699,25.156042,50.205196,65.919482,21.297338,28348,1346088,11.265164,1.281092,0.0,0.0,0.0,0.0,0.0,0,0,0,0,0,0.0,0,2.353846,9.04359,18.530769,23376.285305,0.598455,0,4983,0,1458,14126,-
AODV,A_N20_pi010|AODV,14,20,19,0.1,512,5.0,0.85,1000.0,1000.0,300.0,16.0,0.0,0,0,0,3,200.0,37022,23450,0.633407,26.658947,72.306899,91.425025,39.204865,39060,1856006,14.656922,1.665672,0.0,0.0,0.0,0.0,0.0,0,0,0,0,0,0.0,0,2.205128,8.733333,18.602564,24764.712314,0.968829,465,5998,0,2933,12711,-
AODV,A_N20_pi010|AODV,15,20,19,0.1,512,5.0,0.85,1000.0,1000.0,300.0,16.0,0.0,0,0,0,3,200.0,37022,19647,0.530684,22.335537,142.910314,191.008564,77.260638,93500,4454052,41.982208,4.758996,0.0,0.0,0.0,0.0,0.0,0,0,0,0,0,0.0,0,1.969231,8.435897,18.364103,24698.448431,0.986143,0,7363,0,7322,16437,-
AODV,A_N20_pi010|AODV,16,20,19,0.1,512,5.0,0.85,1000.0,1000.0,300.0,16.0,0.0,0,0,0,3,200.0,37022,24953,0.674005,28.367621,17.938999,18.542804,8.919768,10863,511772,3.798044,0.435338,0.0,0.0,0.0,0.0,0.0,0,0,0,0,0,0.0,0,1.825641,8.146154,18.448718,24356.530873,0.709254,4,328,0,401,12010,-
AODV,A_N20_pi010|AODV,17,20,19,0.1,512,5.0,0.85,1000.0,1000.0,300.0,16.0,0.0,0,0,0,3,200.0,37022,21043,0.568392,23.922568,44.812564,51.386418,19.122998,28714,1363070,11.995456,1.364539,0.0,0.0,0.0,0.0,0.0,0,0,0,0,0,0.0,0,2.333333,8.448718,18.497436,22738.691762,0.693507,0,3940,0,1832,15830,-
AODV,A_N20_pi010|AODV,18,20,19,0.1,512,5.0,0.85,1000.0,1000.0,300.0,16.0,0.0,0,0,0,3,200.0,37022,31063,0.839042,35.313726,49.636035,57.18274,17.783461,25192,1185568,7.067882,0.810997,0.0,0.0,0.0,0.0,0.0,0,0,0,0,0,0.0,0,1.984615,7.946154,18.264103,21730.452487,1.171277,1,3841,0,1117,5799,-
AODV,A_N20_pi010|AODV,19,20,19,0.1,512,5.0,0.85,1000.0,1000.0,300.0,16.0,0.0,0,0,0,3,200.0,37022,22621,0.611015,25.716505,11.909107,13.598186,6.859382,13092,619106,5.068267,0.578754,0.0,0.0,0.0,0.0,0.0,0,0,0,0,0,0.0,0,2.046154,7.533333,18.041026,19133.814224,0.732618,0,4627,0,535,14099,-
AODV,A_N20_pi010|AODV,2,20,19,0.1,512,5.0,0.85,1000.0,1000.0,300.0,16.0,0.0,0,0,0,3,200.0,37022,14851,0.40114,16.883242,77.387249,97.542762,35.752325,52978,2516840,31.383845,3.567302,0.0,0.0,0.0,0.0,0.0,0,0,0,0,0,0.0,0,2.851282,8.679487,18.187179,22296.131007,0.599211,0,7936,0,3905,21963,-
AODV,A_N20_pi010|AODV,20,20,19,0.1,512,5.0,0.85,1000.0,1000.0,300.0,16.0,0.0,0,0,0,3,200.0,37022,18959,0.512101,21.553389,28.18132,132.917259,55.371454,24933,1185262,11.577244,1.315101,0.0,0.0,0.0,0.0,0.0,0,0,0,0,0,0.0,0,2.328205,8.379487,18.317949,20034.119132,0.448895,0,3294,0,981,17161,-
AODV,A_N20_pi010|AODV,3,20,19,0.1,512,5.0,0.85,1000.0,1000.0,300.0,16.0,0.0,0,0,0,3,200.0,37022,8694,0.234833,12.51936,2.944751,7.229756,6.126929,5838,278266,5.927161,0.671498,0.0,0.0,0.0,0.0,0.0,0,0,0,0,0,0.0,0,2.187179,8.523077,17.974359,26622.900406,0.079871,0,648,0,64,26708,-
AODV,A_N20_pi010|AODV,4,20,19,0.1,512,5.0,0.85,1000.0,1000.0,300.0,16.0,0.0,0,0,0,3,200.0,37022,22834,0.616768,25.958653,43.122336,45.447694,23.709988,40283,1916662,15.54425,1.764167,0.0,0.0,0.0,0.0,0.0,0,0,0,0,0,0.0,0,2.65641,9.266667,18.551282,21721.695025,0.882232,1,4676,0,2768,13914,-
AODV,A_N20_pi010|AODV,5,20,19,0.1,512,5.0,0.85,1000.0,1000.0,300.0,16.0,0.0,0,0,0,3,200.0,37022,25855,0.698369,29.393053,27.037377,28.111408,10.258231,13611,634850,4.547082,0.526436,0.0,0.0,0.0,0.0,0.0,0,0,0,0,0,0.0,0,2.448718,9.497436,18.620513,25315.804661,0.611717,0,1216,0,1056,9777,-
AODV,A_N20_pi010|AODV,6,20,19,0.1,512,5.0,0.85,1000.0,1000.0,300.0,16.0,0.0,0,0,0,3,200.0,37022,24216,0.654098,27.529768,39.98831,40.642171,17.308705,43402,2062766,15.774434,1.792286,0.0,0.0,0.0,0.0,0.0,0,0,0,0,0,0.0,0,2.653846,9.589744,18.533333,22227.889823,0.7364,0,7369,0,4143,12557,-
AODV,A_N20_pi010|AODV,7,20,19,0.1,512,5.0,0.85,1000.0,1000.0,300.0,16.0,0.0,0,0,0,3,200.0,37022,24945,0.673789,28.358526,11.218142,11.684823,5.211091,8977,424362,3.150353,0.359872,0.0,0.0,0.0,0.0,0.0,0,0,0,0,0,0.0,0,2.458974,9.976923,18.689744,22459.172633,0.539409,0,714,0,300,11101,-
AODV,A_N20_pi010|AODV,8,20,19,0.1,512,5.0,0.85,1000.0,1000.0,300.0,16.0,0.0,0,0,0,3,200.0,37022,14550,0.39301,16.541053,8.726576,10.260243,6.742621,8106,384508,4.893827,0.557113,0.0,0.0,0.0,0.0,0.0,0,0,0,0,0,0.0,0,2.597436,9.133333,18.505128,24158.272528,0.406596,0,103,0,165,21669,-
AODV,A_N20_pi010|AODV,9,20,19,0.1,512,5.0,0.85,1000.0,1000.0,300.0,16.0,0.0,0,0,0,3,200.0,37022,16556,0.447194,18.821558,27.833858,31.654784,20.359363,47533,2260180,25.280977,2.871044,0.0,0.0,0.0,0.0,0.0,0,0,0,0,0,0.0,0,2.220513,8.312821,18.128205,23364.794149,0.607585,0,3927,0,4287,18571,-
AOMDV,A_N20_pi010|AOMDV,1,20,19,0.1,512,5.0,0.85,1000.0,1000.0,300.0,16.0,0.0,0,0,0,3,200.0,37022,27383,0.739641,31.130147,82.393029,92.851061,28.728581,22637,1235864,8.357875,0.826681,0.0,0.0,0.0,0.0,0.0,0,0,0,0,0,0.0,0,2.44359,8.884615,18.407692,22539.664836,1.413916,0,3548,0,1025,9259,HelloInterval=+1e+09ns;ActiveRouteTimeout=+3e+09ns;MaxPaths=3;
AOMDV,A_N20_pi010|AOMDV,10,20,19,0.1,512,5.0,0.85,1000.0,1000.0,300.0,16.0,0.0,0,0,0,3,200.0,37022,23792,0.642645,27.047747,55.839959,64.781646,34.872973,33350,1800400,14.013425,1.401732,0.0,0.0,0.0,0.0,0.0,0,0,0,0,0,0.0,0,2.266667,8.910256,18.530769,23279.71399,1.024364,0,5902,0,2095,12550,HelloInterval=+1e+09ns;ActiveRouteTimeout=+3e+09ns;MaxPaths=3;
AOMDV,A_N20_pi010|AOMDV,11,20,19,0.1,512,5.0,0.85,1000.0,1000.0,300.0,16.0,0.0,0,0,0,3,200.0,37022,26068,0.704122,29.6352,36.383177,43.927193,19.946643,17865,968296,6.878705,0.685323,0.0,0.0,0.0,0.0,0.0,0,0,0,0,0,0.0,0,2.235897,8.123077,18.446154,24281.639952,1.046405,0,3622,0,1348,10911,HelloInterval=+1e+09ns;ActiveRouteTimeout=+3e+09ns;MaxPaths=3;
AOMDV,A_N20_pi010|AOMDV,12,20,19,0.1,512,5.0,0.85,1000.0,1000.0,300.0,16.0,0.0,0,0,0,3,200.0,37022,28592,0.772298,32.504589,15.452423,18.828339,7.433425,6932,382640,2.47829,0.242445,0.0,0.0,0.0,0.0,0.0,0,0,0,0,0,0.0,0,2.353846,8.851282,18.789744,24864.637506,0.990222,0,332,0,468,8318,HelloInterval=+1e+09ns;ActiveRouteTimeout=+3e+09ns;MaxPaths=3;
AOMDV,A_N20_pi010|AOMDV,13,20,19,0.1,512,5.0,0.85,1000.0,1000.0,300.0,16.0,0.0,0,0,0,3,200.0,37022,26484,0.715358,30.108126,53.247369,57.360904,23.766539,21133,1145384,8.008917,0.797953,0.0,0.0,0.0,0.0,0.0,0,0,0,0,0,0.0,0,2.353846,9.04359,18.530769,23376.285305,0.944763,0,5570,0,1442,10297,HelloInterval=+1e+09ns;ActiveRouteTimeout=+3e+09ns;MaxPaths=3;
AOMDV,A_N20_pi010|AOMDV,14,20,19,0.1,512,5.0,0.85,1000.0,1000.0,300.0,16.0,0.0,0,0,0,3,200.0,37022,23770,0.642051,27.022737,45.729687,52.329569,23.751118,17048,926672,7.219433,0.717207,0.0,0.0,0.0,0.0,0.0,0,0,0,0,0,0.0,0,2.205128,8.733333,18.602564,24764.712314,1.041894,0,4547,0,828,12432,HelloInterval=+1e+09ns;ActiveRouteTimeout=+3e+09ns;MaxPaths=3;
AOMDV,A_N20_pi010|AOMDV,15,20,19,0.1,512,5.0,0.85,1000.0,1000.0,300.0,16.0,0.0,0,0,0,3,200.0,37022,24524,0.662417,27.879916,97.838714,117.771316,50.794194,39039,2111368,15.943324,1.591869,0.0,0.0,0.0,0.0,0.0,0,0,0,0,0,0.0,0,1.969231,8.435897,18.364103,24698.448431,1.524931,0,5229,0,2712,12101,HelloInterval=+1e+09ns;ActiveRouteTimeout=+3e+09ns;MaxPaths=3;
AOMDV,A_N20_pi010|AOMDV,16,20,19,0.1,512,5.0,0.85,1000.0,1000.0,300.0,16.0,0.0,0,0,0,3,200.0,37022,27772,0.750149,31.572379,47.041774,51.389434,23.66792,18219,985240,6.569633,0.65602,0.0,0.0,0.0,0.0,0.0,0,0,0,0,0,0.0,0,1.825641,8.146154,18.448718,24356.530873,1.048809,0,3270,0,1648,9242,HelloInterval=+1e+09ns;ActiveRouteTimeout=+3e+09ns;MaxPaths=3;
AOMDV,A_N20_pi010|AOMDV,17,20,19,0.1,512,5.0,0.85,1000.0,1000.0,300.0,16.0,0.0,0,0,0,3,200.0,37022,30837,0.832937,35.0568,50.836885,57.220066,23.145735,19385,1051448,6.314252,0.628628,0.0,0.0,0.0,0.0,0.0,0,0,0,0,0,0.0,0,2.333333,8.448718,18.497436,22738.691762,1.363352,0,3523,0,1360,6121,HelloInterval=+1e+09ns;ActiveRouteTimeout=+3e+09ns;MaxPaths=3;
AOMDV,A_N20_pi010|AOMDV,18,20,19,0.1,512,5.0,0.85,1000.0,1000.0,300.0,16.0,0.0,0,0,0,3,200.0,37022,27440,0.741181,31.194947,33.052465,36.061223,14.771896,10370,566784,3.825073,0.377915,0.0,0.0,0.0,0.0,0.0,0,0,0,0,0,0.0,0,1.984615,7.946154,18.264103,21730.452487,1.218924,0,2005,0,343,9232,HelloInterval=+1e+09ns;ActiveRouteTimeout=+3e+09ns;MaxPaths=3;
AOMDV,A_N20_pi010|AOMDV,19,20,19,0.1,512,5.0,0.85,1000.0,1000.0,300.0,16.0,0.0,0,0,0,3,200.0,37022,24086,0.650586,27.381979,42.169642,62.092805,16.86652,10171,559592,4.302422,0.422279,0.0,0.0,0.0,0.0,0.0,0,0,0,0,0,0.0,0,2.046154,7.533333,18.041026,19133.814224,0.872724,0,7516,0,258,12926,HelloInterval=+1e+09ns;ActiveRouteTimeout=+3e+09ns;MaxPaths=3;
AOMDV,A_N20_pi010|AOMDV,2,20,19,0.1,512,5.0,0.85,1000.0,1000.0,300.0,16.0,0.0,0,0,0,3,200.0,37022,20122,0.543515,22.875537,123.06594,136.037241,54.331185,42347,2297912,21.14796,2.104512,0.0,0.0,0.0,0.0,0.0,0,0,0,0,0,0.0,0,2.851282,8.679487,18.187179,22296.131007,1.219923,0,13548,0,2080,16492,HelloInterval=+1e+09ns;ActiveRouteTimeout=+3e+09ns;MaxPaths=3;
AOMDV,A_N20_pi010|AOMDV,20,20,19,0.1,512,5.0,0.85,1000.0,1000.0,300.0,16.0,0.0,0,0,0,3,200.0,37022,28988,0.782994,32.954779,40.667474,43.636014,19.326398,18542,1007808,6.43822,0.639644,0.0,0.0,0.0,0.0,0.0,0,0,0,0,0,0.0,0,2.328205,8.379487,18.317949,20034.119132,1.172168,0,3220,0,840,7835,HelloInterval=+1e+09ns;ActiveRouteTimeout=+3e+09ns;MaxPaths=3;
AOMDV,A_N20_pi010|AOMDV,3,20,19,0.1,512,5.0,0.85,1000.0,1000.0,300.0,16.0,0.0,0,0,0,3,200.0,37022,20760,0.560748,23.600842,66.446914,75.546707,29.985401,22294,1214672,10.835224,1.073892,0.0,0.0,0.0,0.0,0.0,0,0,0,0,0,0.0,0,2.187179,8.523077,17.974359,26622.900406,1.03082,0,9799,0,1169,16062,HelloInterval=+1e+09ns;ActiveRouteTimeout=+3e+09ns;MaxPaths=3;
AOMDV,A_N20_pi010|AOMDV,4,20,19,0.1,512,5.0,0.85,1000.0,1000.0,300.0,16.0,0.0,0,0,0,3,200.0,37022,26024,0.702933,29.585179,47.936588,52.898719,30.970349,27936,1518192,10.803361,1.073471,0.0,0.0,0.0,0.0,0.0,0,0,0,0,0,0.0,0,2.65641,9.266667,18.551282,21721.695025,1.226838,0,4125,0,1765,10766,HelloInterval=+1e+09ns;ActiveRouteTimeout=+3e+09ns;MaxPaths=3;
AOMDV,A_N20_pi010|AOMDV,5,20,19,0.1,512,5.0,0.85,1000.0,1000.0,300.0,16.0,0.0,0,0,0,3,200.0,37022,29871,0.806845,33.958611,24.673818,26.747005,10.494337,9249,507832,3.148303,0.309631,0.0,0.0,0.0,0.0,0.0,0,0,0,0,0,0.0,0,2.448718,9.497436,18.620513,25315.804661,0.971963,0,1392,0,484,6915,HelloInterval=+1e+09ns;ActiveRouteTimeout=+3e+09ns;MaxPaths=3;
AOMDV,A_N20_pi010|AOMDV,6,20,19,0.1,512,5.0,0.85,1000.0,1000.0,300.0,16.0,0.0,0,0,0,3,200.0,37022,30013,0.81068,34.120042,58.065299,60.960084,26.020995,26353,1431752,8.834147,0.878053,0.0,0.0,0.0,0.0,0.0,0,0,0,0,0,0.0,0,2.653846,9.589744,18.533333,22227.889823,1.241478,0,4017,0,1432,6929,HelloInterval=+1e+09ns;ActiveRouteTimeout=+3e+09ns;MaxPaths=3;
AOMDV,A_N20_pi010|AOMDV,7,20,19,0.1,512,5.0,0.85,1000.0,1000.0,300.0,16.0,0.0,0,0,0,3,200.0,37022,30258,0.817298,34.398568,34.964253,36.69056,17.631027,17255,941176,5.760191,0.570262,0.0,0.0,0.0,0.0,0.0,0,0,0,0,0,0.0,0,2.458974,9.976923,18.689744,22459.172633,1.163957,0,1636,0,1997,6592,HelloInterval=+1e+09ns;ActiveRouteTimeout=+3e+09ns;MaxPaths=3;
AOMDV,A_N20_pi010|AOMDV,8,20,19,0.1,512,5.0,0.85,1000.0,1000.0,300.0,16.0,0.0,0,0,0,3,200.0,37022,20331,0.54916,23.113137,150.271379,164.009386,53.894347,39003,2127848,19.381532,1.9184,0.0,0.0,0.0,0.0,0.0,0,0,0,0,0,0.0,0,2.597436,9.133333,18.505128,24158.272528,1.062233,0,11988,0,2138,16188,HelloInterval=+1e+09ns;ActiveRouteTimeout=+3e+09ns;MaxPaths=3;
AOMDV,A_N20_pi010|AOMDV,9,20,19,0.1,512,5.0,0.85,1000.0,1000.0,300.0,16.0,0.0,0,0,0,3,200.0,37022,24051,0.649641,27.342189,76.518889,75.074518,30.974164,23349,1270504,9.782484,0.970812,0.0,0.0,0.0,0.0,0.0,0,0,0,0,0,0.0,0,2.220513,8.312821,18.128205,23364.794149,1.314813,0,3804,0,1632,12607,HelloInterval=+1e+09ns;ActiveRouteTimeout=+3e+09ns;MaxPaths=3;
PMAODV,A_N20_pi010|PMAODV,1,20,19,0.1,512,5.0,0.85,1000.0,1000.0,300.0,16.0,0.0,0,0,0,3,200.0,37022,18420,0.497542,20.940632,45.33184,65.410457,30.638705,42035,2007426,20.181626,2.28203,0.0,0.0,0.0,0.0,0.0,0,0,0,0,0,0.0,0,2.44359,8.884615,18.407692,22539.664836,0.70974,117,4608,0,2757,16743,Policy=Probabilistic;MaxPaths=3;Alpha0=0.5;Gamma=0.9;Epsilon0=0.5;RewardW1=0.6;RewardW2=0.4;EpsilonDecayInterval=+1e+10ns;
PMAODV,A_N20_pi010|PMAODV,10,20,19,0.1,512,5.0,0.85,1000.0,1000.0,300.0,16.0,0.0,0,0,0,3,200.0,37022,11747,0.317298,13.354484,216.595585,325.270613,135.837105,102236,4901832,77.274765,8.703158,0.0,0.0,0.0,0.0,0.0,0,0,0,0,0,0.0,0,2.266667,8.910256,18.530769,23279.71399,0.348901,0,7847,0,13923,24135,Policy=Probabilistic;MaxPaths=3;Alpha0=0.5;Gamma=0.9;Epsilon0=0.5;RewardW1=0.6;RewardW2=0.4;EpsilonDecayInterval=+1e+10ns;
PMAODV,A_N20_pi010|PMAODV,11,20,19,0.1,512,5.0,0.85,1000.0,1000.0,300.0,16.0,0.0,0,0,0,3,200.0,37022,20493,0.553536,23.297305,96.743651,108.612969,61.138709,76619,3618242,32.696278,3.738789,0.0,0.0,0.0,0.0,0.0,0,0,0,0,0,0.0,0,2.235897,8.123077,18.446154,24281.639952,0.812571,0,9043,0,7185,16229,Policy=Probabilistic;MaxPaths=3;Alpha0=0.5;Gamma=0.9;Epsilon0=0.5;RewardW1=0.6;RewardW2=0.4;EpsilonDecayInterval=+1e+10ns;
PMAODV,A_N20_pi010|PMAODV,12,20,19,0.1,512,5.0,0.85,1000.0,1000.0,300.0,16.0,0.0,0,0,0,3,200.0,37022,25484,0.688347,28.971284,45.721188,51.974026,32.198624,57092,2716400,19.739328,2.240308,0.0,0.0,0.0,0.0,0.0,0,0,0,0,0,0.0,0,2.353846,8.851282,18.789744,24864.637506,0.778213,0,3664,0,5101,11485,Policy=Probabilistic;MaxPaths=3;Alpha0=0.5;Gamma=0.9;Epsilon0=0.5;RewardW1=0.6;RewardW2=0.4;EpsilonDecayInterval=+1e+10ns;
PMAODV,A_N20_pi010|PMAODV,13,20,19,0.1,512,5.0,0.85,1000.0,1000.0,300.0,16.0,0.0,0,0,0,3,200.0,37022,18621,0.502971,21.169137,51.764217,64.342926,41.903074,42198,2011518,20.004475,2.266151,0.0,0.0,0.0,0.0,0.0,0,0,0,0,0,0.0,0,2.353846,9.04359,18.530769,23376.285305,0.533818,0,3816,0,4400,17527,Policy=Probabilistic;MaxPaths=3;Alpha0=0.5;Gamma=0.9;Epsilon0=0.5;RewardW1=0.6;RewardW2=0.4;EpsilonDecayInterval=+1e+10ns;
PMAODV,A_N20_pi010|PMAODV,14,20,19,0.1,512,5.0,0.85,1000.0,1000.0,300.0,16.0,0.0,0,0,0,3,200.0,37022,21796,0.588731,24.778611,16.732787,22.944134,11.265684,13520,640258,5.439819,0.620297,0.0,0.0,0.0,0.0,0.0,0,0,0,0,0,0.0,0,2.205128,8.733333,18.602564,24764.712314,0.743288,0,1243,0,881,14626,Policy=Probabilistic;MaxPaths=3;Alpha0=0.5;Gamma=0.9;Epsilon0=0.5;RewardW1=0.6;RewardW2=0.4;EpsilonDecayInterval=+1e+10ns;
PMAODV,A_N20_pi010|PMAODV,15,20,19,0.1,512,5.0,0.85,1000.0,1000.0,300.0,16.0,0.0,0,0,0,3,200.0,37022,10578,0.285722,12.025516,265.628367,359.545786,193.772126,133871,6452920,112.968915,12.655606,0.0,0.0,0.0,0.0,0.0,0,0,0,0,0,0.0,0,1.969231,8.435897,18.364103,24698.448431,0.626249,5,12510,0,15467,25721,Policy=Probabilistic;MaxPaths=3;Alpha0=0.5;Gamma=0.9;Epsilon0=0.5;RewardW1=0.6;RewardW2=0.4;EpsilonDecayInterval=+1e+10ns;
PMAODV,A_N20_pi010|PMAODV,16,20,19,0.1,512,5.0,0.85,1000.0,1000.0,300.0,16.0,0.0,0,0,0,3,200.0,37022,22720,0.613689,25.829053,64.298678,70.473067,38.499923,34753,1640292,13.369621,1.529621,0.0,0.0,0.0,0.0,0.0,0,0,0,0,0,0.0,0,1.825641,8.146154,18.448718,24356.530873,0.987332,0,5033,0,2411,13884,Policy=Probabilistic;MaxPaths=3;Alpha0=0.5;Gamma=0.9;Epsilon0=0.5;RewardW1=0.6;RewardW2=0.4;EpsilonDecayInterval=+1e+10ns;
PMAODV,A_N20_pi010|PMAODV,17,20,19,0.1,512,5.0,0.85,1000.0,1000.0,300.0,16.0,0.0,0,0,0,3,200.0,37022,17855,0.482281,20.298316,79.926683,93.143434,35.851717,26219,1236930,12.828962,1.46844,0.0,0.0,0.0,0.0,0.0,0,0,0,0,0,0.0,0,2.333333,8.448718,18.497436,22738.691762,0.535465,0,3057,0,1654,18754,Policy=Probabilistic;MaxPaths=3;Alpha0=0.5;Gamma=0.9;Epsilon0=0.5;RewardW1=0.6;RewardW2=0.4;EpsilonDecayInterval=+1e+10ns;
PMAODV,A_N20_pi010|PMAODV,18,20,19,0.1,512,5.0,0.85,1000.0,1000.0,300.0,16.0,0.0,0,0,0,3,200.0,37022,23699,0.640133,26.942021,64.219175,70.5576,41.676748,52043,2472802,19.3226,2.196,0.0,0.0,0.0,0.0,0.0,0,0,0,0,0,0.0,0,1.984615,7.946154,18.264103,21730.452487,1.026687,0,6225,0,3910,13035,Policy=Probabilistic;MaxPaths=3;Alpha0=0.5;Gamma=0.9;Epsilon0=0.5;RewardW1=0.6;RewardW2=0.4;EpsilonDecayInterval=+1e+10ns;
PMAODV,A_N20_pi010|PMAODV,19,20,19,0.1,512,5.0,0.85,1000.0,1000.0,300.0,16.0,0.0,0,0,0,3,200.0,37022,19194,0.518448,21.820547,37.323843,60.784777,16.341478,10551,496612,4.791351,0.549703,0.0,0.0,0.0,0.0,0.0,0,0,0,0,0,0.0,0,2.046154,7.533333,18.041026,19133.814224,0.435093,0,3867,0,479,17270,Policy=Probabilistic;MaxPaths=3;Alpha0=0.5;Gamma=0.9;Epsilon0=0.5;RewardW1=0.6;RewardW2=0.4;EpsilonDecayInterval=+1e+10ns;
PMAODV,A_N20_pi010|PMAODV,2,20,19,0.1,512,5.0,0.85,1000.0,1000.0,300.0,16.0,0.0,0,0,0,3,200.0,37022,9743,0.263168,13.15305,6.038922,7.487232,4.352964,6534,311106,5.913191,0.670635,0.0,0.0,0.0,0.0,0.0,0,0,0,0,0,0.0,0,2.851282,8.679487,18.187179,22296.131007,0.238804,0,1891,0,310,26399,Policy=Probabilistic;MaxPaths=3;Alpha0=0.5;Gamma=0.9;Epsilon0=0.5;RewardW1=0.6;RewardW2=0.4;EpsilonDecayInterval=+1e+10ns;
PMAODV,A_N20_pi010|PMAODV,20,20,19,0.1,512,5.0,0.85,1000.0,1000.0,300.0,16.0,0.0,0,0,0,3,200.0,37022,21629,0.58422,24.588758,66.382576,78.345181,45.079458,56877,2708850,23.192884,2.629664,0.0,0.0,0.0,0.0,0.0,0,0,0,0,0,0.0,0,2.328205,8.379487,18.317949,20034.119132,0.868186,0,5954,0,3251,14317,Policy=Probabilistic;MaxPaths=3;Alpha0=0.5;Gamma=0.9;Epsilon0=0.5;RewardW1=0.6;RewardW2=0.4;EpsilonDecayInterval=+1e+10ns;
PMAODV,A_N20_pi010|PMAODV,3,20,19,0.1,512,5.0,0.85,1000.0,1000.0,300.0,16.0,0.0,0,0,0,3,200.0,37022,9616,0.259737,12.217976,4.191756,5.822117,4.271091,7763,365998,7.048399,0.8073,0.0,0.0,0.0,0.0,0.0,0,0,0,0,0,0.0,0,2.187179,8.523077,17.974359,26622.900406,0.129193,0,852,0,305,25847,Policy=Probabilistic;MaxPaths=3;Alpha0=0.5;Gamma=0.9;Epsilon0=0.5;RewardW1=0.6;RewardW2=0.4;EpsilonDecayInterval=+1e+10ns;
PMAODV,A_N20_pi010|PMAODV,4,20,19,0.1,512,5.0,0.85,1000.0,1000.0,300.0,16.0,0.0,0,0,0,3,200.0,37022,14484,0.391227,16.466021,170.153883,187.61174,117.579796,120436,5781948,73.925097,8.315106,0.0,0.0,0.0,0.0,0.0,0,0,0,0,0,0.0,0,2.65641,9.266667,18.551282,21721.695025,0.680406,0,11081,0,14796,21780,Policy=Probabilistic;MaxPaths=3;Alpha0=0.5;Gamma=0.9;Epsilon0=0.5;RewardW1=0.6;RewardW2=0.4;EpsilonDecayInterval=+1e+10ns;
PMAODV,A_N20_pi010|PMAODV,5,20,19,0.1,512,5.0,0.85,1000.0,1000.0,300.0,16.0,0.0,0,0,0,3,200.0,37022,26656,0.720004,30.303663,80.739788,95.495015,39.071803,50689,2402364,16.689759,1.901598,0.0,0.0,0.0,0.0,0.0,0,0,0,0,0,0.0,0,2.448718,9.497436,18.620513,25315.804661,0.975609,0,3765,0,5607,10050,Policy=Probabilistic;MaxPaths=3;Alpha0=0.5;Gamma=0.9;Epsilon0=0.5;RewardW1=0.6;RewardW2=0.4;EpsilonDecayInterval=+1e+10ns;
PMAODV,A_N20_pi010|PMAODV,6,20,19,0.1,512,5.0,0.85,1000.0,1000.0,300.0,16.0,0.0,0,0,0,3,200.0,37022,19843,0.535979,23.8116,34.760588,37.08264,19.324948,54539,2609708,24.355151,2.748526,0.0,0.0,0.0,0.0,0.0,0,0,0,0,0,0.0,0,2.653846,9.589744,18.533333,22227.889823,0.450624,8,5814,0,7187,16512,Policy=Probabilistic;MaxPaths=3;Alpha0=0.5;Gamma=0.9;Epsilon0=0.5;RewardW1=0.6;RewardW2=0.4;EpsilonDecayInterval=+1e+10ns;
PMAODV,A_N20_pi010|PMAODV,7,20,19,0.1,512,5.0,0.85,1000.0,1000.0,300.0,16.0,0.0,0,0,0,3,200.0,37022,21247,0.573902,24.154484,9.489371,13.035961,9.676766,10093,472756,4.12046,0.475032,0.0,0.0,0.0,0.0,0.0,0,0,0,0,0,0.0,0,2.458974,9.976923,18.689744,22459.172633,0.452542,0,1242,0,552,14545,Policy=Probabilistic;MaxPaths=3;Alpha0=0.5;Gamma=0.9;Epsilon0=0.5;RewardW1=0.6;RewardW2=0.4;EpsilonDecayInterval=+1e+10ns;
PMAODV,A_N20_pi010|PMAODV,8,20,19,0.1,512,5.0,0.85,1000.0,1000.0,300.0,16.0,0.0,0,0,0,3,200.0,37022,12234,0.330452,14.6808,33.401967,39.381231,28.061385,22455,1069466,16.188431,1.835459,0.0,0.0,0.0,0.0,0.0,0,0,0,0,0,0.0,0,2.597436,9.133333,18.505128,24158.272528,0.448571,0,639,0,1290,24168,Policy=Probabilistic;MaxPaths=3;Alpha0=0.5;Gamma=0.9;Epsilon0=0.5;RewardW1=0.6;RewardW2=0.4;EpsilonDecayInterval=+1e+10ns;
PMAODV,A_N20_pi010|PMAODV,9,20,19,0.1,512,5.0,0.85,1000.0,1000.0,300.0,16.0,0.0,0,0,0,3,200.0,37022,14897,0.402382,16.935537,22.75183,46.628765,29.611813,25068,1205942,14.991112,1.682755,0.0,0.0,0.0,0.0,0.0,0,0,0,0,0,0.0,0,2.220513,8.312821,18.128205,23364.794149,0.394792,0,2131,0,2327,21349,Policy=Probabilistic;MaxPaths=3;Alpha0=0.5;Gamma=0.9;Epsilon0=0.5;RewardW1=0.6;RewardW2=0.4;EpsilonDecayInterval=+1e+10ns;
QLAODV,A_N20_pi010|QLAODV,1,20,19,0.1,512,5.0,0.85,1000.0,1000.0,300.0,16.0,0.0,0,0,0,3,200.0,37022,16659,0.449976,18.938653,50.174005,69.034146,35.451756,26620,1389112,15.441681,1.597935,0.0,0.0,0.0,0.0,0.0,36692,4587,3678,0,1428,2.532913,121,2.44359,8.884615,18.407692,22539.664836,0.58892,332,3356,0,1444,18752,QlAlpha=0.2;QlGamma=0.7;QlEpsilon0=0.5;QlEpsilonMin=0.1;QlEpsilonDecay=0.995;QlMaxRoutes=10;QlRrepWait=+3e+08ns;QlBufSampleInterval=+1e+08ns;QlBufWindow=+1e+09ns;QlFeedbackTimeout=+1e+09ns;QlDuplicateReplies=true;
QLAODV,A_N20_pi010|QLAODV,10,20,19,0.1,512,5.0,0.85,1000.0,1000.0,300.0,16.0,0.0,0,0,0,3,200.0,37022,18304,0.494409,21.9648,31.931336,45.755696,23.708201,16682,874892,8.851455,0.911385,0.0,0.0,0.0,0.0,0.0,33953,3641,3212,0,1088,2.597426,86,2.266667,8.910256,18.530769,23279.71399,0.578656,12,1625,0,695,17616,QlAlpha=0.2;QlGamma=0.7;QlEpsilon0=0.5;QlEpsilonMin=0.1;QlEpsilonDecay=0.995;QlMaxRoutes=10;QlRrepWait=+3e+08ns;QlBufSampleInterval=+1e+08ns;QlBufWindow=+1e+09ns;QlFeedbackTimeout=+1e+09ns;QlDuplicateReplies=true;
QLAODV,A_N20_pi010|QLAODV,11,20,19,0.1,512,5.0,0.85,1000.0,1000.0,300.0,16.0,0.0,0,0,0,3,200.0,37022,21994,0.594079,25.003705,33.075918,34.158823,15.50468,15616,805612,6.783096,0.710012,0.0,0.0,0.0,0.0,0.0,32366,5775,5332,0,769,2.317295,57,2.235897,8.123077,18.446154,24281.639952,0.759062,42,1785,0,879,14396,QlAlpha=0.2;QlGamma=0.7;QlEpsilon0=0.5;QlEpsilonMin=0.1;QlEpsilonDecay=0.995;QlMaxRoutes=10;QlRrepWait=+3e+08ns;QlBufSampleInterval=+1e+08ns;QlBufWindow=+1e+09ns;QlFeedbackTimeout=+1e+09ns;QlDuplicateReplies=true;
QLAODV,A_N20_pi010|QLAODV,12,20,19,0.1,512,5.0,0.85,1000.0,1000.0,300.0,16.0,0.0,0,0,0,3,200.0,37022,25708,0.694398,29.225937,15.722878,19.710708,13.142675,19943,1037770,7.47548,0.775751,0.0,0.0,0.0,0.0,0.0,35012,4428,3682,0,1008,2.835317,200,2.353846,8.851282,18.789744,24864.637506,0.595997,32,1387,0,1244,11242,QlAlpha=0.2;QlGamma=0.7;QlEpsilon0=0.5;QlEpsilonMin=0.1;QlEpsilonDecay=0.995;QlMaxRoutes=10;QlRrepWait=+3e+08ns;QlBufSampleInterval=+1e+08ns;QlBufWindow=+1e+09ns;QlFeedbackTimeout=+1e+09ns;QlDuplicateReplies=true;
QLAODV,A_N20_pi010|QLAODV,13,20,19,0.1,512,5.0,0.85,1000.0,1000.0,300.0,16.0,0.0,0,0,0,3,200.0,37022,19780,0.534277,22.486737,74.859868,73.246961,34.106024,19607,1017792,9.528817,0.991254,0.0,0.0,0.0,0.0,0.0,36331,3184,2670,0,1301,3.026134,67,2.353846,9.04359,18.530769,23376.285305,0.533007,2,2347,0,869,16722,QlAlpha=0.2;QlGamma=0.7;QlEpsilon0=0.5;QlEpsilonMin=0.1;QlEpsilonDecay=0.995;QlMaxRoutes=10;QlRrepWait=+3e+08ns;QlBufSampleInterval=+1e+08ns;QlBufWindow=+1e+09ns;QlFeedbackTimeout=+1e+09ns;QlDuplicateReplies=true;
QLAODV,A_N20_pi010|QLAODV,14,20,19,0.1,512,5.0,0.85,1000.0,1000.0,300.0,16.0,0.0,0,0,0,3,200.0,37022,19132,0.516774,21.750063,29.747664,34.375833,19.482631,15668,819480,7.932028,0.818942,0.0,0.0,0.0,0.0,0.0,28966,3676,3300,0,970,2.324742,25,2.205128,8.733333,18.602564,24764.712314,0.794528,1,2474,0,657,17031,QlAlpha=0.2;QlGamma=0.7;QlEpsilon0=0.5;QlEpsilonMin=0.1;QlEpsilonDecay=0.995;QlMaxRoutes=10;QlRrepWait=+3e+08ns;QlBufSampleInterval=+1e+08ns;QlBufWindow=+1e+09ns;QlFeedbackTimeout=+1e+09ns;QlDuplicateReplies=true;
QLAODV,A_N20_pi010|QLAODV,15,20,19,0.1,512,5.0,0.85,1000.0,1000.0,300.0,16.0,0.0,0,0,0,3,200.0,37022,14652,0.395765,16.657011,130.024612,153.304027,64.261271,63956,3287362,41.548645,4.365001,0.0,0.0,0.0,0.0,0.0,52043,5083,2072,0,3464,2.445727,370,1.969231,8.435897,18.364103,24698.448431,0.705797,40,9090,0,4716,21810,QlAlpha=0.2;QlGamma=0.7;QlEpsilon0=0.5;QlEpsilonMin=0.1;QlEpsilonDecay=0.995;QlMaxRoutes=10;QlRrepWait=+3e+08ns;QlBufSampleInterval=+1e+08ns;QlBufWindow=+1e+09ns;QlFeedbackTimeout=+1e+09ns;QlDuplicateReplies=true;
QLAODV,A_N20_pi010|QLAODV,16,20,19,0.1,512,5.0,0.85,1000.0,1000.0,300.0,16.0,0.0,0,0,0,3,200.0,37022,25694,0.69402,29.210021,80.46436,84.624814,47.815829,43677,2209136,15.921976,1.699891,0.0,0.0,0.0,0.0,0.0,45106,2415,854,0,3137,2.295505,160,1.825641,8.146154,18.448718,24356.530873,0.976365,56,6882,0,2589,11250,QlAlpha=0.2;QlGamma=0.7;QlEpsilon0=0.5;QlEpsilonMin=0.1;QlEpsilonDecay=0.995;QlMaxRoutes=10;QlRrepWait=+3e+08ns;QlBufSampleInterval=+1e+08ns;QlBufWindow=+1e+09ns;QlFeedbackTimeout=+1e+09ns;QlDuplicateReplies=true;
QLAODV,A_N20_pi010|QLAODV,17,20,19,0.1,512,5.0,0.85,1000.0,1000.0,300.0,16.0,0.0,0,0,0,3,200.0,37022,24473,0.661039,27.821937,92.685162,115.026025,39.654763,43015,2207562,16.704441,1.757651,0.0,0.0,0.0,0.0,0.0,43578,3637,1622,0,2328,2.908935,303,2.333333,8.448718,18.497436,22738.691762,0.981849,29,6589,0,3168,12205,QlAlpha=0.2;QlGamma=0.7;QlEpsilon0=0.5;QlEpsilonMin=0.1;QlEpsilonDecay=0.995;QlMaxRoutes=10;QlRrepWait=+3e+08ns;QlBufSampleInterval=+1e+08ns;QlBufWindow=+1e+09ns;QlFeedbackTimeout=+1e+09ns;QlDuplicateReplies=true;
QLAODV,A_N20_pi010|QLAODV,18,20,19,0.1,512,5.0,0.85,1000.0,1000.0,300.0,16.0,0.0,0,0,0,3,200.0,37022,28632,0.773378,32.550063,75.573644,83.174778,28.701232,21400,1107842,7.165267,0.747415,0.0,0.0,0.0,0.0,0.0,36265,1852,1096,0,1576,2.456853,25,1.984615,7.946154,18.264103,21730.452487,1.202771,62,4657,0,1054,8094,QlAlpha=0.2;QlGamma=0.7;QlEpsilon0=0.5;QlEpsilonMin=0.1;QlEpsilonDecay=0.995;QlMaxRoutes=10;QlRrepWait=+3e+08ns;QlBufSampleInterval=+1e+08ns;QlBufWindow=+1e+09ns;QlFeedbackTimeout=+1e+09ns;QlDuplicateReplies=true;
QLAODV,A_N20_pi010|QLAODV,19,20,19,0.1,512,5.0,0.85,1000.0,1000.0,300.0,16.0,0.0,0,0,0,3,200.0,37022,17669,0.477257,20.086863,13.492803,29.842023,14.007787,10260,543626,5.697633,0.580678,0.0,0.0,0.0,0.0,0.0,18462,892,806,0,403,2.064516,14,2.046154,7.533333,18.041026,19133.814224,0.420777,0,8793,0,192,19276,QlAlpha=0.2;QlGamma=0.7;QlEpsilon0=0.5;QlEpsilonMin=0.1;QlEpsilonDecay=0.995;QlMaxRoutes=10;QlRrepWait=+3e+08ns;QlBufSampleInterval=+1e+08ns;QlBufWindow=+1e+09ns;QlFeedbackTimeout=+1e+09ns;QlDuplicateReplies=true;
QLAODV,A_N20_pi010|QLAODV,2,20,19,0.1,512,5.0,0.85,1000.0,1000.0,300.0,16.0,0.0,0,0,0,3,200.0,37022,13954,0.376911,15.863495,219.572409,232.226397,66.3595,63284,3209120,42.588611,4.535187,0.0,0.0,0.0,0.0,0.0,43053,3803,775,0,2880,2.63125,605,2.851282,8.679487,18.187179,22296.131007,0.710713,13,17472,0,5294,23036,QlAlpha=0.2;QlGamma=0.7;QlEpsilon0=0.5;QlEpsilonMin=0.1;QlEpsilonDecay=0.995;QlMaxRoutes=10;QlRrepWait=+3e+08ns;QlBufSampleInterval=+1e+08ns;QlBufWindow=+1e+09ns;QlFeedbackTimeout=+1e+09ns;QlDuplicateReplies=true;
QLAODV,A_N20_pi010|QLAODV,20,20,19,0.1,512,5.0,0.85,1000.0,1000.0,300.0,16.0,0.0,0,0,0,3,200.0,37022,26234,0.708606,29.823916,56.426714,58.978866,35.396049,41067,2086074,14.725547,1.565411,0.0,0.0,0.0,0.0,0.0,40442,2378,1048,0,2518,2.692613,148,2.328205,8.379487,18.317949,20034.119132,0.986954,31,5876,0,2197,10518,QlAlpha=0.2;QlGamma=0.7;QlEpsilon0=0.5;QlEpsilonMin=0.1;QlEpsilonDecay=0.995;QlMaxRoutes=10;QlRrepWait=+3e+08ns;QlBufSampleInterval=+1e+08ns;QlBufWindow=+1e+09ns;QlFeedbackTimeout=+1e+09ns;QlDuplicateReplies=true;
QLAODV,A_N20_pi010|QLAODV,3,20,19,0.1,512,5.0,0.85,1000.0,1000.0,300.0,16.0,0.0,0,0,0,3,200.0,37022,8607,0.232483,10.3284,7.548945,17.795627,11.796069,12015,632890,13.617039,1.395957,0.0,0.0,0.0,0.0,0.0,30785,2766,2629,0,518,2.513514,5,2.187179,8.523077,17.974359,26622.900406,0.088596,1,1305,0,279,27096,QlAlpha=0.2;QlGamma=0.7;QlEpsilon0=0.5;QlEpsilonMin=0.1;QlEpsilonDecay=0.995;QlMaxRoutes=10;QlRrepWait=+3e+08ns;QlBufSampleInterval=+1e+08ns;QlBufWindow=+1e+09ns;QlFeedbackTimeout=+1e+09ns;QlDuplicateReplies=true;
QLAODV,A_N20_pi010|QLAODV,4,20,19,0.1,512,5.0,0.85,1000.0,1000.0,300.0,16.0,0.0,0,0,0,3,200.0,37022,13396,0.361839,15.229137,49.657067,59.934479,31.861729,29853,1536262,21.237158,2.228501,0.0,0.0,0.0,0.0,0.0,35393,8078,5722,0,1602,2.570537,202,2.65641,9.266667,18.551282,21721.695025,0.458295,154,3670,0,3464,23269,QlAlpha=0.2;QlGamma=0.7;QlEpsilon0=0.5;QlEpsilonMin=0.1;QlEpsilonDecay=0.995;QlMaxRoutes=10;QlRrepWait=+3e+08ns;QlBufSampleInterval=+1e+08ns;QlBufWindow=+1e+09ns;QlFeedbackTimeout=+1e+09ns;QlDuplicateReplies=true;
QLAODV,A_N20_pi010|QLAODV,5,20,19,0.1,512,5.0,0.85,1000.0,1000.0,300.0,16.0,0.0,0,0,0,3,200.0,37022,29103,0.7861,33.085516,52.749952,53.640852,18.580586,17763,931766,5.928917,0.610349,0.0,0.0,0.0,0.0,0.0,33886,2950,2353,0,1238,3.055735,79,2.448718,9.497436,18.620513,25315.804661,0.861812,12,1464,0,832,7427,QlAlpha=0.2;QlGamma=0.7;QlEpsilon0=0.5;QlEpsilonMin=0.1;QlEpsilonDecay=0.995;QlMaxRoutes=10;QlRrepWait=+3e+08ns;QlBufSampleInterval=+1e+08ns;QlBufWindow=+1e+09ns;QlFeedbackTimeout=+1e+09ns;QlDuplicateReplies=true;
QLAODV,A_N20_pi010|QLAODV,6,20,19,0.1,512,5.0,0.85,1000.0,1000.0,300.0,16.0,0.0,0,0,0,3,200.0,37022,24710,0.667441,28.091368,15.52152,18.232657,10.75702,14355,756464,5.6692,0.580939,0.0,0.0,0.0,0.0,0.0,27872,2005,1845,0,564,3.141844,53,2.653846,9.589744,18.533333,22227.889823,0.770758,0,2533,0,353,11861,QlAlpha=0.2;QlGamma=0.7;QlEpsilon0=0.5;QlEpsilonMin=0.1;QlEpsilonDecay=0.995;QlMaxRoutes=10;QlRrepWait=+3e+08ns;QlBufSampleInterval=+1e+08ns;QlBufWindow=+1e+09ns;QlFeedbackTimeout=+1e+09ns;QlDuplicateReplies=true;
QLAODV,A_N20_pi010|QLAODV,7,20,19,0.1,512,5.0,0.85,1000.0,1000.0,300.0,16.0,0.0,0,0,0,3,200.0,37022,28619,0.773027,32.535284,55.671923,64.857139,29.616489,33603,1738330,11.248225,1.17415,0.0,0.0,0.0,0.0,0.0,41940,2717,1133,0,2034,3.014749,213,2.458974,9.976923,18.689744,22459.172633,0.862163,74,3910,0,2382,7735,QlAlpha=0.2;QlGamma=0.7;QlEpsilon0=0.5;QlEpsilonMin=0.1;QlEpsilonDecay=0.995;QlMaxRoutes=10;QlRrepWait=+3e+08ns;QlBufSampleInterval=+1e+08ns;QlBufWindow=+1e+09ns;QlFeedbackTimeout=+1e+09ns;QlDuplicateReplies=true;
QLAODV,A_N20_pi010|QLAODV,8,20,19,0.1,512,5.0,0.85,1000.0,1000.0,300.0,16.0,0.0,0,0,0,3,200.0,37022,15320,0.413808,17.416421,141.835658,163.854003,59.555051,66890,3451850,41.725293,4.366188,0.0,0.0,0.0,0.0,0.0,45612,5381,2498,0,3038,2.780118,507,2.597436,9.133333,18.505128,24158.272528,0.657339,10,13070,0,4482,21418,QlAlpha=0.2;QlGamma=0.7;QlEpsilon0=0.5;QlEpsilonMin=0.1;QlEpsilonDecay=0.995;QlMaxRoutes=10;QlRrepWait=+3e+08ns;QlBufSampleInterval=+1e+08ns;QlBufWindow=+1e+09ns;QlFeedbackTimeout=+1e+09ns;QlDuplicateReplies=true;
QLAODV,A_N20_pi010|QLAODV,9,20,19,0.1,512,5.0,0.85,1000.0,1000.0,300.0,16.0,0.0,0,0,0,3,200.0,37022,19387,0.523662,22.039958,79.700211,80.55999,34.780453,36424,1865286,17.817266,1.878785,0.0,0.0,0.0,0.0,0.0,40002,3105,1155,0,1943,2.478641,153,2.220513,8.312821,18.128205,23364.794149,0.966993,106,5171,0,2917,16267,QlAlpha=0.2;QlGamma=0.7;QlEpsilon0=0.5;QlEpsilonMin=0.1;QlEpsilonDecay=0.995;QlMaxRoutes=10;QlRrepWait=+3e+08ns;QlBufSampleInterval=+1e+08ns;QlBufWindow=+1e+09ns;QlFeedbackTimeout=+1e+09ns;QlDuplicateReplies=true;
QMAODV,A_N20_pi010|QMAODV,1,20,19,0.1,512,5.0,0.85,1000.0,1000.0,300.0,16.0,0.0,0,0,0,3,200.0,37022,18584,0.501972,21.127074,56.208222,180.472277,103.376196,53635,2568658,25.596072,2.886085,0.0,0.0,0.0,0.0,0.0,0,0,0,0,0,0.0,0,2.44359,8.884615,18.407692,22539.664836,0.625871,0,5091,0,5102,17951,Policy=QLearning;MaxPaths=3;Alpha0=0.5;Gamma=0.9;Epsilon0=0.5;RewardW1=0.6;RewardW2=0.4;EpsilonDecayInterval=+1e+10ns;
QMAODV,A_N20_pi010|QMAODV,10,20,19,0.1,512,5.0,0.85,1000.0,1000.0,300.0,16.0,0.0,0,0,0,3,200.0,37022,14376,0.38831,16.343242,138.215315,197.572236,106.124597,99360,4734338,60.985619,6.911519,0.0,0.0,0.0,0.0,0.0,0,0,0,0,0,0.0,0,2.266667,8.910256,18.530769,23279.71399,0.709254,23,12528,0,9688,22382,Policy=QLearning;MaxPaths=3;Alpha0=0.5;Gamma=0.9;Epsilon0=0.5;RewardW1=0.6;RewardW2=0.4;EpsilonDecayInterval=+1e+10ns;
QMAODV,A_N20_pi010|QMAODV,11,20,19,0.1,512,5.0,0.85,1000.0,1000.0,300.0,16.0,0.0,0,0,0,3,200.0,37022,19177,0.517989,21.801221,56.456199,79.597692,34.77385,31177,1471620,14.210889,1.62575,0.0,0.0,0.0,0.0,0.0,0,0,0,0,0,0.0,0,2.235897,8.123077,18.446154,24281.639952,0.772649,1,5292,0,1987,17145,Policy=QLearning;MaxPaths=3;Alpha0=0.5;Gamma=0.9;Epsilon0=0.5;RewardW1=0.6;RewardW2=0.4;EpsilonDecayInterval=+1e+10ns;
QMAODV,A_N20_pi010|QMAODV,12,20,19,0.1,512,5.0,0.85,1000.0,1000.0,300.0,16.0,0.0,0,0,0,3,200.0,37022,24066,0.650046,27.359242,44.79669,49.374139,30.341902,51039,2426590,18.672339,2.120793,0.0,0.0,0.0,0.0,0.0,0,0,0,0,0,0.0,0,2.353846,8.851282,18.789744,24864.637506,1.116336,0,3672,0,4189,12190,Policy=QLearning;MaxPaths=3;Alpha0=0.5;Gamma=0.9;Epsilon0=0.5;RewardW1=0.6;RewardW2=0.4;EpsilonDecayInterval=+1e+10ns;
QMAODV,A_N20_pi010|QMAODV,13,20,19,0.1,512,5.0,0.85,1000.0,1000.0,300.0,16.0,0.0,0,0,0,3,200.0,37022,15373,0.41524,17.476674,121.786339,139.569407,74.606675,59352,2822302,33.997822,3.860795,0.0,0.0,0.0,0.0,0.0,0,0,0,0,0,0.0,0,2.353846,9.04359,18.530769,23376.285305,0.533791,1,10414,0,5689,20966,Policy=QLearning;MaxPaths=3;Alpha0=0.5;Gamma=0.9;Epsilon0=0.5;RewardW1=0.6;RewardW2=0.4;EpsilonDecayInterval=+1e+10ns;
QMAODV,A_N20_pi010|QMAODV,14,20,19,0.1,512,5.0,0.85,1000.0,1000.0,300.0,16.0,0.0,0,0,0,3,200.0,37022,17359,0.468883,19.734442,36.917932,43.569903,26.798276,28212,1340030,14.295392,1.625209,0.0,0.0,0.0,0.0,0.0,0,0,0,0,0,0.0,0,2.205128,8.733333,18.602564,24764.712314,0.596159,3,5047,0,1591,18982,Policy=QLearning;MaxPaths=3;Alpha0=0.5;Gamma=0.9;Epsilon0=0.5;RewardW1=0.6;RewardW2=0.4;EpsilonDecayInterval=+1e+10ns;
QMAODV,A_N20_pi010|QMAODV,15,20,19,0.1,512,5.0,0.85,1000.0,1000.0,300.0,16.0,0.0,0,0,0,3,200.0,37022,12285,0.33183,13.966105,181.540462,196.923904,116.816397,108129,5180842,78.096474,8.801709,0.0,0.0,0.0,0.0,0.0,0,0,0,0,0,0.0,0,1.969231,8.435897,18.364103,24698.448431,0.808519,2,10954,0,10752,23974,Policy=QLearning;MaxPaths=3;Alpha0=0.5;Gamma=0.9;Epsilon0=0.5;RewardW1=0.6;RewardW2=0.4;EpsilonDecayInterval=+1e+10ns;
QMAODV,A_N20_pi010|QMAODV,16,20,19,0.1,512,5.0,0.85,1000.0,1000.0,300.0,16.0,0.0,0,0,0,3,200.0,37022,23284,0.628923,26.470232,69.803577,76.631426,41.448255,41272,1940020,15.429607,1.772548,0.0,0.0,0.0,0.0,0.0,0,0,0,0,0,0.0,0,1.825641,8.146154,18.448718,24356.530873,1.107071,5,7556,0,2288,13687,Policy=QLearning;MaxPaths=3;Alpha0=0.5;Gamma=0.9;Epsilon0=0.5;RewardW1=0.6;RewardW2=0.4;EpsilonDecayInterval=+1e+10ns;
QMAODV,A_N20_pi010|QMAODV,17,20,19,0.1,512,5.0,0.85,1000.0,1000.0,300.0,16.0,0.0,0,0,0,3,200.0,37022,19351,0.522689,21.999032,146.561211,158.994271,67.526889,68887,3268010,31.2742,3.559868,0.0,0.0,0.0,0.0,0.0,0,0,0,0,0,0.0,0,2.333333,8.448718,18.497436,22738.691762,0.907406,1,8048,0,5367,17336,Policy=QLearning;MaxPaths=3;Alpha0=0.5;Gamma=0.9;Epsilon0=0.5;RewardW1=0.6;RewardW2=0.4;EpsilonDecayInterval=+1e+10ns;
QMAODV,A_N20_pi010|QMAODV,18,20,19,0.1,512,5.0,0.85,1000.0,1000.0,300.0,16.0,0.0,0,0,0,3,200.0,37022,25984,0.701853,29.539705,19.891228,20.664291,8.350536,12343,585670,4.174007,0.475023,0.0,0.0,0.0,0.0,0.0,0,0,0,0,0,0.0,0,1.984615,7.946154,18.264103,21730.452487,0.954189,1,3263,0,398,10146,Policy=QLearning;MaxPaths=3;Alpha0=0.5;Gamma=0.9;Epsilon0=0.5;RewardW1=0.6;RewardW2=0.4;EpsilonDecayInterval=+1e+10ns;
QMAODV,A_N20_pi010|QMAODV,19,20,19,0.1,512,5.0,0.85,1000.0,1000.0,300.0,16.0,0.0,0,0,0,3,200.0,37022,23110,0.624223,26.272421,102.766728,149.177158,35.435029,31640,1502130,12.036877,1.369104,0.0,0.0,0.0,0.0,0.0,0,0,0,0,0,0.0,0,2.046154,7.533333,18.041026,19133.814224,0.825536,8,10264,0,1880,13657,Policy=QLearning;MaxPaths=3;Alpha0=0.5;Gamma=0.9;Epsilon0=0.5;RewardW1=0.6;RewardW2=0.4;EpsilonDecayInterval=+1e+10ns;
QMAODV,A_N20_pi010|QMAODV,2,20,19,0.1,512,5.0,0.85,1000.0,1000.0,300.0,16.0,0.0,0,0,0,3,200.0,37022,7975,0.215412,9.066316,15.81591,35.331612,31.18427,21236,1008042,23.407454,2.662821,0.0,0.0,0.0,0.0,0.0,0,0,0,0,0,0.0,0,2.851282,8.679487,18.187179,22296.131007,0.185673,0,3515,0,1186,28051,Policy=QLearning;MaxPaths=3;Alpha0=0.5;Gamma=0.9;Epsilon0=0.5;RewardW1=0.6;RewardW2=0.4;EpsilonDecayInterval=+1e+10ns;
QMAODV,A_N20_pi010|QMAODV,20,20,19,0.1,512,5.0,0.85,1000.0,1000.0,300.0,16.0,0.0,0,0,0,3,200.0,37022,17668,0.47723,20.085726,89.267519,112.132926,64.192509,78193,3707388,38.858577,4.425685,0.0,0.0,0.0,0.0,0.0,0,0,0,0,0,0.0,0,2.328205,8.379487,18.317949,20034.119132,0.772271,7,8510,0,5259,17978,Policy=QLearning;MaxPaths=3;Alpha0=0.5;Gamma=0.9;Epsilon0=0.5;RewardW1=0.6;RewardW2=0.4;EpsilonDecayInterval=+1e+10ns;
QMAODV,A_N20_pi010|QMAODV,3,20,19,0.1,512,5.0,0.85,1000.0,1000.0,300.0,16.0,0.0,0,0,0,3,200.0,37022,12489,0.33734,14.198021,137.511594,176.310423,70.682035,78757,3749460,55.59648,6.306109,0.0,0.0,0.0,0.0,0.0,0,0,0,0,0,0.0,0,2.187179,8.523077,17.974359,26622.900406,0.509022,52,11924,0,6252,23776,Policy=QLearning;MaxPaths=3;Alpha0=0.5;Gamma=0.9;Epsilon0=0.5;RewardW1=0.6;RewardW2=0.4;EpsilonDecayInterval=+1e+10ns;
QMAODV,A_N20_pi010|QMAODV,4,20,19,0.1,512,5.0,0.85,1000.0,1000.0,300.0,16.0,0.0,0,0,0,3,200.0,37022,11564,0.312355,13.146442,95.491648,126.589099,77.582248,71427,3436978,55.039554,6.176669,0.0,0.0,0.0,0.0,0.0,0,0,0,0,0,0.0,0,2.65641,9.266667,18.551282,21721.695025,0.423073,0,7703,0,9311,24262,Policy=QLearning;MaxPaths=3;Alpha0=0.5;Gamma=0.9;Epsilon0=0.5;RewardW1=0.6;RewardW2=0.4;EpsilonDecayInterval=+1e+10ns;
QMAODV,A_N20_pi010|QMAODV,5,20,19,0.1,512,5.0,0.85,1000.0,1000.0,300.0,16.0,0.0,0,0,0,3,200.0,37022,22988,0.620928,26.133726,50.497569,54.213295,26.997187,28025,1324534,10.670092,1.219114,0.0,0.0,0.0,0.0,0.0,0,0,0,0,0,0.0,0,2.448718,9.497436,18.620513,25315.804661,0.782805,0,2448,0,2904,12524,Policy=QLearning;MaxPaths=3;Alpha0=0.5;Gamma=0.9;Epsilon0=0.5;RewardW1=0.6;RewardW2=0.4;EpsilonDecayInterval=+1e+10ns;
QMAODV,A_N20_pi010|QMAODV,6,20,19,0.1,512,5.0,0.85,1000.0,1000.0,300.0,16.0,0.0,0,0,0,3,200.0,37022,23991,0.64802,27.273979,21.058748,25.909503,13.290706,25490,1212650,9.360377,1.062482,0.0,0.0,0.0,0.0,0.0,0,0,0,0,0,0.0,0,2.653846,9.589744,18.533333,22227.889823,0.700151,0,3464,0,1987,12048,Policy=QLearning;MaxPaths=3;Alpha0=0.5;Gamma=0.9;Epsilon0=0.5;RewardW1=0.6;RewardW2=0.4;EpsilonDecayInterval=+1e+10ns;
QMAODV,A_N20_pi010|QMAODV,7,20,19,0.1,512,5.0,0.85,1000.0,1000.0,300.0,16.0,0.0,0,0,0,3,200.0,37022,25359,0.684971,28.829179,11.797128,16.820687,10.885242,13290,623374,4.552215,0.524074,0.0,0.0,0.0,0.0,0.0,0,0,0,0,0,0.0,0,2.458974,9.976923,18.689744,22459.172633,0.731106,0,1474,0,506,10487,Policy=QLearning;MaxPaths=3;Alpha0=0.5;Gamma=0.9;Epsilon0=0.5;RewardW1=0.6;RewardW2=0.4;EpsilonDecayInterval=+1e+10ns;
QMAODV,A_N20_pi010|QMAODV,8,20,19,0.1,512,5.0,0.85,1000.0,1000.0,300.0,16.0,0.0,0,0,0,3,200.0,37022,11265,0.304279,13.518,9.836685,14.751146,12.041498,6893,327978,5.391626,0.611895,0.0,0.0,0.0,0.0,0.0,0,0,0,0,0,0.0,0,2.597436,9.133333,18.505128,24158.272528,0.316596,0,87,0,193,24596,Policy=QLearning;MaxPaths=3;Alpha0=0.5;Gamma=0.9;Epsilon0=0.5;RewardW1=0.6;RewardW2=0.4;EpsilonDecayInterval=+1e+10ns;
QMAODV,A_N20_pi010|QMAODV,9,20,19,0.1,512,5.0,0.85,1000.0,1000.0,300.0,16.0,0.0,0,0,0,3,200.0,37022,17969,0.48536,20.427916,61.897264,66.935161,30.88476,57068,2738748,28.22503,3.175914,0.0,0.0,0.0,0.0,0.0,0,0,0,0,0,0.0,0,2.220513,8.312821,18.128205,23364.794149,0.904894,0,8567,0,5676,18190,Policy=QLearning;MaxPaths=3;Alpha0=0.5;Gamma=0.9;Epsilon0=0.5;RewardW1=0.6;RewardW2=0.4;EpsilonDecayInterval=+1e+10ns;
QSQMAODV,A_N20_pi010|QSQ_FULL,1,20,19,0.1,512,5.0,0.85,1000.0,1000.0,300.0,16.0,0.0,0,0,0,3,200.0,37022,24741,0.668278,28.126611,124.513785,145.798887,38.370677,48445,2302904,17.237125,1.958086,0.059877,0.167369,1.0,0.041628,0.144709,71902,1054,0,1408,0,0.0,0,2.44359,8.884615,18.407692,22539.664836,1.150937,0,6449,0,2768,11977,Policy=QLearning;MaxPaths=3;Alpha0=0.5;Gamma=0.9;Epsilon0=0.5;RewardW1=0.6;RewardW2=0.4;HopByHop=false;QueueRewardWeight=0.1;FailurePenalty=0.5;QueueAwareSelect=true;QueueSelectBeta=0.5;QueueDrivenExploration=true;ExplorationFloor=0.01;AckSilenceDecay=true;AckSilenceThreshold=+1.5e+10ns;DecayFactor=0.92;DecayMinTx=3;DecayInterval=+1e+10ns;QueueRefPackets=20;EpsilonDecayInterval=+1e+10ns;
QSQMAODV,A_N20_pi010|QSQ_FULL,10,20,19,0.1,512,5.0,0.85,1000.0,1000.0,300.0,16.0,0.0,0,0,0,3,200.0,37022,14420,0.389498,16.393263,99.339153,161.056576,52.168124,63829,3047782,39.140366,4.426422,0.086077,0.176754,1.0,0.043255,0.13984,60099,1975,0,1520,0,0.0,0,2.266667,8.910256,18.530769,23279.71399,0.430123,0,5275,0,7072,21289,Policy=QLearning;MaxPaths=3;Alpha0=0.5;Gamma=0.9;Epsilon0=0.5;RewardW1=0.6;RewardW2=0.4;HopByHop=false;QueueRewardWeight=0.1;FailurePenalty=0.5;QueueAwareSelect=true;QueueSelectBeta=0.5;QueueDrivenExploration=true;ExplorationFloor=0.01;AckSilenceDecay=true;AckSilenceThreshold=+1.5e+10ns;DecayFactor=0.92;DecayMinTx=3;DecayInterval=+1e+10ns;QueueRefPackets=20;EpsilonDecayInterval=+1e+10ns;
QSQMAODV,A_N20_pi010|QSQ_FULL,11,20,19,0.1,512,5.0,0.85,1000.0,1000.0,300.0,16.0,0.0,0,0,0,3,200.0,37022,21288,0.575009,24.201095,113.912795,159.62815,56.937264,54480,2570168,22.357997,2.559188,0.078342,0.206997,1.0,0.048787,0.173,59039,1750,0,1354,0,0.0,0,2.235897,8.123077,18.446154,24281.639952,0.761358,7,6445,0,3677,15480,Policy=QLearning;MaxPaths=3;Alpha0=0.5;Gamma=0.9;Epsilon0=0.5;RewardW1=0.6;RewardW2=0.4;HopByHop=false;QueueRewardWeight=0.1;FailurePenalty=0.5;QueueAwareSelect=true;QueueSelectBeta=0.5;QueueDrivenExploration=true;ExplorationFloor=0.01;AckSilenceDecay=true;AckSilenceThreshold=+1.5e+10ns;DecayFactor=0.92;DecayMinTx=3;DecayInterval=+1e+10ns;QueueRefPackets=20;EpsilonDecayInterval=+1e+10ns;
QSQMAODV,A_N20_pi010|QSQ_FULL,12,20,19,0.1,512,5.0,0.85,1000.0,1000.0,300.0,16.0,0.0,0,0,0,3,200.0,37022,25472,0.688023,28.957642,49.12225,52.704198,25.072068,43842,2072252,15.065577,1.721184,0.03407,0.117434,1.0,0.01674,0.09422,72163,1202,0,804,0,0.0,0,2.353846,8.851282,18.789744,24864.637506,0.872616,0,2928,0,2734,11485,Policy=QLearning;MaxPaths=3;Alpha0=0.5;Gamma=0.9;Epsilon0=0.5;RewardW1=0.6;RewardW2=0.4;HopByHop=false;QueueRewardWeight=0.1;FailurePenalty=0.5;QueueAwareSelect=true;QueueSelectBeta=0.5;QueueDrivenExploration=true;ExplorationFloor=0.01;AckSilenceDecay=true;AckSilenceThreshold=+1.5e+10ns;DecayFactor=0.92;DecayMinTx=3;DecayInterval=+1e+10ns;QueueRefPackets=20;EpsilonDecayInterval=+1e+10ns;
QSQMAODV,A_N20_pi010|QSQ_FULL,13,20,19,0.1,512,5.0,0.85,1000.0,1000.0,300.0,16.0,0.0,0,0,0,3,200.0,37022,20092,0.542704,22.841432,155.480594,176.542545,68.058191,79000,3721166,34.297472,3.931913,0.131377,0.32316,1.0,0.081969,0.272765,53427,2737,0,1121,0,0.0,0,2.353846,9.04359,18.530769,23376.285305,0.687645,2,10785,0,5966,16198,Policy=QLearning;MaxPaths=3;Alpha0=0.5;Gamma=0.9;Epsilon0=0.5;RewardW1=0.6;RewardW2=0.4;HopByHop=false;QueueRewardWeight=0.1;FailurePenalty=0.5;QueueAwareSelect=true;QueueSelectBeta=0.5;QueueDrivenExploration=true;ExplorationFloor=0.01;AckSilenceDecay=true;AckSilenceThreshold=+1.5e+10ns;DecayFactor=0.92;DecayMinTx=3;DecayInterval=+1e+10ns;QueueRefPackets=20;EpsilonDecayInterval=+1e+10ns;
QSQMAODV,A_N20_pi010|QSQ_FULL,14,20,19,0.1,512,5.0,0.85,1000.0,1000.0,300.0,16.0,0.0,0,0,0,3,200.0,37022,22694,0.612987,25.799495,111.069144,130.315395,43.178001,56594,2714214,22.148243,2.493787,0.076449,0.217038,1.0,0.049582,0.184489,62334,1774,0,913,0,0.0,0,2.205128,8.733333,18.602564,24764.712314,0.940981,2,8257,0,3713,13780,Policy=QLearning;MaxPaths=3;Alpha0=0.5;Gamma=0.9;Epsilon0=0.5;RewardW1=0.6;RewardW2=0.4;HopByHop=false;QueueRewardWeight=0.1;FailurePenalty=0.5;QueueAwareSelect=true;QueueSelectBeta=0.5;QueueDrivenExploration=true;ExplorationFloor=0.01;AckSilenceDecay=true;AckSilenceThreshold=+1.5e+10ns;DecayFactor=0.92;DecayMinTx=3;DecayInterval=+1e+10ns;QueueRefPackets=20;EpsilonDecayInterval=+1e+10ns;
QSQMAODV,A_N20_pi010|QSQ_FULL,15,20,19,0.1,512,5.0,0.85,1000.0,1000.0,300.0,16.0,0.0,0,0,0,3,200.0,37022,15431,0.416806,17.542611,128.891439,199.335379,73.576541,61320,2954752,35.459549,3.973819,0.066375,0.151885,1.0,0.031425,0.124427,64643,2438,0,2001,0,0.0,0,1.969231,8.435897,18.364103,24698.448431,0.69772,0,4364,0,6904,20579,Policy=QLearning;MaxPaths=3;Alpha0=0.5;Gamma=0.9;Epsilon0=0.5;RewardW1=0.6;RewardW2=0.4;HopByHop=false;QueueRewardWeight=0.1;FailurePenalty=0.5;QueueAwareSelect=true;QueueSelectBeta=0.5;QueueDrivenExploration=true;ExplorationFloor=0.01;AckSilenceDecay=true;AckSilenceThreshold=+1.5e+10ns;DecayFactor=0.92;DecayMinTx=3;DecayInterval=+1e+10ns;QueueRefPackets=20;EpsilonDecayInterval=+1e+10ns;
QSQMAODV,A_N20_pi010|QSQ_FULL,16,20,19,0.1,512,5.0,0.85,1000.0,1000.0,300.0,16.0,0.0,0,0,0,3,200.0,37022,24193,0.653476,27.503621,73.589575,72.671929,29.370844,36503,1720222,13.16743,1.508825,0.08729,0.193374,1.0,0.073129,0.172941,67890,1224,0,1048,0,0.0,0,1.825641,8.146154,18.448718,24356.530873,0.783615,7,4883,0,2292,12229,Policy=QLearning;MaxPaths=3;Alpha0=0.5;Gamma=0.9;Epsilon0=0.5;RewardW1=0.6;RewardW2=0.4;HopByHop=false;QueueRewardWeight=0.1;FailurePenalty=0.5;QueueAwareSelect=true;QueueSelectBeta=0.5;QueueDrivenExploration=true;ExplorationFloor=0.01;AckSilenceDecay=true;AckSilenceThreshold=+1.5e+10ns;DecayFactor=0.92;DecayMinTx=3;DecayInterval=+1e+10ns;QueueRefPackets=20;EpsilonDecayInterval=+1e+10ns;
QSQMAODV,A_N20_pi010|QSQ_FULL,17,20,19,0.1,512,5.0,0.85,1000.0,1000.0,300.0,16.0,0.0,0,0,0,3,200.0,37022,21254,0.574091,24.162442,59.266279,82.685843,38.471555,64407,3066016,26.714065,3.030347,0.090125,0.206855,1.0,0.050578,0.171037,59686,2199,0,1320,0,0.0,0,2.333333,8.448718,18.497436,22738.691762,0.675544,0,5913,0,6025,15217,Policy=QLearning;MaxPaths=3;Alpha0=0.5;Gamma=0.9;Epsilon0=0.5;RewardW1=0.6;RewardW2=0.4;HopByHop=false;QueueRewardWeight=0.1;FailurePenalty=0.5;QueueAwareSelect=true;QueueSelectBeta=0.5;QueueDrivenExploration=true;ExplorationFloor=0.01;AckSilenceDecay=true;AckSilenceThreshold=+1.5e+10ns;DecayFactor=0.92;DecayMinTx=3;DecayInterval=+1e+10ns;QueueRefPackets=20;EpsilonDecayInterval=+1e+10ns;
QSQMAODV,A_N20_pi010|QSQ_FULL,18,20,19,0.1,512,5.0,0.85,1000.0,1000.0,300.0,16.0,0.0,0,0,0,3,200.0,37022,25659,0.693074,29.170232,129.160036,157.325211,52.464922,65017,3071672,22.168757,2.533887,0.098407,0.264962,1.0,0.070252,0.229972,69270,1669,0,1044,0,0.0,0,1.984615,7.946154,18.264103,21730.452487,1.044595,0,7659,0,3292,11086,Policy=QLearning;MaxPaths=3;Alpha0=0.5;Gamma=0.9;Epsilon0=0.5;RewardW1=0.6;RewardW2=0.4;HopByHop=false;QueueRewardWeight=0.1;FailurePenalty=0.5;QueueAwareSelect=true;QueueSelectBeta=0.5;QueueDrivenExploration=true;ExplorationFloor=0.01;AckSilenceDecay=true;AckSilenceThreshold=+1.5e+10ns;DecayFactor=0.92;DecayMinTx=3;DecayInterval=+1e+10ns;QueueRefPackets=20;EpsilonDecayInterval=+1e+10ns;
QSQMAODV,A_N20_pi010|QSQ_FULL,19,20,19,0.1,512,5.0,0.85,1000.0,1000.0,300.0,16.0,0.0,0,0,0,3,200.0,37022,25792,0.696667,29.321432,91.992812,126.214631,28.879751,28310,1347236,9.673083,1.097627,0.035784,0.132644,1.0,0.026265,0.116765,59545,692,0,995,0,0.0,0,2.046154,7.533333,18.041026,19133.814224,0.934498,0,9653,0,1177,11181,Policy=QLearning;MaxPaths=3;Alpha0=0.5;Gamma=0.9;Epsilon0=0.5;RewardW1=0.6;RewardW2=0.4;HopByHop=false;QueueRewardWeight=0.1;FailurePenalty=0.5;QueueAwareSelect=true;QueueSelectBeta=0.5;QueueDrivenExploration=true;ExplorationFloor=0.01;AckSilenceDecay=true;AckSilenceThreshold=+1.5e+10ns;DecayFactor=0.92;DecayMinTx=3;DecayInterval=+1e+10ns;QueueRefPackets=20;EpsilonDecayInterval=+1e+10ns;
QSQMAODV,A_N20_pi010|QSQ_FULL,2,20,19,0.1,512,5.0,0.85,1000.0,1000.0,300.0,16.0,0.0,0,0,0,3,200.0,37022,8994,0.242937,10.224758,8.970769,19.002654,16.757873,9128,434270,8.941558,1.014899,0.004125,0.028684,1.0,0.003006,0.026091,58925,159,0,695,0,0.0,0,2.851282,8.679487,18.187179,22296.131007,0.20504,0,2310,0,222,26916,Policy=QLearning;MaxPaths=3;Alpha0=0.5;Gamma=0.9;Epsilon0=0.5;RewardW1=0.6;RewardW2=0.4;HopByHop=false;QueueRewardWeight=0.1;FailurePenalty=0.5;QueueAwareSelect=true;QueueSelectBeta=0.5;QueueDrivenExploration=true;ExplorationFloor=0.01;AckSilenceDecay=true;AckSilenceThreshold=+1.5e+10ns;DecayFactor=0.92;DecayMinTx=3;DecayInterval=+1e+10ns;QueueRefPackets=20;EpsilonDecayInterval=+1e+10ns;
QSQMAODV,A_N20_pi010|QSQ_FULL,20,20,19,0.1,512,5.0,0.85,1000.0,1000.0,300.0,16.0,0.0,0,0,0,3,200.0,37022,23952,0.646967,27.229642,120.962564,136.474927,47.905719,72038,3403672,26.315532,3.007599,0.081289,0.242128,1.0,0.049876,0.204387,63395,1543,0,997,0,0.0,0,2.328205,8.379487,18.317949,20034.119132,0.834369,0,7745,0,3736,12632,Policy=QLearning;MaxPaths=3;Alpha0=0.5;Gamma=0.9;Epsilon0=0.5;RewardW1=0.6;RewardW2=0.4;HopByHop=false;QueueRewardWeight=0.1;FailurePenalty=0.5;QueueAwareSelect=true;QueueSelectBeta=0.5;QueueDrivenExploration=true;ExplorationFloor=0.01;AckSilenceDecay=true;AckSilenceThreshold=+1.5e+10ns;DecayFactor=0.92;DecayMinTx=3;DecayInterval=+1e+10ns;QueueRefPackets=20;EpsilonDecayInterval=+1e+10ns;
QSQMAODV,A_N20_pi010|QSQ_FULL,3,20,19,0.1,512,5.0,0.85,1000.0,1000.0,300.0,16.0,0.0,0,0,0,3,200.0,37022,13791,0.372508,15.678189,44.259059,60.365664,42.880032,56971,2704728,36.319016,4.131027,0.053379,0.148049,1.0,0.032063,0.12529,69615,1210,0,1065,0,0.0,0,2.187179,8.523077,17.974359,26622.900406,0.403463,0,4732,0,3441,22392,Policy=QLearning;MaxPaths=3;Alpha0=0.5;Gamma=0.9;Epsilon0=0.5;RewardW1=0.6;RewardW2=0.4;HopByHop=false;QueueRewardWeight=0.1;FailurePenalty=0.5;QueueAwareSelect=true;QueueSelectBeta=0.5;QueueDrivenExploration=true;ExplorationFloor=0.01;AckSilenceDecay=true;AckSilenceThreshold=+1.5e+10ns;DecayFactor=0.92;DecayMinTx=3;DecayInterval=+1e+10ns;QueueRefPackets=20;EpsilonDecayInterval=+1e+10ns;
QSQMAODV,A_N20_pi010|QSQ_FULL,4,20,19,0.1,512,5.0,0.85,1000.0,1000.0,300.0,16.0,0.0,0,0,0,3,200.0,37022,12260,0.331154,13.937684,126.712169,187.83786,82.825278,80589,3872738,58.497039,6.573328,0.186522,0.304589,1.0,0.113055,0.26098,51722,3296,0,1838,0,0.0,0,2.65641,9.266667,18.551282,21721.695025,0.326563,52,7158,0,12046,23558,Policy=QLearning;MaxPaths=3;Alpha0=0.5;Gamma=0.9;Epsilon0=0.5;RewardW1=0.6;RewardW2=0.4;HopByHop=false;QueueRewardWeight=0.1;FailurePenalty=0.5;QueueAwareSelect=true;QueueSelectBeta=0.5;QueueDrivenExploration=true;ExplorationFloor=0.01;AckSilenceDecay=true;AckSilenceThreshold=+1.5e+10ns;DecayFactor=0.92;DecayMinTx=3;DecayInterval=+1e+10ns;QueueRefPackets=20;EpsilonDecayInterval=+1e+10ns;
QSQMAODV,A_N20_pi010|QSQ_FULL,5,20,19,0.1,512,5.0,0.85,1000.0,1000.0,300.0,16.0,0.0,0,0,0,3,200.0,37022,28614,0.772892,32.5296,72.009642,75.070091,26.674984,46980,2227504,14.416046,1.641854,0.057521,0.146051,1.0,0.026254,0.119102,63312,1811,0,971,0,0.0,0,2.448718,9.497436,18.620513,25315.804661,0.904516,1,4000,0,5029,8242,Policy=QLearning;MaxPaths=3;Alpha0=0.5;Gamma=0.9;Epsilon0=0.5;RewardW1=0.6;RewardW2=0.4;HopByHop=false;QueueRewardWeight=0.1;FailurePenalty=0.5;QueueAwareSelect=true;QueueSelectBeta=0.5;QueueDrivenExploration=true;ExplorationFloor=0.01;AckSilenceDecay=true;AckSilenceThreshold=+1.5e+10ns;DecayFactor=0.92;DecayMinTx=3;DecayInterval=+1e+10ns;QueueRefPackets=20;EpsilonDecayInterval=+1e+10ns;
QSQMAODV,A_N20_pi010|QSQ_FULL,6,20,19,0.1,512,5.0,0.85,1000.0,1000.0,300.0,16.0,0.0,0,0,0,3,200.0,37022,23885,0.645157,27.153474,56.52658,59.477778,25.118081,55152,2618186,20.29932,2.309064,0.069649,0.163142,1.0,0.03417,0.126687,60852,1530,0,1015,0,0.0,0,2.653846,9.589744,18.533333,22227.889823,0.715196,0,5743,0,5075,13081,Policy=QLearning;MaxPaths=3;Alpha0=0.5;Gamma=0.9;Epsilon0=0.5;RewardW1=0.6;RewardW2=0.4;HopByHop=false;QueueRewardWeight=0.1;FailurePenalty=0.5;QueueAwareSelect=true;QueueSelectBeta=0.5;QueueDrivenExploration=true;ExplorationFloor=0.01;AckSilenceDecay=true;AckSilenceThreshold=+1.5e+10ns;DecayFactor=0.92;DecayMinTx=3;DecayInterval=+1e+10ns;QueueRefPackets=20;EpsilonDecayInterval=+1e+10ns;
QSQMAODV,A_N20_pi010|QSQ_FULL,7,20,19,0.1,512,5.0,0.85,1000.0,1000.0,300.0,16.0,0.0,0,0,0,3,200.0,37022,28790,0.777646,32.729684,76.905324,92.246594,31.093948,54613,2595768,16.696693,1.896943,0.065366,0.187585,1.0,0.035563,0.154696,63616,1788,0,1083,0,0.0,0,2.458974,9.976923,18.689744,22459.172633,0.905732,0,4215,0,4214,7794,Policy=QLearning;MaxPaths=3;Alpha0=0.5;Gamma=0.9;Epsilon0=0.5;RewardW1=0.6;RewardW2=0.4;HopByHop=false;QueueRewardWeight=0.1;FailurePenalty=0.5;QueueAwareSelect=true;QueueSelectBeta=0.5;QueueDrivenExploration=true;ExplorationFloor=0.01;AckSilenceDecay=true;AckSilenceThreshold=+1.5e+10ns;DecayFactor=0.92;DecayMinTx=3;DecayInterval=+1e+10ns;QueueRefPackets=20;EpsilonDecayInterval=+1e+10ns;
QSQMAODV,A_N20_pi010|QSQ_FULL,8,20,19,0.1,512,5.0,0.85,1000.0,1000.0,300.0,16.0,0.0,0,0,0,3,200.0,37022,12061,0.325779,13.711453,215.91488,256.718445,108.085196,122442,5855476,89.905266,10.151895,0.174348,0.359244,1.0,0.083671,0.288071,50187,3609,0,1947,0,0.0,0,2.597436,9.133333,18.505128,24158.272528,0.497434,1,11495,0,13611,24623,Policy=QLearning;MaxPaths=3;Alpha0=0.5;Gamma=0.9;Epsilon0=0.5;RewardW1=0.6;RewardW2=0.4;HopByHop=false;QueueRewardWeight=0.1;FailurePenalty=0.5;QueueAwareSelect=true;QueueSelectBeta=0.5;QueueDrivenExploration=true;ExplorationFloor=0.01;AckSilenceDecay=true;AckSilenceThreshold=+1.5e+10ns;DecayFactor=0.92;DecayMinTx=3;DecayInterval=+1e+10ns;QueueRefPackets=20;EpsilonDecayInterval=+1e+10ns;
QSQMAODV,A_N20_pi010|QSQ_FULL,9,20,19,0.1,512,5.0,0.85,1000.0,1000.0,300.0,16.0,0.0,0,0,0,3,200.0,37022,16594,0.44822,18.864758,31.324395,34.941823,19.202239,44804,2144584,23.933059,2.700012,0.041082,0.109959,1.0,0.023405,0.094389,78681,1367,0,890,0,0.0,0,2.220513,8.312821,18.128205,23364.794149,0.67965,0,4027,0,4223,18587,Policy=QLearning;MaxPaths=3;Alpha0=0.5;Gamma=0.9;Epsilon0=0.5;RewardW1=0.6;RewardW2=0.4;HopByHop=false;QueueRewardWeight=0.1;FailurePenalty=0.5;QueueAwareSelect=true;QueueSelectBeta=0.5;QueueDrivenExploration=true;ExplorationFloor=0.01;AckSilenceDecay=true;AckSilenceThreshold=+1.5e+10ns;DecayFactor=0.92;DecayMinTx=3;DecayInterval=+1e+10ns;QueueRefPackets=20;EpsilonDecayInterval=+1e+10ns;
QSQMAODV,A_N20_pi010|QSQ_hbh_queue,1,20,19,0.1,512,5.0,0.85,1000.0,1000.0,300.0,16.0,0.0,0,0,0,3,200.0,37022,24984,0.674842,28.402863,92.080266,119.798159,38.197441,36543,1732618,12.842427,1.462656,0.042821,0.148879,1.0,0.023826,0.122131,85696,978,0,1314,0,0.0,0,2.44359,8.884615,18.407692,22539.664836,1.178569,25,5614,0,1995,11630,Policy=QLearning;MaxPaths=3;Alpha0=0.5;Gamma=0.9;Epsilon0=0.5;RewardW1=0.6;RewardW2=0.4;HopByHop=true;QueueRewardWeight=0.1;FailurePenalty=0.5;QueueAwareSelect=true;QueueSelectBeta=0.5;QueueDrivenExploration=true;ExplorationFloor=0.01;AckSilenceDecay=true;AckSilenceThreshold=+1.5e+10ns;DecayFactor=0.92;DecayMinTx=3;DecayInterval=+1e+10ns;QueueRefPackets=20;EpsilonDecayInterval=+1e+10ns;
QSQMAODV,A_N20_pi010|QSQ_hbh_queue,10,20,19,0.1,512,5.0,0.85,1000.0,1000.0,300.0,16.0,0.0,0,0,0,3,200.0,37022,12716,0.343471,14.456084,169.511288,252.866634,108.378319,84210,4011732,58.423508,6.622366,0.143761,0.326796,1.0,0.050669,0.254009,70167,4075,0,1428,0,0.0,0,2.266667,8.910256,18.530769,23279.71399,0.504025,43,10716,0,10049,24001,Policy=QLearning;MaxPaths=3;Alpha0=0.5;Gamma=0.9;Epsilon0=0.5;RewardW1=0.6;RewardW2=0.4;HopByHop=true;QueueRewardWeight=0.1;FailurePenalty=0.5;QueueAwareSelect=true;QueueSelectBeta=0.5;QueueDrivenExploration=true;ExplorationFloor=0.01;AckSilenceDecay=true;AckSilenceThreshold=+1.5e+10ns;DecayFactor=0.92;DecayMinTx=3;DecayInterval=+1e+10ns;QueueRefPackets=20;EpsilonDecayInterval=+1e+10ns;
QSQMAODV,A_N20_pi010|QSQ_hbh_queue,11,20,19,0.1,512,5.0,0.85,1000.0,1000.0,300.0,16.0,0.0,0,0,0,3,200.0,37022,16730,0.451893,19.019368,70.175377,93.967429,47.342616,47086,2236876,24.760089,2.814465,0.083331,0.203358,1.0,0.043515,0.17181,83343,1842,0,1236,0,0.0,0,2.235897,8.123077,18.446154,24281.639952,0.714224,163,6831,0,4524,19589,Policy=QLearning;MaxPaths=3;Alpha0=0.5;Gamma=0.9;Epsilon0=0.5;RewardW1=0.6;RewardW2=0.4;HopByHop=true;QueueRewardWeight=0.1;FailurePenalty=0.5;QueueAwareSelect=true;QueueSelectBeta=0.5;QueueDrivenExploration=true;ExplorationFloor=0.01;AckSilenceDecay=true;AckSilenceThreshold=+1.5e+10ns;DecayFactor=0.92;DecayMinTx=3;DecayInterval=+1e+10ns;QueueRefPackets=20;EpsilonDecayInterval=+1e+10ns;
QSQMAODV,A_N20_pi010|QSQ_hbh_queue,12,20,19,0.1,512,5.0,0.85,1000.0,1000.0,300.0,16.0,0.0,0,0,0,3,200.0,37022,24283,0.655907,27.605937,48.409787,49.472829,24.843721,43637,2072624,15.806089,1.797018,0.045113,0.131844,1.0,0.016783,0.101523,81044,1816,0,797,0,0.0,0,2.353846,8.851282,18.789744,24864.637506,1.00054,37,3043,0,4163,12694,Policy=QLearning;MaxPaths=3;Alpha0=0.5;Gamma=0.9;Epsilon0=0.5;RewardW1=0.6;RewardW2=0.4;HopByHop=true;QueueRewardWeight=0.1;FailurePenalty=0.5;QueueAwareSelect=true;QueueSelectBeta=0.5;QueueDrivenExploration=true;ExplorationFloor=0.01;AckSilenceDecay=true;AckSilenceThreshold=+1.5e+10ns;DecayFactor=0.92;DecayMinTx=3;DecayInterval=+1e+10ns;QueueRefPackets=20;EpsilonDecayInterval=+1e+10ns;
QSQMAODV,A_N20_pi010|QSQ_hbh_queue,13,20,19,0.1,512,5.0,0.85,1000.0,1000.0,300.0,16.0,0.0,0,0,0,3,200.0,37022,16734,0.452002,19.023916,119.821402,133.836466,66.377965,70845,3343716,37.002908,4.233596,0.218277,0.414978,1.0,0.164857,0.355106,81733,3296,0,1209,0,0.0,0,2.353846,9.04359,18.530769,23376.285305,0.722543,131,12156,0,6324,19613,Policy=QLearning;MaxPaths=3;Alpha0=0.5;Gamma=0.9;Epsilon0=0.5;RewardW1=0.6;RewardW2=0.4;HopByHop=true;QueueRewardWeight=0.1;FailurePenalty=0.5;QueueAwareSelect=true;QueueSelectBeta=0.5;QueueDrivenExploration=true;ExplorationFloor=0.01;AckSilenceDecay=true;AckSilenceThreshold=+1.5e+10ns;DecayFactor=0.92;DecayMinTx=3;DecayInterval=+1e+10ns;QueueRefPackets=20;EpsilonDecayInterval=+1e+10ns;
QSQMAODV,A_N20_pi010|QSQ_hbh_queue,14,20,19,0.1,512,5.0,0.85,1000.0,1000.0,300.0,16.0,0.0,0,0,0,3,200.0,37022,17516,0.473124,19.912926,65.369913,83.724146,36.870806,36268,1725658,18.244251,2.070564,0.046507,0.169022,1.0,0.021595,0.128017,73545,1201,0,960,0,0.0,0,2.205128,8.733333,18.602564,24764.712314,0.596618,53,6262,0,2291,19161,Policy=QLearning;MaxPaths=3;Alpha0=0.5;Gamma=0.9;Epsilon0=0.5;RewardW1=0.6;RewardW2=0.4;HopByHop=true;QueueRewardWeight=0.1;FailurePenalty=0.5;QueueAwareSelect=true;QueueSelectBeta=0.5;QueueDrivenExploration=true;ExplorationFloor=0.01;AckSilenceDecay=true;AckSilenceThreshold=+1.5e+10ns;DecayFactor=0.92;DecayMinTx=3;DecayInterval=+1e+10ns;QueueRefPackets=20;EpsilonDecayInterval=+1e+10ns;
QSQMAODV,A_N20_pi010|QSQ_hbh_queue,15,20,19,0.1,512,5.0,0.85,1000.0,1000.0,300.0,16.0,0.0,0,0,0,3,200.0,37022,13229,0.357328,15.039284,154.95911,170.399411,85.476131,97995,4698926,65.777571,7.407589,0.151281,0.316893,1.0,0.053663,0.253128,73806,3973,0,1418,0,0.0,0,1.969231,8.435897,18.364103,24698.448431,0.772054,7,9174,0,11459,23041,Policy=QLearning;MaxPaths=3;Alpha0=0.5;Gamma=0.9;Epsilon0=0.5;RewardW1=0.6;RewardW2=0.4;HopByHop=true;QueueRewardWeight=0.1;FailurePenalty=0.5;QueueAwareSelect=true;QueueSelectBeta=0.5;QueueDrivenExploration=true;ExplorationFloor=0.01;AckSilenceDecay=true;AckSilenceThreshold=+1.5e+10ns;DecayFactor=0.92;DecayMinTx=3;DecayInterval=+1e+10ns;QueueRefPackets=20;EpsilonDecayInterval=+1e+10ns;
QSQMAODV,A_N20_pi010|QSQ_hbh_queue,16,20,19,0.1,512,5.0,0.85,1000.0,1000.0,300.0,16.0,0.0,0,0,0,3,200.0,37022,24783,0.669413,28.174358,81.918925,90.477832,41.602692,42161,1978756,14.785793,1.701206,0.045073,0.185934,1.0,0.023187,0.142033,89063,1500,0,966,0,0.0,0,1.825641,8.146154,18.448718,24356.530873,1.245314,42,7405,0,2707,12190,Policy=QLearning;MaxPaths=3;Alpha0=0.5;Gamma=0.9;Epsilon0=0.5;RewardW1=0.6;RewardW2=0.4;HopByHop=true;QueueRewardWeight=0.1;FailurePenalty=0.5;QueueAwareSelect=true;QueueSelectBeta=0.5;QueueDrivenExploration=true;ExplorationFloor=0.01;AckSilenceDecay=true;AckSilenceThreshold=+1.5e+10ns;DecayFactor=0.92;DecayMinTx=3;DecayInterval=+1e+10ns;QueueRefPackets=20;EpsilonDecayInterval=+1e+10ns;
QSQMAODV,A_N20_pi010|QSQ_hbh_queue,17,20,19,0.1,512,5.0,0.85,1000.0,1000.0,300.0,16.0,0.0,0,0,0,3,200.0,37022,18303,0.494382,21.9636,37.657925,33.402915,7.809684,7535,355496,3.59682,0.411681,0.003755,0.02992,1.0,0.003198,0.02686,53399,1122,0,571,0,0.0,0,2.333333,8.448718,18.497436,22738.691762,0.455945,0,1712,0,1187,18148,Policy=QLearning;MaxPaths=3;Alpha0=0.5;Gamma=0.9;Epsilon0=0.5;RewardW1=0.6;RewardW2=0.4;HopByHop=true;QueueRewardWeight=0.1;FailurePenalty=0.5;QueueAwareSelect=true;QueueSelectBeta=0.5;QueueDrivenExploration=true;ExplorationFloor=0.01;AckSilenceDecay=true;AckSilenceThreshold=+1.5e+10ns;DecayFactor=0.92;DecayMinTx=3;DecayInterval=+1e+10ns;QueueRefPackets=20;EpsilonDecayInterval=+1e+10ns;
QSQMAODV,A_N20_pi010|QSQ_hbh_queue,18,20,19,0.1,512,5.0,0.85,1000.0,1000.0,300.0,16.0,0.0,0,0,0,3,200.0,37022,23032,0.622117,26.183747,57.435046,75.1492,33.149571,44147,2088448,16.791839,1.916768,0.060355,0.190155,1.0,0.025863,0.150897,78944,1416,0,1181,0,0.0,0,1.984615,7.946154,18.264103,21730.452487,0.999514,24,6868,0,2594,13889,Policy=QLearning;MaxPaths=3;Alpha0=0.5;Gamma=0.9;Epsilon0=0.5;RewardW1=0.6;RewardW2=0.4;HopByHop=true;QueueRewardWeight=0.1;FailurePenalty=0.5;QueueAwareSelect=true;QueueSelectBeta=0.5;QueueDrivenExploration=true;ExplorationFloor=0.01;AckSilenceDecay=true;AckSilenceThreshold=+1.5e+10ns;DecayFactor=0.92;DecayMinTx=3;DecayInterval=+1e+10ns;QueueRefPackets=20;EpsilonDecayInterval=+1e+10ns;
QSQMAODV,A_N20_pi010|QSQ_hbh_queue,19,20,19,0.1,512,5.0,0.85,1000.0,1000.0,300.0,16.0,0.0,0,0,0,3,200.0,37022,20649,0.557749,23.474653,20.301628,31.184061,11.42068,11960,563054,5.049603,0.579205,0.01143,0.060086,1.0,0.008979,0.0539,68619,1109,0,803,0,0.0,0,2.046154,7.533333,18.041026,19133.814224,0.507563,0,4634,0,1211,15598,Policy=QLearning;MaxPaths=3;Alpha0=0.5;Gamma=0.9;Epsilon0=0.5;RewardW1=0.6;RewardW2=0.4;HopByHop=true;QueueRewardWeight=0.1;FailurePenalty=0.5;QueueAwareSelect=true;QueueSelectBeta=0.5;QueueDrivenExploration=true;ExplorationFloor=0.01;AckSilenceDecay=true;AckSilenceThreshold=+1.5e+10ns;DecayFactor=0.92;DecayMinTx=3;DecayInterval=+1e+10ns;QueueRefPackets=20;EpsilonDecayInterval=+1e+10ns;
QSQMAODV,A_N20_pi010|QSQ_hbh_queue,2,20,19,0.1,512,5.0,0.85,1000.0,1000.0,300.0,16.0,0.0,0,0,0,3,200.0,37022,8394,0.22673,11.3319,14.907384,15.452685,7.943093,9470,449134,9.908621,1.128187,0.005249,0.028605,1.0,0.003439,0.024817,55852,712,0,619,0,0.0,0,2.851282,8.679487,18.187179,22296.131007,0.165064,0,2471,0,781,27260,Policy=QLearning;MaxPaths=3;Alpha0=0.5;Gamma=0.9;Epsilon0=0.5;RewardW1=0.6;RewardW2=0.4;HopByHop=true;QueueRewardWeight=0.1;FailurePenalty=0.5;QueueAwareSelect=true;QueueSelectBeta=0.5;QueueDrivenExploration=true;ExplorationFloor=0.01;AckSilenceDecay=true;AckSilenceThreshold=+1.5e+10ns;DecayFactor=0.92;DecayMinTx=3;DecayInterval=+1e+10ns;QueueRefPackets=20;EpsilonDecayInterval=+1e+10ns;
QSQMAODV,A_N20_pi010|QSQ_hbh_queue,20,20,19,0.1,512,5.0,0.85,1000.0,1000.0,300.0,16.0,0.0,0,0,0,3,200.0,37022,18469,0.498866,20.996337,121.210462,149.415631,79.926508,92582,4371746,43.834674,5.012832,0.120272,0.350334,1.0,0.049594,0.270571,79808,3157,0,1025,0,0.0,0,2.328205,8.379487,18.317949,20034.119132,0.895224,26,11331,0,6245,18089,Policy=QLearning;MaxPaths=3;Alpha0=0.5;Gamma=0.9;Epsilon0=0.5;RewardW1=0.6;RewardW2=0.4;HopByHop=true;QueueRewardWeight=0.1;FailurePenalty=0.5;QueueAwareSelect=true;QueueSelectBeta=0.5;QueueDrivenExploration=true;ExplorationFloor=0.01;AckSilenceDecay=true;AckSilenceThreshold=+1.5e+10ns;DecayFactor=0.92;DecayMinTx=3;DecayInterval=+1e+10ns;QueueRefPackets=20;EpsilonDecayInterval=+1e+10ns;
QSQMAODV,A_N20_pi010|QSQ_hbh_queue,3,20,19,0.1,512,5.0,0.85,1000.0,1000.0,300.0,16.0,0.0,0,0,0,3,200.0,37022,15479,0.418103,17.597179,111.28313,133.44694,71.263537,89573,4264416,51.017938,5.786743,0.145737,0.359051,1.0,0.064986,0.293026,64558,2629,0,1229,0,0.0,0,2.187179,8.523077,17.974359,26622.900406,0.698666,21,15482,0,6967,21005,Policy=QLearning;MaxPaths=3;Alpha0=0.5;Gamma=0.9;Epsilon0=0.5;RewardW1=0.6;RewardW2=0.4;HopByHop=true;QueueRewardWeight=0.1;FailurePenalty=0.5;QueueAwareSelect=true;QueueSelectBeta=0.5;QueueDrivenExploration=true;ExplorationFloor=0.01;AckSilenceDecay=true;AckSilenceThreshold=+1.5e+10ns;DecayFactor=0.92;DecayMinTx=3;DecayInterval=+1e+10ns;QueueRefPackets=20;EpsilonDecayInterval=+1e+10ns;
QSQMAODV,A_N20_pi010|QSQ_hbh_queue,4,20,19,0.1,512,5.0,0.85,1000.0,1000.0,300.0,16.0,0.0,0,0,0,3,200.0,37022,14736,0.398034,16.752505,112.99301,144.270683,76.449737,71479,3401370,42.744526,4.850638,0.130327,0.287149,1.0,0.049487,0.227566,64459,3001,0,1366,0,0.0,0,2.65641,9.266667,18.551282,21721.695025,0.604776,11,9413,0,7357,21944,Policy=QLearning;MaxPaths=3;Alpha0=0.5;Gamma=0.9;Epsilon0=0.5;RewardW1=0.6;RewardW2=0.4;HopByHop=true;QueueRewardWeight=0.1;FailurePenalty=0.5;QueueAwareSelect=true;QueueSelectBeta=0.5;QueueDrivenExploration=true;ExplorationFloor=0.01;AckSilenceDecay=true;AckSilenceThreshold=+1.5e+10ns;DecayFactor=0.92;DecayMinTx=3;DecayInterval=+1e+10ns;QueueRefPackets=20;EpsilonDecayInterval=+1e+10ns;
QSQMAODV,A_N20_pi010|QSQ_hbh_queue,5,20,19,0.1,512,5.0,0.85,1000.0,1000.0,300.0,16.0,0.0,0,0,0,3,200.0,37022,28812,0.77824,32.754695,59.283172,64.934601,26.520354,30556,1433964,9.216607,1.06053,0.029911,0.128267,1.0,0.012608,0.097556,76556,1506,0,803,0,0.0,0,2.448718,9.497436,18.620513,25315.804661,1.1182,3,3307,0,2526,7088,Policy=QLearning;MaxPaths=3;Alpha0=0.5;Gamma=0.9;Epsilon0=0.5;RewardW1=0.6;RewardW2=0.4;HopByHop=true;QueueRewardWeight=0.1;FailurePenalty=0.5;QueueAwareSelect=true;QueueSelectBeta=0.5;QueueDrivenExploration=true;ExplorationFloor=0.01;AckSilenceDecay=true;AckSilenceThreshold=+1.5e+10ns;DecayFactor=0.92;DecayMinTx=3;DecayInterval=+1e+10ns;QueueRefPackets=20;EpsilonDecayInterval=+1e+10ns;
QSQMAODV,A_N20_pi010|QSQ_hbh_queue,6,20,19,0.1,512,5.0,0.85,1000.0,1000.0,300.0,16.0,0.0,0,0,0,3,200.0,37022,19786,0.534439,22.493558,36.615934,46.795511,24.25519,53864,2567490,24.030178,2.722329,0.10051,0.198492,1.0,0.032651,0.15675,55334,2144,0,991,0,0.0,0,2.653846,9.589744,18.533333,22227.889823,0.454757,20,6927,0,6375,16789,Policy=QLearning;MaxPaths=3;Alpha0=0.5;Gamma=0.9;Epsilon0=0.5;RewardW1=0.6;RewardW2=0.4;HopByHop=true;QueueRewardWeight=0.1;FailurePenalty=0.5;QueueAwareSelect=true;QueueSelectBeta=0.5;QueueDrivenExploration=true;ExplorationFloor=0.01;AckSilenceDecay=true;AckSilenceThreshold=+1.5e+10ns;DecayFactor=0.92;DecayMinTx=3;DecayInterval=+1e+10ns;QueueRefPackets=20;EpsilonDecayInterval=+1e+10ns;
QSQMAODV,A_N20_pi010|QSQ_hbh_queue,7,20,19,0.1,512,5.0,0.85,1000.0,1000.0,300.0,16.0,0.0,0,0,0,3,200.0,37022,25853,0.698315,29.390779,8.872045,10.973532,7.250204,14472,683220,4.893909,0.55978,0.009413,0.05735,1.0,0.004648,0.046926,67425,694,0,847,0,0.0,0,2.458974,9.976923,18.689744,22459.172633,0.694722,0,1502,0,892,9953,Policy=QLearning;MaxPaths=3;Alpha0=0.5;Gamma=0.9;Epsilon0=0.5;RewardW1=0.6;RewardW2=0.4;HopByHop=true;QueueRewardWeight=0.1;FailurePenalty=0.5;QueueAwareSelect=true;QueueSelectBeta=0.5;QueueDrivenExploration=true;ExplorationFloor=0.01;AckSilenceDecay=true;AckSilenceThreshold=+1.5e+10ns;DecayFactor=0.92;DecayMinTx=3;DecayInterval=+1e+10ns;QueueRefPackets=20;EpsilonDecayInterval=+1e+10ns;
QSQMAODV,A_N20_pi010|QSQ_hbh_queue,8,20,19,0.1,512,5.0,0.85,1000.0,1000.0,300.0,16.0,0.0,0,0,0,3,200.0,37022,11344,0.306412,14.413553,10.573473,25.44834,9.767952,7302,347576,5.674006,0.643688,0.001511,0.012845,1.0,0.001117,0.010893,60030,170,0,757,0,0.0,0,2.597436,9.133333,18.505128,24158.272528,0.308465,0,81,0,195,24603,Policy=QLearning;MaxPaths=3;Alpha0=0.5;Gamma=0.9;Epsilon0=0.5;RewardW1=0.6;RewardW2=0.4;HopByHop=true;QueueRewardWeight=0.1;FailurePenalty=0.5;QueueAwareSelect=true;QueueSelectBeta=0.5;QueueDrivenExploration=true;ExplorationFloor=0.01;AckSilenceDecay=true;AckSilenceThreshold=+1.5e+10ns;DecayFactor=0.92;DecayMinTx=3;DecayInterval=+1e+10ns;QueueRefPackets=20;EpsilonDecayInterval=+1e+10ns;
QSQMAODV,A_N20_pi010|QSQ_hbh_queue,9,20,19,0.1,512,5.0,0.85,1000.0,1000.0,300.0,16.0,0.0,0,0,0,3,200.0,37022,13813,0.373102,15.7032,38.880367,49.733244,28.824827,39153,1877198,25.166818,2.834504,0.039171,0.112666,1.0,0.014905,0.089284,74689,1532,0,784,0,0.0,0,2.220513,8.312821,18.128205,23364.794149,0.619551,4,3355,0,3568,21309,Policy=QLearning;MaxPaths=3;Alpha0=0.5;Gamma=0.9;Epsilon0=0.5;RewardW1=0.6;RewardW2=0.4;HopByHop=true;QueueRewardWeight=0.1;FailurePenalty=0.5;QueueAwareSelect=true;QueueSelectBeta=0.5;QueueDrivenExploration=true;ExplorationFloor=0.01;AckSilenceDecay=true;AckSilenceThreshold=+1.5e+10ns;DecayFactor=0.92;DecayMinTx=3;DecayInterval=+1e+10ns;QueueRefPackets=20;EpsilonDecayInterval=+1e+10ns;
QSQMAODV,A_N20_pi010|QSQ_src_only,1,20,19,0.1,512,5.0,0.85,1000.0,1000.0,300.0,16.0,0.0,0,0,0,3,200.0,37022,23456,0.633569,26.665768,36.258564,272.375489,37.944004,22184,1056770,8.343202,0.945771,0.020233,0.058523,1.0,0.013541,0.050123,68584,513,0,0,0,0.0,0,2.44359,8.884615,18.407692,22539.664836,0.94741,0,2639,0,1559,12887,Policy=QLearning;MaxPaths=3;Alpha0=0.5;Gamma=0.9;Epsilon0=0.5;RewardW1=0.6;RewardW2=0.4;HopByHop=false;QueueRewardWeight=0;FailurePenalty=0;QueueAwareSelect=false;QueueSelectBeta=0.5;QueueDrivenExploration=false;ExplorationFloor=0.01;AckSilenceDecay=false;AckSilenceThreshold=+1.5e+10ns;DecayFactor=0.92;DecayMinTx=3;DecayInterval=+1e+10ns;QueueRefPackets=20;EpsilonDecayInterval=+1e+10ns;
QSQMAODV,A_N20_pi010|QSQ_src_only,10,20,19,0.1,512,5.0,0.85,1000.0,1000.0,300.0,16.0,0.0,0,0,0,3,200.0,37022,15799,0.426746,17.960968,91.478824,248.248422,76.152329,65482,3107164,36.420073,4.144693,0.160754,0.27534,1.0,0.123547,0.240796,60792,2045,0,0,0,0.0,0,2.266667,8.910256,18.530769,23279.71399,0.495246,2,7876,0,6078,21011,Policy=QLearning;MaxPaths=3;Alpha0=0.5;Gamma=0.9;Epsilon0=0.5;RewardW1=0.6;RewardW2=0.4;HopByHop=false;QueueRewardWeight=0;FailurePenalty=0;QueueAwareSelect=false;QueueSelectBeta=0.5;QueueDrivenExploration=false;ExplorationFloor=0.01;AckSilenceDecay=false;AckSilenceThreshold=+1.5e+10ns;DecayFactor=0.92;DecayMinTx=3;DecayInterval=+1e+10ns;QueueRefPackets=20;EpsilonDecayInterval=+1e+10ns;
QSQMAODV,A_N20_pi010|QSQ_src_only,11,20,19,0.1,512,5.0,0.85,1000.0,1000.0,300.0,16.0,0.0,0,0,0,3,200.0,37022,22527,0.608476,25.609642,49.261978,55.350124,27.480568,50463,2387024,19.622741,2.240112,0.04346,0.137828,1.0,0.023663,0.111637,62642,1483,0,0,0,0.0,0,2.235897,8.123077,18.446154,24281.639952,0.74191,0,5021,0,3339,14244,Policy=QLearning;MaxPaths=3;Alpha0=0.5;Gamma=0.9;Epsilon0=0.5;RewardW1=0.6;RewardW2=0.4;HopByHop=false;QueueRewardWeight=0;FailurePenalty=0;QueueAwareSelect=false;QueueSelectBeta=0.5;QueueDrivenExploration=false;ExplorationFloor=0.01;AckSilenceDecay=false;AckSilenceThreshold=+1.5e+10ns;DecayFactor=0.92;DecayMinTx=3;DecayInterval=+1e+10ns;QueueRefPackets=20;EpsilonDecayInterval=+1e+10ns;
QSQMAODV,A_N20_pi010|QSQ_src_only,12,20,19,0.1,512,5.0,0.85,1000.0,1000.0,300.0,16.0,0.0,0,0,0,3,200.0,37022,27105,0.732132,30.814105,66.062261,69.015376,33.882797,77455,3688454,25.200038,2.857591,0.067761,0.203749,1.0,0.035198,0.169925,70743,2256,0,0,0,0.0,0,2.353846,8.851282,18.789744,24864.637506,1.070877,0,4853,0,5805,9872,Policy=QLearning;MaxPaths=3;Alpha0=0.5;Gamma=0.9;Epsilon0=0.5;RewardW1=0.6;RewardW2=0.4;HopByHop=false;QueueRewardWeight=0;FailurePenalty=0;QueueAwareSelect=false;QueueSelectBeta=0.5;QueueDrivenExploration=false;ExplorationFloor=0.01;AckSilenceDecay=false;AckSilenceThreshold=+1.5e+10ns;DecayFactor=0.92;DecayMinTx=3;DecayInterval=+1e+10ns;QueueRefPackets=20;EpsilonDecayInterval=+1e+10ns;
QSQMAODV,A_N20_pi010|QSQ_src_only,13,20,19,0.1,512,5.0,0.85,1000.0,1000.0,300.0,16.0,0.0,0,0,0,3,200.0,37022,18952,0.511912,21.545432,97.329684,305.407267,57.739145,40870,1936696,18.923987,2.156501,0.066752,0.174553,1.0,0.049895,0.156254,49784,3417,0,0,0,0.0,0,2.353846,9.04359,18.530769,23376.285305,0.595349,4,6590,0,4639,17349,Policy=QLearning;MaxPaths=3;Alpha0=0.5;Gamma=0.9;Epsilon0=0.5;RewardW1=0.6;RewardW2=0.4;HopByHop=false;QueueRewardWeight=0;FailurePenalty=0;QueueAwareSelect=false;QueueSelectBeta=0.5;QueueDrivenExploration=false;ExplorationFloor=0.01;AckSilenceDecay=false;AckSilenceThreshold=+1.5e+10ns;DecayFactor=0.92;DecayMinTx=3;DecayInterval=+1e+10ns;QueueRefPackets=20;EpsilonDecayInterval=+1e+10ns;
QSQMAODV,A_N20_pi010|QSQ_src_only,14,20,19,0.1,512,5.0,0.85,1000.0,1000.0,300.0,16.0,0.0,0,0,0,3,200.0,37022,19609,0.529658,22.292337,7.781634,8.464815,5.517754,6571,312518,2.951385,0.335101,0.001591,0.013139,1.0,0.001326,0.011303,55786,173,0,0,0,0.0,0,2.205128,8.733333,18.602564,24764.712314,0.543785,0,666,0,194,16713,Policy=QLearning;MaxPaths=3;Alpha0=0.5;Gamma=0.9;Epsilon0=0.5;RewardW1=0.6;RewardW2=0.4;HopByHop=false;QueueRewardWeight=0;FailurePenalty=0;QueueAwareSelect=false;QueueSelectBeta=0.5;QueueDrivenExploration=false;ExplorationFloor=0.01;AckSilenceDecay=false;AckSilenceThreshold=+1.5e+10ns;DecayFactor=0.92;DecayMinTx=3;DecayInterval=+1e+10ns;QueueRefPackets=20;EpsilonDecayInterval=+1e+10ns;
QSQMAODV,A_N20_pi010|QSQ_src_only,15,20,19,0.1,512,5.0,0.85,1000.0,1000.0,300.0,16.0,0.0,0,0,0,3,200.0,37022,18473,0.498974,21.000884,78.492248,106.966207,42.472117,52429,2506434,25.1261,2.838142,0.041669,0.124359,1.0,0.021574,0.100501,72200,1533,0,0,0,0.0,0,1.969231,8.435897,18.364103,24698.448431,0.901464,0,3429,0,3737,17775,Policy=QLearning;MaxPaths=3;Alpha0=0.5;Gamma=0.9;Epsilon0=0.5;RewardW1=0.6;RewardW2=0.4;HopByHop=false;QueueRewardWeight=0;FailurePenalty=0;QueueAwareSelect=false;QueueSelectBeta=0.5;QueueDrivenExploration=false;ExplorationFloor=0.01;AckSilenceDecay=false;AckSilenceThreshold=+1.5e+10ns;DecayFactor=0.92;DecayMinTx=3;DecayInterval=+1e+10ns;QueueRefPackets=20;EpsilonDecayInterval=+1e+10ns;
QSQMAODV,A_N20_pi010|QSQ_src_only,16,20,19,0.1,512,5.0,0.85,1000.0,1000.0,300.0,16.0,0.0,0,0,0,3,200.0,37022,25947,0.700854,29.497642,144.87364,162.958705,49.543425,48114,2245916,16.029228,1.854318,0.123532,0.283909,1.0,0.108479,0.26035,77514,1770,0,0,0,0.0,0,1.825641,8.146154,18.448718,24356.530873,1.068365,40,7017,0,3081,11047,Policy=QLearning;MaxPaths=3;Alpha0=0.5;Gamma=0.9;Epsilon0=0.5;RewardW1=0.6;RewardW2=0.4;HopByHop=false;QueueRewardWeight=0;FailurePenalty=0;QueueAwareSelect=false;QueueSelectBeta=0.5;QueueDrivenExploration=false;ExplorationFloor=0.01;AckSilenceDecay=false;AckSilenceThreshold=+1.5e+10ns;DecayFactor=0.92;DecayMinTx=3;DecayInterval=+1e+10ns;QueueRefPackets=20;EpsilonDecayInterval=+1e+10ns;
QSQMAODV,A_N20_pi010|QSQ_src_only,17,20,19,0.1,512,5.0,0.85,1000.0,1000.0,300.0,16.0,0.0,0,0,0,3,200.0,37022,18790,0.507536,21.361263,21.940723,20.700828,7.328107,8448,397716,3.919697,0.449601,0.005517,0.031445,1.0,0.004958,0.028765,59650,508,0,0,0,0.0,0,2.333333,8.448718,18.497436,22738.691762,0.479688,0,1589,0,528,17542,Policy=QLearning;MaxPaths=3;Alpha0=0.5;Gamma=0.9;Epsilon0=0.5;RewardW1=0.6;RewardW2=0.4;HopByHop=false;QueueRewardWeight=0;FailurePenalty=0;QueueAwareSelect=false;QueueSelectBeta=0.5;QueueDrivenExploration=false;ExplorationFloor=0.01;AckSilenceDecay=false;AckSilenceThreshold=+1.5e+10ns;DecayFactor=0.92;DecayMinTx=3;DecayInterval=+1e+10ns;QueueRefPackets=20;EpsilonDecayInterval=+1e+10ns;
QSQMAODV,A_N20_pi010|QSQ_src_only,18,20,19,0.1,512,5.0,0.85,1000.0,1000.0,300.0,16.0,0.0,0,0,0,3,200.0,37022,28276,0.763762,32.145347,70.004003,83.426618,28.748153,38548,1830148,11.986006,1.363276,0.081006,0.183564,1.0,0.068819,0.164413,77671,1058,0,0,0,0.0,0,1.984615,7.946154,18.264103,21730.452487,1.144347,25,4903,0,1868,8562,Policy=QLearning;MaxPaths=3;Alpha0=0.5;Gamma=0.9;Epsilon0=0.5;RewardW1=0.6;RewardW2=0.4;HopByHop=false;QueueRewardWeight=0;FailurePenalty=0;QueueAwareSelect=false;QueueSelectBeta=0.5;QueueDrivenExploration=false;ExplorationFloor=0.01;AckSilenceDecay=false;AckSilenceThreshold=+1.5e+10ns;DecayFactor=0.92;DecayMinTx=3;DecayInterval=+1e+10ns;QueueRefPackets=20;EpsilonDecayInterval=+1e+10ns;
QSQMAODV,A_N20_pi010|QSQ_src_only,19,20,19,0.1,512,5.0,0.85,1000.0,1000.0,300.0,16.0,0.0,0,0,0,3,200.0,37022,21932,0.592405,24.933221,42.852553,58.500956,18.553418,18284,863516,7.29119,0.833668,0.017483,0.070015,1.0,0.014354,0.062085,69619,484,0,0,0,0.0,0,2.046154,7.533333,18.041026,19133.814224,0.594944,0,4495,0,801,14624,Policy=QLearning;MaxPaths=3;Alpha0=0.5;Gamma=0.9;Epsilon0=0.5;RewardW1=0.6;RewardW2=0.4;HopByHop=false;QueueRewardWeight=0;FailurePenalty=0;QueueAwareSelect=false;QueueSelectBeta=0.5;QueueDrivenExploration=false;ExplorationFloor=0.01;AckSilenceDecay=false;AckSilenceThreshold=+1.5e+10ns;DecayFactor=0.92;DecayMinTx=3;DecayInterval=+1e+10ns;QueueRefPackets=20;EpsilonDecayInterval=+1e+10ns;
QSQMAODV,A_N20_pi010|QSQ_src_only,2,20,19,0.1,512,5.0,0.85,1000.0,1000.0,300.0,16.0,0.0,0,0,0,3,200.0,37022,9248,0.249797,12.4848,8.628186,8.610766,6.852657,8233,392382,7.857194,0.890247,0.004659,0.027587,1.0,0.003442,0.023561,56852,577,0,0,0,0.0,0,2.851282,8.679487,18.187179,22296.131007,0.199071,0,2200,0,623,26520,Policy=QLearning;MaxPaths=3;Alpha0=0.5;Gamma=0.9;Epsilon0=0.5;RewardW1=0.6;RewardW2=0.4;HopByHop=false;QueueRewardWeight=0;FailurePenalty=0;QueueAwareSelect=false;QueueSelectBeta=0.5;QueueDrivenExploration=false;ExplorationFloor=0.01;AckSilenceDecay=false;AckSilenceThreshold=+1.5e+10ns;DecayFactor=0.92;DecayMinTx=3;DecayInterval=+1e+10ns;QueueRefPackets=20;EpsilonDecayInterval=+1e+10ns;
QSQMAODV,A_N20_pi010|QSQ_src_only,20,20,19,0.1,512,5.0,0.85,1000.0,1000.0,300.0,16.0,0.0,0,0,0,3,200.0,37022,19180,0.51807,21.804632,18.293128,89.838277,44.476318,20151,961376,9.2822,1.050626,0.021016,0.061513,1.0,0.013261,0.053148,53486,396,0,0,0,0.0,0,2.328205,8.379487,18.317949,20034.119132,0.42472,0,2690,0,900,17035,Policy=QLearning;MaxPaths=3;Alpha0=0.5;Gamma=0.9;Epsilon0=0.5;RewardW1=0.6;RewardW2=0.4;HopByHop=false;QueueRewardWeight=0;FailurePenalty=0;QueueAwareSelect=false;QueueSelectBeta=0.5;QueueDrivenExploration=false;ExplorationFloor=0.01;AckSilenceDecay=false;AckSilenceThreshold=+1.5e+10ns;DecayFactor=0.92;DecayMinTx=3;DecayInterval=+1e+10ns;QueueRefPackets=20;EpsilonDecayInterval=+1e+10ns;
QSQMAODV,A_N20_pi010|QSQ_src_only,3,20,19,0.1,512,5.0,0.85,1000.0,1000.0,300.0,16.0,0.0,0,0,0,3,200.0,37022,15464,0.417698,17.580126,133.027757,157.638399,63.506605,88695,4238558,50.75777,5.735579,0.140419,0.31719,1.0,0.079285,0.269397,49079,2450,0,0,0,0.0,0,2.187179,8.523077,17.974359,26622.900406,0.632057,0,14354,0,8579,20644,Policy=QLearning;MaxPaths=3;Alpha0=0.5;Gamma=0.9;Epsilon0=0.5;RewardW1=0.6;RewardW2=0.4;HopByHop=false;QueueRewardWeight=0;FailurePenalty=0;QueueAwareSelect=false;QueueSelectBeta=0.5;QueueDrivenExploration=false;ExplorationFloor=0.01;AckSilenceDecay=false;AckSilenceThreshold=+1.5e+10ns;DecayFactor=0.92;DecayMinTx=3;DecayInterval=+1e+10ns;QueueRefPackets=20;EpsilonDecayInterval=+1e+10ns;
QSQMAODV,A_N20_pi010|QSQ_src_only,4,20,19,0.1,512,5.0,0.85,1000.0,1000.0,300.0,16.0,0.0,0,0,0,3,200.0,37022,17407,0.47018,19.789011,79.626979,89.914291,45.1896,63806,3062112,32.576422,3.665537,0.078443,0.18165,1.0,0.039378,0.147541,58967,2324,0,0,0,0.0,0,2.65641,9.266667,18.551282,21721.695025,0.709821,0,5961,0,6182,18897,Policy=QLearning;MaxPaths=3;Alpha0=0.5;Gamma=0.9;Epsilon0=0.5;RewardW1=0.6;RewardW2=0.4;HopByHop=false;QueueRewardWeight=0;FailurePenalty=0;QueueAwareSelect=false;QueueSelectBeta=0.5;QueueDrivenExploration=false;ExplorationFloor=0.01;AckSilenceDecay=false;AckSilenceThreshold=+1.5e+10ns;DecayFactor=0.92;DecayMinTx=3;DecayInterval=+1e+10ns;QueueRefPackets=20;EpsilonDecayInterval=+1e+10ns;
QSQMAODV,A_N20_pi010|QSQ_src_only,5,20,19,0.1,512,5.0,0.85,1000.0,1000.0,300.0,16.0,0.0,0,0,0,3,200.0,37022,28052,0.757712,31.890695,47.858987,49.883134,17.354749,27533,1299762,8.580375,0.981499,0.025123,0.094445,1.0,0.013762,0.076781,62278,1065,0,0,0,0.0,0,2.448718,9.497436,18.620513,25315.804661,0.809141,0,2642,0,1920,8049,Policy=QLearning;MaxPaths=3;Alpha0=0.5;Gamma=0.9;Epsilon0=0.5;RewardW1=0.6;RewardW2=0.4;HopByHop=false;QueueRewardWeight=0;FailurePenalty=0;QueueAwareSelect=false;QueueSelectBeta=0.5;QueueDrivenExploration=false;ExplorationFloor=0.01;AckSilenceDecay=false;AckSilenceThreshold=+1.5e+10ns;DecayFactor=0.92;DecayMinTx=3;DecayInterval=+1e+10ns;QueueRefPackets=20;EpsilonDecayInterval=+1e+10ns;
QSQMAODV,A_N20_pi010|QSQ_src_only,6,20,19,0.1,512,5.0,0.85,1000.0,1000.0,300.0,16.0,0.0,0,0,0,3,200.0,37022,20148,0.544217,22.905095,69.169322,86.08769,34.217463,81030,3863954,35.514544,4.021739,0.131996,0.244611,1.0,0.07088,0.207255,53659,2334,0,0,0,0.0,0,2.653846,9.589744,18.533333,22227.889823,0.564934,0,7563,0,9558,16444,Policy=QLearning;MaxPaths=3;Alpha0=0.5;Gamma=0.9;Epsilon0=0.5;RewardW1=0.6;RewardW2=0.4;HopByHop=false;QueueRewardWeight=0;FailurePenalty=0;QueueAwareSelect=false;QueueSelectBeta=0.5;QueueDrivenExploration=false;ExplorationFloor=0.01;AckSilenceDecay=false;AckSilenceThreshold=+1.5e+10ns;DecayFactor=0.92;DecayMinTx=3;DecayInterval=+1e+10ns;QueueRefPackets=20;EpsilonDecayInterval=+1e+10ns;
QSQMAODV,A_N20_pi010|QSQ_src_only,7,20,19,0.1,512,5.0,0.85,1000.0,1000.0,300.0,16.0,0.0,0,0,0,3,200.0,37022,21397,0.577954,24.325011,10.958631,17.373768,7.184283,8109,383202,3.316509,0.378978,0.002303,0.028855,1.0,0.001724,0.024915,53126,192,0,0,0,0.0,0,2.458974,9.976923,18.689744,22459.172633,0.441008,0,1077,0,218,14425,Policy=QLearning;MaxPaths=3;Alpha0=0.5;Gamma=0.9;Epsilon0=0.5;RewardW1=0.6;RewardW2=0.4;HopByHop=false;QueueRewardWeight=0;FailurePenalty=0;QueueAwareSelect=false;QueueSelectBeta=0.5;QueueDrivenExploration=false;ExplorationFloor=0.01;AckSilenceDecay=false;AckSilenceThreshold=+1.5e+10ns;DecayFactor=0.92;DecayMinTx=3;DecayInterval=+1e+10ns;QueueRefPackets=20;EpsilonDecayInterval=+1e+10ns;
QSQMAODV,A_N20_pi010|QSQ_src_only,8,20,19,0.1,512,5.0,0.85,1000.0,1000.0,300.0,16.0,0.0,0,0,0,3,200.0,37022,13639,0.368403,16.3668,25.526608,33.513909,16.919195,15503,740986,10.060828,1.136667,0.010904,0.041795,1.0,0.007185,0.036235,61214,780,0,0,0,0.0,0,2.597436,9.133333,18.505128,24158.272528,0.514127,0,281,0,1109,22326,Policy=QLearning;MaxPaths=3;Alpha0=0.5;Gamma=0.9;Epsilon0=0.5;RewardW1=0.6;RewardW2=0.4;HopByHop=false;QueueRewardWeight=0;FailurePenalty=0;QueueAwareSelect=false;QueueSelectBeta=0.5;QueueDrivenExploration=false;ExplorationFloor=0.01;AckSilenceDecay=false;AckSilenceThreshold=+1.5e+10ns;DecayFactor=0.92;DecayMinTx=3;DecayInterval=+1e+10ns;QueueRefPackets=20;EpsilonDecayInterval=+1e+10ns;
QSQMAODV,A_N20_pi010|QSQ_src_only,9,20,19,0.1,512,5.0,0.85,1000.0,1000.0,300.0,16.0,0.0,0,0,0,3,200.0,37022,14497,0.391578,16.4808,36.140349,36.717943,22.626552,58704,2810210,35.897721,4.04939,0.054826,0.138596,1.0,0.032605,0.116814,75557,1802,0,0,0,0.0,0,2.220513,8.312821,18.128205,23364.794149,0.620523,0,4508,0,6007,20740,Policy=QLearning;MaxPaths=3;Alpha0=0.5;Gamma=0.9;Epsilon0=0.5;RewardW1=0.6;RewardW2=0.4;HopByHop=false;QueueRewardWeight=0;FailurePenalty=0;QueueAwareSelect=false;QueueSelectBeta=0.5;QueueDrivenExploration=false;ExplorationFloor=0.01;AckSilenceDecay=false;AckSilenceThreshold=+1.5e+10ns;DecayFactor=0.92;DecayMinTx=3;DecayInterval=+1e+10ns;QueueRefPackets=20;EpsilonDecayInterval=+1e+10ns;
AODV,B_N40_pi025|AODV,1,40,39,0.25,512,5.0,0.85,1000.0,1000.0,300.0,16.0,0.0,0,0,0,3,200.0,30324,6306,0.207954,3.492554,28.48711,102.099357,86.097344,69223,3343248,98.179512,10.977323,0.0,0.0,0.0,0.0,0.0,0,0,0,0,0,0.0,0,5.021795,18.353846,37.830769,46973.135287,0.090456,0,1083,0,6842,22802,-
AODV,B_N40_pi025|AODV,10,40,39,0.25,512,5.0,0.85,1000.0,1000.0,300.0,16.0,0.0,0,0,0,3,200.0,30324,12626,0.41637,7.370854,6.556413,43.782236,11.842803,19563,924098,13.553719,1.549422,0.0,0.0,0.0,0.0,0.0,0,0,0,0,0,0.0,0,4.180769,16.15,37.582051,44499.101968,0.243569,0,23,0,262,16626,-
AODV,B_N40_pi025|AODV,11,40,39,0.25,512,5.0,0.85,1000.0,1000.0,300.0,16.0,0.0,0,0,0,3,200.0,30324,15166,0.500132,8.399631,34.902583,41.996482,35.444735,90486,4364234,53.289693,5.966372,0.0,0.0,0.0,0.0,0.0,0,0,0,0,0,0.0,0,4.919231,17.382051,37.766667,43624.080201,0.468935,0,908,0,8088,14423,-
AODV,B_N40_pi025|AODV,12,40,39,0.25,512,5.0,0.85,1000.0,1000.0,300.0,16.0,0.0,0,0,0,3,200.0,30324,11426,0.376797,6.328246,75.005048,88.472629,66.582771,164418,7969624,129.166488,14.389813,0.0,0.0,0.0,0.0,0.0,0,0,0,0,0,0.0,0,5.139744,19.394872,38.239744,49553.615743,0.29996,0,2159,0,24552,17753,-
AODV,B_N40_pi025|AODV,13,40,39,0.25,512,5.0,0.85,1000.0,1000.0,300.0,16.0,0.0,0,0,0,3,200.0,30324,11344,0.374093,6.282831,69.398906,107.634561,84.437006,155918,7552954,123.298236,13.744535,0.0,0.0,0.0,0.0,0.0,0,0,0,0,0,0.0,0,5.116667,19.062821,38.3,48813.335603,0.312228,0,1741,0,16874,17846,-
AODV,B_N40_pi025|AODV,14,40,39,0.25,512,5.0,0.85,1000.0,1000.0,300.0,16.0,0.0,0,0,0,3,200.0,30324,9944,0.327925,5.652379,38.167332,65.28966,56.74543,101688,4934842,91.900606,10.226066,0.0,0.0,0.0,0.0,0.0,0,0,0,0,0,0.0,0,4.50641,16.624359,37.552564,46582.542217,0.367564,217,1565,0,9102,19270,-
AODV,B_N40_pi025|AODV,15,40,39,0.25,512,5.0,0.85,1000.0,1000.0,300.0,16.0,0.0,0,0,0,3,200.0,30324,10644,0.351009,5.895138,63.322949,74.715484,61.158564,192650,9414058,163.786553,18.099399,0.0,0.0,0.0,0.0,0.0,0,0,0,0,0,0.0,0,4.205128,17.779487,37.776923,46198.242591,0.327529,0,2956,0,30116,18735,-
AODV,B_N40_pi025|AODV,16,40,39,0.25,512,5.0,0.85,1000.0,1000.0,300.0,16.0,0.0,0,0,0,3,200.0,30324,12439,0.410203,7.070589,14.671602,50.239153,39.883923,66005,3201172,47.657338,5.306295,0.0,0.0,0.0,0.0,0.0,0,0,0,0,0,0.0,0,4.392308,17.798718,37.935897,47891.422584,0.392297,0,627,0,6389,16800,-
AODV,B_N40_pi025|AODV,17,40,39,0.25,512,5.0,0.85,1000.0,1000.0,300.0,16.0,0.0,0,0,0,3,200.0,30324,9739,0.321165,5.393908,25.853929,74.968481,65.029087,65673,3149344,59.884162,6.7433,0.0,0.0,0.0,0.0,0.0,0,0,0,0,0,0.0,0,4.794872,17.575641,38.305128,42102.914699,0.20027,0,495,0,5417,19425,-
AODV,B_N40_pi025|AODV,18,40,39,0.25,512,5.0,0.85,1000.0,1000.0,300.0,16.0,0.0,0,0,0,3,200.0,30324,14544,0.47962,8.055138,30.656154,38.523891,33.439879,99623,4816182,61.323264,6.849766,0.0,0.0,0.0,0.0,0.0,0,0,0,0,0,0.0,0,4.542308,17.075641,37.641026,45453.021689,0.516423,0,1220,0,9409,15016,-
AODV,B_N40_pi025|AODV,19,40,39,0.25,512,5.0,0.85,1000.0,1000.0,300.0,16.0,0.0,0,0,0,3,200.0,30324,11252,0.371059,6.231877,53.838191,83.132415,67.109744,179499,8788226,144.636443,15.952631,0.0,0.0,0.0,0.0,0.0,0,0,0,0,0,0.0,0,4.292308,17.108974,38.266667,42351.729677,0.300884,7,3122,0,28704,17938,-
AODV,B_N40_pi025|AODV,2,40,39,0.25,512,5.0,0.85,1000.0,1000.0,300.0,16.0,0.0,0,0,0,3,200.0,30324,11176,0.368553,6.189785,46.420889,107.304966,52.709838,108112,5252352,87.030939,9.673586,0.0,0.0,0.0,0.0,0.0,0,0,0,0,0,0.0,0,5.25641,18.221795,37.553846,46473.394556,0.360836,0,1726,0,19338,17917,-
AODV,B_N40_pi025|AODV,20,40,39,0.25,512,5.0,0.85,1000.0,1000.0,300.0,16.0,0.0,0,0,0,3,200.0,30324,12038,0.396979,6.6672,58.169424,81.510522,58.079457,116561,5669408,87.214684,9.682755,0.0,0.0,0.0,0.0,0.0,0,0,0,0,0,0.0,0,4.580769,18.165385,38.025641,47717.008467,0.325188,24,1261,0,16016,17284,-
AODV,B_N40_pi025|AODV,3,40,39,0.25,512,5.0,0.85,1000.0,1000.0,300.0,16.0,0.0,0,0,0,3,200.0,30324,10441,0.344315,5.782708,99.680023,105.134939,81.249724,212037,10304800,182.769495,20.308112,0.0,0.0,0.0,0.0,0.0,0,0,0,0,0,0.0,0,5.241026,20.371795,38.325641,47166.525338,0.221574,1,2422,0,32023,18802,-
AODV,B_N40_pi025|AODV,4,40,39,0.25,512,5.0,0.85,1000.0,1000.0,300.0,16.0,0.0,0,0,0,3,200.0,30324,11484,0.37871,6.360369,27.041243,44.469949,35.920609,89474,4314250,69.569417,7.791188,0.0,0.0,0.0,0.0,0.0,0,0,0,0,0,0.0,0,4.730769,17.823077,38.138462,44585.861062,0.373203,0,1278,0,9693,17850,-
AODV,B_N40_pi025|AODV,5,40,39,0.25,512,5.0,0.85,1000.0,1000.0,300.0,16.0,0.0,0,0,0,3,200.0,30324,9893,0.326243,5.4792,57.312989,151.827047,119.601893,125038,6096326,114.115967,12.639038,0.0,0.0,0.0,0.0,0.0,0,0,0,0,0,0.0,0,5.14359,18.726923,38.091026,40699.174161,0.246768,0,2748,0,14057,19192,-
AODV,B_N40_pi025|AODV,6,40,39,0.25,512,5.0,0.85,1000.0,1000.0,300.0,16.0,0.0,0,0,0,3,200.0,30324,12928,0.426329,7.160123,74.120052,87.403818,66.238792,172833,8424480,120.675193,13.368889,0.0,0.0,0.0,0.0,0.0,0,0,0,0,0,0.0,0,4.673077,17.975641,37.770513,43873.434179,0.60767,12,2553,0,22878,16314,-
AODV,B_N40_pi025|AODV,7,40,39,0.25,512,5.0,0.85,1000.0,1000.0,300.0,16.0,0.0,0,0,0,3,200.0,30324,9487,0.312855,5.254338,49.620495,65.21814,48.496867,127393,6175300,120.541169,13.428165,0.0,0.0,0.0,0.0,0.0,0,0,0,0,0,0.0,0,4.529487,18.334615,38.108974,51157.007543,0.253595,4,1433,0,15520,19676,-
AODV,B_N40_pi025|AODV,8,40,39,0.25,512,5.0,0.85,1000.0,1000.0,300.0,16.0,0.0,0,0,0,3,200.0,30324,12311,0.405982,6.997832,29.389316,56.341823,38.147621,73922,3546996,53.354814,6.004549,0.0,0.0,0.0,0.0,0.0,0,0,0,0,0,0.0,0,4.987179,17.914103,37.753846,47125.491912,0.268962,0,717,0,6912,17373,-
AODV,B_N40_pi025|AODV,9,40,39,0.25,512,5.0,0.85,1000.0,1000.0,300.0,16.0,0.0,0,0,0,3,200.0,30324,11779,0.388438,6.523754,59.804912,80.761408,66.835074,215993,10551382,165.885018,18.337125,0.0,0.0,0.0,0.0,0.0,0,0,0,0,0,0.0,0,4.867949,17.034615,38.008974,44543.640661,0.46478,13,3730,0,28789,17391,-
AOMDV,B_N40_pi025|AOMDV,1,40,39,0.25,512,5.0,0.85,1000.0,1000.0,300.0,16.0,0.0,0,0,0,3,200.0,30324,17004,0.560744,9.4176,53.909009,56.432121,53.346268,101878,5592464,60.905756,5.991414,0.0,0.0,0.0,0.0,0.0,0,0,0,0,0,0.0,0,5.021795,18.353846,37.830769,46973.135287,1.023546,0,2763,0,7748,12773,HelloInterval=+1e+09ns;ActiveRouteTimeout=+3e+09ns;MaxPaths=3;
AOMDV,B_N40_pi025|AOMDV,10,40,39,0.25,512,5.0,0.85,1000.0,1000.0,300.0,16.0,0.0,0,0,0,3,200.0,30324,22628,0.746208,12.532431,26.764305,28.813253,31.072889,40689,2243720,18.36237,1.79817,0.0,0.0,0.0,0.0,0.0,0,0,0,0,0,0.0,0,4.180769,16.15,37.582051,44499.101968,1.289968,0,550,0,1680,6974,HelloInterval=+1e+09ns;ActiveRouteTimeout=+3e+09ns;MaxPaths=3;
AOMDV,B_N40_pi025|AOMDV,11,40,39,0.25,512,5.0,0.85,1000.0,1000.0,300.0,16.0,0.0,0,0,0,3,200.0,30324,22079,0.728103,12.228369,32.283543,35.750725,36.518469,51011,2814184,23.603659,2.310385,0.0,0.0,0.0,0.0,0.0,0,0,0,0,0,0.0,0,4.919231,17.382051,37.766667,43624.080201,1.396847,0,705,0,2421,7856,HelloInterval=+1e+09ns;ActiveRouteTimeout=+3e+09ns;MaxPaths=3;
AOMDV,B_N40_pi025|AOMDV,12,40,39,0.25,512,5.0,0.85,1000.0,1000.0,300.0,16.0,0.0,0,0,0,3,200.0,30324,20703,0.682727,11.466277,49.419293,51.782318,49.339126,80434,4421504,39.549681,3.885137,0.0,0.0,0.0,0.0,0.0,0,0,0,0,0,0.0,0,5.139744,19.394872,38.239744,49553.615743,1.083828,0,2066,0,7474,8868,HelloInterval=+1e+09ns;ActiveRouteTimeout=+3e+09ns;MaxPaths=3;
AOMDV,B_N40_pi025|AOMDV,13,40,39,0.25,512,5.0,0.85,1000.0,1000.0,300.0,16.0,0.0,0,0,0,3,200.0,30324,18473,0.609187,10.2312,64.371072,69.538682,68.25412,98294,5406112,54.19433,5.320955,0.0,0.0,0.0,0.0,0.0,0,0,0,0,0,0.0,0,5.116667,19.062821,38.3,48813.335603,1.05095,0,2581,0,7469,11192,HelloInterval=+1e+09ns;ActiveRouteTimeout=+3e+09ns;MaxPaths=3;
AOMDV,B_N40_pi025|AOMDV,14,40,39,0.25,512,5.0,0.85,1000.0,1000.0,300.0,16.0,0.0,0,0,0,3,200.0,30324,14832,0.489118,8.214646,67.015699,76.712395,67.181501,90758,4995760,62.374645,6.119067,0.0,0.0,0.0,0.0,0.0,0,0,0,0,0,0.0,0,4.50641,16.624359,37.552564,46582.542217,0.97342,0,2351,0,6179,14842,HelloInterval=+1e+09ns;ActiveRouteTimeout=+3e+09ns;MaxPaths=3;
AOMDV,B_N40_pi025|AOMDV,15,40,39,0.25,512,5.0,0.85,1000.0,1000.0,300.0,16.0,0.0,0,0,0,3,200.0,30324,16718,0.551312,9.2592,68.311262,77.801275,60.877311,107010,5882864,65.164449,6.400885,0.0,0.0,0.0,0.0,0.0,0,0,0,0,0,0.0,0,4.205128,17.779487,37.776923,46198.242591,0.821,0,2782,0,9343,12807,HelloInterval=+1e+09ns;ActiveRouteTimeout=+3e+09ns;MaxPaths=3;
AOMDV,B_N40_pi025|AOMDV,16,40,39,0.25,512,5.0,0.85,1000.0,1000.0,300.0,16.0,0.0,0,0,0,3,200.0,30324,12932,0.426461,7.162338,38.772062,44.321065,40.332281,75863,4183640,59.909384,5.866301,0.0,0.0,0.0,0.0,0.0,0,0,0,0,0,0.0,0,4.392308,17.798718,37.935897,47891.422584,0.759333,0,1660,0,4421,16681,HelloInterval=+1e+09ns;ActiveRouteTimeout=+3e+09ns;MaxPaths=3;
AOMDV,B_N40_pi025|AOMDV,17,40,39,0.25,512,5.0,0.85,1000.0,1000.0,300.0,16.0,0.0,0,0,0,3,200.0,30324,17041,0.561964,9.438092,55.374154,63.374826,58.831084,86945,4779880,51.943135,5.102107,0.0,0.0,0.0,0.0,0.0,0,0,0,0,0,0.0,0,4.794872,17.575641,38.305128,42102.914699,1.053951,0,2084,0,5485,12797,HelloInterval=+1e+09ns;ActiveRouteTimeout=+3e+09ns;MaxPaths=3;
AOMDV,B_N40_pi025|AOMDV,18,40,39,0.25,512,5.0,0.85,1000.0,1000.0,300.0,16.0,0.0,0,0,0,3,200.0,30324,18535,0.611232,10.265538,41.584543,43.63502,43.811415,70784,3890880,38.874202,3.818937,0.0,0.0,0.0,0.0,0.0,0,0,0,0,0,0.0,0,4.542308,17.075641,37.641026,45453.021689,1.079046,0,1892,0,4175,11421,HelloInterval=+1e+09ns;ActiveRouteTimeout=+3e+09ns;MaxPaths=3;
AOMDV,B_N40_pi025|AOMDV,19,40,39,0.25,512,5.0,0.85,1000.0,1000.0,300.0,16.0,0.0,0,0,0,3,200.0,30324,19658,0.648265,10.887508,44.570101,48.456906,47.910091,81699,4492728,42.323058,4.156018,0.0,0.0,0.0,0.0,0.0,0,0,0,0,0,0.0,0,4.292308,17.108974,38.266667,42351.729677,1.114958,0,1877,0,5421,10067,HelloInterval=+1e+09ns;ActiveRouteTimeout=+3e+09ns;MaxPaths=3;
AOMDV,B_N40_pi025|AOMDV,2,40,39,0.25,512,5.0,0.85,1000.0,1000.0,300.0,16.0,0.0,0,0,0,3,200.0,30324,15176,0.500462,8.405169,111.608417,119.540569,103.400912,144039,7896808,96.360823,9.491236,0.0,0.0,0.0,0.0,0.0,0,0,0,0,0,0.0,0,5.25641,18.221795,37.553846,46473.394556,1.008211,0,5131,0,12477,14551,HelloInterval=+1e+09ns;ActiveRouteTimeout=+3e+09ns;MaxPaths=3;
AOMDV,B_N40_pi025|AOMDV,20,40,39,0.25,512,5.0,0.85,1000.0,1000.0,300.0,16.0,0.0,0,0,0,3,200.0,30324,17706,0.583894,9.8064,38.425007,42.758522,39.727966,67697,3727928,38.990005,3.823393,0.0,0.0,0.0,0.0,0.0,0,0,0,0,0,0.0,0,4.580769,18.165385,38.025641,47717.008467,0.93454,0,1498,0,4614,11987,HelloInterval=+1e+09ns;ActiveRouteTimeout=+3e+09ns;MaxPaths=3;
AOMDV,B_N40_pi025|AOMDV,3,40,39,0.25,512,5.0,0.85,1000.0,1000.0,300.0,16.0,0.0,0,0,0,3,200.0,30324,20802,0.685991,11.521108,43.534627,46.320047,43.172412,55598,3064832,27.283986,2.672724,0.0,0.0,0.0,0.0,0.0,0,0,0,0,0,0.0,0,5.241026,20.371795,38.325641,47166.525338,0.863771,0,1089,0,4166,9061,HelloInterval=+1e+09ns;ActiveRouteTimeout=+3e+09ns;MaxPaths=3;
AOMDV,B_N40_pi025|AOMDV,4,40,39,0.25,512,5.0,0.85,1000.0,1000.0,300.0,16.0,0.0,0,0,0,3,200.0,30324,11535,0.380392,6.388615,94.991592,110.095927,95.779385,154465,8491992,136.332129,13.390984,0.0,0.0,0.0,0.0,0.0,0,0,0,0,0,0.0,0,4.730769,17.823077,38.138462,44585.861062,0.666898,0,4324,0,13778,18031,HelloInterval=+1e+09ns;ActiveRouteTimeout=+3e+09ns;MaxPaths=3;
AOMDV,B_N40_pi025|AOMDV,5,40,39,0.25,512,5.0,0.85,1000.0,1000.0,300.0,16.0,0.0,0,0,0,3,200.0,30324,14851,0.489744,8.225169,55.379288,64.198713,52.430494,90338,4983760,62.14521,6.082957,0.0,0.0,0.0,0.0,0.0,0,0,0,0,0,0.0,0,5.14359,18.726923,38.091026,40699.174161,0.802401,0,3279,0,5254,14494,HelloInterval=+1e+09ns;ActiveRouteTimeout=+3e+09ns;MaxPaths=3;
AOMDV,B_N40_pi025|AOMDV,6,40,39,0.25,512,5.0,0.85,1000.0,1000.0,300.0,16.0,0.0,0,0,0,3,200.0,30324,14778,0.487337,8.184738,65.830602,72.161786,64.697495,103436,5685616,71.247249,6.999323,0.0,0.0,0.0,0.0,0.0,0,0,0,0,0,0.0,0,4.673077,17.975641,37.770513,43873.434179,0.927549,0,2762,0,8119,14781,HelloInterval=+1e+09ns;ActiveRouteTimeout=+3e+09ns;MaxPaths=3;
AOMDV,B_N40_pi025|AOMDV,7,40,39,0.25,512,5.0,0.85,1000.0,1000.0,300.0,16.0,0.0,0,0,0,3,200.0,30324,17142,0.565295,9.494031,29.205544,32.006343,32.182925,40821,2252680,24.335723,2.381344,0.0,0.0,0.0,0.0,0.0,0,0,0,0,0,0.0,0,4.529487,18.334615,38.108974,51157.007543,0.918612,0,631,0,2973,12285,HelloInterval=+1e+09ns;ActiveRouteTimeout=+3e+09ns;MaxPaths=3;
AOMDV,B_N40_pi025|AOMDV,8,40,39,0.25,512,5.0,0.85,1000.0,1000.0,300.0,16.0,0.0,0,0,0,3,200.0,30324,22084,0.728268,12.231138,44.72769,47.066598,40.370524,66649,3664808,30.731215,3.017977,0.0,0.0,0.0,0.0,0.0,0,0,0,0,0,0.0,0,4.987179,17.914103,37.753846,47125.491912,1.216132,0,1468,0,4481,7558,HelloInterval=+1e+09ns;ActiveRouteTimeout=+3e+09ns;MaxPaths=3;
AOMDV,B_N40_pi025|AOMDV,9,40,39,0.25,512,5.0,0.85,1000.0,1000.0,300.0,16.0,0.0,0,0,0,3,200.0,30324,17843,0.588412,9.882277,49.916001,54.581812,49.346447,87212,4793776,49.752637,4.887743,0.0,0.0,0.0,0.0,0.0,0,0,0,0,0,0.0,0,4.867949,17.034615,38.008974,44543.640661,1.226157,0,2503,0,5594,11730,HelloInterval=+1e+09ns;ActiveRouteTimeout=+3e+09ns;MaxPaths=3;
PMAODV,B_N40_pi025|PMAODV,1,40,39,0.25,512,5.0,0.85,1000.0,1000.0,300.0,16.0,0.0,0,0,0,3,200.0,30324,6487,0.213923,3.5928,29.532292,79.988466,79.872577,88186,4319872,123.319916,13.594265,0.0,0.0,0.0,0.0,0.0,0,0,0,0,0,0.0,0,5.021795,18.353846,37.830769,46973.135287,0.097283,0,967,0,14803,22695,Policy=Probabilistic;MaxPaths=3;Alpha0=0.5;Gamma=0.9;Epsilon0=0.5;RewardW1=0.6;RewardW2=0.4;EpsilonDecayInterval=+1e+10ns;
PMAODV,B_N40_pi025|PMAODV,10,40,39,0.25,512,5.0,0.85,1000.0,1000.0,300.0,16.0,0.0,0,0,0,3,200.0,30324,6904,0.227674,3.823754,110.656111,191.546484,158.835693,238450,11751054,315.197148,34.537949,0.0,0.0,0.0,0.0,0.0,0,0,0,0,0,0.0,0,4.180769,16.15,37.582051,44499.101968,0.165842,0,2700,0,42180,22237,Policy=Probabilistic;MaxPaths=3;Alpha0=0.5;Gamma=0.9;Epsilon0=0.5;RewardW1=0.6;RewardW2=0.4;EpsilonDecayInterval=+1e+10ns;
PMAODV,B_N40_pi025|PMAODV,11,40,39,0.25,512,5.0,0.85,1000.0,1000.0,300.0,16.0,0.0,0,0,0,3,200.0,30324,9453,0.311733,5.373284,18.472084,82.307149,86.588972,69831,3387014,66.351932,7.387179,0.0,0.0,0.0,0.0,0.0,0,0,0,0,0,0.0,0,4.919231,17.382051,37.766667,43624.080201,0.172669,0,809,0,9269,19876,Policy=Probabilistic;MaxPaths=3;Alpha0=0.5;Gamma=0.9;Epsilon0=0.5;RewardW1=0.6;RewardW2=0.4;EpsilonDecayInterval=+1e+10ns;
PMAODV,B_N40_pi025|PMAODV,12,40,39,0.25,512,5.0,0.85,1000.0,1000.0,300.0,16.0,0.0,0,0,0,3,200.0,30324,5694,0.187772,3.1536,241.089777,276.878625,204.288915,356894,17558634,571.057058,62.67896,0.0,0.0,0.0,0.0,0.0,0,0,0,0,0,0.0,0,5.139744,19.394872,38.239744,49553.615743,0.180385,0,4176,0,86895,23346,Policy=Probabilistic;MaxPaths=3;Alpha0=0.5;Gamma=0.9;Epsilon0=0.5;RewardW1=0.6;RewardW2=0.4;EpsilonDecayInterval=+1e+10ns;
PMAODV,B_N40_pi025|PMAODV,13,40,39,0.25,512,5.0,0.85,1000.0,1000.0,300.0,16.0,0.0,0,0,0,3,200.0,30324,10623,0.350317,5.883508,78.361212,144.153381,117.783086,195240,9533550,166.193375,18.378989,0.0,0.0,0.0,0.0,0.0,0,0,0,0,0,0.0,0,5.116667,19.062821,38.3,48813.335603,0.346524,0,2163,0,43270,18946,Policy=Probabilistic;MaxPaths=3;Alpha0=0.5;Gamma=0.9;Epsilon0=0.5;RewardW1=0.6;RewardW2=0.4;EpsilonDecayInterval=+1e+10ns;
PMAODV,B_N40_pi025|PMAODV,14,40,39,0.25,512,5.0,0.85,1000.0,1000.0,300.0,16.0,0.0,0,0,0,3,200.0,30324,7424,0.244823,4.111754,52.125053,104.19782,87.031137,122706,5993522,149.503163,16.528287,0.0,0.0,0.0,0.0,0.0,0,0,0,0,0,0.0,0,4.50641,16.624359,37.552564,46582.542217,0.287561,0,1532,0,17435,21740,Policy=Probabilistic;MaxPaths=3;Alpha0=0.5;Gamma=0.9;Epsilon0=0.5;RewardW1=0.6;RewardW2=0.4;EpsilonDecayInterval=+1e+10ns;
PMAODV,B_N40_pi025|PMAODV,15,40,39,0.25,512,5.0,0.85,1000.0,1000.0,300.0,16.0,0.0,0,0,0,3,200.0,30324,8859,0.292145,4.906523,65.063859,103.179829,85.500724,242831,11996582,250.772013,27.410656,0.0,0.0,0.0,0.0,0.0,0,0,0,0,0,0.0,0,4.205128,17.779487,37.776923,46198.242591,0.206272,0,2855,0,58050,20247,Policy=Probabilistic;MaxPaths=3;Alpha0=0.5;Gamma=0.9;Epsilon0=0.5;RewardW1=0.6;RewardW2=0.4;EpsilonDecayInterval=+1e+10ns;
PMAODV,B_N40_pi025|PMAODV,16,40,39,0.25,512,5.0,0.85,1000.0,1000.0,300.0,16.0,0.0,0,0,0,3,200.0,30324,5760,0.189949,3.190154,143.814487,229.178757,189.392495,309354,15244362,490.109375,53.707292,0.0,0.0,0.0,0.0,0.0,0,0,0,0,0,0.0,0,4.392308,17.798718,37.935897,47891.422584,0.189553,0,3325,0,57528,23363,Policy=Probabilistic;MaxPaths=3;Alpha0=0.5;Gamma=0.9;Epsilon0=0.5;RewardW1=0.6;RewardW2=0.4;EpsilonDecayInterval=+1e+10ns;
PMAODV,B_N40_pi025|PMAODV,17,40,39,0.25,512,5.0,0.85,1000.0,1000.0,300.0,16.0,0.0,0,0,0,3,200.0,30324,8399,0.276975,4.651754,58.698878,87.684278,72.578172,208366,10243798,225.860177,24.80843,0.0,0.0,0.0,0.0,0.0,0,0,0,0,0,0.0,0,4.794872,17.575641,38.305128,42102.914699,0.312459,0,2550,0,41514,20978,Policy=Probabilistic;MaxPaths=3;Alpha0=0.5;Gamma=0.9;Epsilon0=0.5;RewardW1=0.6;RewardW2=0.4;EpsilonDecayInterval=+1e+10ns;
PMAODV,B_N40_pi025|PMAODV,18,40,39,0.25,512,5.0,0.85,1000.0,1000.0,300.0,16.0,0.0,0,0,0,3,200.0,30324,7265,0.239579,4.023692,130.161638,207.356077,172.995864,263338,12967240,330.535546,36.247488,0.0,0.0,0.0,0.0,0.0,0,0,0,0,0,0.0,0,4.542308,17.075641,37.641026,45453.021689,0.200402,0,2859,0,52486,22189,Policy=Probabilistic;MaxPaths=3;Alpha0=0.5;Gamma=0.9;Epsilon0=0.5;RewardW1=0.6;RewardW2=0.4;EpsilonDecayInterval=+1e+10ns;
PMAODV,B_N40_pi025|PMAODV,19,40,39,0.25,512,5.0,0.85,1000.0,1000.0,300.0,16.0,0.0,0,0,0,3,200.0,30324,7714,0.254386,4.272369,123.280375,188.395727,136.29929,333240,16442602,394.727288,43.199378,0.0,0.0,0.0,0.0,0.0,0,0,0,0,0,0.0,0,4.292308,17.108974,38.266667,42351.729677,0.218606,0,3821,0,72033,21387,Policy=Probabilistic;MaxPaths=3;Alpha0=0.5;Gamma=0.9;Epsilon0=0.5;RewardW1=0.6;RewardW2=0.4;EpsilonDecayInterval=+1e+10ns;
PMAODV,B_N40_pi025|PMAODV,2,40,39,0.25,512,5.0,0.85,1000.0,1000.0,300.0,16.0,0.0,0,0,0,3,200.0,30324,8035,0.264972,4.450154,88.419522,195.134183,116.011181,241270,11852016,273.15716,30.02738,0.0,0.0,0.0,0.0,0.0,0,0,0,0,0,0.0,0,5.25641,18.221795,37.553846,46473.394556,0.273348,0,3127,0,57468,21146,Policy=Probabilistic;MaxPaths=3;Alpha0=0.5;Gamma=0.9;Epsilon0=0.5;RewardW1=0.6;RewardW2=0.4;EpsilonDecayInterval=+1e+10ns;
PMAODV,B_N40_pi025|PMAODV,20,40,39,0.25,512,5.0,0.85,1000.0,1000.0,300.0,16.0,0.0,0,0,0,3,200.0,30324,6881,0.226916,3.811015,126.128127,165.212225,118.80849,278655,13726096,369.404103,40.496294,0.0,0.0,0.0,0.0,0.0,0,0,0,0,0,0.0,0,4.580769,18.165385,38.025641,47717.008467,0.21976,0,2833,0,60800,22243,Policy=Probabilistic;MaxPaths=3;Alpha0=0.5;Gamma=0.9;Epsilon0=0.5;RewardW1=0.6;RewardW2=0.4;EpsilonDecayInterval=+1e+10ns;
PMAODV,B_N40_pi025|PMAODV,3,40,39,0.25,512,5.0,0.85,1000.0,1000.0,300.0,16.0,0.0,0,0,0,3,200.0,30324,7165,0.236281,3.968308,70.239049,109.63804,88.232457,213732,10506718,271.554573,29.830007,0.0,0.0,0.0,0.0,0.0,0,0,0,0,0,0.0,0,5.241026,20.371795,38.325641,47166.525338,0.140384,0,1792,0,45137,22274,Policy=Probabilistic;MaxPaths=3;Alpha0=0.5;Gamma=0.9;Epsilon0=0.5;RewardW1=0.6;RewardW2=0.4;EpsilonDecayInterval=+1e+10ns;
PMAODV,B_N40_pi025|PMAODV,4,40,39,0.25,512,5.0,0.85,1000.0,1000.0,300.0,16.0,0.0,0,0,0,3,200.0,30324,5859,0.193213,3.244985,24.693148,71.598912,61.430188,88708,4337674,137.100693,15.140468,0.0,0.0,0.0,0.0,0.0,0,0,0,0,0,0.0,0,4.730769,17.823077,38.138462,44585.861062,0.10058,0,988,0,19083,23281,Policy=Probabilistic;MaxPaths=3;Alpha0=0.5;Gamma=0.9;Epsilon0=0.5;RewardW1=0.6;RewardW2=0.4;EpsilonDecayInterval=+1e+10ns;
PMAODV,B_N40_pi025|PMAODV,5,40,39,0.25,512,5.0,0.85,1000.0,1000.0,300.0,16.0,0.0,0,0,0,3,200.0,30324,8194,0.270215,4.783524,89.671609,128.188557,83.648858,222597,10999968,248.600331,27.165853,0.0,0.0,0.0,0.0,0.0,0,0,0,0,0,0.0,0,5.14359,18.726923,38.091026,40699.174161,0.276481,0,3742,0,52265,20879,Policy=Probabilistic;MaxPaths=3;Alpha0=0.5;Gamma=0.9;Epsilon0=0.5;RewardW1=0.6;RewardW2=0.4;EpsilonDecayInterval=+1e+10ns;
PMAODV,B_N40_pi025|PMAODV,6,40,39,0.25,512,5.0,0.85,1000.0,1000.0,300.0,16.0,0.0,0,0,0,3,200.0,30324,7093,0.233907,3.928431,87.278911,115.036254,104.14344,183544,8966288,234.09329,25.87678,0.0,0.0,0.0,0.0,0.0,0,0,0,0,0,0.0,0,4.673077,17.975641,37.770513,43873.434179,0.281394,1,2507,0,28391,22032,Policy=Probabilistic;MaxPaths=3;Alpha0=0.5;Gamma=0.9;Epsilon0=0.5;RewardW1=0.6;RewardW2=0.4;EpsilonDecayInterval=+1e+10ns;
PMAODV,B_N40_pi025|PMAODV,7,40,39,0.25,512,5.0,0.85,1000.0,1000.0,300.0,16.0,0.0,0,0,0,3,200.0,30324,4838,0.159544,2.679508,149.895253,261.770149,198.760819,295383,14504970,555.209912,61.054775,0.0,0.0,0.0,0.0,0.0,0,0,0,0,0,0.0,0,4.529487,18.334615,38.108974,51157.007543,0.140318,0,3213,0,56980,24118,Policy=Probabilistic;MaxPaths=3;Alpha0=0.5;Gamma=0.9;Epsilon0=0.5;RewardW1=0.6;RewardW2=0.4;EpsilonDecayInterval=+1e+10ns;
PMAODV,B_N40_pi025|PMAODV,8,40,39,0.25,512,5.0,0.85,1000.0,1000.0,300.0,16.0,0.0,0,0,0,3,200.0,30324,5609,0.184969,3.106523,83.440584,130.049663,91.855503,149902,7390920,244.016561,26.725263,0.0,0.0,0.0,0.0,0.0,0,0,0,0,0,0.0,0,4.987179,17.914103,37.753846,47125.491912,0.111694,0,1440,0,37023,23655,Policy=Probabilistic;MaxPaths=3;Alpha0=0.5;Gamma=0.9;Epsilon0=0.5;RewardW1=0.6;RewardW2=0.4;EpsilonDecayInterval=+1e+10ns;
PMAODV,B_N40_pi025|PMAODV,9,40,39,0.25,512,5.0,0.85,1000.0,1000.0,300.0,16.0,0.0,0,0,0,3,200.0,30324,10504,0.346392,5.8176,51.532466,84.119008,72.988149,177260,8656354,152.611245,16.875476,0.0,0.0,0.0,0.0,0.0,0,0,0,0,0,0.0,0,4.867949,17.034615,38.008974,44543.640661,0.361463,0,2168,0,32592,18641,Policy=Probabilistic;MaxPaths=3;Alpha0=0.5;Gamma=0.9;Epsilon0=0.5;RewardW1=0.6;RewardW2=0.4;EpsilonDecayInterval=+1e+10ns;
QLAODV,B_N40_pi025|QLAODV,1,40,39,0.25,512,5.0,0.85,1000.0,1000.0,300.0,16.0,0.0,0,0,0,3,200.0,30324,7410,0.244361,4.104,68.673817,168.829246,95.596198,145821,7807416,195.117109,19.678947,0.0,0.0,0.0,0.0,0.0,53743,20579,7093,0,5242,3.002289,4184,5.021795,18.353846,37.830769,46973.135287,0.166634,317,2719,0,25519,21919,QlAlpha=0.2;QlGamma=0.7;QlEpsilon0=0.5;QlEpsilonMin=0.1;QlEpsilonDecay=0.995;QlMaxRoutes=10;QlRrepWait=+3e+08ns;QlBufSampleInterval=+1e+08ns;QlBufWindow=+1e+09ns;QlFeedbackTimeout=+1e+09ns;QlDuplicateReplies=true;
QLAODV,B_N40_pi025|QLAODV,10,40,39,0.25,512,5.0,0.85,1000.0,1000.0,300.0,16.0,0.0,0,0,0,3,200.0,30324,12369,0.407895,6.850523,53.843948,86.549405,70.050055,125392,6695422,100.241973,10.137602,0.0,0.0,0.0,0.0,0.0,59526,16304,6937,0,4820,2.928423,3186,4.180769,16.15,37.582051,44499.101968,0.374918,104,2622,0,15833,17098,QlAlpha=0.2;QlGamma=0.7;QlEpsilon0=0.5;QlEpsilonMin=0.1;QlEpsilonDecay=0.995;QlMaxRoutes=10;QlRrepWait=+3e+08ns;QlBufSampleInterval=+1e+08ns;QlBufWindow=+1e+09ns;QlFeedbackTimeout=+1e+09ns;QlDuplicateReplies=true;
QLAODV,B_N40_pi025|QLAODV,11,40,39,0.25,512,5.0,0.85,1000.0,1000.0,300.0,16.0,0.0,0,0,0,3,200.0,30324,11050,0.364398,6.12,69.460362,76.855844,66.272736,169546,9073210,152.056477,15.343529,0.0,0.0,0.0,0.0,0.0,65075,26107,11264,0,5797,2.910298,4924,4.919231,17.382051,37.766667,43624.080201,0.272128,0,2979,0,26064,18405,QlAlpha=0.2;QlGamma=0.7;QlEpsilon0=0.5;QlEpsilonMin=0.1;QlEpsilonDecay=0.995;QlMaxRoutes=10;QlRrepWait=+3e+08ns;QlBufSampleInterval=+1e+08ns;QlBufWindow=+1e+09ns;QlFeedbackTimeout=+1e+09ns;QlDuplicateReplies=true;
QLAODV,B_N40_pi025|QLAODV,12,40,39,0.25,512,5.0,0.85,1000.0,1000.0,300.0,16.0,0.0,0,0,0,3,200.0,30324,12358,0.407532,6.844431,59.694736,88.795203,61.871276,180995,9695356,145.285345,14.645978,0.0,0.0,0.0,0.0,0.0,63862,27006,8322,0,6046,2.711049,5762,5.139744,19.394872,38.239744,49553.615743,0.297355,12,2861,0,34625,16841,QlAlpha=0.2;QlGamma=0.7;QlEpsilon0=0.5;QlEpsilonMin=0.1;QlEpsilonDecay=0.995;QlMaxRoutes=10;QlRrepWait=+3e+08ns;QlBufSampleInterval=+1e+08ns;QlBufWindow=+1e+09ns;QlFeedbackTimeout=+1e+09ns;QlDuplicateReplies=true;
QLAODV,B_N40_pi025|QLAODV,13,40,39,0.25,512,5.0,0.85,1000.0,1000.0,300.0,16.0,0.0,0,0,0,3,200.0,30324,9998,0.329706,5.537354,108.322641,153.320304,125.614608,195374,10467212,193.876034,19.541308,0.0,0.0,0.0,0.0,0.0,72539,28625,10629,0,6669,3.089969,6802,5.116667,19.062821,38.3,48813.335603,0.291518,193,2754,0,33616,19183,QlAlpha=0.2;QlGamma=0.7;QlEpsilon0=0.5;QlEpsilonMin=0.1;QlEpsilonDecay=0.995;QlMaxRoutes=10;QlRrepWait=+3e+08ns;QlBufSampleInterval=+1e+08ns;QlBufWindow=+1e+09ns;QlFeedbackTimeout=+1e+09ns;QlDuplicateReplies=true;
QLAODV,B_N40_pi025|QLAODV,14,40,39,0.25,512,5.0,0.85,1000.0,1000.0,300.0,16.0,0.0,0,0,0,3,200.0,30324,7724,0.254716,4.277908,56.067541,74.864072,64.549042,108589,5805182,139.180956,14.058648,0.0,0.0,0.0,0.0,0.0,47432,13485,7452,0,3981,3.278071,2831,4.50641,16.624359,37.552564,46582.542217,0.206635,335,1587,0,11814,21589,QlAlpha=0.2;QlGamma=0.7;QlEpsilon0=0.5;QlEpsilonMin=0.1;QlEpsilonDecay=0.995;QlMaxRoutes=10;QlRrepWait=+3e+08ns;QlBufSampleInterval=+1e+08ns;QlBufWindow=+1e+09ns;QlFeedbackTimeout=+1e+09ns;QlDuplicateReplies=true;
QLAODV,B_N40_pi025|QLAODV,15,40,39,0.25,512,5.0,0.85,1000.0,1000.0,300.0,16.0,0.0,0,0,0,3,200.0,30324,6276,0.206965,3.567411,121.03572,199.263962,152.959492,265196,14189796,418.696622,42.255577,0.0,0.0,0.0,0.0,0.0,96976,43987,17956,0,8455,2.641277,8765,4.205128,17.779487,37.776923,46198.242591,0.11486,161,3763,0,44020,22710,QlAlpha=0.2;QlGamma=0.7;QlEpsilon0=0.5;QlEpsilonMin=0.1;QlEpsilonDecay=0.995;QlMaxRoutes=10;QlRrepWait=+3e+08ns;QlBufSampleInterval=+1e+08ns;QlBufWindow=+1e+09ns;QlFeedbackTimeout=+1e+09ns;QlDuplicateReplies=true;
QLAODV,B_N40_pi025|QLAODV,16,40,39,0.25,512,5.0,0.85,1000.0,1000.0,300.0,16.0,0.0,0,0,0,3,200.0,30324,10469,0.345238,5.9508,55.288599,96.572583,79.993346,192154,10324906,182.63632,18.354571,0.0,0.0,0.0,0.0,0.0,73335,27138,10376,0,6424,2.879981,5498,4.392308,17.798718,37.935897,47891.422584,0.294123,21,2756,0,30154,18966,QlAlpha=0.2;QlGamma=0.7;QlEpsilon0=0.5;QlEpsilonMin=0.1;QlEpsilonDecay=0.995;QlMaxRoutes=10;QlRrepWait=+3e+08ns;QlBufSampleInterval=+1e+08ns;QlBufWindow=+1e+09ns;QlFeedbackTimeout=+1e+09ns;QlDuplicateReplies=true;
QLAODV,B_N40_pi025|QLAODV,17,40,39,0.25,512,5.0,0.85,1000.0,1000.0,300.0,16.0,0.0,0,0,0,3,200.0,30324,8450,0.278657,4.68,62.407303,91.610188,83.486206,135752,7284290,159.638177,16.065325,0.0,0.0,0.0,0.0,0.0,57015,20785,9000,0,4792,2.757513,4184,4.794872,17.575641,38.305128,42102.914699,0.199281,107,2077,0,21289,20823,QlAlpha=0.2;QlGamma=0.7;QlEpsilon0=0.5;QlEpsilonMin=0.1;QlEpsilonDecay=0.995;QlMaxRoutes=10;QlRrepWait=+3e+08ns;QlBufSampleInterval=+1e+08ns;QlBufWindow=+1e+09ns;QlFeedbackTimeout=+1e+09ns;QlDuplicateReplies=true;
QLAODV,B_N40_pi025|QLAODV,18,40,39,0.25,512,5.0,0.85,1000.0,1000.0,300.0,16.0,0.0,0,0,0,3,200.0,30324,6581,0.217023,3.644862,98.502107,156.426904,133.161297,198458,10618378,298.794453,30.156207,0.0,0.0,0.0,0.0,0.0,74070,32052,13349,0,7009,2.66914,6483,4.542308,17.075641,37.641026,45453.021689,0.142725,79,3807,0,31626,22977,QlAlpha=0.2;QlGamma=0.7;QlEpsilon0=0.5;QlEpsilonMin=0.1;QlEpsilonDecay=0.995;QlMaxRoutes=10;QlRrepWait=+3e+08ns;QlBufSampleInterval=+1e+08ns;QlBufWindow=+1e+09ns;QlFeedbackTimeout=+1e+09ns;QlDuplicateReplies=true;
QLAODV,B_N40_pi025|QLAODV,19,40,39,0.25,512,5.0,0.85,1000.0,1000.0,300.0,16.0,0.0,0,0,0,3,200.0,30324,11053,0.364497,6.121662,85.296106,160.71296,103.606857,200660,10732690,179.818618,18.154347,0.0,0.0,0.0,0.0,0.0,80262,27870,9479,0,7056,2.725057,6150,4.292308,17.108974,38.266667,42351.729677,0.253232,36,3346,0,32553,18233,QlAlpha=0.2;QlGamma=0.7;QlEpsilon0=0.5;QlEpsilonMin=0.1;QlEpsilonDecay=0.995;QlMaxRoutes=10;QlRrepWait=+3e+08ns;QlBufSampleInterval=+1e+08ns;QlBufWindow=+1e+09ns;QlFeedbackTimeout=+1e+09ns;QlDuplicateReplies=true;
QLAODV,B_N40_pi025|QLAODV,2,40,39,0.25,512,5.0,0.85,1000.0,1000.0,300.0,16.0,0.0,0,0,0,3,200.0,30324,9185,0.302895,5.087077,42.94434,88.950447,71.553647,100964,5445376,109.78802,10.99227,0.0,0.0,0.0,0.0,0.0,44148,14072,8779,0,3192,3.473058,2748,5.25641,18.221795,37.553846,46473.394556,0.257453,160,1099,0,13144,19998,QlAlpha=0.2;QlGamma=0.7;QlEpsilon0=0.5;QlEpsilonMin=0.1;QlEpsilonDecay=0.995;QlMaxRoutes=10;QlRrepWait=+3e+08ns;QlBufSampleInterval=+1e+08ns;QlBufWindow=+1e+09ns;QlFeedbackTimeout=+1e+09ns;QlDuplicateReplies=true;
QLAODV,B_N40_pi025|QLAODV,20,40,39,0.25,512,5.0,0.85,1000.0,1000.0,300.0,16.0,0.0,0,0,0,3,200.0,30324,6530,0.215341,3.616615,167.633697,255.983366,174.528104,306420,16420138,465.660995,46.924962,0.0,0.0,0.0,0.0,0.0,107225,53120,21764,0,10506,2.496954,10526,4.580769,18.165385,38.025641,47717.008467,0.185101,93,4884,0,50232,22721,QlAlpha=0.2;QlGamma=0.7;QlEpsilon0=0.5;QlEpsilonMin=0.1;QlEpsilonDecay=0.995;QlMaxRoutes=10;QlRrepWait=+3e+08ns;QlBufSampleInterval=+1e+08ns;QlBufWindow=+1e+09ns;QlFeedbackTimeout=+1e+09ns;QlDuplicateReplies=true;
QLAODV,B_N40_pi025|QLAODV,3,40,39,0.25,512,5.0,0.85,1000.0,1000.0,300.0,16.0,0.0,0,0,0,3,200.0,30324,6916,0.22807,3.8304,174.127898,172.749988,124.724007,327943,17585032,470.862841,47.418016,0.0,0.0,0.0,0.0,0.0,98947,65817,23325,0,10291,2.337479,13374,5.241026,20.371795,38.325641,47166.525338,0.169404,49,4953,0,69917,22219,QlAlpha=0.2;QlGamma=0.7;QlEpsilon0=0.5;QlEpsilonMin=0.1;QlEpsilonDecay=0.995;QlMaxRoutes=10;QlRrepWait=+3e+08ns;QlBufSampleInterval=+1e+08ns;QlBufWindow=+1e+09ns;QlFeedbackTimeout=+1e+09ns;QlDuplicateReplies=true;
QLAODV,B_N40_pi025|QLAODV,4,40,39,0.25,512,5.0,0.85,1000.0,1000.0,300.0,16.0,0.0,0,0,0,3,200.0,30324,5573,0.183782,3.167811,69.863097,162.818802,129.246535,135297,7239470,240.560307,24.277229,0.0,0.0,0.0,0.0,0.0,52686,22171,11499,0,4333,2.670667,4224,4.730769,17.823077,38.138462,44585.861062,0.134646,22,2466,0,21378,23510,QlAlpha=0.2;QlGamma=0.7;QlEpsilon0=0.5;QlEpsilonMin=0.1;QlEpsilonDecay=0.995;QlMaxRoutes=10;QlRrepWait=+3e+08ns;QlBufSampleInterval=+1e+08ns;QlBufWindow=+1e+09ns;QlFeedbackTimeout=+1e+09ns;QlDuplicateReplies=true;
QLAODV,B_N40_pi025|QLAODV,5,40,39,0.25,512,5.0,0.85,1000.0,1000.0,300.0,16.0,0.0,0,0,0,3,200.0,30324,9886,0.326012,5.475323,31.113369,130.891275,74.742222,132605,7122824,133.425195,13.413413,0.0,0.0,0.0,0.0,0.0,42401,16314,6197,0,3879,2.676205,3421,5.14359,18.726923,38.091026,40699.174161,0.284527,64,3684,0,25066,19294,QlAlpha=0.2;QlGamma=0.7;QlEpsilon0=0.5;QlEpsilonMin=0.1;QlEpsilonDecay=0.995;QlMaxRoutes=10;QlRrepWait=+3e+08ns;QlBufSampleInterval=+1e+08ns;QlBufWindow=+1e+09ns;QlFeedbackTimeout=+1e+09ns;QlDuplicateReplies=true;
QLAODV,B_N40_pi025|QLAODV,6,40,39,0.25,512,5.0,0.85,1000.0,1000.0,300.0,16.0,0.0,0,0,0,3,200.0,30324,8087,0.266686,4.478954,88.371618,126.067712,97.078177,192771,10313186,236.162886,23.837146,0.0,0.0,0.0,0.0,0.0,77880,28169,14533,0,7011,3.188561,5344,4.673077,17.975641,37.770513,43873.434179,0.307545,338,3679,0,22718,21137,QlAlpha=0.2;QlGamma=0.7;QlEpsilon0=0.5;QlEpsilonMin=0.1;QlEpsilonDecay=0.995;QlMaxRoutes=10;QlRrepWait=+3e+08ns;QlBufSampleInterval=+1e+08ns;QlBufWindow=+1e+09ns;QlFeedbackTimeout=+1e+09ns;QlDuplicateReplies=true;
QLAODV,B_N40_pi025|QLAODV,7,40,39,0.25,512,5.0,0.85,1000.0,1000.0,300.0,16.0,0.0,0,0,0,3,200.0,30324,8852,0.291914,4.902646,52.509209,93.940793,77.904624,145845,7805520,163.292665,16.475938,0.0,0.0,0.0,0.0,0.0,56995,23309,11854,0,4928,3.077719,4566,4.529487,18.334615,38.108974,51157.007543,0.198753,10,2249,0,19958,20595,QlAlpha=0.2;QlGamma=0.7;QlEpsilon0=0.5;QlEpsilonMin=0.1;QlEpsilonDecay=0.995;QlMaxRoutes=10;QlRrepWait=+3e+08ns;QlBufSampleInterval=+1e+08ns;QlBufWindow=+1e+09ns;QlFeedbackTimeout=+1e+09ns;QlDuplicateReplies=true;
QLAODV,B_N40_pi025|QLAODV,8,40,39,0.25,512,5.0,0.85,1000.0,1000.0,300.0,16.0,0.0,0,0,0,3,200.0,30324,8095,0.26695,4.483385,80.742967,160.42413,100.317538,176793,9495236,217.21767,21.839778,0.0,0.0,0.0,0.0,0.0,60434,31200,14181,0,5710,2.744834,7396,4.987179,17.914103,37.753846,47125.491912,0.196148,16,2395,0,34290,21231,QlAlpha=0.2;QlGamma=0.7;QlEpsilon0=0.5;QlEpsilonMin=0.1;QlEpsilonDecay=0.995;QlMaxRoutes=10;QlRrepWait=+3e+08ns;QlBufSampleInterval=+1e+08ns;QlBufWindow=+1e+09ns;QlFeedbackTimeout=+1e+09ns;QlDuplicateReplies=true;
QLAODV,B_N40_pi025|QLAODV,9,40,39,0.25,512,5.0,0.85,1000.0,1000.0,300.0,16.0,0.0,0,0,0,3,200.0,30324,6419,0.211681,3.555138,85.867117,264.630411,174.087258,191335,10258064,295.940408,29.807602,0.0,0.0,0.0,0.0,0.0,78129,29253,11599,0,6331,2.95372,5761,4.867949,17.034615,38.008974,44543.640661,0.101603,853,3154,0,31233,22865,QlAlpha=0.2;QlGamma=0.7;QlEpsilon0=0.5;QlEpsilonMin=0.1;QlEpsilonDecay=0.995;QlMaxRoutes=10;QlRrepWait=+3e+08ns;QlBufSampleInterval=+1e+08ns;QlBufWindow=+1e+09ns;QlFeedbackTimeout=+1e+09ns;QlDuplicateReplies=true;
QMAODV,B_N40_pi025|QMAODV,1,40,39,0.25,512,5.0,0.85,1000.0,1000.0,300.0,16.0,0.0,0,0,0,3,200.0,30324,5469,0.180352,3.028985,162.002731,284.274627,227.461615,325546,16015550,542.300712,59.52569,0.0,0.0,0.0,0.0,0.0,0,0,0,0,0,0.0,0,5.021795,18.353846,37.830769,46973.135287,0.186783,0,4554,0,59485,23776,Policy=QLearning;MaxPaths=3;Alpha0=0.5;Gamma=0.9;Epsilon0=0.5;RewardW1=0.6;RewardW2=0.4;EpsilonDecayInterval=+1e+10ns;
QMAODV,B_N40_pi025|QMAODV,10,40,39,0.25,512,5.0,0.85,1000.0,1000.0,300.0,16.0,0.0,0,0,0,3,200.0,30324,7657,0.252506,4.2408,89.580082,205.567594,160.129304,194810,9591062,231.960636,25.442079,0.0,0.0,0.0,0.0,0.0,0,0,0,0,0,0.0,0,4.180769,16.15,37.582051,44499.101968,0.195983,0,3306,0,36535,21541,Policy=QLearning;MaxPaths=3;Alpha0=0.5;Gamma=0.9;Epsilon0=0.5;RewardW1=0.6;RewardW2=0.4;EpsilonDecayInterval=+1e+10ns;
QMAODV,B_N40_pi025|QMAODV,11,40,39,0.25,512,5.0,0.85,1000.0,1000.0,300.0,16.0,0.0,0,0,0,3,200.0,30324,11128,0.36697,6.1632,106.301771,120.873617,92.362824,227263,11117362,185.008154,20.422628,0.0,0.0,0.0,0.0,0.0,0,0,0,0,0,0.0,0,4.919231,17.382051,37.766667,43624.080201,0.528756,0,3427,0,45585,18387,Policy=QLearning;MaxPaths=3;Alpha0=0.5;Gamma=0.9;Epsilon0=0.5;RewardW1=0.6;RewardW2=0.4;EpsilonDecayInterval=+1e+10ns;
QMAODV,B_N40_pi025|QMAODV,12,40,39,0.25,512,5.0,0.85,1000.0,1000.0,300.0,16.0,0.0,0,0,0,3,200.0,30324,8436,0.278195,4.672246,154.549644,159.172651,114.386815,290115,14248522,312.780368,34.390114,0.0,0.0,0.0,0.0,0.0,0,0,0,0,0,0.0,0,5.139744,19.394872,38.239744,49553.615743,0.276481,0,5037,0,60537,21042,Policy=QLearning;MaxPaths=3;Alpha0=0.5;Gamma=0.9;Epsilon0=0.5;RewardW1=0.6;RewardW2=0.4;EpsilonDecayInterval=+1e+10ns;
QMAODV,B_N40_pi025|QMAODV,13,40,39,0.25,512,5.0,0.85,1000.0,1000.0,300.0,16.0,0.0,0,0,0,3,200.0,30324,7790,0.256892,4.314462,173.908031,305.123882,194.883801,276453,13562444,322.408691,35.48819,0.0,0.0,0.0,0.0,0.0,0,0,0,0,0,0.0,0,5.116667,19.062821,38.3,48813.335603,0.257156,0,3525,0,65062,21414,Policy=QLearning;MaxPaths=3;Alpha0=0.5;Gamma=0.9;Epsilon0=0.5;RewardW1=0.6;RewardW2=0.4;EpsilonDecayInterval=+1e+10ns;
QMAODV,B_N40_pi025|QMAODV,14,40,39,0.25,512,5.0,0.85,1000.0,1000.0,300.0,16.0,0.0,0,0,0,3,200.0,30324,9224,0.304182,5.108677,33.271056,76.00448,46.941131,56647,2722162,54.651352,6.141262,0.0,0.0,0.0,0.0,0.0,0,0,0,0,0,0.0,0,4.50641,16.624359,37.552564,46582.542217,0.352163,0,526,0,3960,19980,Policy=QLearning;MaxPaths=3;Alpha0=0.5;Gamma=0.9;Epsilon0=0.5;RewardW1=0.6;RewardW2=0.4;EpsilonDecayInterval=+1e+10ns;
QMAODV,B_N40_pi025|QMAODV,15,40,39,0.25,512,5.0,0.85,1000.0,1000.0,300.0,16.0,0.0,0,0,0,3,200.0,30324,4818,0.158884,2.738653,220.211608,381.444165,260.274128,354760,17532650,673.88689,73.632213,0.0,0.0,0.0,0.0,0.0,0,0,0,0,0,0.0,0,4.205128,17.779487,37.776923,46198.242591,0.129007,0,5617,0,81861,24314,Policy=QLearning;MaxPaths=3;Alpha0=0.5;Gamma=0.9;Epsilon0=0.5;RewardW1=0.6;RewardW2=0.4;EpsilonDecayInterval=+1e+10ns;
QMAODV,B_N40_pi025|QMAODV,16,40,39,0.25,512,5.0,0.85,1000.0,1000.0,300.0,16.0,0.0,0,0,0,3,200.0,30324,9485,0.312789,5.253231,84.009714,163.050228,118.749274,251169,12410004,242.292977,26.480654,0.0,0.0,0.0,0.0,0.0,0,0,0,0,0,0.0,0,4.392308,17.798718,37.935897,47891.422584,0.441202,0,3939,0,52539,19855,Policy=QLearning;MaxPaths=3;Alpha0=0.5;Gamma=0.9;Epsilon0=0.5;RewardW1=0.6;RewardW2=0.4;EpsilonDecayInterval=+1e+10ns;
QMAODV,B_N40_pi025|QMAODV,17,40,39,0.25,512,5.0,0.85,1000.0,1000.0,300.0,16.0,0.0,0,0,0,3,200.0,30324,5184,0.170954,2.871138,125.376995,222.946562,188.2691,226231,11120368,397.246799,43.640239,0.0,0.0,0.0,0.0,0.0,0,0,0,0,0,0.0,0,4.794872,17.575641,38.305128,42102.914699,0.148265,0,2879,0,42745,23887,Policy=QLearning;MaxPaths=3;Alpha0=0.5;Gamma=0.9;Epsilon0=0.5;RewardW1=0.6;RewardW2=0.4;EpsilonDecayInterval=+1e+10ns;
QMAODV,B_N40_pi025|QMAODV,18,40,39,0.25,512,5.0,0.85,1000.0,1000.0,300.0,16.0,0.0,0,0,0,3,200.0,30324,5973,0.196973,3.308123,94.50936,189.506734,144.907305,195495,9617988,298.193352,32.729784,0.0,0.0,0.0,0.0,0.0,0,0,0,0,0,0.0,0,4.542308,17.075641,37.641026,45453.021689,0.162083,0,2634,0,36262,23311,Policy=QLearning;MaxPaths=3;Alpha0=0.5;Gamma=0.9;Epsilon0=0.5;RewardW1=0.6;RewardW2=0.4;EpsilonDecayInterval=+1e+10ns;
QMAODV,B_N40_pi025|QMAODV,19,40,39,0.25,512,5.0,0.85,1000.0,1000.0,300.0,16.0,0.0,0,0,0,3,200.0,30324,8367,0.27592,4.634031,128.688277,186.489034,119.833666,282542,13916190,308.004329,33.768615,0.0,0.0,0.0,0.0,0.0,0,0,0,0,0,0.0,0,4.292308,17.108974,38.266667,42351.729677,0.250396,0,4309,0,63197,20911,Policy=QLearning;MaxPaths=3;Alpha0=0.5;Gamma=0.9;Epsilon0=0.5;RewardW1=0.6;RewardW2=0.4;EpsilonDecayInterval=+1e+10ns;
QMAODV,B_N40_pi025|QMAODV,2,40,39,0.25,512,5.0,0.85,1000.0,1000.0,300.0,16.0,0.0,0,0,0,3,200.0,30324,4413,0.145528,2.444123,146.548683,313.938659,239.349893,353351,17458472,732.619617,80.070474,0.0,0.0,0.0,0.0,0.0,0,0,0,0,0,0.0,0,5.25641,18.221795,37.553846,46473.394556,0.174713,0,6344,0,79993,24754,Policy=QLearning;MaxPaths=3;Alpha0=0.5;Gamma=0.9;Epsilon0=0.5;RewardW1=0.6;RewardW2=0.4;EpsilonDecayInterval=+1e+10ns;
QMAODV,B_N40_pi025|QMAODV,20,40,39,0.25,512,5.0,0.85,1000.0,1000.0,300.0,16.0,0.0,0,0,0,3,200.0,30324,7865,0.259366,4.356,138.46958,165.172939,107.754126,291952,14457658,340.41247,37.120407,0.0,0.0,0.0,0.0,0.0,0,0,0,0,0,0.0,0,4.580769,18.165385,38.025641,47717.008467,0.342171,0,3864,0,72684,21364,Policy=QLearning;MaxPaths=3;Alpha0=0.5;Gamma=0.9;Epsilon0=0.5;RewardW1=0.6;RewardW2=0.4;EpsilonDecayInterval=+1e+10ns;
QMAODV,B_N40_pi025|QMAODV,3,40,39,0.25,512,5.0,0.85,1000.0,1000.0,300.0,16.0,0.0,0,0,0,3,200.0,30324,4679,0.1543,2.591446,317.39689,476.346413,299.343661,406825,20043688,793.287898,86.946997,0.0,0.0,0.0,0.0,0.0,0,0,0,0,0,0.0,0,5.241026,20.371795,38.325641,47166.525338,0.125709,0,5137,0,91528,24463,Policy=QLearning;MaxPaths=3;Alpha0=0.5;Gamma=0.9;Epsilon0=0.5;RewardW1=0.6;RewardW2=0.4;EpsilonDecayInterval=+1e+10ns;
QMAODV,B_N40_pi025|QMAODV,4,40,39,0.25,512,5.0,0.85,1000.0,1000.0,300.0,16.0,0.0,0,0,0,3,200.0,30324,4539,0.149683,2.580063,128.870101,388.712533,255.86154,218837,10720842,437.396147,48.212602,0.0,0.0,0.0,0.0,0.0,0,0,0,0,0,0.0,0,4.730769,17.823077,38.138462,44585.861062,0.130919,0,2863,0,41950,24629,Policy=QLearning;MaxPaths=3;Alpha0=0.5;Gamma=0.9;Epsilon0=0.5;RewardW1=0.6;RewardW2=0.4;EpsilonDecayInterval=+1e+10ns;
QMAODV,B_N40_pi025|QMAODV,5,40,39,0.25,512,5.0,0.85,1000.0,1000.0,300.0,16.0,0.0,0,0,0,3,200.0,30324,6183,0.203898,3.424431,219.39393,420.873308,304.256634,333702,16444316,492.518794,53.970888,0.0,0.0,0.0,0.0,0.0,0,0,0,0,0,0.0,0,5.14359,18.726923,38.091026,40699.174161,0.246274,0,6655,0,68181,23002,Policy=QLearning;MaxPaths=3;Alpha0=0.5;Gamma=0.9;Epsilon0=0.5;RewardW1=0.6;RewardW2=0.4;EpsilonDecayInterval=+1e+10ns;
QMAODV,B_N40_pi025|QMAODV,6,40,39,0.25,512,5.0,0.85,1000.0,1000.0,300.0,16.0,0.0,0,0,0,3,200.0,30324,6859,0.22619,3.798831,144.257583,153.346445,116.13965,318222,15680922,423.367028,46.39481,0.0,0.0,0.0,0.0,0.0,0,0,0,0,0,0.0,0,4.673077,17.975641,37.770513,43873.434179,0.295047,231,5481,0,67621,22537,Policy=QLearning;MaxPaths=3;Alpha0=0.5;Gamma=0.9;Epsilon0=0.5;RewardW1=0.6;RewardW2=0.4;EpsilonDecayInterval=+1e+10ns;
QMAODV,B_N40_pi025|QMAODV,7,40,39,0.25,512,5.0,0.85,1000.0,1000.0,300.0,16.0,0.0,0,0,0,3,200.0,30324,7929,0.261476,4.391446,128.161583,154.912432,115.115795,275777,13513948,315.624034,34.780805,0.0,0.0,0.0,0.0,0.0,0,0,0,0,0,0.0,0,4.529487,18.334615,38.108974,51157.007543,0.377259,25,3938,0,51278,21387,Policy=QLearning;MaxPaths=3;Alpha0=0.5;Gamma=0.9;Epsilon0=0.5;RewardW1=0.6;RewardW2=0.4;EpsilonDecayInterval=+1e+10ns;
QMAODV,B_N40_pi025|QMAODV,8,40,39,0.25,512,5.0,0.85,1000.0,1000.0,300.0,16.0,0.0,0,0,0,3,200.0,30324,7111,0.234501,3.9384,69.762855,137.750757,99.628986,116198,5691648,148.222316,16.340599,0.0,0.0,0.0,0.0,0.0,0,0,0,0,0,0.0,0,4.987179,17.914103,37.753846,47125.491912,0.141802,0,1154,0,24807,22178,Policy=QLearning;MaxPaths=3;Alpha0=0.5;Gamma=0.9;Epsilon0=0.5;RewardW1=0.6;RewardW2=0.4;EpsilonDecayInterval=+1e+10ns;
QMAODV,B_N40_pi025|QMAODV,9,40,39,0.25,512,5.0,0.85,1000.0,1000.0,300.0,16.0,0.0,0,0,0,3,200.0,30324,6951,0.229224,3.849785,183.412419,245.95348,186.898977,387913,19035924,507.145894,55.80679,0.0,0.0,0.0,0.0,0.0,0,0,0,0,0,0.0,0,4.867949,17.034615,38.008974,44543.640661,0.324924,0,6533,0,78746,22381,Policy=QLearning;MaxPaths=3;Alpha0=0.5;Gamma=0.9;Epsilon0=0.5;RewardW1=0.6;RewardW2=0.4;EpsilonDecayInterval=+1e+10ns;
QSQMAODV,B_N40_pi025|QSQ_FULL,1,40,39,0.25,512,5.0,0.85,1000.0,1000.0,300.0,16.0,0.0,0,0,0,3,200.0,30324,7111,0.234501,3.9384,67.052032,133.486093,112.442753,238044,11715774,305.103048,33.475461,0.210724,0.34369,1.0,0.047671,0.224442,32192,5348,0,6010,0,0.0,0,5.021795,18.353846,37.830769,46973.135287,0.183914,0,3299,0,47613,22252,Policy=QLearning;MaxPaths=3;Alpha0=0.5;Gamma=0.9;Epsilon0=0.5;RewardW1=0.6;RewardW2=0.4;HopByHop=false;QueueRewardWeight=0.1;FailurePenalty=0.5;QueueAwareSelect=true;QueueSelectBeta=0.5;QueueDrivenExploration=true;ExplorationFloor=0.01;AckSilenceDecay=true;AckSilenceThreshold=+1.5e+10ns;DecayFactor=0.92;DecayMinTx=3;DecayInterval=+1e+10ns;QueueRefPackets=20;EpsilonDecayInterval=+1e+10ns;
QSQMAODV,B_N40_pi025|QSQ_FULL,10,40,39,0.25,512,5.0,0.85,1000.0,1000.0,300.0,16.0,0.0,0,0,0,3,200.0,30324,10113,0.333498,5.601046,66.941625,140.828639,101.391836,201892,9900708,181.29778,19.963611,0.135816,0.241485,1.0,0.032548,0.165001,36215,3295,0,4240,0,0.0,0,4.180769,16.15,37.582051,44499.101968,0.280141,0,2865,0,32385,19230,Policy=QLearning;MaxPaths=3;Alpha0=0.5;Gamma=0.9;Epsilon0=0.5;RewardW1=0.6;RewardW2=0.4;HopByHop=false;QueueRewardWeight=0.1;FailurePenalty=0.5;QueueAwareSelect=true;QueueSelectBeta=0.5;QueueDrivenExploration=true;ExplorationFloor=0.01;AckSilenceDecay=true;AckSilenceThreshold=+1.5e+10ns;DecayFactor=0.92;DecayMinTx=3;DecayInterval=+1e+10ns;QueueRefPackets=20;EpsilonDecayInterval=+1e+10ns;
QSQMAODV,B_N40_pi025|QSQ_FULL,11,40,39,0.25,512,5.0,0.85,1000.0,1000.0,300.0,16.0,0.0,0,0,0,3,200.0,30324,9752,0.321593,5.401108,107.438501,113.844246,75.283848,259098,12718164,241.511029,26.568704,0.158989,0.30908,1.0,0.0396,0.227851,51039,4721,0,4531,0,0.0,0,4.919231,17.382051,37.766667,43624.080201,0.267973,258,3083,0,51216,19556,Policy=QLearning;MaxPaths=3;Alpha0=0.5;Gamma=0.9;Epsilon0=0.5;RewardW1=0.6;RewardW2=0.4;HopByHop=false;QueueRewardWeight=0.1;FailurePenalty=0.5;QueueAwareSelect=true;QueueSelectBeta=0.5;QueueDrivenExploration=true;ExplorationFloor=0.01;AckSilenceDecay=true;AckSilenceThreshold=+1.5e+10ns;DecayFactor=0.92;DecayMinTx=3;DecayInterval=+1e+10ns;QueueRefPackets=20;EpsilonDecayInterval=+1e+10ns;
QSQMAODV,B_N40_pi025|QSQ_FULL,12,40,39,0.25,512,5.0,0.85,1000.0,1000.0,300.0,16.0,0.0,0,0,0,3,200.0,30324,6268,0.206701,3.471508,218.114223,307.445975,222.053053,376954,18489170,546.254048,60.139438,0.367958,0.620771,1.0,0.080431,0.386697,26381,7847,0,3965,0,0.0,0,5.139744,19.394872,38.239744,49553.615743,0.143945,0,4534,0,71111,22833,Policy=QLearning;MaxPaths=3;Alpha0=0.5;Gamma=0.9;Epsilon0=0.5;RewardW1=0.6;RewardW2=0.4;HopByHop=false;QueueRewardWeight=0.1;FailurePenalty=0.5;QueueAwareSelect=true;QueueSelectBeta=0.5;QueueDrivenExploration=true;ExplorationFloor=0.01;AckSilenceDecay=true;AckSilenceThreshold=+1.5e+10ns;DecayFactor=0.92;DecayMinTx=3;DecayInterval=+1e+10ns;QueueRefPackets=20;EpsilonDecayInterval=+1e+10ns;
QSQMAODV,B_N40_pi025|QSQ_FULL,13,40,39,0.25,512,5.0,0.85,1000.0,1000.0,300.0,16.0,0.0,0,0,0,3,200.0,30324,9505,0.313448,6.038471,62.393797,127.615963,85.295852,155058,7543092,146.961482,16.313309,0.1165,0.216272,1.0,0.027417,0.142071,36363,3179,0,4203,0,0.0,0,5.116667,19.062821,38.3,48813.335603,0.191037,9,1769,0,28540,19707,Policy=QLearning;MaxPaths=3;Alpha0=0.5;Gamma=0.9;Epsilon0=0.5;RewardW1=0.6;RewardW2=0.4;HopByHop=false;QueueRewardWeight=0.1;FailurePenalty=0.5;QueueAwareSelect=true;QueueSelectBeta=0.5;QueueDrivenExploration=true;ExplorationFloor=0.01;AckSilenceDecay=true;AckSilenceThreshold=+1.5e+10ns;DecayFactor=0.92;DecayMinTx=3;DecayInterval=+1e+10ns;QueueRefPackets=20;EpsilonDecayInterval=+1e+10ns;
QSQMAODV,B_N40_pi025|QSQ_FULL,14,40,39,0.25,512,5.0,0.85,1000.0,1000.0,300.0,16.0,0.0,0,0,0,3,200.0,30324,7753,0.255672,4.406968,51.560924,77.823465,50.791159,148377,7278454,173.850361,19.138011,0.100027,0.182984,1.0,0.021233,0.1134,35818,2482,0,3207,0,0.0,0,4.50641,16.624359,37.552564,46582.542217,0.226751,0,1751,0,24708,21700,Policy=QLearning;MaxPaths=3;Alpha0=0.5;Gamma=0.9;Epsilon0=0.5;RewardW1=0.6;RewardW2=0.4;HopByHop=false;QueueRewardWeight=0.1;FailurePenalty=0.5;QueueAwareSelect=true;QueueSelectBeta=0.5;QueueDrivenExploration=true;ExplorationFloor=0.01;AckSilenceDecay=true;AckSilenceThreshold=+1.5e+10ns;DecayFactor=0.92;DecayMinTx=3;DecayInterval=+1e+10ns;QueueRefPackets=20;EpsilonDecayInterval=+1e+10ns;
QSQMAODV,B_N40_pi025|QSQ_FULL,15,40,39,0.25,512,5.0,0.85,1000.0,1000.0,300.0,16.0,0.0,0,0,0,3,200.0,30324,7416,0.244559,4.107323,70.233038,129.482217,82.732532,262004,12946324,323.283092,35.329558,0.263251,0.389623,1.0,0.05786,0.262573,30113,5990,0,4021,0,0.0,0,4.205128,17.779487,37.776923,46198.242591,0.149815,0,3708,0,61993,21644,Policy=QLearning;MaxPaths=3;Alpha0=0.5;Gamma=0.9;Epsilon0=0.5;RewardW1=0.6;RewardW2=0.4;HopByHop=false;QueueRewardWeight=0.1;FailurePenalty=0.5;QueueAwareSelect=true;QueueSelectBeta=0.5;QueueDrivenExploration=true;ExplorationFloor=0.01;AckSilenceDecay=true;AckSilenceThreshold=+1.5e+10ns;DecayFactor=0.92;DecayMinTx=3;DecayInterval=+1e+10ns;QueueRefPackets=20;EpsilonDecayInterval=+1e+10ns;
QSQMAODV,B_N40_pi025|QSQ_FULL,16,40,39,0.25,512,5.0,0.85,1000.0,1000.0,300.0,16.0,0.0,0,0,0,3,200.0,30324,7936,0.261707,4.510989,86.446659,128.85314,77.729824,295349,14575430,340.115134,37.216356,0.275687,0.446995,1.0,0.060109,0.278775,30871,5432,0,3650,0,0.0,0,4.392308,17.798718,37.935897,47891.422584,0.210164,2,4113,0,60246,21266,Policy=QLearning;MaxPaths=3;Alpha0=0.5;Gamma=0.9;Epsilon0=0.5;RewardW1=0.6;RewardW2=0.4;HopByHop=false;QueueRewardWeight=0.1;FailurePenalty=0.5;QueueAwareSelect=true;QueueSelectBeta=0.5;QueueDrivenExploration=true;ExplorationFloor=0.01;AckSilenceDecay=true;AckSilenceThreshold=+1.5e+10ns;DecayFactor=0.92;DecayMinTx=3;DecayInterval=+1e+10ns;QueueRefPackets=20;EpsilonDecayInterval=+1e+10ns;
QSQMAODV,B_N40_pi025|QSQ_FULL,17,40,39,0.25,512,5.0,0.85,1000.0,1000.0,300.0,16.0,0.0,0,0,0,3,200.0,30324,7585,0.250132,4.311474,66.980035,98.633093,65.595865,164599,8117948,198.196929,21.700593,0.143829,0.214574,1.0,0.033276,0.152031,29758,3583,0,4491,0,0.0,0,4.794872,17.575641,38.305128,42102.914699,0.173658,0,2504,0,37178,21844,Policy=QLearning;MaxPaths=3;Alpha0=0.5;Gamma=0.9;Epsilon0=0.5;RewardW1=0.6;RewardW2=0.4;HopByHop=false;QueueRewardWeight=0.1;FailurePenalty=0.5;QueueAwareSelect=true;QueueSelectBeta=0.5;QueueDrivenExploration=true;ExplorationFloor=0.01;AckSilenceDecay=true;AckSilenceThreshold=+1.5e+10ns;DecayFactor=0.92;DecayMinTx=3;DecayInterval=+1e+10ns;QueueRefPackets=20;EpsilonDecayInterval=+1e+10ns;
QSQMAODV,B_N40_pi025|QSQ_FULL,18,40,39,0.25,512,5.0,0.85,1000.0,1000.0,300.0,16.0,0.0,0,0,0,3,200.0,30324,8909,0.293794,4.934215,90.713638,190.700685,109.492361,261737,12880136,267.730427,29.378943,0.209102,0.328755,1.0,0.055314,0.234446,33382,5134,0,4035,0,0.0,0,4.542308,17.075641,37.641026,45453.021689,0.286011,0,4312,0,52615,20544,Policy=QLearning;MaxPaths=3;Alpha0=0.5;Gamma=0.9;Epsilon0=0.5;RewardW1=0.6;RewardW2=0.4;HopByHop=false;QueueRewardWeight=0.1;FailurePenalty=0.5;QueueAwareSelect=true;QueueSelectBeta=0.5;QueueDrivenExploration=true;ExplorationFloor=0.01;AckSilenceDecay=true;AckSilenceThreshold=+1.5e+10ns;DecayFactor=0.92;DecayMinTx=3;DecayInterval=+1e+10ns;QueueRefPackets=20;EpsilonDecayInterval=+1e+10ns;
QSQMAODV,B_N40_pi025|QSQ_FULL,19,40,39,0.25,512,5.0,0.85,1000.0,1000.0,300.0,16.0,0.0,0,0,0,3,200.0,30324,9162,0.302137,5.348627,96.555436,130.205592,96.372281,301037,14848488,300.122244,32.857127,0.288553,0.438451,1.0,0.068988,0.307699,28751,5976,0,3850,0,0.0,0,4.292308,17.108974,38.266667,42351.729677,0.195654,0,4170,0,67915,20061,Policy=QLearning;MaxPaths=3;Alpha0=0.5;Gamma=0.9;Epsilon0=0.5;RewardW1=0.6;RewardW2=0.4;HopByHop=false;QueueRewardWeight=0.1;FailurePenalty=0.5;QueueAwareSelect=true;QueueSelectBeta=0.5;QueueDrivenExploration=true;ExplorationFloor=0.01;AckSilenceDecay=true;AckSilenceThreshold=+1.5e+10ns;DecayFactor=0.92;DecayMinTx=3;DecayInterval=+1e+10ns;QueueRefPackets=20;EpsilonDecayInterval=+1e+10ns;
QSQMAODV,B_N40_pi025|QSQ_FULL,2,40,39,0.25,512,5.0,0.85,1000.0,1000.0,300.0,16.0,0.0,0,0,0,3,200.0,30324,10099,0.333037,5.593292,36.776941,59.005453,35.560895,107528,5228370,95.872529,10.647391,0.082532,0.148806,1.0,0.018441,0.095778,36789,1992,0,4016,0,0.0,0,5.25641,18.221795,37.553846,46473.394556,0.312591,0,1013,0,20614,19116,Policy=QLearning;MaxPaths=3;Alpha0=0.5;Gamma=0.9;Epsilon0=0.5;RewardW1=0.6;RewardW2=0.4;HopByHop=false;QueueRewardWeight=0.1;FailurePenalty=0.5;QueueAwareSelect=true;QueueSelectBeta=0.5;QueueDrivenExploration=true;ExplorationFloor=0.01;AckSilenceDecay=true;AckSilenceThreshold=+1.5e+10ns;DecayFactor=0.92;DecayMinTx=3;DecayInterval=+1e+10ns;QueueRefPackets=20;EpsilonDecayInterval=+1e+10ns;
QSQMAODV,B_N40_pi025|QSQ_FULL,20,40,39,0.25,512,5.0,0.85,1000.0,1000.0,300.0,16.0,0.0,0,0,0,3,200.0,30324,10064,0.331882,5.573908,10.130658,27.091683,24.576323,38319,1816704,33.428723,3.807532,0.009718,0.045359,1.0,0.00269,0.026489,37186,528,0,1967,0,0.0,0,4.580769,18.165385,38.025641,47717.008467,0.140285,0,150,0,1752,19318,Policy=QLearning;MaxPaths=3;Alpha0=0.5;Gamma=0.9;Epsilon0=0.5;RewardW1=0.6;RewardW2=0.4;HopByHop=false;QueueRewardWeight=0.1;FailurePenalty=0.5;QueueAwareSelect=true;QueueSelectBeta=0.5;QueueDrivenExploration=true;ExplorationFloor=0.01;AckSilenceDecay=true;AckSilenceThreshold=+1.5e+10ns;DecayFactor=0.92;DecayMinTx=3;DecayInterval=+1e+10ns;QueueRefPackets=20;EpsilonDecayInterval=+1e+10ns;
QSQMAODV,B_N40_pi025|QSQ_FULL,3,40,39,0.25,512,5.0,0.85,1000.0,1000.0,300.0,16.0,0.0,0,0,0,3,200.0,30324,5739,0.189256,3.178523,190.03527,189.698841,121.285871,359476,17754854,572.910947,62.637393,0.411053,0.599419,1.0,0.081597,0.390363,22086,8800,0,4941,0,0.0,0,5.241026,20.371795,38.325641,47166.525338,0.109121,0,4408,0,93187,23444,Policy=QLearning;MaxPaths=3;Alpha0=0.5;Gamma=0.9;Epsilon0=0.5;RewardW1=0.6;RewardW2=0.4;HopByHop=false;QueueRewardWeight=0.1;FailurePenalty=0.5;QueueAwareSelect=true;QueueSelectBeta=0.5;QueueDrivenExploration=true;ExplorationFloor=0.01;AckSilenceDecay=true;AckSilenceThreshold=+1.5e+10ns;DecayFactor=0.92;DecayMinTx=3;DecayInterval=+1e+10ns;QueueRefPackets=20;EpsilonDecayInterval=+1e+10ns;
QSQMAODV,B_N40_pi025|QSQ_FULL,4,40,39,0.25,512,5.0,0.85,1000.0,1000.0,300.0,16.0,0.0,0,0,0,3,200.0,30324,5033,0.165974,3.0198,99.362773,282.13064,174.140711,227682,11177070,411.251297,45.23783,0.168279,0.275442,1.0,0.03961,0.182382,36549,4012,0,5049,0,0.0,0,4.730769,17.823077,38.138462,44585.861062,0.106055,0,2926,0,41929,24120,Policy=QLearning;MaxPaths=3;Alpha0=0.5;Gamma=0.9;Epsilon0=0.5;RewardW1=0.6;RewardW2=0.4;HopByHop=false;QueueRewardWeight=0.1;FailurePenalty=0.5;QueueAwareSelect=true;QueueSelectBeta=0.5;QueueDrivenExploration=true;ExplorationFloor=0.01;AckSilenceDecay=true;AckSilenceThreshold=+1.5e+10ns;DecayFactor=0.92;DecayMinTx=3;DecayInterval=+1e+10ns;QueueRefPackets=20;EpsilonDecayInterval=+1e+10ns;
QSQMAODV,B_N40_pi025|QSQ_FULL,5,40,39,0.25,512,5.0,0.85,1000.0,1000.0,300.0,16.0,0.0,0,0,0,3,200.0,30324,8522,0.281032,5.413976,68.944473,135.444604,56.344908,240925,11868744,257.910767,28.270946,0.216346,0.342849,1.0,0.047945,0.226524,29064,4165,0,3802,0,0.0,0,5.14359,18.726923,38.091026,40699.174161,0.185365,0,4444,0,49093,20644,Policy=QLearning;MaxPaths=3;Alpha0=0.5;Gamma=0.9;Epsilon0=0.5;RewardW1=0.6;RewardW2=0.4;HopByHop=false;QueueRewardWeight=0.1;FailurePenalty=0.5;QueueAwareSelect=true;QueueSelectBeta=0.5;QueueDrivenExploration=true;ExplorationFloor=0.01;AckSilenceDecay=true;AckSilenceThreshold=+1.5e+10ns;DecayFactor=0.92;DecayMinTx=3;DecayInterval=+1e+10ns;QueueRefPackets=20;EpsilonDecayInterval=+1e+10ns;
QSQMAODV,B_N40_pi025|QSQ_FULL,6,40,39,0.25,512,5.0,0.85,1000.0,1000.0,300.0,16.0,0.0,0,0,0,3,200.0,30324,5254,0.173262,2.986484,205.692345,294.619296,196.169248,390915,19237508,678.055097,74.403312,0.399069,0.656372,1.0,0.150693,0.45699,34767,7744,0,3886,0,0.0,0,4.673077,17.975641,37.770513,43873.434179,0.144803,87,5626,0,72377,23823,Policy=QLearning;MaxPaths=3;Alpha0=0.5;Gamma=0.9;Epsilon0=0.5;RewardW1=0.6;RewardW2=0.4;HopByHop=false;QueueRewardWeight=0.1;FailurePenalty=0.5;QueueAwareSelect=true;QueueSelectBeta=0.5;QueueDrivenExploration=true;ExplorationFloor=0.01;AckSilenceDecay=true;AckSilenceThreshold=+1.5e+10ns;DecayFactor=0.92;DecayMinTx=3;DecayInterval=+1e+10ns;QueueRefPackets=20;EpsilonDecayInterval=+1e+10ns;
QSQMAODV,B_N40_pi025|QSQ_FULL,7,40,39,0.25,512,5.0,0.85,1000.0,1000.0,300.0,16.0,0.0,0,0,0,3,200.0,30324,10166,0.335246,5.778568,51.242893,142.582071,67.212512,209504,10340806,188.369474,20.608302,0.167404,0.259824,1.0,0.036173,0.17793,37553,4572,0,2735,0,0.0,0,4.529487,18.334615,38.108974,51157.007543,0.296333,0,2582,0,50580,19065,Policy=QLearning;MaxPaths=3;Alpha0=0.5;Gamma=0.9;Epsilon0=0.5;RewardW1=0.6;RewardW2=0.4;HopByHop=false;QueueRewardWeight=0.1;FailurePenalty=0.5;QueueAwareSelect=true;QueueSelectBeta=0.5;QueueDrivenExploration=true;ExplorationFloor=0.01;AckSilenceDecay=true;AckSilenceThreshold=+1.5e+10ns;DecayFactor=0.92;DecayMinTx=3;DecayInterval=+1e+10ns;QueueRefPackets=20;EpsilonDecayInterval=+1e+10ns;
QSQMAODV,B_N40_pi025|QSQ_FULL,8,40,39,0.25,512,5.0,0.85,1000.0,1000.0,300.0,16.0,0.0,0,0,0,3,200.0,30324,7391,0.243734,4.093477,76.132793,114.921907,80.746893,159530,7822386,195.993776,21.584359,0.122023,0.206644,1.0,0.023518,0.123111,30750,3291,0,4971,0,0.0,0,4.987179,17.914103,37.753846,47125.491912,0.1173,0,1481,0,29091,21848,Policy=QLearning;MaxPaths=3;Alpha0=0.5;Gamma=0.9;Epsilon0=0.5;RewardW1=0.6;RewardW2=0.4;HopByHop=false;QueueRewardWeight=0.1;FailurePenalty=0.5;QueueAwareSelect=true;QueueSelectBeta=0.5;QueueDrivenExploration=true;ExplorationFloor=0.01;AckSilenceDecay=true;AckSilenceThreshold=+1.5e+10ns;DecayFactor=0.92;DecayMinTx=3;DecayInterval=+1e+10ns;QueueRefPackets=20;EpsilonDecayInterval=+1e+10ns;
QSQMAODV,B_N40_pi025|QSQ_FULL,9,40,39,0.25,512,5.0,0.85,1000.0,1000.0,300.0,16.0,0.0,0,0,0,3,200.0,30324,8182,0.269819,4.531569,123.395838,256.001733,187.061994,357131,17543782,397.072662,43.648374,0.324519,0.515864,1.0,0.085962,0.364575,31055,6645,0,3797,0,0.0,0,4.867949,17.034615,38.008974,44543.640661,0.224509,0,5581,0,73171,21006,Policy=QLearning;MaxPaths=3;Alpha0=0.5;Gamma=0.9;Epsilon0=0.5;RewardW1=0.6;RewardW2=0.4;HopByHop=false;QueueRewardWeight=0.1;FailurePenalty=0.5;QueueAwareSelect=true;QueueSelectBeta=0.5;QueueDrivenExploration=true;ExplorationFloor=0.01;AckSilenceDecay=true;AckSilenceThreshold=+1.5e+10ns;DecayFactor=0.92;DecayMinTx=3;DecayInterval=+1e+10ns;QueueRefPackets=20;EpsilonDecayInterval=+1e+10ns;
QSQMAODV,B_N40_pi025|QSQ_hbh_queue,1,40,39,0.25,512,5.0,0.85,1000.0,1000.0,300.0,16.0,0.0,0,0,0,3,200.0,30324,6592,0.217386,3.650954,50.369097,227.529741,143.446782,201198,9923048,278.762361,30.521541,0.170765,0.269416,1.0,0.034378,0.191567,35261,5320,0,4280,0,0.0,0,5.021795,18.353846,37.830769,46973.135287,0.174185,0,3229,0,41261,22651,Policy=QLearning;MaxPaths=3;Alpha0=0.5;Gamma=0.9;Epsilon0=0.5;RewardW1=0.6;RewardW2=0.4;HopByHop=true;QueueRewardWeight=0.1;FailurePenalty=0.5;QueueAwareSelect=true;QueueSelectBeta=0.5;QueueDrivenExploration=true;ExplorationFloor=0.01;AckSilenceDecay=true;AckSilenceThreshold=+1.5e+10ns;DecayFactor=0.92;DecayMinTx=3;DecayInterval=+1e+10ns;QueueRefPackets=20;EpsilonDecayInterval=+1e+10ns;
QSQMAODV,B_N40_pi025|QSQ_hbh_queue,10,40,39,0.25,512,5.0,0.85,1000.0,1000.0,300.0,16.0,0.0,0,0,0,3,200.0,30324,7780,0.256562,4.308923,220.952689,374.905296,242.133055,370664,18218770,433.656336,47.643188,0.321636,0.557761,1.0,0.077225,0.407108,42900,8703,0,3087,0,0.0,0,4.180769,16.15,37.582051,44499.101968,0.301378,29,6015,0,63514,21657,Policy=QLearning;MaxPaths=3;Alpha0=0.5;Gamma=0.9;Epsilon0=0.5;RewardW1=0.6;RewardW2=0.4;HopByHop=true;QueueRewardWeight=0.1;FailurePenalty=0.5;QueueAwareSelect=true;QueueSelectBeta=0.5;QueueDrivenExploration=true;ExplorationFloor=0.01;AckSilenceDecay=true;AckSilenceThreshold=+1.5e+10ns;DecayFactor=0.92;DecayMinTx=3;DecayInterval=+1e+10ns;QueueRefPackets=20;EpsilonDecayInterval=+1e+10ns;
QSQMAODV,B_N40_pi025|QSQ_hbh_queue,11,40,39,0.25,512,5.0,0.85,1000.0,1000.0,300.0,16.0,0.0,0,0,0,3,200.0,30324,13581,0.447863,7.521785,43.522877,76.661627,57.949567,128728,6260036,85.359394,9.478536,0.123636,0.257066,1.0,0.070192,0.221111,62574,2755,0,3555,0,0.0,0,4.919231,17.382051,37.766667,43624.080201,0.415578,190,1997,0,20543,15775,Policy=QLearning;MaxPaths=3;Alpha0=0.5;Gamma=0.9;Epsilon0=0.5;RewardW1=0.6;RewardW2=0.4;HopByHop=true;QueueRewardWeight=0.1;FailurePenalty=0.5;QueueAwareSelect=true;QueueSelectBeta=0.5;QueueDrivenExploration=true;ExplorationFloor=0.01;AckSilenceDecay=true;AckSilenceThreshold=+1.5e+10ns;DecayFactor=0.92;DecayMinTx=3;DecayInterval=+1e+10ns;QueueRefPackets=20;EpsilonDecayInterval=+1e+10ns;
QSQMAODV,B_N40_pi025|QSQ_hbh_queue,12,40,39,0.25,512,5.0,0.85,1000.0,1000.0,300.0,16.0,0.0,0,0,0,3,200.0,30324,6664,0.21976,3.690831,217.004167,268.105742,171.31335,388026,19088104,530.437286,58.227191,0.42779,0.692439,1.0,0.090318,0.489912,28131,10732,0,3703,0,0.0,0,5.139744,19.394872,38.239744,49553.615743,0.164028,2,5550,0,80565,22501,Policy=QLearning;MaxPaths=3;Alpha0=0.5;Gamma=0.9;Epsilon0=0.5;RewardW1=0.6;RewardW2=0.4;HopByHop=true;QueueRewardWeight=0.1;FailurePenalty=0.5;QueueAwareSelect=true;QueueSelectBeta=0.5;QueueDrivenExploration=true;ExplorationFloor=0.01;AckSilenceDecay=true;AckSilenceThreshold=+1.5e+10ns;DecayFactor=0.92;DecayMinTx=3;DecayInterval=+1e+10ns;QueueRefPackets=20;EpsilonDecayInterval=+1e+10ns;
QSQMAODV,B_N40_pi025|QSQ_hbh_queue,13,40,39,0.25,512,5.0,0.85,1000.0,1000.0,300.0,16.0,0.0,0,0,0,3,200.0,30324,7385,0.243536,4.090154,179.775641,302.715406,196.745188,265655,13017784,326.432057,35.972241,0.240859,0.392204,1.0,0.053513,0.286903,37228,6375,0,3055,0,0.0,0,5.116667,19.062821,38.3,48813.335603,0.283043,2,3767,0,55531,21778,Policy=QLearning;MaxPaths=3;Alpha0=0.5;Gamma=0.9;Epsilon0=0.5;RewardW1=0.6;RewardW2=0.4;HopByHop=true;QueueRewardWeight=0.1;FailurePenalty=0.5;QueueAwareSelect=true;QueueSelectBeta=0.5;QueueDrivenExploration=true;ExplorationFloor=0.01;AckSilenceDecay=true;AckSilenceThreshold=+1.5e+10ns;DecayFactor=0.92;DecayMinTx=3;DecayInterval=+1e+10ns;QueueRefPackets=20;EpsilonDecayInterval=+1e+10ns;
QSQMAODV,B_N40_pi025|QSQ_hbh_queue,14,40,39,0.25,512,5.0,0.85,1000.0,1000.0,300.0,16.0,0.0,0,0,0,3,200.0,30324,8067,0.266027,4.467877,88.934892,114.320237,81.956727,178463,8726830,200.332172,22.122598,0.128092,0.254744,1.0,0.0333,0.186382,47899,3839,0,3677,0,0.0,0,4.50641,16.624359,37.552564,46582.542217,0.356945,17,2869,0,27641,21297,Policy=QLearning;MaxPaths=3;Alpha0=0.5;Gamma=0.9;Epsilon0=0.5;RewardW1=0.6;RewardW2=0.4;HopByHop=true;QueueRewardWeight=0.1;FailurePenalty=0.5;QueueAwareSelect=true;QueueSelectBeta=0.5;QueueDrivenExploration=true;ExplorationFloor=0.01;AckSilenceDecay=true;AckSilenceThreshold=+1.5e+10ns;DecayFactor=0.92;DecayMinTx=3;DecayInterval=+1e+10ns;QueueRefPackets=20;EpsilonDecayInterval=+1e+10ns;
QSQMAODV,B_N40_pi025|QSQ_hbh_queue,15,40,39,0.25,512,5.0,0.85,1000.0,1000.0,300.0,16.0,0.0,0,0,0,3,200.0,30324,5366,0.176956,2.971938,250.017283,440.739179,258.788839,417994,20647218,712.552905,77.896757,0.47101,0.718079,1.0,0.096023,0.518673,25985,11251,0,3665,0,0.0,0,4.205128,17.779487,37.776923,46198.242591,0.138405,1,5869,0,91960,23714,Policy=QLearning;MaxPaths=3;Alpha0=0.5;Gamma=0.9;Epsilon0=0.5;RewardW1=0.6;RewardW2=0.4;HopByHop=true;QueueRewardWeight=0.1;FailurePenalty=0.5;QueueAwareSelect=true;QueueSelectBeta=0.5;QueueDrivenExploration=true;ExplorationFloor=0.01;AckSilenceDecay=true;AckSilenceThreshold=+1.5e+10ns;DecayFactor=0.92;DecayMinTx=3;DecayInterval=+1e+10ns;QueueRefPackets=20;EpsilonDecayInterval=+1e+10ns;
QSQMAODV,B_N40_pi025|QSQ_hbh_queue,16,40,39,0.25,512,5.0,0.85,1000.0,1000.0,300.0,16.0,0.0,0,0,0,3,200.0,30324,6451,0.212736,3.572862,128.733743,180.477492,100.492147,260180,12850398,368.889061,40.331732,0.270087,0.403531,1.0,0.056776,0.289123,29030,6349,0,2991,0,0.0,0,4.392308,17.798718,37.935897,47891.422584,0.120828,0,3371,0,59554,22921,Policy=QLearning;MaxPaths=3;Alpha0=0.5;Gamma=0.9;Epsilon0=0.5;RewardW1=0.6;RewardW2=0.4;HopByHop=true;QueueRewardWeight=0.1;FailurePenalty=0.5;QueueAwareSelect=true;QueueSelectBeta=0.5;QueueDrivenExploration=true;ExplorationFloor=0.01;AckSilenceDecay=true;AckSilenceThreshold=+1.5e+10ns;DecayFactor=0.92;DecayMinTx=3;DecayInterval=+1e+10ns;QueueRefPackets=20;EpsilonDecayInterval=+1e+10ns;
QSQMAODV,B_N40_pi025|QSQ_hbh_queue,17,40,39,0.25,512,5.0,0.85,1000.0,1000.0,300.0,16.0,0.0,0,0,0,3,200.0,30324,7205,0.237601,4.095474,55.71929,137.369143,95.542956,141179,6934472,178.231989,19.594587,0.107819,0.181614,1.0,0.023985,0.130792,37907,3437,0,3532,0,0.0,0,4.794872,17.575641,38.305128,42102.914699,0.132865,0,2090,0,29577,21908,Policy=QLearning;MaxPaths=3;Alpha0=0.5;Gamma=0.9;Epsilon0=0.5;RewardW1=0.6;RewardW2=0.4;HopByHop=true;QueueRewardWeight=0.1;FailurePenalty=0.5;QueueAwareSelect=true;QueueSelectBeta=0.5;QueueDrivenExploration=true;ExplorationFloor=0.01;AckSilenceDecay=true;AckSilenceThreshold=+1.5e+10ns;DecayFactor=0.92;DecayMinTx=3;DecayInterval=+1e+10ns;QueueRefPackets=20;EpsilonDecayInterval=+1e+10ns;
QSQMAODV,B_N40_pi025|QSQ_hbh_queue,18,40,39,0.25,512,5.0,0.85,1000.0,1000.0,300.0,16.0,0.0,0,0,0,3,200.0,30324,6177,0.2037,3.421108,130.447451,226.65059,184.785086,215659,10572736,316.968443,34.913226,0.198761,0.332297,1.0,0.043075,0.239484,33762,5913,0,3613,0,0.0,0,4.542308,17.075641,37.641026,45453.021689,0.163435,0,3503,0,39659,23051,Policy=QLearning;MaxPaths=3;Alpha0=0.5;Gamma=0.9;Epsilon0=0.5;RewardW1=0.6;RewardW2=0.4;HopByHop=true;QueueRewardWeight=0.1;FailurePenalty=0.5;QueueAwareSelect=true;QueueSelectBeta=0.5;QueueDrivenExploration=true;ExplorationFloor=0.01;AckSilenceDecay=true;AckSilenceThreshold=+1.5e+10ns;DecayFactor=0.92;DecayMinTx=3;DecayInterval=+1e+10ns;QueueRefPackets=20;EpsilonDecayInterval=+1e+10ns;
QSQMAODV,B_N40_pi025|QSQ_hbh_queue,19,40,39,0.25,512,5.0,0.85,1000.0,1000.0,300.0,16.0,0.0,0,0,0,3,200.0,30324,9381,0.309359,5.195631,114.793566,225.086649,121.156125,279534,13800492,272.427957,29.797889,0.2813,0.442595,1.0,0.062104,0.327418,33758,7407,0,3368,0,0.0,0,4.292308,17.108974,38.266667,42351.729677,0.253759,4,3911,0,62871,19812,Policy=QLearning;MaxPaths=3;Alpha0=0.5;Gamma=0.9;Epsilon0=0.5;RewardW1=0.6;RewardW2=0.4;HopByHop=true;QueueRewardWeight=0.1;FailurePenalty=0.5;QueueAwareSelect=true;QueueSelectBeta=0.5;QueueDrivenExploration=true;ExplorationFloor=0.01;AckSilenceDecay=true;AckSilenceThreshold=+1.5e+10ns;DecayFactor=0.92;DecayMinTx=3;DecayInterval=+1e+10ns;QueueRefPackets=20;EpsilonDecayInterval=+1e+10ns;
QSQMAODV,B_N40_pi025|QSQ_hbh_queue,2,40,39,0.25,512,5.0,0.85,1000.0,1000.0,300.0,16.0,0.0,0,0,0,3,200.0,30324,4840,0.15961,2.680615,223.207266,263.95367,176.937029,454079,22469392,859.710438,93.817975,0.486581,0.713065,1.0,0.100669,0.529756,30180,10910,0,4254,0,0.0,0,5.25641,18.221795,37.553846,46473.394556,0.219925,2,7795,0,107794,24565,Policy=QLearning;MaxPaths=3;Alpha0=0.5;Gamma=0.9;Epsilon0=0.5;RewardW1=0.6;RewardW2=0.4;HopByHop=true;QueueRewardWeight=0.1;FailurePenalty=0.5;QueueAwareSelect=true;QueueSelectBeta=0.5;QueueDrivenExploration=true;ExplorationFloor=0.01;AckSilenceDecay=true;AckSilenceThreshold=+1.5e+10ns;DecayFactor=0.92;DecayMinTx=3;DecayInterval=+1e+10ns;QueueRefPackets=20;EpsilonDecayInterval=+1e+10ns;
QSQMAODV,B_N40_pi025|QSQ_hbh_queue,20,40,39,0.25,512,5.0,0.85,1000.0,1000.0,300.0,16.0,0.0,0,0,0,3,200.0,30324,9975,0.328947,5.524615,69.375709,126.890075,77.533005,170497,8370244,155.393001,17.092431,0.142385,0.238071,1.0,0.031282,0.169546,35649,3890,0,3953,0,0.0,0,4.580769,18.165385,38.025641,47717.008467,0.226487,0,2277,0,33206,19631,Policy=QLearning;MaxPaths=3;Alpha0=0.5;Gamma=0.9;Epsilon0=0.5;RewardW1=0.6;RewardW2=0.4;HopByHop=true;QueueRewardWeight=0.1;FailurePenalty=0.5;QueueAwareSelect=true;QueueSelectBeta=0.5;QueueDrivenExploration=true;ExplorationFloor=0.01;AckSilenceDecay=true;AckSilenceThreshold=+1.5e+10ns;DecayFactor=0.92;DecayMinTx=3;DecayInterval=+1e+10ns;QueueRefPackets=20;EpsilonDecayInterval=+1e+10ns;
QSQMAODV,B_N40_pi025|QSQ_hbh_queue,3,40,39,0.25,512,5.0,0.85,1000.0,1000.0,300.0,16.0,0.0,0,0,0,3,200.0,30324,8790,0.289869,4.996421,83.993119,172.541685,107.462424,208353,10259472,216.143598,23.703413,0.208196,0.299938,1.0,0.03947,0.216129,29315,6147,0,1775,0,0.0,0,5.241026,20.371795,38.325641,47166.525338,0.156048,0,2528,0,61750,20328,Policy=QLearning;MaxPaths=3;Alpha0=0.5;Gamma=0.9;Epsilon0=0.5;RewardW1=0.6;RewardW2=0.4;HopByHop=true;QueueRewardWeight=0.1;FailurePenalty=0.5;QueueAwareSelect=true;QueueSelectBeta=0.5;QueueDrivenExploration=true;ExplorationFloor=0.01;AckSilenceDecay=true;AckSilenceThreshold=+1.5e+10ns;DecayFactor=0.92;DecayMinTx=3;DecayInterval=+1e+10ns;QueueRefPackets=20;EpsilonDecayInterval=+1e+10ns;
QSQMAODV,B_N40_pi025|QSQ_hbh_queue,4,40,39,0.25,512,5.0,0.85,1000.0,1000.0,300.0,16.0,0.0,0,0,0,3,200.0,30324,5480,0.180715,3.035077,109.864771,281.664535,140.065067,245353,12074456,408.031089,44.772445,0.218166,0.341273,1.0,0.047299,0.250503,34504,6045,0,4680,0,0.0,0,4.730769,17.823077,38.138462,44585.861062,0.162446,0,4047,0,51864,23938,Policy=QLearning;MaxPaths=3;Alpha0=0.5;Gamma=0.9;Epsilon0=0.5;RewardW1=0.6;RewardW2=0.4;HopByHop=true;QueueRewardWeight=0.1;FailurePenalty=0.5;QueueAwareSelect=true;QueueSelectBeta=0.5;QueueDrivenExploration=true;ExplorationFloor=0.01;AckSilenceDecay=true;AckSilenceThreshold=+1.5e+10ns;DecayFactor=0.92;DecayMinTx=3;DecayInterval=+1e+10ns;QueueRefPackets=20;EpsilonDecayInterval=+1e+10ns;
QSQMAODV,B_N40_pi025|QSQ_hbh_queue,5,40,39,0.25,512,5.0,0.85,1000.0,1000.0,300.0,16.0,0.0,0,0,0,3,200.0,30324,7070,0.233149,3.915692,209.178437,291.813909,200.934936,363615,17926662,469.55477,51.430693,0.337151,0.541766,1.0,0.072507,0.387892,33837,8123,0,3188,0,0.0,0,5.14359,18.726923,38.091026,40699.174161,0.304808,16,6388,0,74333,22066,Policy=QLearning;MaxPaths=3;Alpha0=0.5;Gamma=0.9;Epsilon0=0.5;RewardW1=0.6;RewardW2=0.4;HopByHop=true;QueueRewardWeight=0.1;FailurePenalty=0.5;QueueAwareSelect=true;QueueSelectBeta=0.5;QueueDrivenExploration=true;ExplorationFloor=0.01;AckSilenceDecay=true;AckSilenceThreshold=+1.5e+10ns;DecayFactor=0.92;DecayMinTx=3;DecayInterval=+1e+10ns;QueueRefPackets=20;EpsilonDecayInterval=+1e+10ns;
QSQMAODV,B_N40_pi025|QSQ_hbh_queue,6,40,39,0.25,512,5.0,0.85,1000.0,1000.0,300.0,16.0,0.0,0,0,0,3,200.0,30324,10392,0.342699,5.755569,102.687346,116.5522,78.037035,252853,12442218,221.72002,24.331505,0.203905,0.35849,1.0,0.046329,0.260367,45692,6586,0,2450,0,0.0,0,4.673077,17.975641,37.770513,43873.434179,0.484534,50,3949,0,52764,18966,Policy=QLearning;MaxPaths=3;Alpha0=0.5;Gamma=0.9;Epsilon0=0.5;RewardW1=0.6;RewardW2=0.4;HopByHop=true;QueueRewardWeight=0.1;FailurePenalty=0.5;QueueAwareSelect=true;QueueSelectBeta=0.5;QueueDrivenExploration=true;ExplorationFloor=0.01;AckSilenceDecay=true;AckSilenceThreshold=+1.5e+10ns;DecayFactor=0.92;DecayMinTx=3;DecayInterval=+1e+10ns;QueueRefPackets=20;EpsilonDecayInterval=+1e+10ns;
QSQMAODV,B_N40_pi025|QSQ_hbh_queue,7,40,39,0.25,512,5.0,0.85,1000.0,1000.0,300.0,16.0,0.0,0,0,0,3,200.0,30324,9327,0.307578,5.301663,72.482667,161.346662,98.580291,213980,10533370,209.137351,22.941996,0.19085,0.294788,1.0,0.037342,0.20593,33235,5646,0,2047,0,0.0,0,4.529487,18.334615,38.108974,51157.007543,0.230478,0,2515,0,51070,20038,Policy=QLearning;MaxPaths=3;Alpha0=0.5;Gamma=0.9;Epsilon0=0.5;RewardW1=0.6;RewardW2=0.4;HopByHop=true;QueueRewardWeight=0.1;FailurePenalty=0.5;QueueAwareSelect=true;QueueSelectBeta=0.5;QueueDrivenExploration=true;ExplorationFloor=0.01;AckSilenceDecay=true;AckSilenceThreshold=+1.5e+10ns;DecayFactor=0.92;DecayMinTx=3;DecayInterval=+1e+10ns;QueueRefPackets=20;EpsilonDecayInterval=+1e+10ns;
QSQMAODV,B_N40_pi025|QSQ_hbh_queue,8,40,39,0.25,512,5.0,0.85,1000.0,1000.0,300.0,16.0,0.0,0,0,0,3,200.0,30324,6504,0.214484,3.602215,105.26221,161.500804,106.298146,188503,9255922,263.539303,28.982626,0.143034,0.24416,1.0,0.028315,0.168242,37883,4840,0,3766,0,0.0,0,4.987179,17.914103,37.753846,47125.491912,0.140516,0,2560,0,37637,22862,Policy=QLearning;MaxPaths=3;Alpha0=0.5;Gamma=0.9;Epsilon0=0.5;RewardW1=0.6;RewardW2=0.4;HopByHop=true;QueueRewardWeight=0.1;FailurePenalty=0.5;QueueAwareSelect=true;QueueSelectBeta=0.5;QueueDrivenExploration=true;ExplorationFloor=0.01;AckSilenceDecay=true;AckSilenceThreshold=+1.5e+10ns;DecayFactor=0.92;DecayMinTx=3;DecayInterval=+1e+10ns;QueueRefPackets=20;EpsilonDecayInterval=+1e+10ns;
QSQMAODV,B_N40_pi025|QSQ_hbh_queue,9,40,39,0.25,512,5.0,0.85,1000.0,1000.0,300.0,16.0,0.0,0,0,0,3,200.0,30324,9328,0.307611,5.302232,57.717548,176.794266,168.4493,154135,7501510,148.924584,16.523907,0.104296,0.195646,1.0,0.034358,0.153462,45473,3151,0,3160,0,0.0,0,4.867949,17.034615,38.008974,44543.640661,0.221673,13,2458,0,30061,19752,Policy=QLearning;MaxPaths=3;Alpha0=0.5;Gamma=0.9;Epsilon0=0.5;RewardW1=0.6;RewardW2=0.4;HopByHop=true;QueueRewardWeight=0.1;FailurePenalty=0.5;QueueAwareSelect=true;QueueSelectBeta=0.5;QueueDrivenExploration=true;ExplorationFloor=0.01;AckSilenceDecay=true;AckSilenceThreshold=+1.5e+10ns;DecayFactor=0.92;DecayMinTx=3;DecayInterval=+1e+10ns;QueueRefPackets=20;EpsilonDecayInterval=+1e+10ns;
QSQMAODV,B_N40_pi025|QSQ_src_only,1,40,39,0.25,512,5.0,0.85,1000.0,1000.0,300.0,16.0,0.0,0,0,0,3,200.0,30324,4121,0.135899,2.342463,239.985523,319.023283,217.510849,439672,21672794,973.909335,106.690609,0.453362,0.719193,1.0,0.108822,0.471225,25382,8939,0,0,0,0.0,0,5.021795,18.353846,37.830769,46973.135287,0.132469,3,5917,0,87396,25087,Policy=QLearning;MaxPaths=3;Alpha0=0.5;Gamma=0.9;Epsilon0=0.5;RewardW1=0.6;RewardW2=0.4;HopByHop=false;QueueRewardWeight=0;FailurePenalty=0;QueueAwareSelect=false;QueueSelectBeta=0.5;QueueDrivenExploration=false;ExplorationFloor=0.01;AckSilenceDecay=false;AckSilenceThreshold=+1.5e+10ns;DecayFactor=0.92;DecayMinTx=3;DecayInterval=+1e+10ns;QueueRefPackets=20;EpsilonDecayInterval=+1e+10ns;
QSQMAODV,B_N40_pi025|QSQ_src_only,10,40,39,0.25,512,5.0,0.85,1000.0,1000.0,300.0,16.0,0.0,0,0,0,3,200.0,30324,10941,0.360803,6.219095,99.895859,134.278053,89.145999,281779,13844664,234.332023,25.75441,0.235852,0.391409,1.0,0.06414,0.273709,34646,5095,0,0,0,0.0,0,4.180769,16.15,37.582051,44499.101968,0.323407,0,4107,0,52145,18436,Policy=QLearning;MaxPaths=3;Alpha0=0.5;Gamma=0.9;Epsilon0=0.5;RewardW1=0.6;RewardW2=0.4;HopByHop=false;QueueRewardWeight=0;FailurePenalty=0;QueueAwareSelect=false;QueueSelectBeta=0.5;QueueDrivenExploration=false;ExplorationFloor=0.01;AckSilenceDecay=false;AckSilenceThreshold=+1.5e+10ns;DecayFactor=0.92;DecayMinTx=3;DecayInterval=+1e+10ns;QueueRefPackets=20;EpsilonDecayInterval=+1e+10ns;
QSQMAODV,B_N40_pi025|QSQ_src_only,11,40,39,0.25,512,5.0,0.85,1000.0,1000.0,300.0,16.0,0.0,0,0,0,3,200.0,30324,11610,0.382865,6.430154,64.646358,121.207237,111.112415,170538,8326798,132.816506,14.688889,0.109387,0.201016,1.0,0.029029,0.139327,42779,3030,0,0,0,0.0,0,4.919231,17.382051,37.766667,43624.080201,0.310084,0,2046,0,31113,17766,Policy=QLearning;MaxPaths=3;Alpha0=0.5;Gamma=0.9;Epsilon0=0.5;RewardW1=0.6;RewardW2=0.4;HopByHop=false;QueueRewardWeight=0;FailurePenalty=0;QueueAwareSelect=false;QueueSelectBeta=0.5;QueueDrivenExploration=false;ExplorationFloor=0.01;AckSilenceDecay=false;AckSilenceThreshold=+1.5e+10ns;DecayFactor=0.92;DecayMinTx=3;DecayInterval=+1e+10ns;QueueRefPackets=20;EpsilonDecayInterval=+1e+10ns;
QSQMAODV,B_N40_pi025|QSQ_src_only,12,40,39,0.25,512,5.0,0.85,1000.0,1000.0,300.0,16.0,0.0,0,0,0,3,200.0,30324,5303,0.174878,2.937046,285.775051,327.423298,205.764165,430028,21190440,739.987848,81.091458,0.483944,0.743085,1.0,0.127061,0.509322,22121,9324,0,0,0,0.0,0,5.139744,19.394872,38.239744,49553.615743,0.129699,5,5940,0,96081,23843,Policy=QLearning;MaxPaths=3;Alpha0=0.5;Gamma=0.9;Epsilon0=0.5;RewardW1=0.6;RewardW2=0.4;HopByHop=false;QueueRewardWeight=0;FailurePenalty=0;QueueAwareSelect=false;QueueSelectBeta=0.5;QueueDrivenExploration=false;ExplorationFloor=0.01;AckSilenceDecay=false;AckSilenceThreshold=+1.5e+10ns;DecayFactor=0.92;DecayMinTx=3;DecayInterval=+1e+10ns;QueueRefPackets=20;EpsilonDecayInterval=+1e+10ns;
QSQMAODV,B_N40_pi025|QSQ_src_only,13,40,39,0.25,512,5.0,0.85,1000.0,1000.0,300.0,16.0,0.0,0,0,0,3,200.0,30324,12331,0.406642,7.0092,59.574281,99.724048,48.721339,121792,5943122,89.252952,9.876896,0.097222,0.166564,1.0,0.024093,0.112115,37850,2823,0,0,0,0.0,0,5.116667,19.062821,38.3,48813.335603,0.353449,0,1136,0,24277,16947,Policy=QLearning;MaxPaths=3;Alpha0=0.5;Gamma=0.9;Epsilon0=0.5;RewardW1=0.6;RewardW2=0.4;HopByHop=false;QueueRewardWeight=0;FailurePenalty=0;QueueAwareSelect=false;QueueSelectBeta=0.5;QueueDrivenExploration=false;ExplorationFloor=0.01;AckSilenceDecay=false;AckSilenceThreshold=+1.5e+10ns;DecayFactor=0.92;DecayMinTx=3;DecayInterval=+1e+10ns;QueueRefPackets=20;EpsilonDecayInterval=+1e+10ns;
QSQMAODV,B_N40_pi025|QSQ_src_only,14,40,39,0.25,512,5.0,0.85,1000.0,1000.0,300.0,16.0,0.0,0,0,0,3,200.0,30324,5092,0.16792,2.820185,142.485651,211.33087,123.919066,252467,12364826,449.682363,49.581108,0.168552,0.314948,1.0,0.045983,0.209577,34148,4411,0,0,0,0.0,0,4.50641,16.624359,37.552564,46582.542217,0.140351,1,3611,0,36211,24123,Policy=QLearning;MaxPaths=3;Alpha0=0.5;Gamma=0.9;Epsilon0=0.5;RewardW1=0.6;RewardW2=0.4;HopByHop=false;QueueRewardWeight=0;FailurePenalty=0;QueueAwareSelect=false;QueueSelectBeta=0.5;QueueDrivenExploration=false;ExplorationFloor=0.01;AckSilenceDecay=false;AckSilenceThreshold=+1.5e+10ns;DecayFactor=0.92;DecayMinTx=3;DecayInterval=+1e+10ns;QueueRefPackets=20;EpsilonDecayInterval=+1e+10ns;
QSQMAODV,B_N40_pi025|QSQ_src_only,15,40,39,0.25,512,5.0,0.85,1000.0,1000.0,300.0,16.0,0.0,0,0,0,3,200.0,30324,9637,0.317801,5.337415,83.924444,122.349393,81.617771,269764,13293766,255.453826,27.992529,0.256655,0.386168,1.0,0.061863,0.265145,28918,5841,0,0,0,0.0,0,4.205128,17.779487,37.776923,46198.242591,0.238095,1,3390,0,62341,19553,Policy=QLearning;MaxPaths=3;Alpha0=0.5;Gamma=0.9;Epsilon0=0.5;RewardW1=0.6;RewardW2=0.4;HopByHop=false;QueueRewardWeight=0;FailurePenalty=0;QueueAwareSelect=false;QueueSelectBeta=0.5;QueueDrivenExploration=false;ExplorationFloor=0.01;AckSilenceDecay=false;AckSilenceThreshold=+1.5e+10ns;DecayFactor=0.92;DecayMinTx=3;DecayInterval=+1e+10ns;QueueRefPackets=20;EpsilonDecayInterval=+1e+10ns;
QSQMAODV,B_N40_pi025|QSQ_src_only,16,40,39,0.25,512,5.0,0.85,1000.0,1000.0,300.0,16.0,0.0,0,0,0,3,200.0,30324,11256,0.371191,6.234092,11.381206,22.354443,23.988793,71110,3464958,57.005943,6.31752,0.04229,0.10638,1.0,0.009834,0.064126,39557,1153,0,0,0,0.0,0,4.392308,17.798718,37.935897,47891.422584,0.366541,0,567,0,10333,18026,Policy=QLearning;MaxPaths=3;Alpha0=0.5;Gamma=0.9;Epsilon0=0.5;RewardW1=0.6;RewardW2=0.4;HopByHop=false;QueueRewardWeight=0;FailurePenalty=0;QueueAwareSelect=false;QueueSelectBeta=0.5;QueueDrivenExploration=false;ExplorationFloor=0.01;AckSilenceDecay=false;AckSilenceThreshold=+1.5e+10ns;DecayFactor=0.92;DecayMinTx=3;DecayInterval=+1e+10ns;QueueRefPackets=20;EpsilonDecayInterval=+1e+10ns;
QSQMAODV,B_N40_pi025|QSQ_src_only,17,40,39,0.25,512,5.0,0.85,1000.0,1000.0,300.0,16.0,0.0,0,0,0,3,200.0,30324,8368,0.275953,4.634585,59.807745,99.610081,83.677133,178873,8797866,194.698189,21.375837,0.12839,0.221162,1.0,0.028657,0.143472,35891,3790,0,0,0,0.0,0,4.794872,17.575641,38.305128,42102.914699,0.311832,0,2066,0,34281,20691,Policy=QLearning;MaxPaths=3;Alpha0=0.5;Gamma=0.9;Epsilon0=0.5;RewardW1=0.6;RewardW2=0.4;HopByHop=false;QueueRewardWeight=0;FailurePenalty=0;QueueAwareSelect=false;QueueSelectBeta=0.5;QueueDrivenExploration=false;ExplorationFloor=0.01;AckSilenceDecay=false;AckSilenceThreshold=+1.5e+10ns;DecayFactor=0.92;DecayMinTx=3;DecayInterval=+1e+10ns;QueueRefPackets=20;EpsilonDecayInterval=+1e+10ns;
QSQMAODV,B_N40_pi025|QSQ_src_only,18,40,39,0.25,512,5.0,0.85,1000.0,1000.0,300.0,16.0,0.0,0,0,0,3,200.0,30324,6840,0.225564,3.993081,93.60652,153.347249,93.971336,198602,9810130,265.598062,29.03538,0.171116,0.273457,1.0,0.050297,0.191789,32915,4349,0,0,0,0.0,0,4.542308,17.075641,37.641026,45453.021689,0.204063,11,2605,0,42336,22628,Policy=QLearning;MaxPaths=3;Alpha0=0.5;Gamma=0.9;Epsilon0=0.5;RewardW1=0.6;RewardW2=0.4;HopByHop=false;QueueRewardWeight=0;FailurePenalty=0;QueueAwareSelect=false;QueueSelectBeta=0.5;QueueDrivenExploration=false;ExplorationFloor=0.01;AckSilenceDecay=false;AckSilenceThreshold=+1.5e+10ns;DecayFactor=0.92;DecayMinTx=3;DecayInterval=+1e+10ns;QueueRefPackets=20;EpsilonDecayInterval=+1e+10ns;
QSQMAODV,B_N40_pi025|QSQ_src_only,19,40,39,0.25,512,5.0,0.85,1000.0,1000.0,300.0,16.0,0.0,0,0,0,3,200.0,30324,8689,0.286539,4.812369,122.143862,154.315197,96.834308,301330,14812146,315.685349,34.67948,0.282491,0.441685,1.0,0.073325,0.304147,30039,6047,0,0,0,0.0,0,4.292308,17.108974,38.266667,42351.729677,0.189784,0,3846,0,61242,20498,Policy=QLearning;MaxPaths=3;Alpha0=0.5;Gamma=0.9;Epsilon0=0.5;RewardW1=0.6;RewardW2=0.4;HopByHop=false;QueueRewardWeight=0;FailurePenalty=0;QueueAwareSelect=false;QueueSelectBeta=0.5;QueueDrivenExploration=false;ExplorationFloor=0.01;AckSilenceDecay=false;AckSilenceThreshold=+1.5e+10ns;DecayFactor=0.92;DecayMinTx=3;DecayInterval=+1e+10ns;QueueRefPackets=20;EpsilonDecayInterval=+1e+10ns;
QSQMAODV,B_N40_pi025|QSQ_src_only,2,40,39,0.25,512,5.0,0.85,1000.0,1000.0,300.0,16.0,0.0,0,0,0,3,200.0,30324,5794,0.19107,3.208985,156.77091,169.200695,126.533637,350516,17233636,550.813613,60.496376,0.288739,0.4785,1.0,0.072438,0.308179,32271,6048,0,0,0,0.0,0,5.25641,18.221795,37.553846,46473.394556,0.246504,2,4453,0,65311,23268,Policy=QLearning;MaxPaths=3;Alpha0=0.5;Gamma=0.9;Epsilon0=0.5;RewardW1=0.6;RewardW2=0.4;HopByHop=false;QueueRewardWeight=0;FailurePenalty=0;QueueAwareSelect=false;QueueSelectBeta=0.5;QueueDrivenExploration=false;ExplorationFloor=0.01;AckSilenceDecay=false;AckSilenceThreshold=+1.5e+10ns;DecayFactor=0.92;DecayMinTx=3;DecayInterval=+1e+10ns;QueueRefPackets=20;EpsilonDecayInterval=+1e+10ns;
QSQMAODV,B_N40_pi025|QSQ_src_only,20,40,39,0.25,512,5.0,0.85,1000.0,1000.0,300.0,16.0,0.0,0,0,0,3,200.0,30324,5750,0.189619,3.184615,186.690662,238.837733,159.594902,369966,18251100,587.797101,64.341913,0.325079,0.542733,1.0,0.082195,0.351354,26137,6674,0,0,0,0.0,0,4.580769,18.165385,38.025641,47717.008467,0.129073,0,4449,0,67422,23618,Policy=QLearning;MaxPaths=3;Alpha0=0.5;Gamma=0.9;Epsilon0=0.5;RewardW1=0.6;RewardW2=0.4;HopByHop=false;QueueRewardWeight=0;FailurePenalty=0;QueueAwareSelect=false;QueueSelectBeta=0.5;QueueDrivenExploration=false;ExplorationFloor=0.01;AckSilenceDecay=false;AckSilenceThreshold=+1.5e+10ns;DecayFactor=0.92;DecayMinTx=3;DecayInterval=+1e+10ns;QueueRefPackets=20;EpsilonDecayInterval=+1e+10ns;
QSQMAODV,B_N40_pi025|QSQ_src_only,3,40,39,0.25,512,5.0,0.85,1000.0,1000.0,300.0,16.0,0.0,0,0,0,3,200.0,30324,10194,0.336169,5.794484,70.340424,123.160939,75.016198,188695,9280280,168.58646,18.510398,0.176557,0.272951,1.0,0.040427,0.186399,30198,4629,0,0,0,0.0,0,5.241026,20.371795,38.325641,47166.525338,0.213,0,2095,0,49612,19012,Policy=QLearning;MaxPaths=3;Alpha0=0.5;Gamma=0.9;Epsilon0=0.5;RewardW1=0.6;RewardW2=0.4;HopByHop=false;QueueRewardWeight=0;FailurePenalty=0;QueueAwareSelect=false;QueueSelectBeta=0.5;QueueDrivenExploration=false;ExplorationFloor=0.01;AckSilenceDecay=false;AckSilenceThreshold=+1.5e+10ns;DecayFactor=0.92;DecayMinTx=3;DecayInterval=+1e+10ns;QueueRefPackets=20;EpsilonDecayInterval=+1e+10ns;
QSQMAODV,B_N40_pi025|QSQ_src_only,4,40,39,0.25,512,5.0,0.85,1000.0,1000.0,300.0,16.0,0.0,0,0,0,3,200.0,30324,7776,0.256431,4.539503,33.361385,113.695008,101.401402,113930,5547002,132.101671,14.651492,0.073126,0.131774,1.0,0.019169,0.085007,39255,2118,0,0,0,0.0,0,4.730769,17.823077,38.138462,44585.861062,0.179231,0,1335,0,19603,21334,Policy=QLearning;MaxPaths=3;Alpha0=0.5;Gamma=0.9;Epsilon0=0.5;RewardW1=0.6;RewardW2=0.4;HopByHop=false;QueueRewardWeight=0;FailurePenalty=0;QueueAwareSelect=false;QueueSelectBeta=0.5;QueueDrivenExploration=false;ExplorationFloor=0.01;AckSilenceDecay=false;AckSilenceThreshold=+1.5e+10ns;DecayFactor=0.92;DecayMinTx=3;DecayInterval=+1e+10ns;QueueRefPackets=20;EpsilonDecayInterval=+1e+10ns;
QSQMAODV,B_N40_pi025|QSQ_src_only,5,40,39,0.25,512,5.0,0.85,1000.0,1000.0,300.0,16.0,0.0,0,0,0,3,200.0,30324,8443,0.278426,4.928886,79.905423,118.686759,98.801743,269402,13281228,291.304828,31.908326,0.226498,0.362877,1.0,0.056158,0.238913,31648,4598,0,0,0,0.0,0,5.14359,18.726923,38.091026,40699.174161,0.24502,0,4594,0,56819,20850,Policy=QLearning;MaxPaths=3;Alpha0=0.5;Gamma=0.9;Epsilon0=0.5;RewardW1=0.6;RewardW2=0.4;HopByHop=false;QueueRewardWeight=0;FailurePenalty=0;QueueAwareSelect=false;QueueSelectBeta=0.5;QueueDrivenExploration=false;ExplorationFloor=0.01;AckSilenceDecay=false;AckSilenceThreshold=+1.5e+10ns;DecayFactor=0.92;DecayMinTx=3;DecayInterval=+1e+10ns;QueueRefPackets=20;EpsilonDecayInterval=+1e+10ns;
QSQMAODV,B_N40_pi025|QSQ_src_only,6,40,39,0.25,512,5.0,0.85,1000.0,1000.0,300.0,16.0,0.0,0,0,0,3,200.0,30324,8394,0.27681,4.648985,125.183016,139.938736,89.135339,249549,12201530,269.185441,29.72945,0.346822,0.514633,1.0,0.253246,0.437373,53989,4146,0,0,0,0.0,0,4.673077,17.975641,37.770513,43873.434179,0.262828,219,3856,0,37888,21069,Policy=QLearning;MaxPaths=3;Alpha0=0.5;Gamma=0.9;Epsilon0=0.5;RewardW1=0.6;RewardW2=0.4;HopByHop=false;QueueRewardWeight=0;FailurePenalty=0;QueueAwareSelect=false;QueueSelectBeta=0.5;QueueDrivenExploration=false;ExplorationFloor=0.01;AckSilenceDecay=false;AckSilenceThreshold=+1.5e+10ns;DecayFactor=0.92;DecayMinTx=3;DecayInterval=+1e+10ns;QueueRefPackets=20;EpsilonDecayInterval=+1e+10ns;
QSQMAODV,B_N40_pi025|QSQ_src_only,7,40,39,0.25,512,5.0,0.85,1000.0,1000.0,300.0,16.0,0.0,0,0,0,3,200.0,30324,8020,0.264477,4.441846,95.267452,158.802506,112.868053,282892,13882468,320.552046,35.273317,0.243966,0.405716,1.0,0.059787,0.268965,32738,5877,0,0,0,0.0,0,4.529487,18.334615,38.108974,51157.007543,0.202216,0,3500,0,56847,21230,Policy=QLearning;MaxPaths=3;Alpha0=0.5;Gamma=0.9;Epsilon0=0.5;RewardW1=0.6;RewardW2=0.4;HopByHop=false;QueueRewardWeight=0;FailurePenalty=0;QueueAwareSelect=false;QueueSelectBeta=0.5;QueueDrivenExploration=false;ExplorationFloor=0.01;AckSilenceDecay=false;AckSilenceThreshold=+1.5e+10ns;DecayFactor=0.92;DecayMinTx=3;DecayInterval=+1e+10ns;QueueRefPackets=20;EpsilonDecayInterval=+1e+10ns;
QSQMAODV,B_N40_pi025|QSQ_src_only,8,40,39,0.25,512,5.0,0.85,1000.0,1000.0,300.0,16.0,0.0,0,0,0,3,200.0,30324,10864,0.358264,6.175326,39.008227,80.922728,58.07896,93505,4568148,77.867575,8.606867,0.073303,0.137479,1.0,0.015821,0.085463,37016,2174,0,0,0,0.0,0,4.987179,17.914103,37.753846,47125.491912,0.281625,0,844,0,17001,18566,Policy=QLearning;MaxPaths=3;Alpha0=0.5;Gamma=0.9;Epsilon0=0.5;RewardW1=0.6;RewardW2=0.4;HopByHop=false;QueueRewardWeight=0;FailurePenalty=0;QueueAwareSelect=false;QueueSelectBeta=0.5;QueueDrivenExploration=false;ExplorationFloor=0.01;AckSilenceDecay=false;AckSilenceThreshold=+1.5e+10ns;DecayFactor=0.92;DecayMinTx=3;DecayInterval=+1e+10ns;QueueRefPackets=20;EpsilonDecayInterval=+1e+10ns;
QSQMAODV,B_N40_pi025|QSQ_src_only,9,40,39,0.25,512,5.0,0.85,1000.0,1000.0,300.0,16.0,0.0,0,0,0,3,200.0,30324,6569,0.216627,3.733958,186.167869,343.899299,196.95472,419261,20572136,579.944408,63.824174,0.390782,0.63628,1.0,0.10211,0.43471,27684,7793,0,0,0,0.0,0,4.867949,17.034615,38.008974,44543.640661,0.178835,14,5966,0,80063,22576,Policy=QLearning;MaxPaths=3;Alpha0=0.5;Gamma=0.9;Epsilon0=0.5;RewardW1=0.6;RewardW2=0.4;HopByHop=false;QueueRewardWeight=0;FailurePenalty=0;QueueAwareSelect=false;QueueSelectBeta=0.5;QueueDrivenExploration=false;ExplorationFloor=0.01;AckSilenceDecay=false;AckSilenceThreshold=+1.5e+10ns;DecayFactor=0.92;DecayMinTx=3;DecayInterval=+1e+10ns;QueueRefPackets=20;EpsilonDecayInterval=+1e+10ns;
AODV,M_N30_r300|AODV,1,30,29,0.1,512,15.0,0.85,1000.0,1000.0,300.0,16.0,300.0,1,0,0,3,200.0,56493,21860,0.386951,16.281931,74.97577,71.776592,15.877385,44055,2075524,17.58263,2.015325,0.0,0.0,0.0,0.0,0.0,0,0,0,0,0,0.0,0,3.65641,14.05812,28.249573,35718.64528,0.56807,15,3876,0,2173,33235,-
AODV,M_N30_r300|AODV,10,30,29,0.1,512,15.0,0.85,1000.0,1000.0,300.0,16.0,300.0,1,0,0,3,200.0,56493,35447,0.627458,26.401903,30.099019,33.515545,11.270112,22117,1046358,5.466471,0.623946,0.0,0.0,0.0,0.0,0.0,0,0,0,0,0,0.0,0,3.661538,13.504274,28.097436,34337.053143,0.826226,0,2848,0,740,19793,-
AODV,M_N30_r300|AODV,11,30,29,0.1,512,15.0,0.85,1000.0,1000.0,300.0,16.0,300.0,1,0,0,3,200.0,56493,29342,0.519392,21.854731,91.814606,96.793485,27.398618,81605,3862546,24.377558,2.781167,0.0,0.0,0.0,0.0,0.0,0,0,0,0,0,0.0,0,3.760684,14.234188,28.411966,31831.023418,1.055688,38,6527,0,3051,26739,-
AODV,M_N30_r300|AODV,12,30,29,0.1,512,15.0,0.85,1000.0,1000.0,300.0,16.0,300.0,1,0,0,3,200.0,56493,38561,0.68258,28.721297,48.350577,45.554343,14.815489,31669,1494648,7.177891,0.82127,0.0,0.0,0.0,0.0,0.0,0,0,0,0,0,0.0,0,3.574359,13.316239,28.075214,34300.903184,1.043705,15,4606,0,1085,17049,-
AODV,M_N30_r300|AODV,13,30,29,0.1,512,15.0,0.85,1000.0,1000.0,300.0,16.0,300.0,1,0,0,3,200.0,56493,27883,0.493566,20.768028,21.788661,20.323967,11.522359,23280,1094656,7.270167,0.834917,0.0,0.0,0.0,0.0,0.0,0,0,0,0,0,0.0,0,3.560684,13.328205,28.264957,30237.191505,0.64192,0,2341,0,693,26870,-
AODV,M_N30_r300|AODV,14,30,29,0.1,512,15.0,0.85,1000.0,1000.0,300.0,16.0,300.0,1,0,0,3,200.0,56493,38402,0.679766,28.602869,59.485973,65.064194,25.327094,54468,2561662,12.353051,1.418364,0.0,0.0,0.0,0.0,0.0,0,0,0,0,0,0.0,0,3.615385,13.796581,28.305983,35684.210039,1.14331,162,3619,0,2566,17623,-
AODV,M_N30_r300|AODV,15,30,29,0.1,512,15.0,0.85,1000.0,1000.0,300.0,16.0,300.0,1,0,0,3,200.0,56493,36670,0.649107,27.312828,49.729251,49.817029,15.494669,39750,1875838,9.473068,1.083992,0.0,0.0,0.0,0.0,0.0,0,0,0,0,0,0.0,0,3.687179,13.430769,28.22735,38294.458962,1.210787,0,3701,0,1494,18867,-
AODV,M_N30_r300|AODV,16,30,29,0.1,512,15.0,0.85,1000.0,1000.0,300.0,16.0,300.0,1,0,0,3,200.0,56493,34393,0.608801,25.616855,104.337444,107.877708,18.50669,25649,1208666,6.507924,0.745762,0.0,0.0,0.0,0.0,0.0,0,0,0,0,0,0.0,0,3.664957,13.752137,28.441026,36269.185127,0.901634,0,3539,0,828,21342,-
AODV,M_N30_r300|AODV,17,30,29,0.1,512,15.0,0.85,1000.0,1000.0,300.0,16.0,300.0,1,0,0,3,200.0,56493,37413,0.662259,27.866234,14.512366,16.650717,10.571739,28403,1343478,6.649887,0.759175,0.0,0.0,0.0,0.0,0.0,0,0,0,0,0,0.0,0,3.757265,13.988034,28.461538,33898.278726,1.049564,1,2528,0,906,18065,-
AODV,M_N30_r300|AODV,18,30,29,0.1,512,15.0,0.85,1000.0,1000.0,300.0,16.0,300.0,1,0,0,3,200.0,56493,34520,0.611049,25.711448,55.756794,55.567987,12.403145,22970,1085024,5.820694,0.665411,0.0,0.0,0.0,0.0,0.0,0,0,0,0,0,0.0,0,3.524786,13.791453,28.246154,33349.765461,0.900501,101,4855,0,767,21585,-
AODV,M_N30_r300|AODV,19,30,29,0.1,512,15.0,0.85,1000.0,1000.0,300.0,16.0,300.0,1,0,0,3,200.0,56493,26217,0.464075,19.527145,33.327216,41.488926,11.008162,20775,983000,6.943473,0.792425,0.0,0.0,0.0,0.0,0.0,0,0,0,0,0,0.0,0,3.623932,13.547009,28.205128,35735.702045,0.584161,0,2294,0,596,28142,-
AODV,M_N30_r300|AODV,2,30,29,0.1,512,15.0,0.85,1000.0,1000.0,300.0,16.0,300.0,1,0,0,3,200.0,56493,26971,0.477422,20.088745,67.39943,67.689225,21.152568,41862,1984680,13.626982,1.552112,0.0,0.0,0.0,0.0,0.0,0,0,0,0,0,0.0,0,3.186325,13.323077,28.280342,34911.284936,0.800524,96,3916,0,1691,27686,-
AODV,M_N30_r300|AODV,20,30,29,0.1,512,15.0,0.85,1000.0,1000.0,300.0,16.0,300.0,1,0,0,3,200.0,56493,38317,0.678261,28.539559,117.806823,119.355469,36.663722,90932,4284000,20.704474,2.37315,0.0,0.0,0.0,0.0,0.0,0,0,0,0,0,0.0,0,3.71453,13.8,28.367521,32700.651082,1.645726,60,10545,0,3892,17617,-
AODV,M_N30_r300|AODV,3,30,29,0.1,512,15.0,0.85,1000.0,1000.0,300.0,16.0,300.0,1,0,0,3,200.0,56493,35991,0.637088,26.80709,104.530715,105.446757,31.670058,69775,3295284,16.955288,1.938679,0.0,0.0,0.0,0.0,0.0,0,0,0,0,0,0.0,0,3.382906,13.015385,27.988034,36483.388441,1.534774,64,7881,0,3024,19506,-
AODV,M_N30_r300|AODV,4,30,29,0.1,512,15.0,0.85,1000.0,1000.0,300.0,16.0,300.0,1,0,0,3,200.0,56493,21554,0.381534,16.627371,25.416813,24.023274,5.868402,22737,1077982,9.261682,1.054885,0.0,0.0,0.0,0.0,0.0,0,0,0,0,0,0.0,0,3.620513,13.870085,28.37265,34911.734277,0.487883,0,3087,0,688,33021,-
AODV,M_N30_r300|AODV,5,30,29,0.1,512,15.0,0.85,1000.0,1000.0,300.0,16.0,300.0,1,0,0,3,200.0,56493,29820,0.527853,23.004,38.151794,35.790506,9.050138,25750,1215022,7.545408,0.863514,0.0,0.0,0.0,0.0,0.0,0,0,0,0,0,0.0,0,3.644444,13.374359,28.268376,37519.931912,0.630928,0,2882,0,1263,25517,-
AODV,M_N30_r300|AODV,6,30,29,0.1,512,15.0,0.85,1000.0,1000.0,300.0,16.0,300.0,1,0,0,3,200.0,56493,30062,0.532137,22.391007,21.830496,23.19749,7.52514,21821,1030080,6.345405,0.725867,0.0,0.0,0.0,0.0,0.0,0,0,0,0,0,0.0,0,3.844444,13.837607,28.364103,32817.801668,0.609474,0,1742,0,652,24845,-
AODV,M_N30_r300|AODV,7,30,29,0.1,512,15.0,0.85,1000.0,1000.0,300.0,16.0,300.0,1,0,0,3,200.0,56493,27640,0.489264,20.587034,125.542121,127.56457,27.569742,71005,3356062,22.485274,2.568922,0.0,0.0,0.0,0.0,0.0,0,0,0,0,0,0.0,0,3.605128,13.716239,28.317949,35911.020594,1.068893,0,8895,0,3517,26989,-
AODV,M_N30_r300|AODV,8,30,29,0.1,512,15.0,0.85,1000.0,1000.0,300.0,16.0,300.0,1,0,0,3,200.0,56493,20966,0.371126,15.616055,62.820522,50.024142,14.693839,27293,1305110,11.52757,1.301774,0.0,0.0,0.0,0.0,0.0,0,0,0,0,0,0.0,0,3.403419,13.441026,28.167521,36714.95414,0.404563,28,4914,0,752,33434,-
AODV,M_N30_r300|AODV,9,30,29,0.1,512,15.0,0.85,1000.0,1000.0,300.0,16.0,300.0,1,0,0,3,200.0,56493,27558,0.487813,20.525959,55.720685,56.614862,14.410484,30068,1417092,9.522623,1.091081,0.0,0.0,0.0,0.0,0.0,0,0,0,0,0,0.0,0,3.191453,13.109402,28.179487,31625.692068,0.897332,168,3574,0,1198,26987,-
AOMDV,M_N30_r300|AOMDV,1,30,29,0.1,512,15.0,0.85,1000.0,1000.0,300.0,16.0,300.0,1,0,0,3,200.0,56493,39715,0.703007,29.580828,107.110127,109.821531,40.73358,45919,2511208,11.709392,1.156213,0.0,0.0,0.0,0.0,0.0,0,0,0,0,0,0.0,0,3.65641,14.05812,28.249573,35718.64528,2.123201,0,9559,0,2004,16500,HelloInterval=+1e+09ns;ActiveRouteTimeout=+3e+09ns;MaxPaths=3;
AOMDV,M_N30_r300|AOMDV,10,30,29,0.1,512,15.0,0.85,1000.0,1000.0,300.0,16.0,300.0,1,0,0,3,200.0,56493,41433,0.733418,30.860441,73.301727,71.944255,18.605344,20713,1135192,5.073751,0.499916,0.0,0.0,0.0,0.0,0.0,0,0,0,0,0,0.0,0,3.661538,13.504274,28.097436,34337.053143,1.350574,0,6129,0,867,14361,HelloInterval=+1e+09ns;ActiveRouteTimeout=+3e+09ns;MaxPaths=3;
AOMDV,M_N30_r300|AOMDV,11,30,29,0.1,512,15.0,0.85,1000.0,1000.0,300.0,16.0,300.0,1,0,0,3,200.0,56493,37676,0.666914,28.062124,181.997534,183.293064,44.558069,45913,2510456,12.339401,1.218627,0.0,0.0,0.0,0.0,0.0,0,0,0,0,0,0.0,0,3.760684,14.234188,28.411966,31831.023418,1.782911,0,10861,0,2134,17807,HelloInterval=+1e+09ns;ActiveRouteTimeout=+3e+09ns;MaxPaths=3;
AOMDV,M_N30_r300|AOMDV,12,30,29,0.1,512,15.0,0.85,1000.0,1000.0,300.0,16.0,300.0,1,0,0,3,200.0,56493,41958,0.742711,31.251476,56.182274,55.675357,17.325963,19992,1095184,4.833687,0.476476,0.0,0.0,0.0,0.0,0.0,0,0,0,0,0,0.0,0,3.574359,13.316239,28.075214,34300.903184,1.440302,0,4080,0,800,13626,HelloInterval=+1e+09ns;ActiveRouteTimeout=+3e+09ns;MaxPaths=3;
AOMDV,M_N30_r300|AOMDV,13,30,29,0.1,512,15.0,0.85,1000.0,1000.0,300.0,16.0,300.0,1,0,0,3,200.0,56493,42948,0.760236,31.988855,48.603802,48.902157,17.332226,22468,1226816,5.289842,0.523144,0.0,0.0,0.0,0.0,0.0,0,0,0,0,0,0.0,0,3.560684,13.328205,28.264957,30237.191505,1.716974,0,4168,0,1007,13340,HelloInterval=+1e+09ns;ActiveRouteTimeout=+3e+09ns;MaxPaths=3;
AOMDV,M_N30_r300|AOMDV,14,30,29,0.1,512,15.0,0.85,1000.0,1000.0,300.0,16.0,300.0,1,0,0,3,200.0,56493,47411,0.839237,35.313021,44.23433,45.810796,18.975505,25763,1403080,5.480366,0.543397,0.0,0.0,0.0,0.0,0.0,0,0,0,0,0,0.0,0,3.615385,13.796581,28.305983,35684.210039,1.820013,0,3125,0,1188,8679,HelloInterval=+1e+09ns;ActiveRouteTimeout=+3e+09ns;MaxPaths=3;
AOMDV,M_N30_r300|AOMDV,15,30,29,0.1,512,15.0,0.85,1000.0,1000.0,300.0,16.0,300.0,1,0,0,3,200.0,56493,44030,0.779389,32.794759,87.742568,90.326969,22.392044,27229,1487832,6.257653,0.618419,0.0,0.0,0.0,0.0,0.0,0,0,0,0,0,0.0,0,3.687179,13.430769,28.22735,38294.458962,1.991238,0,4220,0,1187,12065,HelloInterval=+1e+09ns;ActiveRouteTimeout=+3e+09ns;MaxPaths=3;
AOMDV,M_N30_r300|AOMDV,16,30,29,0.1,512,15.0,0.85,1000.0,1000.0,300.0,16.0,300.0,1,0,0,3,200.0,56493,43904,0.777158,32.70091,79.541046,84.176415,23.762592,22669,1239896,5.229828,0.516331,0.0,0.0,0.0,0.0,0.0,0,0,0,0,0,0.0,0,3.664957,13.752137,28.441026,36269.185127,1.648824,0,7283,0,1006,12368,HelloInterval=+1e+09ns;ActiveRouteTimeout=+3e+09ns;MaxPaths=3;
AOMDV,M_N30_r300|AOMDV,17,30,29,0.1,512,15.0,0.85,1000.0,1000.0,300.0,16.0,300.0,1,0,0,3,200.0,56493,46374,0.82088,34.540634,59.481412,61.884835,21.599416,23356,1276544,5.09762,0.503644,0.0,0.0,0.0,0.0,0.0,0,0,0,0,0,0.0,0,3.757265,13.988034,28.461538,33898.278726,1.803427,0,4896,0,1486,9995,HelloInterval=+1e+09ns;ActiveRouteTimeout=+3e+09ns;MaxPaths=3;
AOMDV,M_N30_r300|AOMDV,18,30,29,0.1,512,15.0,0.85,1000.0,1000.0,300.0,16.0,300.0,1,0,0,3,200.0,56493,44048,0.779707,32.808166,84.9643,89.094883,21.591172,20154,1100688,4.627477,0.457546,0.0,0.0,0.0,0.0,0.0,0,0,0,0,0,0.0,0,3.524786,13.791453,28.246154,33349.765461,1.735436,0,4874,0,988,12129,HelloInterval=+1e+09ns;ActiveRouteTimeout=+3e+09ns;MaxPaths=3;
AOMDV,M_N30_r300|AOMDV,19,30,29,0.1,512,15.0,0.85,1000.0,1000.0,300.0,16.0,300.0,1,0,0,3,200.0,56493,38350,0.678845,28.564138,39.59547,41.738715,15.56848,19559,1069992,5.166797,0.510013,0.0,0.0,0.0,0.0,0.0,0,0,0,0,0,0.0,0,3.623932,13.547009,28.205128,35735.702045,1.372683,0,5376,0,911,17948,HelloInterval=+1e+09ns;ActiveRouteTimeout=+3e+09ns;MaxPaths=3;
AOMDV,M_N30_r300|AOMDV,2,30,29,0.1,512,15.0,0.85,1000.0,1000.0,300.0,16.0,300.0,1,0,0,3,200.0,56493,42394,0.750429,31.576221,106.810192,107.265612,33.265721,35861,1955592,8.542404,0.845898,0.0,0.0,0.0,0.0,0.0,0,0,0,0,0,0.0,0,3.186325,13.323077,28.280342,34911.284936,2.017931,0,5858,0,1720,13745,HelloInterval=+1e+09ns;ActiveRouteTimeout=+3e+09ns;MaxPaths=3;
AOMDV,M_N30_r300|AOMDV,20,30,29,0.1,512,15.0,0.85,1000.0,1000.0,300.0,16.0,300.0,1,0,0,3,200.0,56493,38977,0.689944,29.031145,98.918553,102.908318,29.821725,33968,1855760,8.816976,0.871488,0.0,0.0,0.0,0.0,0.0,0,0,0,0,0,0.0,0,3.71453,13.8,28.367521,32700.651082,1.850884,0,8219,0,1515,16953,HelloInterval=+1e+09ns;ActiveRouteTimeout=+3e+09ns;MaxPaths=3;
AOMDV,M_N30_r300|AOMDV,3,30,29,0.1,512,15.0,0.85,1000.0,1000.0,300.0,16.0,300.0,1,0,0,3,200.0,56493,40693,0.720319,30.309269,151.86733,153.915773,34.812981,34214,1869248,8.50655,0.840783,0.0,0.0,0.0,0.0,0.0,0,0,0,0,0,0.0,0,3.382906,13.015385,27.988034,36483.388441,1.997752,0,8496,0,1464,15127,HelloInterval=+1e+09ns;ActiveRouteTimeout=+3e+09ns;MaxPaths=3;
AOMDV,M_N30_r300|AOMDV,4,30,29,0.1,512,15.0,0.85,1000.0,1000.0,300.0,16.0,300.0,1,0,0,3,200.0,56493,42430,0.751067,31.603034,87.041611,89.701449,27.222368,32465,1774232,7.743613,0.765143,0.0,0.0,0.0,0.0,0.0,0,0,0,0,0,0.0,0,3.620513,13.870085,28.37265,34911.734277,2.009258,0,6015,0,1693,13701,HelloInterval=+1e+09ns;ActiveRouteTimeout=+3e+09ns;MaxPaths=3;
AOMDV,M_N30_r300|AOMDV,5,30,29,0.1,512,15.0,0.85,1000.0,1000.0,300.0,16.0,300.0,1,0,0,3,200.0,56493,43488,0.769794,32.391062,114.762292,118.194213,25.387344,24066,1315552,5.602022,0.553394,0.0,0.0,0.0,0.0,0.0,0,0,0,0,0,0.0,0,3.644444,13.374359,28.268376,37519.931912,1.679624,0,4238,0,1269,12815,HelloInterval=+1e+09ns;ActiveRouteTimeout=+3e+09ns;MaxPaths=3;
AOMDV,M_N30_r300|AOMDV,6,30,29,0.1,512,15.0,0.85,1000.0,1000.0,300.0,16.0,300.0,1,0,0,3,200.0,56493,46410,0.821518,34.567448,54.210859,57.480371,17.745169,21827,1191528,4.754435,0.470308,0.0,0.0,0.0,0.0,0.0,0,0,0,0,0,0.0,0,3.844444,13.837607,28.364103,32817.801668,1.946985,0,2729,0,1018,9547,HelloInterval=+1e+09ns;ActiveRouteTimeout=+3e+09ns;MaxPaths=3;
AOMDV,M_N30_r300|AOMDV,7,30,29,0.1,512,15.0,0.85,1000.0,1000.0,300.0,16.0,300.0,1,0,0,3,200.0,56493,37345,0.661055,27.815586,160.117883,160.242474,44.034015,48180,2629696,13.040052,1.290133,0.0,0.0,0.0,0.0,0.0,0,0,0,0,0,0.0,0,3.605128,13.716239,28.317949,35911.020594,1.925849,0,10793,0,2046,18532,HelloInterval=+1e+09ns;ActiveRouteTimeout=+3e+09ns;MaxPaths=3;
AOMDV,M_N30_r300|AOMDV,8,30,29,0.1,512,15.0,0.85,1000.0,1000.0,300.0,16.0,300.0,1,0,0,3,200.0,56493,40187,0.711362,29.932386,116.362771,116.251181,32.661103,37191,2035384,9.379226,0.925449,0.0,0.0,0.0,0.0,0.0,0,0,0,0,0,0.0,0,3.403419,13.441026,28.167521,36714.95414,1.883366,0,9261,0,1321,15917,HelloInterval=+1e+09ns;ActiveRouteTimeout=+3e+09ns;MaxPaths=3;
AOMDV,M_N30_r300|AOMDV,9,30,29,0.1,512,15.0,0.85,1000.0,1000.0,300.0,16.0,300.0,1,0,0,3,200.0,56493,38905,0.688669,28.977517,103.405739,103.039301,29.720648,35902,1961744,9.33777,0.922812,0.0,0.0,0.0,0.0,0.0,0,0,0,0,0,0.0,0,3.191453,13.109402,28.179487,31625.692068,1.855664,0,9523,0,1363,17438,HelloInterval=+1e+09ns;ActiveRouteTimeout=+3e+09ns;MaxPaths=3;
PMAODV,M_N30_r300|PMAODV,1,30,29,0.1,512,15.0,0.85,1000.0,1000.0,300.0,16.0,300.0,1,0,0,3,200.0,56493,20231,0.358115,15.068607,115.502716,123.775494,44.609391,76103,3631628,33.242237,3.761702,0.0,0.0,0.0,0.0,0.0,0,0,0,0,0,0.0,0,3.65641,14.05812,28.249573,35718.64528,0.685218,4,5250,0,5406,33462,Policy=Probabilistic;MaxPaths=3;Alpha0=0.5;Gamma=0.9;Epsilon0=0.5;RewardW1=0.6;RewardW2=0.4;EpsilonDecayInterval=+1e+10ns;
PMAODV,M_N30_r300|PMAODV,10,30,29,0.1,512,15.0,0.85,1000.0,1000.0,300.0,16.0,300.0,1,0,0,3,200.0,56493,34663,0.61358,25.817959,103.290062,115.7083,49.341679,70855,3352824,17.912279,2.04411,0.0,0.0,0.0,0.0,0.0,0,0,0,0,0,0.0,0,3.661538,13.504274,28.097436,34337.053143,1.062202,88,8645,0,4559,21385,Policy=Probabilistic;MaxPaths=3;Alpha0=0.5;Gamma=0.9;Epsilon0=0.5;RewardW1=0.6;RewardW2=0.4;EpsilonDecayInterval=+1e+10ns;
PMAODV,M_N30_r300|PMAODV,11,30,29,0.1,512,15.0,0.85,1000.0,1000.0,300.0,16.0,300.0,1,0,0,3,200.0,56493,23566,0.417149,17.552607,114.467652,137.475281,43.900827,85706,4084344,32.095392,3.63685,0.0,0.0,0.0,0.0,0.0,0,0,0,0,0,0.0,0,3.760684,14.234188,28.411966,31831.023418,0.767918,70,6328,0,6959,31789,Policy=Probabilistic;MaxPaths=3;Alpha0=0.5;Gamma=0.9;Epsilon0=0.5;RewardW1=0.6;RewardW2=0.4;EpsilonDecayInterval=+1e+10ns;
PMAODV,M_N30_r300|PMAODV,12,30,29,0.1,512,15.0,0.85,1000.0,1000.0,300.0,16.0,300.0,1,0,0,3,200.0,56493,26687,0.472395,19.877214,84.217583,67.261607,21.048086,32595,1541852,10.699147,1.221381,0.0,0.0,0.0,0.0,0.0,0,0,0,0,0,0.0,0,3.574359,13.316239,28.075214,34300.903184,0.606553,0,2917,0,2031,28474,Policy=Probabilistic;MaxPaths=3;Alpha0=0.5;Gamma=0.9;Epsilon0=0.5;RewardW1=0.6;RewardW2=0.4;EpsilonDecayInterval=+1e+10ns;
PMAODV,M_N30_r300|PMAODV,13,30,29,0.1,512,15.0,0.85,1000.0,1000.0,300.0,16.0,300.0,1,0,0,3,200.0,56493,35967,0.636663,26.789214,137.205457,137.128764,47.053898,83402,3945518,20.314496,2.318848,0.0,0.0,0.0,0.0,0.0,0,0,0,0,0,0.0,0,3.560684,13.328205,28.264957,30237.191505,1.367355,91,7856,0,5007,19600,Policy=Probabilistic;MaxPaths=3;Alpha0=0.5;Gamma=0.9;Epsilon0=0.5;RewardW1=0.6;RewardW2=0.4;EpsilonDecayInterval=+1e+10ns;
PMAODV,M_N30_r300|PMAODV,14,30,29,0.1,512,15.0,0.85,1000.0,1000.0,300.0,16.0,300.0,1,0,0,3,200.0,56493,28753,0.508966,21.416028,36.81545,40.07494,26.470773,53712,2524344,16.258168,1.868049,0.0,0.0,0.0,0.0,0.0,0,0,0,0,0,0.0,0,3.615385,13.796581,28.305983,35684.210039,0.807073,135,4747,0,3550,25317,Policy=Probabilistic;MaxPaths=3;Alpha0=0.5;Gamma=0.9;Epsilon0=0.5;RewardW1=0.6;RewardW2=0.4;EpsilonDecayInterval=+1e+10ns;
PMAODV,M_N30_r300|PMAODV,15,30,29,0.1,512,15.0,0.85,1000.0,1000.0,300.0,16.0,300.0,1,0,0,3,200.0,56493,20755,0.367391,15.458897,54.509719,54.104576,18.963458,44852,2132026,19.022868,2.161021,0.0,0.0,0.0,0.0,0.0,0,0,0,0,0,0.0,0,3.687179,13.430769,28.22735,38294.458962,0.480024,0,3740,0,2935,33573,Policy=Probabilistic;MaxPaths=3;Alpha0=0.5;Gamma=0.9;Epsilon0=0.5;RewardW1=0.6;RewardW2=0.4;EpsilonDecayInterval=+1e+10ns;
PMAODV,M_N30_r300|PMAODV,16,30,29,0.1,512,15.0,0.85,1000.0,1000.0,300.0,16.0,300.0,1,0,0,3,200.0,56493,27323,0.483653,21.077743,103.792502,117.166968,34.981869,57063,2682826,18.183202,2.08846,0.0,0.0,0.0,0.0,0.0,0,0,0,0,0,0.0,0,3.664957,13.752137,28.441026,36269.185127,0.729241,0,6793,0,3728,28487,Policy=Probabilistic;MaxPaths=3;Alpha0=0.5;Gamma=0.9;Epsilon0=0.5;RewardW1=0.6;RewardW2=0.4;EpsilonDecayInterval=+1e+10ns;
PMAODV,M_N30_r300|PMAODV,17,30,29,0.1,512,15.0,0.85,1000.0,1000.0,300.0,16.0,300.0,1,0,0,3,200.0,56493,32878,0.581984,24.488441,72.600849,84.288198,44.422678,75376,3574334,20.13242,2.292597,0.0,0.0,0.0,0.0,0.0,0,0,0,0,0,0.0,0,3.757265,13.988034,28.461538,33898.278726,1.112032,0,5799,0,4316,23329,Policy=Probabilistic;MaxPaths=3;Alpha0=0.5;Gamma=0.9;Epsilon0=0.5;RewardW1=0.6;RewardW2=0.4;EpsilonDecayInterval=+1e+10ns;
PMAODV,M_N30_r300|PMAODV,18,30,29,0.1,512,15.0,0.85,1000.0,1000.0,300.0,16.0,300.0,1,0,0,3,200.0,56493,30049,0.531907,22.381324,71.442988,82.4266,30.701908,38865,1832190,11.291372,1.293387,0.0,0.0,0.0,0.0,0.0,0,0,0,0,0,0.0,0,3.524786,13.791453,28.246154,33349.765461,0.896465,0,5141,0,2251,26038,Policy=Probabilistic;MaxPaths=3;Alpha0=0.5;Gamma=0.9;Epsilon0=0.5;RewardW1=0.6;RewardW2=0.4;EpsilonDecayInterval=+1e+10ns;
PMAODV,M_N30_r300|PMAODV,19,30,29,0.1,512,15.0,0.85,1000.0,1000.0,300.0,16.0,300.0,1,0,0,3,200.0,56493,26599,0.470837,19.811669,39.991535,60.155953,19.616588,31226,1476556,10.279946,1.173954,0.0,0.0,0.0,0.0,0.0,0,0,0,0,0,0.0,0,3.623932,13.547009,28.205128,35735.702045,0.632379,0,2414,0,1916,28237,Policy=Probabilistic;MaxPaths=3;Alpha0=0.5;Gamma=0.9;Epsilon0=0.5;RewardW1=0.6;RewardW2=0.4;EpsilonDecayInterval=+1e+10ns;
PMAODV,M_N30_r300|PMAODV,2,30,29,0.1,512,15.0,0.85,1000.0,1000.0,300.0,16.0,300.0,1,0,0,3,200.0,56493,24203,0.428425,18.027062,128.842102,128.342653,48.659226,69688,3313888,25.355657,2.879312,0.0,0.0,0.0,0.0,0.0,0,0,0,0,0,0.0,0,3.186325,13.323077,28.280342,34911.284936,0.828563,43,6878,0,4034,31617,Policy=Probabilistic;MaxPaths=3;Alpha0=0.5;Gamma=0.9;Epsilon0=0.5;RewardW1=0.6;RewardW2=0.4;EpsilonDecayInterval=+1e+10ns;
PMAODV,M_N30_r300|PMAODV,20,30,29,0.1,512,15.0,0.85,1000.0,1000.0,300.0,16.0,300.0,1,0,0,3,200.0,56493,23128,0.409396,17.226372,101.56563,108.293115,67.309669,141863,6796708,54.421032,6.13382,0.0,0.0,0.0,0.0,0.0,0,0,0,0,0,0.0,0,3.71453,13.8,28.367521,32700.651082,0.819712,49,11808,0,10279,32191,Policy=Probabilistic;MaxPaths=3;Alpha0=0.5;Gamma=0.9;Epsilon0=0.5;RewardW1=0.6;RewardW2=0.4;EpsilonDecayInterval=+1e+10ns;
PMAODV,M_N30_r300|PMAODV,3,30,29,0.1,512,15.0,0.85,1000.0,1000.0,300.0,16.0,300.0,1,0,0,3,200.0,56493,25178,0.445684,18.753269,185.861243,194.883891,78.051255,123507,5896364,43.36799,4.905354,0.0,0.0,0.0,0.0,0.0,0,0,0,0,0,0.0,0,3.382906,13.015385,27.988034,36483.388441,1.020657,23,12908,0,9581,30370,Policy=Probabilistic;MaxPaths=3;Alpha0=0.5;Gamma=0.9;Epsilon0=0.5;RewardW1=0.6;RewardW2=0.4;EpsilonDecayInterval=+1e+10ns;
PMAODV,M_N30_r300|PMAODV,4,30,29,0.1,512,15.0,0.85,1000.0,1000.0,300.0,16.0,300.0,1,0,0,3,200.0,56493,18404,0.325775,13.707807,40.478703,47.579486,17.218969,45474,2154492,21.678983,2.470876,0.0,0.0,0.0,0.0,0.0,0,0,0,0,0,0.0,0,3.620513,13.870085,28.37265,34911.734277,0.381923,0,4143,0,3113,36587,Policy=Probabilistic;MaxPaths=3;Alpha0=0.5;Gamma=0.9;Epsilon0=0.5;RewardW1=0.6;RewardW2=0.4;EpsilonDecayInterval=+1e+10ns;
PMAODV,M_N30_r300|PMAODV,5,30,29,0.1,512,15.0,0.85,1000.0,1000.0,300.0,16.0,300.0,1,0,0,3,200.0,56493,29652,0.524879,22.085628,167.927201,172.733381,83.060327,150439,7168558,44.769686,5.073486,0.0,0.0,0.0,0.0,0.0,0,0,0,0,0,0.0,0,3.644444,13.374359,28.268376,37519.931912,1.086754,36,11217,0,11865,25632,Policy=Probabilistic;MaxPaths=3;Alpha0=0.5;Gamma=0.9;Epsilon0=0.5;RewardW1=0.6;RewardW2=0.4;EpsilonDecayInterval=+1e+10ns;
PMAODV,M_N30_r300|PMAODV,6,30,29,0.1,512,15.0,0.85,1000.0,1000.0,300.0,16.0,300.0,1,0,0,3,200.0,56493,27931,0.494415,20.803779,28.761668,25.802005,15.499777,41071,1939996,12.862358,1.470445,0.0,0.0,0.0,0.0,0.0,0,0,0,0,0,0.0,0,3.844444,13.837607,28.364103,32817.801668,0.5874,0,2339,0,2255,26744,Policy=Probabilistic;MaxPaths=3;Alpha0=0.5;Gamma=0.9;Epsilon0=0.5;RewardW1=0.6;RewardW2=0.4;EpsilonDecayInterval=+1e+10ns;
PMAODV,M_N30_r300|PMAODV,7,30,29,0.1,512,15.0,0.85,1000.0,1000.0,300.0,16.0,300.0,1,0,0,3,200.0,56493,22837,0.404245,17.009628,152.486151,175.612839,73.96457,95459,4549694,36.893459,4.180015,0.0,0.0,0.0,0.0,0.0,0,0,0,0,0,0.0,0,3.605128,13.716239,28.317949,35911.020594,0.885242,1,7295,0,5502,31903,Policy=Probabilistic;MaxPaths=3;Alpha0=0.5;Gamma=0.9;Epsilon0=0.5;RewardW1=0.6;RewardW2=0.4;EpsilonDecayInterval=+1e+10ns;
PMAODV,M_N30_r300|PMAODV,8,30,29,0.1,512,15.0,0.85,1000.0,1000.0,300.0,16.0,300.0,1,0,0,3,200.0,56493,25107,0.444427,18.700386,244.007105,235.690462,97.517388,164483,7857364,57.95465,6.551281,0.0,0.0,0.0,0.0,0.0,0,0,0,0,0,0.0,0,3.403419,13.441026,28.167521,36714.95414,1.014674,0,16080,0,11819,30512,Policy=Probabilistic;MaxPaths=3;Alpha0=0.5;Gamma=0.9;Epsilon0=0.5;RewardW1=0.6;RewardW2=0.4;EpsilonDecayInterval=+1e+10ns;
PMAODV,M_N30_r300|PMAODV,9,30,29,0.1,512,15.0,0.85,1000.0,1000.0,300.0,16.0,300.0,1,0,0,3,200.0,56493,19749,0.349583,14.7096,172.800642,176.004805,67.691603,123378,5899962,55.323589,6.247304,0.0,0.0,0.0,0.0,0.0,0,0,0,0,0,0.0,0,3.191453,13.109402,28.179487,31625.692068,0.647956,41,10385,0,9501,34935,Policy=Probabilistic;MaxPaths=3;Alpha0=0.5;Gamma=0.9;Epsilon0=0.5;RewardW1=0.6;RewardW2=0.4;EpsilonDecayInterval=+1e+10ns;
QLAODV,M_N30_r300|QLAODV,1,30,29,0.1,512,15.0,0.85,1000.0,1000.0,300.0,16.0,300.0,1,0,0,3,200.0,56493,22983,0.406829,17.118372,75.1236,74.844622,23.073225,62952,3304288,26.624252,2.739068,0.0,0.0,0.0,0.0,0.0,58931,5763,4970,0,2471,3.044516,182,3.65641,14.05812,28.249573,35718.64528,0.695467,280,4967,0,2232,31400,QlAlpha=0.2;QlGamma=0.7;QlEpsilon0=0.5;QlEpsilonMin=0.1;QlEpsilonDecay=0.995;QlMaxRoutes=10;QlRrepWait=+3e+08ns;QlBufSampleInterval=+1e+08ns;QlBufWindow=+1e+09ns;QlFeedbackTimeout=+1e+09ns;QlDuplicateReplies=true;
QLAODV,M_N30_r300|QLAODV,10,30,29,0.1,512,15.0,0.85,1000.0,1000.0,300.0,16.0,300.0,1,0,0,3,200.0,56493,24052,0.425752,18.5544,30.153656,32.010811,14.341843,20281,1054808,8.121354,0.843215,0.0,0.0,0.0,0.0,0.0,43264,6060,5795,0,987,2.660588,31,3.661538,13.504274,28.097436,34337.053143,0.474961,6,3446,0,713,30846,QlAlpha=0.2;QlGamma=0.7;QlEpsilon0=0.5;QlEpsilonMin=0.1;QlEpsilonDecay=0.995;QlMaxRoutes=10;QlRrepWait=+3e+08ns;QlBufSampleInterval=+1e+08ns;QlBufWindow=+1e+09ns;QlFeedbackTimeout=+1e+09ns;QlDuplicateReplies=true;
QLAODV,M_N30_r300|QLAODV,11,30,29,0.1,512,15.0,0.85,1000.0,1000.0,300.0,16.0,300.0,1,0,0,3,200.0,56493,19170,0.339334,14.278345,108.677902,126.061053,36.050602,31421,1647088,15.911127,1.639071,0.0,0.0,0.0,0.0,0.0,51669,7285,6746,0,1353,3.089431,66,3.760684,14.234188,28.411966,31831.023418,0.531216,416,3326,0,1386,34749,QlAlpha=0.2;QlGamma=0.7;QlEpsilon0=0.5;QlEpsilonMin=0.1;QlEpsilonDecay=0.995;QlMaxRoutes=10;QlRrepWait=+3e+08ns;QlBufSampleInterval=+1e+08ns;QlBufWindow=+1e+09ns;QlFeedbackTimeout=+1e+09ns;QlDuplicateReplies=true;
QLAODV,M_N30_r300|QLAODV,12,30,29,0.1,512,15.0,0.85,1000.0,1000.0,300.0,16.0,300.0,1,0,0,3,200.0,56493,31188,0.552068,23.229683,71.698985,63.547139,23.831003,29617,1544648,9.171666,0.949628,0.0,0.0,0.0,0.0,0.0,48732,5687,5202,0,1715,2.927697,51,3.574359,13.316239,28.075214,34300.903184,0.791302,44,4487,0,1091,24799,QlAlpha=0.2;QlGamma=0.7;QlEpsilon0=0.5;QlEpsilonMin=0.1;QlEpsilonDecay=0.995;QlMaxRoutes=10;QlRrepWait=+3e+08ns;QlBufSampleInterval=+1e+08ns;QlBufWindow=+1e+09ns;QlFeedbackTimeout=+1e+09ns;QlDuplicateReplies=true;
QLAODV,M_N30_r300|QLAODV,13,30,29,0.1,512,15.0,0.85,1000.0,1000.0,300.0,16.0,300.0,1,0,0,3,200.0,56493,26895,0.476077,20.032138,36.511181,36.381685,16.535408,21123,1107872,7.628239,0.785388,0.0,0.0,0.0,0.0,0.0,50411,5500,5109,0,1211,2.74071,12,3.560684,13.328205,28.264957,30237.191505,0.51417,563,2224,0,1078,27924,QlAlpha=0.2;QlGamma=0.7;QlEpsilon0=0.5;QlEpsilonMin=0.1;QlEpsilonDecay=0.995;QlMaxRoutes=10;QlRrepWait=+3e+08ns;QlBufSampleInterval=+1e+08ns;QlBufWindow=+1e+09ns;QlFeedbackTimeout=+1e+09ns;QlDuplicateReplies=true;
QLAODV,M_N30_r300|QLAODV,14,30,29,0.1,512,15.0,0.85,1000.0,1000.0,300.0,16.0,300.0,1,0,0,3,200.0,56493,30072,0.532314,22.398455,33.377484,34.786191,17.517009,25442,1342634,8.268021,0.846036,0.0,0.0,0.0,0.0,0.0,54061,5263,4806,0,1544,2.870466,58,3.615385,13.796581,28.305983,35684.210039,0.699609,100,1394,0,928,24010,QlAlpha=0.2;QlGamma=0.7;QlEpsilon0=0.5;QlEpsilonMin=0.1;QlEpsilonDecay=0.995;QlMaxRoutes=10;QlRrepWait=+3e+08ns;QlBufSampleInterval=+1e+08ns;QlBufWindow=+1e+09ns;QlFeedbackTimeout=+1e+09ns;QlDuplicateReplies=true;
QLAODV,M_N30_r300|QLAODV,15,30,29,0.1,512,15.0,0.85,1000.0,1000.0,300.0,16.0,300.0,1,0,0,3,200.0,56493,27414,0.485264,20.418703,58.678056,58.247727,20.999536,36637,1929050,13.030987,1.336434,0.0,0.0,0.0,0.0,0.0,54410,5099,4687,0,1817,2.957072,116,3.687179,13.430769,28.22735,38294.458962,0.726957,247,3524,0,941,27377,QlAlpha=0.2;QlGamma=0.7;QlEpsilon0=0.5;QlEpsilonMin=0.1;QlEpsilonDecay=0.995;QlMaxRoutes=10;QlRrepWait=+3e+08ns;QlBufSampleInterval=+1e+08ns;QlBufWindow=+1e+09ns;QlFeedbackTimeout=+1e+09ns;QlDuplicateReplies=true;
QLAODV,M_N30_r300|QLAODV,16,30,29,0.1,512,15.0,0.85,1000.0,1000.0,300.0,16.0,300.0,1,0,0,3,200.0,56493,34505,0.610784,25.700276,96.920782,101.849835,29.067855,39656,2057440,11.042093,1.149283,0.0,0.0,0.0,0.0,0.0,56001,3409,2839,0,2287,2.937035,80,3.664957,13.752137,28.441026,36269.185127,1.028428,475,5679,0,1814,21830,QlAlpha=0.2;QlGamma=0.7;QlEpsilon0=0.5;QlEpsilonMin=0.1;QlEpsilonDecay=0.995;QlMaxRoutes=10;QlRrepWait=+3e+08ns;QlBufSampleInterval=+1e+08ns;QlBufWindow=+1e+09ns;QlFeedbackTimeout=+1e+09ns;QlDuplicateReplies=true;
QLAODV,M_N30_r300|QLAODV,17,30,29,0.1,512,15.0,0.85,1000.0,1000.0,300.0,16.0,300.0,1,0,0,3,200.0,56493,32105,0.5683,23.91269,40.402798,46.454053,20.70994,36312,1883492,10.86419,1.131039,0.0,0.0,0.0,0.0,0.0,53207,4630,4038,0,1680,3.048214,118,3.757265,13.988034,28.461538,33898.278726,0.774149,342,4959,0,1889,22908,QlAlpha=0.2;QlGamma=0.7;QlEpsilon0=0.5;QlEpsilonMin=0.1;QlEpsilonDecay=0.995;QlMaxRoutes=10;QlRrepWait=+3e+08ns;QlBufSampleInterval=+1e+08ns;QlBufWindow=+1e+09ns;QlFeedbackTimeout=+1e+09ns;QlDuplicateReplies=true;
QLAODV,M_N30_r300|QLAODV,18,30,29,0.1,512,15.0,0.85,1000.0,1000.0,300.0,16.0,300.0,1,0,0,3,200.0,56493,23110,0.409077,17.212966,69.957779,65.84923,17.191745,20474,1091878,8.749443,0.885937,0.0,0.0,0.0,0.0,0.0,48462,3953,3546,0,1094,3.19287,61,3.524786,13.791453,28.246154,33349.765461,0.442851,74,2854,0,930,32258,QlAlpha=0.2;QlGamma=0.7;QlEpsilon0=0.5;QlEpsilonMin=0.1;QlEpsilonDecay=0.995;QlMaxRoutes=10;QlRrepWait=+3e+08ns;QlBufSampleInterval=+1e+08ns;QlBufWindow=+1e+09ns;QlFeedbackTimeout=+1e+09ns;QlDuplicateReplies=true;
QLAODV,M_N30_r300|QLAODV,19,30,29,0.1,512,15.0,0.85,1000.0,1000.0,300.0,16.0,300.0,1,0,0,3,200.0,56493,28271,0.500434,21.057021,47.615331,49.69284,18.058873,21360,1137184,7.448963,0.755545,0.0,0.0,0.0,0.0,0.0,51327,3478,3189,0,1204,2.967608,25,3.623932,13.547009,28.205128,35735.702045,0.73579,232,2788,0,629,26213,QlAlpha=0.2;QlGamma=0.7;QlEpsilon0=0.5;QlEpsilonMin=0.1;QlEpsilonDecay=0.995;QlMaxRoutes=10;QlRrepWait=+3e+08ns;QlBufSampleInterval=+1e+08ns;QlBufWindow=+1e+09ns;QlFeedbackTimeout=+1e+09ns;QlDuplicateReplies=true;
QLAODV,M_N30_r300|QLAODV,2,30,29,0.1,512,15.0,0.85,1000.0,1000.0,300.0,16.0,300.0,1,0,0,3,200.0,56493,28420,0.503071,21.168,135.666749,136.805372,30.342679,43265,2265142,14.759702,1.522343,0.0,0.0,0.0,0.0,0.0,54730,4634,4001,0,2138,2.574369,72,3.186325,13.323077,28.280342,34911.284936,0.936505,323,5786,0,1657,26515,QlAlpha=0.2;QlGamma=0.7;QlEpsilon0=0.5;QlEpsilonMin=0.1;QlEpsilonDecay=0.995;QlMaxRoutes=10;QlRrepWait=+3e+08ns;QlBufSampleInterval=+1e+08ns;QlBufWindow=+1e+09ns;QlFeedbackTimeout=+1e+09ns;QlDuplicateReplies=true;
QLAODV,M_N30_r300|QLAODV,20,30,29,0.1,512,15.0,0.85,1000.0,1000.0,300.0,16.0,300.0,1,0,0,3,200.0,56493,27023,0.478342,20.127476,123.806619,123.575905,41.103262,59529,3088336,21.163974,2.202901,0.0,0.0,0.0,0.0,0.0,58000,4506,3660,0,2672,3.273952,182,3.71453,13.8,28.367521,32700.651082,0.940789,232,8560,0,2352,28389,QlAlpha=0.2;QlGamma=0.7;QlEpsilon0=0.5;QlEpsilonMin=0.1;QlEpsilonDecay=0.995;QlMaxRoutes=10;QlRrepWait=+3e+08ns;QlBufSampleInterval=+1e+08ns;QlBufWindow=+1e+09ns;QlFeedbackTimeout=+1e+09ns;QlDuplicateReplies=true;
QLAODV,M_N30_r300|QLAODV,3,30,29,0.1,512,15.0,0.85,1000.0,1000.0,300.0,16.0,300.0,1,0,0,3,200.0,56493,24534,0.434284,18.2736,92.635044,102.353237,25.552235,42500,2214742,16.717103,1.73229,0.0,0.0,0.0,0.0,0.0,53375,4653,3917,0,1797,2.607679,121,3.382906,13.015385,27.988034,36483.388441,0.689838,286,6383,0,2054,30903,QlAlpha=0.2;QlGamma=0.7;QlEpsilon0=0.5;QlEpsilonMin=0.1;QlEpsilonDecay=0.995;QlMaxRoutes=10;QlRrepWait=+3e+08ns;QlBufSampleInterval=+1e+08ns;QlBufWindow=+1e+09ns;QlFeedbackTimeout=+1e+09ns;QlDuplicateReplies=true;
QLAODV,M_N30_r300|QLAODV,4,30,29,0.1,512,15.0,0.85,1000.0,1000.0,300.0,16.0,300.0,1,0,0,3,200.0,56493,20846,0.369001,15.526676,26.627875,43.01715,14.556959,28670,1510228,13.416092,1.375324,0.0,0.0,0.0,0.0,0.0,50285,4208,3701,0,1383,3.101952,87,3.620513,13.870085,28.37265,34911.734277,0.500929,175,3693,0,1149,33385,QlAlpha=0.2;QlGamma=0.7;QlEpsilon0=0.5;QlEpsilonMin=0.1;QlEpsilonDecay=0.995;QlMaxRoutes=10;QlRrepWait=+3e+08ns;QlBufSampleInterval=+1e+08ns;QlBufWindow=+1e+09ns;QlFeedbackTimeout=+1e+09ns;QlDuplicateReplies=true;
QLAODV,M_N30_r300|QLAODV,5,30,29,0.1,512,15.0,0.85,1000.0,1000.0,300.0,16.0,300.0,1,0,0,3,200.0,56493,24483,0.433381,18.886886,39.18695,40.414013,17.564671,24458,1285464,9.723028,0.998979,0.0,0.0,0.0,0.0,0.0,49843,3650,3284,0,1376,2.75218,59,3.644444,13.374359,28.268376,37519.931912,0.455756,596,2353,0,881,30962,QlAlpha=0.2;QlGamma=0.7;QlEpsilon0=0.5;QlEpsilonMin=0.1;QlEpsilonDecay=0.995;QlMaxRoutes=10;QlRrepWait=+3e+08ns;QlBufSampleInterval=+1e+08ns;QlBufWindow=+1e+09ns;QlFeedbackTimeout=+1e+09ns;QlDuplicateReplies=true;
QLAODV,M_N30_r300|QLAODV,6,30,29,0.1,512,15.0,0.85,1000.0,1000.0,300.0,16.0,300.0,1,0,0,3,200.0,56493,31007,0.548864,23.094869,77.090351,79.480971,25.504044,27520,1428934,8.534118,0.887542,0.0,0.0,0.0,0.0,0.0,50716,3608,3150,0,1541,2.923426,37,3.844444,13.837607,28.364103,32817.801668,0.830563,97,3245,0,998,25400,QlAlpha=0.2;QlGamma=0.7;QlEpsilon0=0.5;QlEpsilonMin=0.1;QlEpsilonDecay=0.995;QlMaxRoutes=10;QlRrepWait=+3e+08ns;QlBufSampleInterval=+1e+08ns;QlBufWindow=+1e+09ns;QlFeedbackTimeout=+1e+09ns;QlDuplicateReplies=true;
QLAODV,M_N30_r300|QLAODV,7,30,29,0.1,512,15.0,0.85,1000.0,1000.0,300.0,16.0,300.0,1,0,0,3,200.0,56493,19796,0.350415,14.744607,82.062792,77.566073,25.883835,29760,1566786,14.656777,1.503334,0.0,0.0,0.0,0.0,0.0,50201,4701,4268,0,1470,2.982313,42,3.605128,13.716239,28.317949,35911.020594,0.555609,152,3973,0,1053,34749,QlAlpha=0.2;QlGamma=0.7;QlEpsilon0=0.5;QlEpsilonMin=0.1;QlEpsilonDecay=0.995;QlMaxRoutes=10;QlRrepWait=+3e+08ns;QlBufSampleInterval=+1e+08ns;QlBufWindow=+1e+09ns;QlFeedbackTimeout=+1e+09ns;QlDuplicateReplies=true;
QLAODV,M_N30_r300|QLAODV,8,30,29,0.1,512,15.0,0.85,1000.0,1000.0,300.0,16.0,300.0,1,0,0,3,200.0,56493,21532,0.381145,16.037628,92.117543,79.796978,21.02719,34155,1815634,15.615294,1.586244,0.0,0.0,0.0,0.0,0.0,49736,5841,5340,0,1517,2.977587,157,3.403419,13.441026,28.167521,36714.95414,0.521923,52,5183,0,1142,33562,QlAlpha=0.2;QlGamma=0.7;QlEpsilon0=0.5;QlEpsilonMin=0.1;QlEpsilonDecay=0.995;QlMaxRoutes=10;QlRrepWait=+3e+08ns;QlBufSampleInterval=+1e+08ns;QlBufWindow=+1e+09ns;QlFeedbackTimeout=+1e+09ns;QlDuplicateReplies=true;
QLAODV,M_N30_r300|QLAODV,9,30,29,0.1,512,15.0,0.85,1000.0,1000.0,300.0,16.0,300.0,1,0,0,3,200.0,56493,20523,0.363284,15.286097,84.463074,79.49282,27.807538,30471,1589724,14.344557,1.484724,0.0,0.0,0.0,0.0,0.0,50248,6855,6320,0,1663,2.491882,57,3.191453,13.109402,28.179487,31625.692068,0.561946,451,4308,0,1556,33649,QlAlpha=0.2;QlGamma=0.7;QlEpsilon0=0.5;QlEpsilonMin=0.1;QlEpsilonDecay=0.995;QlMaxRoutes=10;QlRrepWait=+3e+08ns;QlBufSampleInterval=+1e+08ns;QlBufWindow=+1e+09ns;QlFeedbackTimeout=+1e+09ns;QlDuplicateReplies=true;
QMAODV,M_N30_r300|QMAODV,1,30,29,0.1,512,15.0,0.85,1000.0,1000.0,300.0,16.0,300.0,1,0,0,3,200.0,56493,22706,0.401926,16.912055,98.778052,103.225271,51.714369,109047,5211014,42.499894,4.802563,0.0,0.0,0.0,0.0,0.0,0,0,0,0,0,0.0,0,3.65641,14.05812,28.249573,35718.64528,0.848371,1,7675,0,8176,31340,Policy=QLearning;MaxPaths=3;Alpha0=0.5;Gamma=0.9;Epsilon0=0.5;RewardW1=0.6;RewardW2=0.4;EpsilonDecayInterval=+1e+10ns;
QMAODV,M_N30_r300|QMAODV,10,30,29,0.1,512,15.0,0.85,1000.0,1000.0,300.0,16.0,300.0,1,0,0,3,200.0,56493,32205,0.570071,23.987172,89.883631,98.087321,34.436432,49142,2319568,13.337979,1.525912,0.0,0.0,0.0,0.0,0.0,0,0,0,0,0,0.0,0,3.661538,13.504274,28.097436,34337.053143,0.950454,63,6427,0,2361,23362,Policy=QLearning;MaxPaths=3;Alpha0=0.5;Gamma=0.9;Epsilon0=0.5;RewardW1=0.6;RewardW2=0.4;EpsilonDecayInterval=+1e+10ns;
QMAODV,M_N30_r300|QMAODV,11,30,29,0.1,512,15.0,0.85,1000.0,1000.0,300.0,16.0,300.0,1,0,0,3,200.0,56493,19181,0.339529,14.286538,130.757787,138.578668,58.242959,83008,3949618,38.132044,4.327616,0.0,0.0,0.0,0.0,0.0,0,0,0,0,0,0.0,0,3.760684,14.234188,28.411966,31831.023418,0.697839,0,6278,0,4909,34834,Policy=QLearning;MaxPaths=3;Alpha0=0.5;Gamma=0.9;Epsilon0=0.5;RewardW1=0.6;RewardW2=0.4;EpsilonDecayInterval=+1e+10ns;
QMAODV,M_N30_r300|QMAODV,12,30,29,0.1,512,15.0,0.85,1000.0,1000.0,300.0,16.0,300.0,1,0,0,3,200.0,56493,29850,0.528384,22.233103,144.329914,151.728365,54.754297,66322,3131572,19.427831,2.221843,0.0,0.0,0.0,0.0,0.0,0,0,0,0,0,0.0,0,3.574359,13.316239,28.075214,34300.903184,0.967076,79,8199,0,3710,25751,Policy=QLearning;MaxPaths=3;Alpha0=0.5;Gamma=0.9;Epsilon0=0.5;RewardW1=0.6;RewardW2=0.4;EpsilonDecayInterval=+1e+10ns;
QMAODV,M_N30_r300|QMAODV,13,30,29,0.1,512,15.0,0.85,1000.0,1000.0,300.0,16.0,300.0,1,0,0,3,200.0,56493,22371,0.395996,16.662538,73.897282,91.750479,56.118594,60115,2835276,23.470167,2.687184,0.0,0.0,0.0,0.0,0.0,0,0,0,0,0,0.0,0,3.560684,13.328205,28.264957,30237.191505,0.641726,20,5241,0,4551,32408,Policy=QLearning;MaxPaths=3;Alpha0=0.5;Gamma=0.9;Epsilon0=0.5;RewardW1=0.6;RewardW2=0.4;EpsilonDecayInterval=+1e+10ns;
QMAODV,M_N30_r300|QMAODV,14,30,29,0.1,512,15.0,0.85,1000.0,1000.0,300.0,16.0,300.0,1,0,0,3,200.0,56493,26996,0.477865,20.107366,137.601435,146.183665,63.839106,110736,5273652,36.175812,4.101941,0.0,0.0,0.0,0.0,0.0,0,0,0,0,0,0.0,0,3.615385,13.796581,28.305983,35684.210039,1.010178,21,9122,0,7821,28723,Policy=QLearning;MaxPaths=3;Alpha0=0.5;Gamma=0.9;Epsilon0=0.5;RewardW1=0.6;RewardW2=0.4;EpsilonDecayInterval=+1e+10ns;
QMAODV,M_N30_r300|QMAODV,15,30,29,0.1,512,15.0,0.85,1000.0,1000.0,300.0,16.0,300.0,1,0,0,3,200.0,56493,20667,0.365833,15.393352,66.372061,53.419016,11.894387,26575,1256656,11.260177,1.285866,0.0,0.0,0.0,0.0,0.0,0,0,0,0,0,0.0,0,3.687179,13.430769,28.22735,38294.458962,0.489972,0,3221,0,1241,33688,Policy=QLearning;MaxPaths=3;Alpha0=0.5;Gamma=0.9;Epsilon0=0.5;RewardW1=0.6;RewardW2=0.4;EpsilonDecayInterval=+1e+10ns;
QMAODV,M_N30_r300|QMAODV,16,30,29,0.1,512,15.0,0.85,1000.0,1000.0,300.0,16.0,300.0,1,0,0,3,200.0,56493,25650,0.454039,19.787143,64.154869,90.223891,16.827124,27940,1317794,9.514071,1.089279,0.0,0.0,0.0,0.0,0.0,0,0,0,0,0,0.0,0,3.664957,13.752137,28.441026,36269.185127,0.629512,0,4067,0,1382,30181,Policy=QLearning;MaxPaths=3;Alpha0=0.5;Gamma=0.9;Epsilon0=0.5;RewardW1=0.6;RewardW2=0.4;EpsilonDecayInterval=+1e+10ns;
QMAODV,M_N30_r300|QMAODV,17,30,29,0.1,512,15.0,0.85,1000.0,1000.0,300.0,16.0,300.0,1,0,0,3,200.0,56493,33892,0.599933,25.243697,80.565033,94.773513,36.36337,70339,3332904,18.210918,2.075387,0.0,0.0,0.0,0.0,0.0,0,0,0,0,0,0.0,0,3.757265,13.988034,28.461538,33898.278726,1.262263,4,5541,0,3955,21176,Policy=QLearning;MaxPaths=3;Alpha0=0.5;Gamma=0.9;Epsilon0=0.5;RewardW1=0.6;RewardW2=0.4;EpsilonDecayInterval=+1e+10ns;
QMAODV,M_N30_r300|QMAODV,18,30,29,0.1,512,15.0,0.85,1000.0,1000.0,300.0,16.0,300.0,1,0,0,3,200.0,56493,25703,0.454977,19.144303,89.199699,97.700521,14.10472,23723,1119492,8.065725,0.922966,0.0,0.0,0.0,0.0,0.0,0,0,0,0,0,0.0,0,3.524786,13.791453,28.246154,33349.765461,0.693006,0,3444,0,1200,29392,Policy=QLearning;MaxPaths=3;Alpha0=0.5;Gamma=0.9;Epsilon0=0.5;RewardW1=0.6;RewardW2=0.4;EpsilonDecayInterval=+1e+10ns;
QMAODV,M_N30_r300|QMAODV,19,30,29,0.1,512,15.0,0.85,1000.0,1000.0,300.0,16.0,300.0,1,0,0,3,200.0,56493,30966,0.548139,23.888057,47.065486,49.074485,21.148755,34258,1612202,9.641411,1.10631,0.0,0.0,0.0,0.0,0.0,0,0,0,0,0,0.0,0,3.623932,13.547009,28.205128,35735.702045,0.983467,0,6029,0,1697,24194,Policy=QLearning;MaxPaths=3;Alpha0=0.5;Gamma=0.9;Epsilon0=0.5;RewardW1=0.6;RewardW2=0.4;EpsilonDecayInterval=+1e+10ns;
QMAODV,M_N30_r300|QMAODV,2,30,29,0.1,512,15.0,0.85,1000.0,1000.0,300.0,16.0,300.0,1,0,0,3,200.0,56493,21570,0.381817,16.065931,274.006615,280.280341,98.7502,141268,6760448,58.040557,6.549281,0.0,0.0,0.0,0.0,0.0,0,0,0,0,0,0.0,0,3.186325,13.323077,28.280342,34911.284936,0.906112,42,14540,0,10958,33449,Policy=QLearning;MaxPaths=3;Alpha0=0.5;Gamma=0.9;Epsilon0=0.5;RewardW1=0.6;RewardW2=0.4;EpsilonDecayInterval=+1e+10ns;
QMAODV,M_N30_r300|QMAODV,20,30,29,0.1,512,15.0,0.85,1000.0,1000.0,300.0,16.0,300.0,1,0,0,3,200.0,56493,22475,0.397837,16.74,75.434233,82.607004,34.700464,66219,3148940,25.946031,2.94634,0.0,0.0,0.0,0.0,0.0,0,0,0,0,0,0.0,0,3.71453,13.8,28.367521,32700.651082,0.80148,6,6426,0,3603,32877,Policy=QLearning;MaxPaths=3;Alpha0=0.5;Gamma=0.9;Epsilon0=0.5;RewardW1=0.6;RewardW2=0.4;EpsilonDecayInterval=+1e+10ns;
QMAODV,M_N30_r300|QMAODV,3,30,29,0.1,512,15.0,0.85,1000.0,1000.0,300.0,16.0,300.0,1,0,0,3,200.0,56493,26825,0.474838,19.98,199.208554,207.160343,90.917673,143624,6827884,47.135991,5.35411,0.0,0.0,0.0,0.0,0.0,0,0,0,0,0,0.0,0,3.382906,13.015385,27.988034,36483.388441,1.357496,64,14380,0,10131,28646,Policy=QLearning;MaxPaths=3;Alpha0=0.5;Gamma=0.9;Epsilon0=0.5;RewardW1=0.6;RewardW2=0.4;EpsilonDecayInterval=+1e+10ns;
QMAODV,M_N30_r300|QMAODV,4,30,29,0.1,512,15.0,0.85,1000.0,1000.0,300.0,16.0,300.0,1,0,0,3,200.0,56493,20485,0.362611,15.257793,42.416926,42.478357,18.740412,55489,2637732,23.845198,2.708763,0.0,0.0,0.0,0.0,0.0,0,0,0,0,0,0.0,0,3.620513,13.870085,28.37265,34911.734277,0.551042,19,5306,0,3848,34926,Policy=QLearning;MaxPaths=3;Alpha0=0.5;Gamma=0.9;Epsilon0=0.5;RewardW1=0.6;RewardW2=0.4;EpsilonDecayInterval=+1e+10ns;
QMAODV,M_N30_r300|QMAODV,5,30,29,0.1,512,15.0,0.85,1000.0,1000.0,300.0,16.0,300.0,1,0,0,3,200.0,56493,27056,0.478927,20.152055,113.042286,124.067715,64.863439,91257,4331386,29.646234,3.372893,0.0,0.0,0.0,0.0,0.0,0,0,0,0,0,0.0,0,3.644444,13.374359,28.268376,37519.931912,0.889862,134,9172,0,6361,28896,Policy=QLearning;MaxPaths=3;Alpha0=0.5;Gamma=0.9;Epsilon0=0.5;RewardW1=0.6;RewardW2=0.4;EpsilonDecayInterval=+1e+10ns;
QMAODV,M_N30_r300|QMAODV,6,30,29,0.1,512,15.0,0.85,1000.0,1000.0,300.0,16.0,300.0,1,0,0,3,200.0,56493,30488,0.539677,23.519314,42.586756,46.088452,15.071381,34216,1610956,9.785003,1.122278,0.0,0.0,0.0,0.0,0.0,0,0,0,0,0,0.0,0,3.844444,13.837607,28.364103,32817.801668,0.819748,3,3304,0,1635,24890,Policy=QLearning;MaxPaths=3;Alpha0=0.5;Gamma=0.9;Epsilon0=0.5;RewardW1=0.6;RewardW2=0.4;EpsilonDecayInterval=+1e+10ns;
QMAODV,M_N30_r300|QMAODV,7,30,29,0.1,512,15.0,0.85,1000.0,1000.0,300.0,16.0,300.0,1,0,0,3,200.0,56493,17083,0.302391,13.178314,95.453687,101.401625,29.996338,44577,2108210,22.853671,2.609436,0.0,0.0,0.0,0.0,0.0,0,0,0,0,0,0.0,0,3.605128,13.716239,28.317949,35911.020594,0.513338,43,5077,0,1938,37528,Policy=QLearning;MaxPaths=3;Alpha0=0.5;Gamma=0.9;Epsilon0=0.5;RewardW1=0.6;RewardW2=0.4;EpsilonDecayInterval=+1e+10ns;
QMAODV,M_N30_r300|QMAODV,8,30,29,0.1,512,15.0,0.85,1000.0,1000.0,300.0,16.0,300.0,1,0,0,3,200.0,56493,23648,0.418601,17.613683,58.956797,57.507006,23.061847,43652,2085066,16.327949,1.845907,0.0,0.0,0.0,0.0,0.0,0,0,0,0,0,0.0,0,3.403419,13.441026,28.167521,36714.95414,0.677872,4,6389,0,2006,31751,Policy=QLearning;MaxPaths=3;Alpha0=0.5;Gamma=0.9;Epsilon0=0.5;RewardW1=0.6;RewardW2=0.4;EpsilonDecayInterval=+1e+10ns;
QMAODV,M_N30_r300|QMAODV,9,30,29,0.1,512,15.0,0.85,1000.0,1000.0,300.0,16.0,300.0,1,0,0,3,200.0,56493,20095,0.355708,14.96731,67.312554,66.688023,39.706137,65537,3114660,28.703105,3.261359,0.0,0.0,0.0,0.0,0.0,0,0,0,0,0,0.0,0,3.191453,13.109402,28.179487,31625.692068,0.66495,4,7380,0,3150,34053,Policy=QLearning;MaxPaths=3;Alpha0=0.5;Gamma=0.9;Epsilon0=0.5;RewardW1=0.6;RewardW2=0.4;EpsilonDecayInterval=+1e+10ns;
QSQMAODV,M_N30_r300|QSQ_FULL,1,30,29,0.1,512,15.0,0.85,1000.0,1000.0,300.0,16.0,300.0,1,0,0,3,200.0,56493,27558,0.487813,20.525959,96.713072,95.741902,24.281338,68019,3248430,21.82891,2.468212,0.031335,0.111672,1.0,0.021084,0.090714,134044,1650,0,3724,0,0.0,0,3.65641,14.05812,28.249573,35718.64528,0.972545,12,3689,0,3129,26593,Policy=QLearning;MaxPaths=3;Alpha0=0.5;Gamma=0.9;Epsilon0=0.5;RewardW1=0.6;RewardW2=0.4;HopByHop=false;QueueRewardWeight=0.1;FailurePenalty=0.5;QueueAwareSelect=true;QueueSelectBeta=0.5;QueueDrivenExploration=true;ExplorationFloor=0.01;AckSilenceDecay=true;AckSilenceThreshold=+1.5e+10ns;DecayFactor=0.92;DecayMinTx=3;DecayInterval=+1e+10ns;QueueRefPackets=20;EpsilonDecayInterval=+1e+10ns;
QSQMAODV,M_N30_r300|QSQ_FULL,10,30,29,0.1,512,15.0,0.85,1000.0,1000.0,300.0,16.0,300.0,1,0,0,3,200.0,56493,37189,0.658294,27.699393,39.31864,40.73306,12.229845,26192,1234720,6.148373,0.704294,0.013179,0.059786,1.0,0.011113,0.052533,120606,1060,0,2560,0,0.0,0,3.661538,13.504274,28.097436,34337.053143,1.022127,6,4103,0,1248,17958,Policy=QLearning;MaxPaths=3;Alpha0=0.5;Gamma=0.9;Epsilon0=0.5;RewardW1=0.6;RewardW2=0.4;HopByHop=false;QueueRewardWeight=0.1;FailurePenalty=0.5;QueueAwareSelect=true;QueueSelectBeta=0.5;QueueDrivenExploration=true;ExplorationFloor=0.01;AckSilenceDecay=true;AckSilenceThreshold=+1.5e+10ns;DecayFactor=0.92;DecayMinTx=3;DecayInterval=+1e+10ns;QueueRefPackets=20;EpsilonDecayInterval=+1e+10ns;
QSQMAODV,M_N30_r300|QSQ_FULL,11,30,29,0.1,512,15.0,0.85,1000.0,1000.0,300.0,16.0,300.0,1,0,0,3,200.0,56493,30429,0.538633,22.664359,114.480603,112.283974,35.701868,142467,6790400,41.3251,4.681948,0.077375,0.175808,1.0,0.040319,0.143475,127736,2792,0,3999,0,0.0,0,3.760684,14.234188,28.411966,31831.023418,1.092436,1,8554,0,9988,25114,Policy=QLearning;MaxPaths=3;Alpha0=0.5;Gamma=0.9;Epsilon0=0.5;RewardW1=0.6;RewardW2=0.4;HopByHop=false;QueueRewardWeight=0.1;FailurePenalty=0.5;QueueAwareSelect=true;QueueSelectBeta=0.5;QueueDrivenExploration=true;ExplorationFloor=0.01;AckSilenceDecay=true;AckSilenceThreshold=+1.5e+10ns;DecayFactor=0.92;DecayMinTx=3;DecayInterval=+1e+10ns;QueueRefPackets=20;EpsilonDecayInterval=+1e+10ns;
QSQMAODV,M_N30_r300|QSQ_FULL,12,30,29,0.1,512,15.0,0.85,1000.0,1000.0,300.0,16.0,300.0,1,0,0,3,200.0,56493,35235,0.623706,26.244,88.945212,82.749237,19.043114,30841,1464944,7.699331,0.875294,0.015888,0.06288,1.0,0.012894,0.055638,116905,966,0,2746,0,0.0,0,3.574359,13.316239,28.075214,34300.903184,0.944223,0,2804,0,1250,20845,Policy=QLearning;MaxPaths=3;Alpha0=0.5;Gamma=0.9;Epsilon0=0.5;RewardW1=0.6;RewardW2=0.4;HopByHop=false;QueueRewardWeight=0.1;FailurePenalty=0.5;QueueAwareSelect=true;QueueSelectBeta=0.5;QueueDrivenExploration=true;ExplorationFloor=0.01;AckSilenceDecay=true;AckSilenceThreshold=+1.5e+10ns;DecayFactor=0.92;DecayMinTx=3;DecayInterval=+1e+10ns;QueueRefPackets=20;EpsilonDecayInterval=+1e+10ns;
QSQMAODV,M_N30_r300|QSQ_FULL,13,30,29,0.1,512,15.0,0.85,1000.0,1000.0,300.0,16.0,300.0,1,0,0,3,200.0,56493,37439,0.662719,27.8856,132.819453,131.116287,33.448748,78968,3733040,18.464802,2.109244,0.056038,0.153374,1.0,0.039461,0.133573,125283,2078,0,2660,0,0.0,0,3.560684,13.328205,28.264957,30237.191505,1.151205,5,6680,0,4008,18573,Policy=QLearning;MaxPaths=3;Alpha0=0.5;Gamma=0.9;Epsilon0=0.5;RewardW1=0.6;RewardW2=0.4;HopByHop=false;QueueRewardWeight=0.1;FailurePenalty=0.5;QueueAwareSelect=true;QueueSelectBeta=0.5;QueueDrivenExploration=true;ExplorationFloor=0.01;AckSilenceDecay=true;AckSilenceThreshold=+1.5e+10ns;DecayFactor=0.92;DecayMinTx=3;DecayInterval=+1e+10ns;QueueRefPackets=20;EpsilonDecayInterval=+1e+10ns;
QSQMAODV,M_N30_r300|QSQ_FULL,14,30,29,0.1,512,15.0,0.85,1000.0,1000.0,300.0,16.0,300.0,1,0,0,3,200.0,56493,33721,0.596906,25.116331,86.587203,92.715669,38.545923,115739,5520286,30.315684,3.432253,0.081231,0.184713,1.0,0.04661,0.15387,119747,3497,0,3123,0,0.0,0,3.615385,13.796581,28.305983,35684.210039,1.013435,0,6806,0,8817,22079,Policy=QLearning;MaxPaths=3;Alpha0=0.5;Gamma=0.9;Epsilon0=0.5;RewardW1=0.6;RewardW2=0.4;HopByHop=false;QueueRewardWeight=0.1;FailurePenalty=0.5;QueueAwareSelect=true;QueueSelectBeta=0.5;QueueDrivenExploration=true;ExplorationFloor=0.01;AckSilenceDecay=true;AckSilenceThreshold=+1.5e+10ns;DecayFactor=0.92;DecayMinTx=3;DecayInterval=+1e+10ns;QueueRefPackets=20;EpsilonDecayInterval=+1e+10ns;
QSQMAODV,M_N30_r300|QSQ_FULL,15,30,29,0.1,512,15.0,0.85,1000.0,1000.0,300.0,16.0,300.0,1,0,0,3,200.0,56493,28478,0.504098,21.2112,39.387939,38.71924,13.076434,32936,1565664,10.181114,1.156542,0.056738,0.111642,1.0,0.053857,0.103642,128929,962,0,3276,0,0.0,0,3.687179,13.430769,28.22735,38294.458962,0.852495,98,2169,0,1294,25470,Policy=QLearning;MaxPaths=3;Alpha0=0.5;Gamma=0.9;Epsilon0=0.5;RewardW1=0.6;RewardW2=0.4;HopByHop=false;QueueRewardWeight=0.1;FailurePenalty=0.5;QueueAwareSelect=true;QueueSelectBeta=0.5;QueueDrivenExploration=true;ExplorationFloor=0.01;AckSilenceDecay=true;AckSilenceThreshold=+1.5e+10ns;DecayFactor=0.92;DecayMinTx=3;DecayInterval=+1e+10ns;QueueRefPackets=20;EpsilonDecayInterval=+1e+10ns;
QSQMAODV,M_N30_r300|QSQ_FULL,16,30,29,0.1,512,15.0,0.85,1000.0,1000.0,300.0,16.0,300.0,1,0,0,3,200.0,56493,25575,0.452711,19.729286,60.589902,75.269407,10.191019,14582,692522,5.01446,0.570166,0.003797,0.024291,1.0,0.003444,0.021295,97160,696,0,2531,0,0.0,0,3.664957,13.752137,28.441026,36269.185127,0.49068,0,3069,0,792,29872,Policy=QLearning;MaxPaths=3;Alpha0=0.5;Gamma=0.9;Epsilon0=0.5;RewardW1=0.6;RewardW2=0.4;HopByHop=false;QueueRewardWeight=0.1;FailurePenalty=0.5;QueueAwareSelect=true;QueueSelectBeta=0.5;QueueDrivenExploration=true;ExplorationFloor=0.01;AckSilenceDecay=true;AckSilenceThreshold=+1.5e+10ns;DecayFactor=0.92;DecayMinTx=3;DecayInterval=+1e+10ns;QueueRefPackets=20;EpsilonDecayInterval=+1e+10ns;
QSQMAODV,M_N30_r300|QSQ_FULL,17,30,29,0.1,512,15.0,0.85,1000.0,1000.0,300.0,16.0,300.0,1,0,0,3,200.0,56493,35816,0.63399,26.676745,28.767792,32.452005,12.543947,37512,1777456,9.190265,1.047353,0.017412,0.066305,1.0,0.012383,0.056219,120629,1224,0,3173,0,0.0,0,3.757265,13.988034,28.461538,33898.278726,1.008833,2,2563,0,1700,19484,Policy=QLearning;MaxPaths=3;Alpha0=0.5;Gamma=0.9;Epsilon0=0.5;RewardW1=0.6;RewardW2=0.4;HopByHop=false;QueueRewardWeight=0.1;FailurePenalty=0.5;QueueAwareSelect=true;QueueSelectBeta=0.5;QueueDrivenExploration=true;ExplorationFloor=0.01;AckSilenceDecay=true;AckSilenceThreshold=+1.5e+10ns;DecayFactor=0.92;DecayMinTx=3;DecayInterval=+1e+10ns;QueueRefPackets=20;EpsilonDecayInterval=+1e+10ns;
QSQMAODV,M_N30_r300|QSQ_FULL,18,30,29,0.1,512,15.0,0.85,1000.0,1000.0,300.0,16.0,300.0,1,0,0,3,200.0,56493,41046,0.726568,30.572193,101.441967,106.10558,28.999628,51623,2443718,11.0252,1.257686,0.061002,0.169095,1.0,0.054898,0.15719,145771,1325,0,3641,0,0.0,0,3.524786,13.791453,28.246154,33349.765461,1.440355,116,6645,0,1911,14881,Policy=QLearning;MaxPaths=3;Alpha0=0.5;Gamma=0.9;Epsilon0=0.5;RewardW1=0.6;RewardW2=0.4;HopByHop=false;QueueRewardWeight=0.1;FailurePenalty=0.5;QueueAwareSelect=true;QueueSelectBeta=0.5;QueueDrivenExploration=true;ExplorationFloor=0.01;AckSilenceDecay=true;AckSilenceThreshold=+1.5e+10ns;DecayFactor=0.92;DecayMinTx=3;DecayInterval=+1e+10ns;QueueRefPackets=20;EpsilonDecayInterval=+1e+10ns;
QSQMAODV,M_N30_r300|QSQ_FULL,19,30,29,0.1,512,15.0,0.85,1000.0,1000.0,300.0,16.0,300.0,1,0,0,3,200.0,56493,27076,0.479281,20.166952,49.131832,47.729561,15.027605,22416,1062404,7.266268,0.827892,0.008627,0.039581,1.0,0.006984,0.034472,107406,913,0,2716,0,0.0,0,3.623932,13.547009,28.205128,35735.702045,0.679146,0,2967,0,1121,28099,Policy=QLearning;MaxPaths=3;Alpha0=0.5;Gamma=0.9;Epsilon0=0.5;RewardW1=0.6;RewardW2=0.4;HopByHop=false;QueueRewardWeight=0.1;FailurePenalty=0.5;QueueAwareSelect=true;QueueSelectBeta=0.5;QueueDrivenExploration=true;ExplorationFloor=0.01;AckSilenceDecay=true;AckSilenceThreshold=+1.5e+10ns;DecayFactor=0.92;DecayMinTx=3;DecayInterval=+1e+10ns;QueueRefPackets=20;EpsilonDecayInterval=+1e+10ns;
QSQMAODV,M_N30_r300|QSQ_FULL,2,30,29,0.1,512,15.0,0.85,1000.0,1000.0,300.0,16.0,300.0,1,0,0,3,200.0,56493,27550,0.487671,20.52,242.903997,249.727075,48.692169,72661,3458482,23.247173,2.637423,0.047169,0.141967,1.0,0.034359,0.121039,124836,2206,0,4312,0,0.0,0,3.186325,13.323077,28.280342,34911.284936,0.951675,1,6043,0,3710,28523,Policy=QLearning;MaxPaths=3;Alpha0=0.5;Gamma=0.9;Epsilon0=0.5;RewardW1=0.6;RewardW2=0.4;HopByHop=false;QueueRewardWeight=0.1;FailurePenalty=0.5;QueueAwareSelect=true;QueueSelectBeta=0.5;QueueDrivenExploration=true;ExplorationFloor=0.01;AckSilenceDecay=true;AckSilenceThreshold=+1.5e+10ns;DecayFactor=0.92;DecayMinTx=3;DecayInterval=+1e+10ns;QueueRefPackets=20;EpsilonDecayInterval=+1e+10ns;
QSQMAODV,M_N30_r300|QSQ_FULL,20,30,29,0.1,512,15.0,0.85,1000.0,1000.0,300.0,16.0,300.0,1,0,0,3,200.0,56493,26757,0.473634,19.929352,178.699762,197.132064,42.104839,111971,5358006,37.082757,4.184737,0.074944,0.174979,1.0,0.043858,0.138768,115524,2971,0,4366,0,0.0,0,3.71453,13.8,28.367521,32700.651082,0.928876,0,7237,0,7696,28436,Policy=QLearning;MaxPaths=3;Alpha0=0.5;Gamma=0.9;Epsilon0=0.5;RewardW1=0.6;RewardW2=0.4;HopByHop=false;QueueRewardWeight=0.1;FailurePenalty=0.5;QueueAwareSelect=true;QueueSelectBeta=0.5;QueueDrivenExploration=true;ExplorationFloor=0.01;AckSilenceDecay=true;AckSilenceThreshold=+1.5e+10ns;DecayFactor=0.92;DecayMinTx=3;DecayInterval=+1e+10ns;QueueRefPackets=20;EpsilonDecayInterval=+1e+10ns;
QSQMAODV,M_N30_r300|QSQ_FULL,3,30,29,0.1,512,15.0,0.85,1000.0,1000.0,300.0,16.0,300.0,1,0,0,3,200.0,56493,32279,0.571381,24.04229,170.726123,177.848433,49.364257,118214,5640470,32.359475,3.662257,0.091291,0.224272,1.0,0.064575,0.193184,134187,2846,0,3618,0,0.0,0,3.382906,13.015385,27.988034,36483.388441,1.327102,48,11266,0,6593,23687,Policy=QLearning;MaxPaths=3;Alpha0=0.5;Gamma=0.9;Epsilon0=0.5;RewardW1=0.6;RewardW2=0.4;HopByHop=false;QueueRewardWeight=0.1;FailurePenalty=0.5;QueueAwareSelect=true;QueueSelectBeta=0.5;QueueDrivenExploration=true;ExplorationFloor=0.01;AckSilenceDecay=true;AckSilenceThreshold=+1.5e+10ns;DecayFactor=0.92;DecayMinTx=3;DecayInterval=+1e+10ns;QueueRefPackets=20;EpsilonDecayInterval=+1e+10ns;
QSQMAODV,M_N30_r300|QSQ_FULL,4,30,29,0.1,512,15.0,0.85,1000.0,1000.0,300.0,16.0,300.0,1,0,0,3,200.0,56493,18709,0.331174,13.934979,51.678236,65.374575,9.934699,24919,1184708,11.726462,1.331926,0.01135,0.043045,1.0,0.008335,0.035875,99997,774,0,3042,0,0.0,0,3.620513,13.870085,28.37265,34911.734277,0.378861,0,3013,0,1133,35334,Policy=QLearning;MaxPaths=3;Alpha0=0.5;Gamma=0.9;Epsilon0=0.5;RewardW1=0.6;RewardW2=0.4;HopByHop=false;QueueRewardWeight=0.1;FailurePenalty=0.5;QueueAwareSelect=true;QueueSelectBeta=0.5;QueueDrivenExploration=true;ExplorationFloor=0.01;AckSilenceDecay=true;AckSilenceThreshold=+1.5e+10ns;DecayFactor=0.92;DecayMinTx=3;DecayInterval=+1e+10ns;QueueRefPackets=20;EpsilonDecayInterval=+1e+10ns;
QSQMAODV,M_N30_r300|QSQ_FULL,5,30,29,0.1,512,15.0,0.85,1000.0,1000.0,300.0,16.0,300.0,1,0,0,3,200.0,56493,30301,0.536367,22.569021,39.436581,46.68974,15.704829,33154,1576622,9.635558,1.094155,0.023138,0.073786,1.0,0.017211,0.062697,108776,1028,0,2748,0,0.0,0,3.644444,13.374359,28.268376,37519.931912,0.691431,31,3077,0,1561,25594,Policy=QLearning;MaxPaths=3;Alpha0=0.5;Gamma=0.9;Epsilon0=0.5;RewardW1=0.6;RewardW2=0.4;HopByHop=false;QueueRewardWeight=0.1;FailurePenalty=0.5;QueueAwareSelect=true;QueueSelectBeta=0.5;QueueDrivenExploration=true;ExplorationFloor=0.01;AckSilenceDecay=true;AckSilenceThreshold=+1.5e+10ns;DecayFactor=0.92;DecayMinTx=3;DecayInterval=+1e+10ns;QueueRefPackets=20;EpsilonDecayInterval=+1e+10ns;
QSQMAODV,M_N30_r300|QSQ_FULL,6,30,29,0.1,512,15.0,0.85,1000.0,1000.0,300.0,16.0,300.0,1,0,0,3,200.0,56493,27417,0.485317,21.150257,54.431236,63.696478,12.715195,22974,1084630,7.326017,0.837947,0.00915,0.038343,1.0,0.007419,0.032605,98859,893,0,2800,0,0.0,0,3.844444,13.837607,28.364103,32817.801668,0.587205,0,1929,0,1093,28030,Policy=QLearning;MaxPaths=3;Alpha0=0.5;Gamma=0.9;Epsilon0=0.5;RewardW1=0.6;RewardW2=0.4;HopByHop=false;QueueRewardWeight=0.1;FailurePenalty=0.5;QueueAwareSelect=true;QueueSelectBeta=0.5;QueueDrivenExploration=true;ExplorationFloor=0.01;AckSilenceDecay=true;AckSilenceThreshold=+1.5e+10ns;DecayFactor=0.92;DecayMinTx=3;DecayInterval=+1e+10ns;QueueRefPackets=20;EpsilonDecayInterval=+1e+10ns;
QSQMAODV,M_N30_r300|QSQ_FULL,7,30,29,0.1,512,15.0,0.85,1000.0,1000.0,300.0,16.0,300.0,1,0,0,3,200.0,56493,25690,0.454747,19.134621,97.91435,106.482473,36.020722,87218,4173326,30.083229,3.395018,0.045973,0.132479,1.0,0.028111,0.109087,126606,1987,0,3951,0,0.0,0,3.605128,13.716239,28.317949,35911.020594,1.007682,0,6945,0,4158,28984,Policy=QLearning;MaxPaths=3;Alpha0=0.5;Gamma=0.9;Epsilon0=0.5;RewardW1=0.6;RewardW2=0.4;HopByHop=false;QueueRewardWeight=0.1;FailurePenalty=0.5;QueueAwareSelect=true;QueueSelectBeta=0.5;QueueDrivenExploration=true;ExplorationFloor=0.01;AckSilenceDecay=true;AckSilenceThreshold=+1.5e+10ns;DecayFactor=0.92;DecayMinTx=3;DecayInterval=+1e+10ns;QueueRefPackets=20;EpsilonDecayInterval=+1e+10ns;
QSQMAODV,M_N30_r300|QSQ_FULL,8,30,29,0.1,512,15.0,0.85,1000.0,1000.0,300.0,16.0,300.0,1,0,0,3,200.0,56493,23826,0.421751,17.746262,106.654014,107.246827,23.948488,47151,2250580,17.492406,1.978973,0.03501,0.095001,1.0,0.028381,0.08318,119103,1334,0,3590,0,0.0,0,3.403419,13.441026,28.167521,36714.95414,0.645921,2,6379,0,1995,30569,Policy=QLearning;MaxPaths=3;Alpha0=0.5;Gamma=0.9;Epsilon0=0.5;RewardW1=0.6;RewardW2=0.4;HopByHop=false;QueueRewardWeight=0.1;FailurePenalty=0.5;QueueAwareSelect=true;QueueSelectBeta=0.5;QueueDrivenExploration=true;ExplorationFloor=0.01;AckSilenceDecay=true;AckSilenceThreshold=+1.5e+10ns;DecayFactor=0.92;DecayMinTx=3;DecayInterval=+1e+10ns;QueueRefPackets=20;EpsilonDecayInterval=+1e+10ns;
QSQMAODV,M_N30_r300|QSQ_FULL,9,30,29,0.1,512,15.0,0.85,1000.0,1000.0,300.0,16.0,300.0,1,0,0,3,200.0,56493,26038,0.460907,20.086457,99.018501,94.834303,23.245425,49339,2348874,16.705456,1.894884,0.026803,0.093498,1.0,0.020418,0.080586,126720,1486,0,3593,0,0.0,0,3.191453,13.109402,28.179487,31625.692068,0.893562,0,4600,0,2096,28426,Policy=QLearning;MaxPaths=3;Alpha0=0.5;Gamma=0.9;Epsilon0=0.5;RewardW1=0.6;RewardW2=0.4;HopByHop=false;QueueRewardWeight=0.1;FailurePenalty=0.5;QueueAwareSelect=true;QueueSelectBeta=0.5;QueueDrivenExploration=true;ExplorationFloor=0.01;AckSilenceDecay=true;AckSilenceThreshold=+1.5e+10ns;DecayFactor=0.92;DecayMinTx=3;DecayInterval=+1e+10ns;QueueRefPackets=20;EpsilonDecayInterval=+1e+10ns;
QSQMAODV,M_N30_r300|QSQ_hbh_queue,1,30,29,0.1,512,15.0,0.85,1000.0,1000.0,300.0,16.0,300.0,1,0,0,3,200.0,56493,21420,0.379162,15.954207,125.003915,113.085595,43.059842,106061,5069366,43.826867,4.951494,0.07759,0.198888,1.0,0.035338,0.16127,142487,4120,0,4336,0,0.0,0,3.65641,14.05812,28.249573,35718.64528,0.821642,121,8736,0,8993,32837,Policy=QLearning;MaxPaths=3;Alpha0=0.5;Gamma=0.9;Epsilon0=0.5;RewardW1=0.6;RewardW2=0.4;HopByHop=true;QueueRewardWeight=0.1;FailurePenalty=0.5;QueueAwareSelect=true;QueueSelectBeta=0.5;QueueDrivenExploration=true;ExplorationFloor=0.01;AckSilenceDecay=true;AckSilenceThreshold=+1.5e+10ns;DecayFactor=0.92;DecayMinTx=3;DecayInterval=+1e+10ns;QueueRefPackets=20;EpsilonDecayInterval=+1e+10ns;
QSQMAODV,M_N30_r300|QSQ_hbh_queue,10,30,29,0.1,512,15.0,0.85,1000.0,1000.0,300.0,16.0,300.0,1,0,0,3,200.0,56493,33203,0.587737,24.73051,101.919443,122.14813,31.369936,51401,2430974,13.558425,1.548083,0.051344,0.148801,1.0,0.029702,0.123812,132178,2448,0,2525,0,0.0,0,3.661538,13.504274,28.097436,34337.053143,0.955977,78,7047,0,3401,22137,Policy=QLearning;MaxPaths=3;Alpha0=0.5;Gamma=0.9;Epsilon0=0.5;RewardW1=0.6;RewardW2=0.4;HopByHop=true;QueueRewardWeight=0.1;FailurePenalty=0.5;QueueAwareSelect=true;QueueSelectBeta=0.5;QueueDrivenExploration=true;ExplorationFloor=0.01;AckSilenceDecay=true;AckSilenceThreshold=+1.5e+10ns;DecayFactor=0.92;DecayMinTx=3;DecayInterval=+1e+10ns;QueueRefPackets=20;EpsilonDecayInterval=+1e+10ns;
QSQMAODV,M_N30_r300|QSQ_hbh_queue,11,30,29,0.1,512,15.0,0.85,1000.0,1000.0,300.0,16.0,300.0,1,0,0,3,200.0,56493,21458,0.379835,15.98251,90.991151,78.450038,27.957971,94469,4495624,38.797789,4.402507,0.070216,0.17178,1.0,0.039306,0.140697,133002,3386,0,3177,0,0.0,0,3.760684,14.234188,28.411966,31831.023418,0.696865,73,7703,0,7623,33324,Policy=QLearning;MaxPaths=3;Alpha0=0.5;Gamma=0.9;Epsilon0=0.5;RewardW1=0.6;RewardW2=0.4;HopByHop=true;QueueRewardWeight=0.1;FailurePenalty=0.5;QueueAwareSelect=true;QueueSelectBeta=0.5;QueueDrivenExploration=true;ExplorationFloor=0.01;AckSilenceDecay=true;AckSilenceThreshold=+1.5e+10ns;DecayFactor=0.92;DecayMinTx=3;DecayInterval=+1e+10ns;QueueRefPackets=20;EpsilonDecayInterval=+1e+10ns;
QSQMAODV,M_N30_r300|QSQ_hbh_queue,12,30,29,0.1,512,15.0,0.85,1000.0,1000.0,300.0,16.0,300.0,1,0,0,3,200.0,56493,31437,0.556476,23.415145,130.314851,126.593308,41.829994,66670,3146828,18.536945,2.120749,0.042994,0.153169,1.0,0.022205,0.120156,141100,3466,0,2871,0,0.0,0,3.574359,13.316239,28.075214,34300.903184,1.063388,146,7424,0,4650,24394,Policy=QLearning;MaxPaths=3;Alpha0=0.5;Gamma=0.9;Epsilon0=0.5;RewardW1=0.6;RewardW2=0.4;HopByHop=true;QueueRewardWeight=0.1;FailurePenalty=0.5;QueueAwareSelect=true;QueueSelectBeta=0.5;QueueDrivenExploration=true;ExplorationFloor=0.01;AckSilenceDecay=true;AckSilenceThreshold=+1.5e+10ns;DecayFactor=0.92;DecayMinTx=3;DecayInterval=+1e+10ns;QueueRefPackets=20;EpsilonDecayInterval=+1e+10ns;
QSQMAODV,M_N30_r300|QSQ_hbh_queue,13,30,29,0.1,512,15.0,0.85,1000.0,1000.0,300.0,16.0,300.0,1,0,0,3,200.0,56493,30806,0.545306,22.945159,52.347433,53.652226,24.592936,52159,2461318,14.795807,1.693144,0.032937,0.11815,1.0,0.019924,0.097045,133739,2722,0,2771,0,0.0,0,3.560684,13.328205,28.264957,30237.191505,0.969625,56,7255,0,3575,24389,Policy=QLearning;MaxPaths=3;Alpha0=0.5;Gamma=0.9;Epsilon0=0.5;RewardW1=0.6;RewardW2=0.4;HopByHop=true;QueueRewardWeight=0.1;FailurePenalty=0.5;QueueAwareSelect=true;QueueSelectBeta=0.5;QueueDrivenExploration=true;ExplorationFloor=0.01;AckSilenceDecay=true;AckSilenceThreshold=+1.5e+10ns;DecayFactor=0.92;DecayMinTx=3;DecayInterval=+1e+10ns;QueueRefPackets=20;EpsilonDecayInterval=+1e+10ns;
QSQMAODV,M_N30_r300|QSQ_hbh_queue,14,30,29,0.1,512,15.0,0.85,1000.0,1000.0,300.0,16.0,300.0,1,0,0,3,200.0,56493,32825,0.581045,24.448966,65.253745,72.34523,28.568018,70729,3340346,18.844862,2.15473,0.048454,0.1536,1.0,0.027382,0.125268,135115,3144,0,3137,0,0.0,0,3.615385,13.796581,28.305983,35684.210039,1.038713,90,6572,0,4532,22628,Policy=QLearning;MaxPaths=3;Alpha0=0.5;Gamma=0.9;Epsilon0=0.5;RewardW1=0.6;RewardW2=0.4;HopByHop=true;QueueRewardWeight=0.1;FailurePenalty=0.5;QueueAwareSelect=true;QueueSelectBeta=0.5;QueueDrivenExploration=true;ExplorationFloor=0.01;AckSilenceDecay=true;AckSilenceThreshold=+1.5e+10ns;DecayFactor=0.92;DecayMinTx=3;DecayInterval=+1e+10ns;QueueRefPackets=20;EpsilonDecayInterval=+1e+10ns;
QSQMAODV,M_N30_r300|QSQ_hbh_queue,15,30,29,0.1,512,15.0,0.85,1000.0,1000.0,300.0,16.0,300.0,1,0,0,3,200.0,56493,26262,0.464872,19.560662,55.135681,53.084296,19.542211,48808,2311654,16.300513,1.858503,0.030037,0.115572,1.0,0.018661,0.09597,136892,2029,0,3428,0,0.0,0,3.687179,13.430769,28.22735,38294.458962,0.815782,113,4909,0,2820,28843,Policy=QLearning;MaxPaths=3;Alpha0=0.5;Gamma=0.9;Epsilon0=0.5;RewardW1=0.6;RewardW2=0.4;HopByHop=true;QueueRewardWeight=0.1;FailurePenalty=0.5;QueueAwareSelect=true;QueueSelectBeta=0.5;QueueDrivenExploration=true;ExplorationFloor=0.01;AckSilenceDecay=true;AckSilenceThreshold=+1.5e+10ns;DecayFactor=0.92;DecayMinTx=3;DecayInterval=+1e+10ns;QueueRefPackets=20;EpsilonDecayInterval=+1e+10ns;
QSQMAODV,M_N30_r300|QSQ_hbh_queue,16,30,29,0.1,512,15.0,0.85,1000.0,1000.0,300.0,16.0,300.0,1,0,0,3,200.0,56493,26221,0.464146,19.530124,106.135762,121.411715,22.606218,25724,1216316,8.590203,0.981046,0.019162,0.060327,1.0,0.013814,0.052171,105465,1465,0,2536,0,0.0,0,3.664957,13.752137,28.441026,36269.185127,0.636362,24,5914,0,1775,29091,Policy=QLearning;MaxPaths=3;Alpha0=0.5;Gamma=0.9;Epsilon0=0.5;RewardW1=0.6;RewardW2=0.4;HopByHop=true;QueueRewardWeight=0.1;FailurePenalty=0.5;QueueAwareSelect=true;QueueSelectBeta=0.5;QueueDrivenExploration=true;ExplorationFloor=0.01;AckSilenceDecay=true;AckSilenceThreshold=+1.5e+10ns;DecayFactor=0.92;DecayMinTx=3;DecayInterval=+1e+10ns;QueueRefPackets=20;EpsilonDecayInterval=+1e+10ns;
QSQMAODV,M_N30_r300|QSQ_hbh_queue,17,30,29,0.1,512,15.0,0.85,1000.0,1000.0,300.0,16.0,300.0,1,0,0,3,200.0,56493,25036,0.44317,18.647503,16.318591,19.255145,7.307964,30041,1424910,10.539712,1.199912,0.013702,0.04918,1.0,0.006825,0.040481,101292,1229,0,2717,0,0.0,0,3.757265,13.988034,28.461538,33898.278726,0.558795,19,2002,0,1928,29985,Policy=QLearning;MaxPaths=3;Alpha0=0.5;Gamma=0.9;Epsilon0=0.5;RewardW1=0.6;RewardW2=0.4;HopByHop=true;QueueRewardWeight=0.1;FailurePenalty=0.5;QueueAwareSelect=true;QueueSelectBeta=0.5;QueueDrivenExploration=true;ExplorationFloor=0.01;AckSilenceDecay=true;AckSilenceThreshold=+1.5e+10ns;DecayFactor=0.92;DecayMinTx=3;DecayInterval=+1e+10ns;QueueRefPackets=20;EpsilonDecayInterval=+1e+10ns;
QSQMAODV,M_N30_r300|QSQ_hbh_queue,18,30,29,0.1,512,15.0,0.85,1000.0,1000.0,300.0,16.0,300.0,1,0,0,3,200.0,56493,29085,0.514843,21.66331,85.152653,91.020609,22.064568,39809,1878052,11.957621,1.368712,0.028182,0.107709,1.0,0.017662,0.089076,140234,1754,0,3167,0,0.0,0,3.524786,13.791453,28.246154,33349.765461,0.962119,183,6866,0,2300,26148,Policy=QLearning;MaxPaths=3;Alpha0=0.5;Gamma=0.9;Epsilon0=0.5;RewardW1=0.6;RewardW2=0.4;HopByHop=true;QueueRewardWeight=0.1;FailurePenalty=0.5;QueueAwareSelect=true;QueueSelectBeta=0.5;QueueDrivenExploration=true;ExplorationFloor=0.01;AckSilenceDecay=true;AckSilenceThreshold=+1.5e+10ns;DecayFactor=0.92;DecayMinTx=3;DecayInterval=+1e+10ns;QueueRefPackets=20;EpsilonDecayInterval=+1e+10ns;
QSQMAODV,M_N30_r300|QSQ_hbh_queue,19,30,29,0.1,512,15.0,0.85,1000.0,1000.0,300.0,16.0,300.0,1,0,0,3,200.0,56493,24830,0.439523,18.494069,68.460752,73.192553,21.196704,32542,1533088,11.433958,1.310592,0.015773,0.069461,1.0,0.010213,0.058617,123638,1529,0,2637,0,0.0,0,3.623932,13.547009,28.205128,35735.702045,0.71777,48,3965,0,1828,29741,Policy=QLearning;MaxPaths=3;Alpha0=0.5;Gamma=0.9;Epsilon0=0.5;RewardW1=0.6;RewardW2=0.4;HopByHop=true;QueueRewardWeight=0.1;FailurePenalty=0.5;QueueAwareSelect=true;QueueSelectBeta=0.5;QueueDrivenExploration=true;ExplorationFloor=0.01;AckSilenceDecay=true;AckSilenceThreshold=+1.5e+10ns;DecayFactor=0.92;DecayMinTx=3;DecayInterval=+1e+10ns;QueueRefPackets=20;EpsilonDecayInterval=+1e+10ns;
QSQMAODV,M_N30_r300|QSQ_hbh_queue,2,30,29,0.1,512,15.0,0.85,1000.0,1000.0,300.0,16.0,300.0,1,0,0,3,200.0,56493,23047,0.407962,17.166041,118.605551,116.308535,31.092411,52121,2472928,19.870249,2.261509,0.029696,0.109691,1.0,0.016403,0.088409,127737,2290,0,4086,0,0.0,0,3.186325,13.323077,28.280342,34911.284936,0.742234,121,5153,0,3467,32050,Policy=QLearning;MaxPaths=3;Alpha0=0.5;Gamma=0.9;Epsilon0=0.5;RewardW1=0.6;RewardW2=0.4;HopByHop=true;QueueRewardWeight=0.1;FailurePenalty=0.5;QueueAwareSelect=true;QueueSelectBeta=0.5;QueueDrivenExploration=true;ExplorationFloor=0.01;AckSilenceDecay=true;AckSilenceThreshold=+1.5e+10ns;DecayFactor=0.92;DecayMinTx=3;DecayInterval=+1e+10ns;QueueRefPackets=20;EpsilonDecayInterval=+1e+10ns;
QSQMAODV,M_N30_r300|QSQ_hbh_queue,20,30,29,0.1,512,15.0,0.85,1000.0,1000.0,300.0,16.0,300.0,1,0,0,3,200.0,56493,24060,0.425893,17.920552,141.488622,146.676405,48.784228,127759,6093564,46.900988,5.310017,0.101155,0.240564,1.0,0.044961,0.193776,139642,5496,0,4482,0,0.0,0,3.71453,13.8,28.367521,32700.651082,0.919583,111,13145,0,11588,31284,Policy=QLearning;MaxPaths=3;Alpha0=0.5;Gamma=0.9;Epsilon0=0.5;RewardW1=0.6;RewardW2=0.4;HopByHop=true;QueueRewardWeight=0.1;FailurePenalty=0.5;QueueAwareSelect=true;QueueSelectBeta=0.5;QueueDrivenExploration=true;ExplorationFloor=0.01;AckSilenceDecay=true;AckSilenceThreshold=+1.5e+10ns;DecayFactor=0.92;DecayMinTx=3;DecayInterval=+1e+10ns;QueueRefPackets=20;EpsilonDecayInterval=+1e+10ns;
QSQMAODV,M_N30_r300|QSQ_hbh_queue,3,30,29,0.1,512,15.0,0.85,1000.0,1000.0,300.0,16.0,300.0,1,0,0,3,200.0,56493,15788,0.279468,11.759338,75.866146,95.264791,26.991372,26822,1266508,14.855493,1.698885,0.015862,0.075555,1.0,0.010332,0.062821,131549,1431,0,2915,0,0.0,0,3.382906,13.015385,27.988034,36483.388441,0.355903,138,4371,0,1684,38664,Policy=QLearning;MaxPaths=3;Alpha0=0.5;Gamma=0.9;Epsilon0=0.5;RewardW1=0.6;RewardW2=0.4;HopByHop=true;QueueRewardWeight=0.1;FailurePenalty=0.5;QueueAwareSelect=true;QueueSelectBeta=0.5;QueueDrivenExploration=true;ExplorationFloor=0.01;AckSilenceDecay=true;AckSilenceThreshold=+1.5e+10ns;DecayFactor=0.92;DecayMinTx=3;DecayInterval=+1e+10ns;QueueRefPackets=20;EpsilonDecayInterval=+1e+10ns;
QSQMAODV,M_N30_r300|QSQ_hbh_queue,4,30,29,0.1,512,15.0,0.85,1000.0,1000.0,300.0,16.0,300.0,1,0,0,3,200.0,56493,13678,0.242118,10.187752,17.126725,13.610412,5.276078,24056,1133920,15.352039,1.758737,0.008886,0.047963,1.0,0.005391,0.03944,100296,1302,0,2649,0,0.0,0,3.620513,13.870085,28.37265,34911.734277,0.21546,26,2799,0,1540,40415,Policy=QLearning;MaxPaths=3;Alpha0=0.5;Gamma=0.9;Epsilon0=0.5;RewardW1=0.6;RewardW2=0.4;HopByHop=true;QueueRewardWeight=0.1;FailurePenalty=0.5;QueueAwareSelect=true;QueueSelectBeta=0.5;QueueDrivenExploration=true;ExplorationFloor=0.01;AckSilenceDecay=true;AckSilenceThreshold=+1.5e+10ns;DecayFactor=0.92;DecayMinTx=3;DecayInterval=+1e+10ns;QueueRefPackets=20;EpsilonDecayInterval=+1e+10ns;
QSQMAODV,M_N30_r300|QSQ_hbh_queue,5,30,29,0.1,512,15.0,0.85,1000.0,1000.0,300.0,16.0,300.0,1,0,0,3,200.0,56493,28931,0.512117,21.548607,52.237912,64.092999,22.418241,40572,1913820,12.25022,1.402371,0.022691,0.091927,1.0,0.01157,0.073366,114529,2424,0,3259,0,0.0,0,3.644444,13.374359,28.268376,37519.931912,0.765865,44,4596,0,3021,26095,Policy=QLearning;MaxPaths=3;Alpha0=0.5;Gamma=0.9;Epsilon0=0.5;RewardW1=0.6;RewardW2=0.4;HopByHop=true;QueueRewardWeight=0.1;FailurePenalty=0.5;QueueAwareSelect=true;QueueSelectBeta=0.5;QueueDrivenExploration=true;ExplorationFloor=0.01;AckSilenceDecay=true;AckSilenceThreshold=+1.5e+10ns;DecayFactor=0.92;DecayMinTx=3;DecayInterval=+1e+10ns;QueueRefPackets=20;EpsilonDecayInterval=+1e+10ns;
QSQMAODV,M_N30_r300|QSQ_hbh_queue,6,30,29,0.1,512,15.0,0.85,1000.0,1000.0,300.0,16.0,300.0,1,0,0,3,200.0,56493,28822,0.510187,21.467421,39.453349,49.680297,20.325672,32763,1538034,9.882073,1.136736,0.039022,0.093219,1.0,0.033931,0.082737,117294,1802,0,2883,0,0.0,0,3.844444,13.837607,28.364103,32817.801668,0.681447,45,3698,0,2252,26123,Policy=QLearning;MaxPaths=3;Alpha0=0.5;Gamma=0.9;Epsilon0=0.5;RewardW1=0.6;RewardW2=0.4;HopByHop=true;QueueRewardWeight=0.1;FailurePenalty=0.5;QueueAwareSelect=true;QueueSelectBeta=0.5;QueueDrivenExploration=true;ExplorationFloor=0.01;AckSilenceDecay=true;AckSilenceThreshold=+1.5e+10ns;DecayFactor=0.92;DecayMinTx=3;DecayInterval=+1e+10ns;QueueRefPackets=20;EpsilonDecayInterval=+1e+10ns;
QSQMAODV,M_N30_r300|QSQ_hbh_queue,7,30,29,0.1,512,15.0,0.85,1000.0,1000.0,300.0,16.0,300.0,1,0,0,3,200.0,56493,21887,0.387429,16.302041,189.89002,215.811203,70.726593,125956,6005396,50.811458,5.754832,0.098608,0.243646,1.0,0.049346,0.199182,150623,4500,0,3697,0,0.0,0,3.605128,13.716239,28.317949,35911.020594,0.94748,75,13176,0,9031,32708,Policy=QLearning;MaxPaths=3;Alpha0=0.5;Gamma=0.9;Epsilon0=0.5;RewardW1=0.6;RewardW2=0.4;HopByHop=true;QueueRewardWeight=0.1;FailurePenalty=0.5;QueueAwareSelect=true;QueueSelectBeta=0.5;QueueDrivenExploration=true;ExplorationFloor=0.01;AckSilenceDecay=true;AckSilenceThreshold=+1.5e+10ns;DecayFactor=0.92;DecayMinTx=3;DecayInterval=+1e+10ns;QueueRefPackets=20;EpsilonDecayInterval=+1e+10ns;
QSQMAODV,M_N30_r300|QSQ_hbh_queue,8,30,29,0.1,512,15.0,0.85,1000.0,1000.0,300.0,16.0,300.0,1,0,0,3,200.0,56493,23523,0.416388,17.520579,112.781471,102.467636,40.744826,99334,4753332,37.42068,4.222846,0.074859,0.182484,1.0,0.036402,0.148445,130184,3559,0,3342,0,0.0,0,3.403419,13.441026,28.167521,36714.95414,0.767122,23,11241,0,6495,32100,Policy=QLearning;MaxPaths=3;Alpha0=0.5;Gamma=0.9;Epsilon0=0.5;RewardW1=0.6;RewardW2=0.4;HopByHop=true;QueueRewardWeight=0.1;FailurePenalty=0.5;QueueAwareSelect=true;QueueSelectBeta=0.5;QueueDrivenExploration=true;ExplorationFloor=0.01;AckSilenceDecay=true;AckSilenceThreshold=+1.5e+10ns;DecayFactor=0.92;DecayMinTx=3;DecayInterval=+1e+10ns;QueueRefPackets=20;EpsilonDecayInterval=+1e+10ns;
QSQMAODV,M_N30_r300|QSQ_hbh_queue,9,30,29,0.1,512,15.0,0.85,1000.0,1000.0,300.0,16.0,300.0,1,0,0,3,200.0,56493,21832,0.386455,16.841829,127.571086,125.141682,31.132791,53868,2555548,21.676879,2.467387,0.030919,0.114914,1.0,0.017699,0.092592,143618,2281,0,3551,0,0.0,0,3.191453,13.109402,28.179487,31625.692068,0.819447,103,6437,0,3087,32713,Policy=QLearning;MaxPaths=3;Alpha0=0.5;Gamma=0.9;Epsilon0=0.5;RewardW1=0.6;RewardW2=0.4;HopByHop=true;QueueRewardWeight=0.1;FailurePenalty=0.5;QueueAwareSelect=true;QueueSelectBeta=0.5;QueueDrivenExploration=true;ExplorationFloor=0.01;AckSilenceDecay=true;AckSilenceThreshold=+1.5e+10ns;DecayFactor=0.92;DecayMinTx=3;DecayInterval=+1e+10ns;QueueRefPackets=20;EpsilonDecayInterval=+1e+10ns;
QSQMAODV,M_N30_r300|QSQ_src_only,1,30,29,0.1,512,15.0,0.85,1000.0,1000.0,300.0,16.0,300.0,1,0,0,3,200.0,56493,23732,0.420087,17.676248,70.23086,68.225045,18.282621,63549,3027814,23.626593,2.677777,0.06143,0.134941,1.0,0.051044,0.116886,122396,1413,0,0,0,0.0,0,3.65641,14.05812,28.249573,35718.64528,0.729984,48,4196,0,3008,30643,Policy=QLearning;MaxPaths=3;Alpha0=0.5;Gamma=0.9;Epsilon0=0.5;RewardW1=0.6;RewardW2=0.4;HopByHop=false;QueueRewardWeight=0;FailurePenalty=0;QueueAwareSelect=false;QueueSelectBeta=0.5;QueueDrivenExploration=false;ExplorationFloor=0.01;AckSilenceDecay=false;AckSilenceThreshold=+1.5e+10ns;DecayFactor=0.92;DecayMinTx=3;DecayInterval=+1e+10ns;QueueRefPackets=20;EpsilonDecayInterval=+1e+10ns;
QSQMAODV,M_N30_r300|QSQ_src_only,10,30,29,0.1,512,15.0,0.85,1000.0,1000.0,300.0,16.0,300.0,1,0,0,3,200.0,56493,27957,0.494875,20.823145,7.76038,8.799609,6.461463,15444,732960,4.855075,0.55242,0.003176,0.0256,1.0,0.002361,0.02198,94315,731,0,0,0,0.0,0,3.661538,13.504274,28.097436,34337.053143,0.537199,0,1916,0,801,26691,Policy=QLearning;MaxPaths=3;Alpha0=0.5;Gamma=0.9;Epsilon0=0.5;RewardW1=0.6;RewardW2=0.4;HopByHop=false;QueueRewardWeight=0;FailurePenalty=0;QueueAwareSelect=false;QueueSelectBeta=0.5;QueueDrivenExploration=false;ExplorationFloor=0.01;AckSilenceDecay=false;AckSilenceThreshold=+1.5e+10ns;DecayFactor=0.92;DecayMinTx=3;DecayInterval=+1e+10ns;QueueRefPackets=20;EpsilonDecayInterval=+1e+10ns;
QSQMAODV,M_N30_r300|QSQ_src_only,11,30,29,0.1,512,15.0,0.85,1000.0,1000.0,300.0,16.0,300.0,1,0,0,3,200.0,56493,30994,0.548634,23.085186,139.725211,147.531174,52.941574,148594,7102796,42.438297,4.794283,0.103359,0.239353,1.0,0.069816,0.201206,132085,2903,0,0,0,0.0,0,3.760684,14.234188,28.411966,31831.023418,1.191086,11,9131,0,8129,23482,Policy=QLearning;MaxPaths=3;Alpha0=0.5;Gamma=0.9;Epsilon0=0.5;RewardW1=0.6;RewardW2=0.4;HopByHop=false;QueueRewardWeight=0;FailurePenalty=0;QueueAwareSelect=false;QueueSelectBeta=0.5;QueueDrivenExploration=false;ExplorationFloor=0.01;AckSilenceDecay=false;AckSilenceThreshold=+1.5e+10ns;DecayFactor=0.92;DecayMinTx=3;DecayInterval=+1e+10ns;QueueRefPackets=20;EpsilonDecayInterval=+1e+10ns;
QSQMAODV,M_N30_r300|QSQ_src_only,12,30,29,0.1,512,15.0,0.85,1000.0,1000.0,300.0,16.0,300.0,1,0,0,3,200.0,56493,33900,0.600074,25.249655,125.881619,126.455,41.559144,90278,4295108,23.462843,2.663068,0.085035,0.211453,1.0,0.067594,0.185492,122598,2637,0,0,0,0.0,0,3.574359,13.316239,28.075214,34300.903184,1.047351,87,6195,0,4463,21995,Policy=QLearning;MaxPaths=3;Alpha0=0.5;Gamma=0.9;Epsilon0=0.5;RewardW1=0.6;RewardW2=0.4;HopByHop=false;QueueRewardWeight=0;FailurePenalty=0;QueueAwareSelect=false;QueueSelectBeta=0.5;QueueDrivenExploration=false;ExplorationFloor=0.01;AckSilenceDecay=false;AckSilenceThreshold=+1.5e+10ns;DecayFactor=0.92;DecayMinTx=3;DecayInterval=+1e+10ns;QueueRefPackets=20;EpsilonDecayInterval=+1e+10ns;
QSQMAODV,M_N30_r300|QSQ_src_only,13,30,29,0.1,512,15.0,0.85,1000.0,1000.0,300.0,16.0,300.0,1,0,0,3,200.0,56493,30280,0.535996,22.553379,57.922171,53.7647,16.608419,34847,1645636,10.064313,1.150826,0.013314,0.062097,1.0,0.009729,0.052121,131670,1108,0,0,0,0.0,0,3.560684,13.328205,28.264957,30237.191505,0.770556,0,3129,0,1463,24477,Policy=QLearning;MaxPaths=3;Alpha0=0.5;Gamma=0.9;Epsilon0=0.5;RewardW1=0.6;RewardW2=0.4;HopByHop=false;QueueRewardWeight=0;FailurePenalty=0;QueueAwareSelect=false;QueueSelectBeta=0.5;QueueDrivenExploration=false;ExplorationFloor=0.01;AckSilenceDecay=false;AckSilenceThreshold=+1.5e+10ns;DecayFactor=0.92;DecayMinTx=3;DecayInterval=+1e+10ns;QueueRefPackets=20;EpsilonDecayInterval=+1e+10ns;
QSQMAODV,M_N30_r300|QSQ_src_only,14,30,29,0.1,512,15.0,0.85,1000.0,1000.0,300.0,16.0,300.0,1,0,0,3,200.0,56493,31378,0.555432,23.3712,39.671618,40.054961,13.882845,29478,1395198,8.234113,0.939448,0.040647,0.086697,1.0,0.038048,0.078752,119751,1049,0,0,0,0.0,0,3.615385,13.796581,28.305983,35684.210039,0.851132,7,2136,0,1453,22686,Policy=QLearning;MaxPaths=3;Alpha0=0.5;Gamma=0.9;Epsilon0=0.5;RewardW1=0.6;RewardW2=0.4;HopByHop=false;QueueRewardWeight=0;FailurePenalty=0;QueueAwareSelect=false;QueueSelectBeta=0.5;QueueDrivenExploration=false;ExplorationFloor=0.01;AckSilenceDecay=false;AckSilenceThreshold=+1.5e+10ns;DecayFactor=0.92;DecayMinTx=3;DecayInterval=+1e+10ns;QueueRefPackets=20;EpsilonDecayInterval=+1e+10ns;
QSQMAODV,M_N30_r300|QSQ_src_only,15,30,29,0.1,512,15.0,0.85,1000.0,1000.0,300.0,16.0,300.0,1,0,0,3,200.0,56493,36445,0.645124,27.145241,135.679801,143.107445,39.868619,96122,4545948,23.098977,2.637454,0.067375,0.195409,1.0,0.05235,0.172663,151968,1906,0,0,0,0.0,0,3.687179,13.430769,28.22735,38294.458962,1.511692,23,7871,0,3681,17484,Policy=QLearning;MaxPaths=3;Alpha0=0.5;Gamma=0.9;Epsilon0=0.5;RewardW1=0.6;RewardW2=0.4;HopByHop=false;QueueRewardWeight=0;FailurePenalty=0;QueueAwareSelect=false;QueueSelectBeta=0.5;QueueDrivenExploration=false;ExplorationFloor=0.01;AckSilenceDecay=false;AckSilenceThreshold=+1.5e+10ns;DecayFactor=0.92;DecayMinTx=3;DecayInterval=+1e+10ns;QueueRefPackets=20;EpsilonDecayInterval=+1e+10ns;
QSQMAODV,M_N30_r300|QSQ_src_only,16,30,29,0.1,512,15.0,0.85,1000.0,1000.0,300.0,16.0,300.0,1,0,0,3,200.0,56493,28408,0.502859,21.159062,53.929372,70.86853,15.712994,24215,1146546,7.474068,0.852401,0.011898,0.049668,1.0,0.009978,0.042632,101862,941,0,0,0,0.0,0,3.664957,13.752137,28.441026,36269.185127,0.704441,0,4028,0,1146,27386,Policy=QLearning;MaxPaths=3;Alpha0=0.5;Gamma=0.9;Epsilon0=0.5;RewardW1=0.6;RewardW2=0.4;HopByHop=false;QueueRewardWeight=0;FailurePenalty=0;QueueAwareSelect=false;QueueSelectBeta=0.5;QueueDrivenExploration=false;ExplorationFloor=0.01;AckSilenceDecay=false;AckSilenceThreshold=+1.5e+10ns;DecayFactor=0.92;DecayMinTx=3;DecayInterval=+1e+10ns;QueueRefPackets=20;EpsilonDecayInterval=+1e+10ns;
QSQMAODV,M_N30_r300|QSQ_src_only,17,30,29,0.1,512,15.0,0.85,1000.0,1000.0,300.0,16.0,300.0,1,0,0,3,200.0,56493,37867,0.670295,28.204386,80.659086,90.320405,31.141449,67594,3209314,15.694864,1.785037,0.078976,0.171777,1.0,0.068521,0.155669,145304,1884,0,0,0,0.0,0,3.757265,13.988034,28.461538,33898.278726,1.30179,70,5385,0,3254,17150,Policy=QLearning;MaxPaths=3;Alpha0=0.5;Gamma=0.9;Epsilon0=0.5;RewardW1=0.6;RewardW2=0.4;HopByHop=false;QueueRewardWeight=0;FailurePenalty=0;QueueAwareSelect=false;QueueSelectBeta=0.5;QueueDrivenExploration=false;ExplorationFloor=0.01;AckSilenceDecay=false;AckSilenceThreshold=+1.5e+10ns;DecayFactor=0.92;DecayMinTx=3;DecayInterval=+1e+10ns;QueueRefPackets=20;EpsilonDecayInterval=+1e+10ns;
QSQMAODV,M_N30_r300|QSQ_src_only,18,30,29,0.1,512,15.0,0.85,1000.0,1000.0,300.0,16.0,300.0,1,0,0,3,200.0,56493,36474,0.645638,27.166841,90.660971,98.747084,19.176461,29989,1418648,7.202736,0.822202,0.013554,0.068635,1.0,0.011023,0.060645,124190,1005,0,0,0,0.0,0,3.524786,13.791453,28.246154,33349.765461,1.129202,1,4697,0,1253,19688,Policy=QLearning;MaxPaths=3;Alpha0=0.5;Gamma=0.9;Epsilon0=0.5;RewardW1=0.6;RewardW2=0.4;HopByHop=false;QueueRewardWeight=0;FailurePenalty=0;QueueAwareSelect=false;QueueSelectBeta=0.5;QueueDrivenExploration=false;ExplorationFloor=0.01;AckSilenceDecay=false;AckSilenceThreshold=+1.5e+10ns;DecayFactor=0.92;DecayMinTx=3;DecayInterval=+1e+10ns;QueueRefPackets=20;EpsilonDecayInterval=+1e+10ns;
QSQMAODV,M_N30_r300|QSQ_src_only,19,30,29,0.1,512,15.0,0.85,1000.0,1000.0,300.0,16.0,300.0,1,0,0,3,200.0,56493,27398,0.48498,21.1356,27.346145,30.716224,10.679503,19463,921364,6.22757,0.71038,0.004824,0.028732,1.0,0.003539,0.024106,97785,709,0,0,0,0.0,0,3.623932,13.547009,28.205128,35735.702045,0.620254,0,2379,0,827,27702,Policy=QLearning;MaxPaths=3;Alpha0=0.5;Gamma=0.9;Epsilon0=0.5;RewardW1=0.6;RewardW2=0.4;HopByHop=false;QueueRewardWeight=0;FailurePenalty=0;QueueAwareSelect=false;QueueSelectBeta=0.5;QueueDrivenExploration=false;ExplorationFloor=0.01;AckSilenceDecay=false;AckSilenceThreshold=+1.5e+10ns;DecayFactor=0.92;DecayMinTx=3;DecayInterval=+1e+10ns;QueueRefPackets=20;EpsilonDecayInterval=+1e+10ns;
QSQMAODV,M_N30_r300|QSQ_src_only,2,30,29,0.1,512,15.0,0.85,1000.0,1000.0,300.0,16.0,300.0,1,0,0,3,200.0,56493,30544,0.540669,22.750014,196.632838,197.916075,48.403945,115778,5541272,33.596172,3.790532,0.087238,0.209706,1.0,0.059408,0.180389,128291,3085,0,0,0,0.0,0,3.186325,13.323077,28.280342,34911.284936,1.149682,65,9067,0,8233,24925,Policy=QLearning;MaxPaths=3;Alpha0=0.5;Gamma=0.9;Epsilon0=0.5;RewardW1=0.6;RewardW2=0.4;HopByHop=false;QueueRewardWeight=0;FailurePenalty=0;QueueAwareSelect=false;QueueSelectBeta=0.5;QueueDrivenExploration=false;ExplorationFloor=0.01;AckSilenceDecay=false;AckSilenceThreshold=+1.5e+10ns;DecayFactor=0.92;DecayMinTx=3;DecayInterval=+1e+10ns;QueueRefPackets=20;EpsilonDecayInterval=+1e+10ns;
QSQMAODV,M_N30_r300|QSQ_src_only,20,30,29,0.1,512,15.0,0.85,1000.0,1000.0,300.0,16.0,300.0,1,0,0,3,200.0,56493,23251,0.411573,17.317986,70.959785,67.875662,28.614966,95314,4564334,36.353148,4.099351,0.06168,0.141856,1.0,0.037411,0.116838,117529,2515,0,0,0,0.0,0,3.71453,13.8,28.367521,32700.651082,0.69752,161,6219,0,7731,31442,Policy=QLearning;MaxPaths=3;Alpha0=0.5;Gamma=0.9;Epsilon0=0.5;RewardW1=0.6;RewardW2=0.4;HopByHop=false;QueueRewardWeight=0;FailurePenalty=0;QueueAwareSelect=false;QueueSelectBeta=0.5;QueueDrivenExploration=false;ExplorationFloor=0.01;AckSilenceDecay=false;AckSilenceThreshold=+1.5e+10ns;DecayFactor=0.92;DecayMinTx=3;DecayInterval=+1e+10ns;QueueRefPackets=20;EpsilonDecayInterval=+1e+10ns;
QSQMAODV,M_N30_r300|QSQ_src_only,3,30,29,0.1,512,15.0,0.85,1000.0,1000.0,300.0,16.0,300.0,1,0,0,3,200.0,56493,29465,0.521569,21.946345,135.017646,138.925118,37.250688,90954,4316070,27.126157,3.086849,0.067939,0.175797,1.0,0.051459,0.155102,134903,2300,0,0,0,0.0,0,3.382906,13.015385,27.988034,36483.388441,1.148231,83,8297,0,5185,26134,Policy=QLearning;MaxPaths=3;Alpha0=0.5;Gamma=0.9;Epsilon0=0.5;RewardW1=0.6;RewardW2=0.4;HopByHop=false;QueueRewardWeight=0;FailurePenalty=0;QueueAwareSelect=false;QueueSelectBeta=0.5;QueueDrivenExploration=false;ExplorationFloor=0.01;AckSilenceDecay=false;AckSilenceThreshold=+1.5e+10ns;DecayFactor=0.92;DecayMinTx=3;DecayInterval=+1e+10ns;QueueRefPackets=20;EpsilonDecayInterval=+1e+10ns;
QSQMAODV,M_N30_r300|QSQ_src_only,4,30,29,0.1,512,15.0,0.85,1000.0,1000.0,300.0,16.0,300.0,1,0,0,3,200.0,56493,20012,0.354239,14.90549,15.312661,15.947604,8.884482,33808,1591300,14.725424,1.689386,0.007506,0.045386,1.0,0.004295,0.036057,107758,883,0,0,0,0.0,0,3.620513,13.870085,28.37265,34911.734277,0.482024,0,3184,0,1292,34532,Policy=QLearning;MaxPaths=3;Alpha0=0.5;Gamma=0.9;Epsilon0=0.5;RewardW1=0.6;RewardW2=0.4;HopByHop=false;QueueRewardWeight=0;FailurePenalty=0;QueueAwareSelect=false;QueueSelectBeta=0.5;QueueDrivenExploration=false;ExplorationFloor=0.01;AckSilenceDecay=false;AckSilenceThreshold=+1.5e+10ns;DecayFactor=0.92;DecayMinTx=3;DecayInterval=+1e+10ns;QueueRefPackets=20;EpsilonDecayInterval=+1e+10ns;
QSQMAODV,M_N30_r300|QSQ_src_only,5,30,29,0.1,512,15.0,0.85,1000.0,1000.0,300.0,16.0,300.0,1,0,0,3,200.0,56493,30962,0.548068,23.061352,41.949839,45.955721,15.037432,29915,1414638,8.461017,0.966184,0.010065,0.056601,1.0,0.007945,0.048944,117128,1094,0,0,0,0.0,0,3.644444,13.374359,28.268376,37519.931912,0.818792,0,3358,0,1295,24340,Policy=QLearning;MaxPaths=3;Alpha0=0.5;Gamma=0.9;Epsilon0=0.5;RewardW1=0.6;RewardW2=0.4;HopByHop=false;QueueRewardWeight=0;FailurePenalty=0;QueueAwareSelect=false;QueueSelectBeta=0.5;QueueDrivenExploration=false;ExplorationFloor=0.01;AckSilenceDecay=false;AckSilenceThreshold=+1.5e+10ns;DecayFactor=0.92;DecayMinTx=3;DecayInterval=+1e+10ns;QueueRefPackets=20;EpsilonDecayInterval=+1e+10ns;
QSQMAODV,M_N30_r300|QSQ_src_only,6,30,29,0.1,512,15.0,0.85,1000.0,1000.0,300.0,16.0,300.0,1,0,0,3,200.0,56493,27793,0.491972,20.700993,20.967148,32.047584,9.740486,19903,938348,6.252227,0.716116,0.048459,0.097035,1.0,0.04724,0.092368,112039,829,0,0,0,0.0,0,3.844444,13.837607,28.364103,32817.801668,0.595968,85,1994,0,979,27066,Policy=QLearning;MaxPaths=3;Alpha0=0.5;Gamma=0.9;Epsilon0=0.5;RewardW1=0.6;RewardW2=0.4;HopByHop=false;QueueRewardWeight=0;FailurePenalty=0;QueueAwareSelect=false;QueueSelectBeta=0.5;QueueDrivenExploration=false;ExplorationFloor=0.01;AckSilenceDecay=false;AckSilenceThreshold=+1.5e+10ns;DecayFactor=0.92;DecayMinTx=3;DecayInterval=+1e+10ns;QueueRefPackets=20;EpsilonDecayInterval=+1e+10ns;
QSQMAODV,M_N30_r300|QSQ_src_only,7,30,29,0.1,512,15.0,0.85,1000.0,1000.0,300.0,16.0,300.0,1,0,0,3,200.0,56493,16206,0.286867,12.501771,64.965149,50.233915,11.585091,20395,967940,11.060604,1.258485,0.005682,0.029528,1.0,0.004664,0.024504,102761,866,0,0,0,0.0,0,3.605128,13.716239,28.317949,35911.020594,0.407077,0,2300,0,985,38244,Policy=QLearning;MaxPaths=3;Alpha0=0.5;Gamma=0.9;Epsilon0=0.5;RewardW1=0.6;RewardW2=0.4;HopByHop=false;QueueRewardWeight=0;FailurePenalty=0;QueueAwareSelect=false;QueueSelectBeta=0.5;QueueDrivenExploration=false;ExplorationFloor=0.01;AckSilenceDecay=false;AckSilenceThreshold=+1.5e+10ns;DecayFactor=0.92;DecayMinTx=3;DecayInterval=+1e+10ns;QueueRefPackets=20;EpsilonDecayInterval=+1e+10ns;
QSQMAODV,M_N30_r300|QSQ_src_only,8,30,29,0.1,512,15.0,0.85,1000.0,1000.0,300.0,16.0,300.0,1,0,0,3,200.0,56493,26902,0.476201,20.037352,113.744173,120.465798,29.473368,79970,3832632,26.382673,2.972641,0.046781,0.124979,1.0,0.031525,0.106317,112792,1709,0,0,0,0.0,0,3.403419,13.441026,28.167521,36714.95414,0.825235,7,8206,0,4079,28309,Policy=QLearning;MaxPaths=3;Alpha0=0.5;Gamma=0.9;Epsilon0=0.5;RewardW1=0.6;RewardW2=0.4;HopByHop=false;QueueRewardWeight=0;FailurePenalty=0;QueueAwareSelect=false;QueueSelectBeta=0.5;QueueDrivenExploration=false;ExplorationFloor=0.01;AckSilenceDecay=false;AckSilenceThreshold=+1.5e+10ns;DecayFactor=0.92;DecayMinTx=3;DecayInterval=+1e+10ns;QueueRefPackets=20;EpsilonDecayInterval=+1e+10ns;
QSQMAODV,M_N30_r300|QSQ_src_only,9,30,29,0.1,512,15.0,0.85,1000.0,1000.0,300.0,16.0,300.0,1,0,0,3,200.0,56493,25853,0.457632,19.943743,63.191375,63.163072,20.247441,39691,1876226,13.439417,1.535257,0.017445,0.070448,1.0,0.014009,0.061776,125734,1190,0,0,0,0.0,0,3.191453,13.109402,28.179487,31625.692068,0.878286,0,4081,0,1601,28634,Policy=QLearning;MaxPaths=3;Alpha0=0.5;Gamma=0.9;Epsilon0=0.5;RewardW1=0.6;RewardW2=0.4;HopByHop=false;QueueRewardWeight=0;FailurePenalty=0;QueueAwareSelect=false;QueueSelectBeta=0.5;QueueDrivenExploration=false;ExplorationFloor=0.01;AckSilenceDecay=false;AckSilenceThreshold=+1.5e+10ns;DecayFactor=0.92;DecayMinTx=3;DecayInterval=+1e+10ns;QueueRefPackets=20;EpsilonDecayInterval=+1e+10ns;
