Protocol,Tag,Seed,nNodes,nFlows,PktInterval_s,PktSize_B,Speed_ms,GmAlpha,AreaX,AreaY,AreaZ,TxPowerDbm,RangeM,Bcast11,QoS,MacQueuePkts,MaxPaths,SimTime_s,TxPkts,RxPkts,PDR,Throughput_kbps,DelayPw_ms,Delay_ms,Jitter_ms,CtrlPktsAll,CtrlBytesAll,NRLall,NRLpkt,MeanMacQt,FracMacQtPos,MaxMacQt,MeanNhQ,FracNhQPos,FbAck,FbDrop,FbExpired,QsDecayed,QsTrendBumps,QlSelections,QlMeanCandidates,QlDupReplies,Deg250,Deg500,Deg1000,TopoFingerprint,FwdPerTx,DropTtl,DropNoRoute,DropOtherIp,MacDrops,LostFm,ProtocolCfg
AODV,A_N20_pi010|AODV,1,20,19,0.1,512,5.0,0.85,1000.0,1000.0,300.0,16.0,0.0,0,0,0,3,200.0,37022,14686,0.396683,16.695663,56.471585,74.299098,29.27864,36691,1747092,22.030203,2.498366,0.0,0.0,0.0,0.0,0.0,0,0,0,0,0,0,0.0,0,2.44359,8.884615,18.407692,22539.664836,0.398385,2,4402,0,4016,20627,-
AODV,A_N20_pi010|AODV,10,20,19,0.1,512,5.0,0.85,1000.0,1000.0,300.0,16.0,0.0,0,0,0,3,200.0,37022,20987,0.566879,23.858905,34.218751,42.179784,26.428334,29883,1410680,12.447565,1.423881,0.0,0.0,0.0,0.0,0.0,0,0,0,0,0,0,0.0,0,2.266667,8.910256,18.530769,23279.71399,0.667009,33,2053,0,1703,14942,-
AODV,A_N20_pi010|AODV,11,20,19,0.1,512,5.0,0.85,1000.0,1000.0,300.0,16.0,0.0,0,0,0,3,200.0,37022,18599,0.502377,22.3188,9.690468,10.321654,6.082793,8703,411284,4.095043,0.467928,0.0,0.0,0.0,0.0,0.0,0,0,0,0,0,0,0.0,0,2.235897,8.123077,18.446154,24281.639952,0.387472,13,351,0,477,17700,-
AODV,A_N20_pi010|AODV,12,20,19,0.1,512,5.0,0.85,1000.0,1000.0,300.0,16.0,0.0,0,0,0,3,200.0,37022,24182,0.653179,27.491116,4.620675,4.71882,3.1201,7370,349124,2.673583,0.304772,0.0,0.0,0.0,0.0,0.0,0,0,0,0,0,0,0.0,0,2.353846,8.851282,18.789744,24864.637506,0.592999,0,347,0,130,12830,-
AODV,A_N20_pi010|AODV,13,20,19,0.1,512,5.0,0.85,1000.0,1000.0,300.0,16.0,0.0,0,0,0,3,200.0,37022,22128,0.597699,25.156042,50.205196,65.919482,21.297338,28348,1346088,11.265164,1.281092,0.0,0.0,0.0,0.0,0.0,0,0,0,0,0,0,0.0,0,2.353846,9.04359,18.530769,23376.285305,0.598455,0,4983,0,1458,14126,-
AODV,A_N20_pi010|AODV,14,20,19,0.1,512,5.0,0.85,1000.0,1000.0,300.0,16.0,0.0,0,0,0,3,200.0,37022,23450,0.633407,26.658947,72.306899,91.425025,39.204865,39060,1856006,14.656922,1.665672,0.0,0.0,0.0,0.0,0.0,0,0,0,0,0,0,0.0,0,2.205128,8.733333,18.602564,24764.712314,0.968829,465,5998,0,2933,12711,-
AODV,A_N20_pi010|AODV,15,20,19,0.1,512,5.0,0.85,1000.0,1000.0,300.0,16.0,0.0,0,0,0,3,200.0,37022,19647,0.530684,22.335537,142.910314,191.008564,77.260638,93500,4454052,41.982208,4.758996,0.0,0.0,0.0,0.0,0.0,0,0,0,0,0,0,0.0,0,1.969231,8.435897,18.364103,24698.448431,0.986143,0,7363,0,7322,16437,-
AODV,A_N20_pi010|AODV,16,20,19,0.1,512,5.0,0.85,1000.0,1000.0,300.0,16.0,0.0,0,0,0,3,200.0,37022,24953,0.674005,28.367621,17.938999,18.542804,8.919768,10863,511772,3.798044,0.435338,0.0,0.0,0.0,0.0,0.0,0,0,0,0,0,0,0.0,0,1.825641,8.146154,18.448718,24356.530873,0.709254,4,328,0,401,12010,-
AODV,A_N20_pi010|AODV,17,20,19,0.1,512,5.0,0.85,1000.0,1000.0,300.0,16.0,0.0,0,0,0,3,200.0,37022,21043,0.568392,23.922568,44.812564,51.386418,19.122998,28714,1363070,11.995456,1.364539,0.0,0.0,0.0,0.0,0.0,0,0,0,0,0,0,0.0,0,2.333333,8.448718,18.497436,22738.691762,0.693507,0,3940,0,1832,15830,-
AODV,A_N20_pi010|AODV,18,20,19,0.1,512,5.0,0.85,1000.0,1000.0,300.0,16.0,0.0,0,0,0,3,200.0,37022,31063,0.839042,35.313726,49.636035,57.18274,17.783461,25192,1185568,7.067882,0.810997,0.0,0.0,0.0,0.0,0.0,0,0,0,0,0,0,0.0,0,1.984615,7.946154,18.264103,21730.452487,1.171277,1,3841,0,1117,5799,-
AODV,A_N20_pi010|AODV,19,20,19,0.1,512,5.0,0.85,1000.0,1000.0,300.0,16.0,0.0,0,0,0,3,200.0,37022,22621,0.611015,25.716505,11.909107,13.598186,6.859382,13092,619106,5.068267,0.578754,0.0,0.0,0.0,0.0,0.0,0,0,0,0,0,0,0.0,0,2.046154,7.533333,18.041026,19133.814224,0.732618,0,4627,0,535,14099,-
AODV,A_N20_pi010|AODV,2,20,19,0.1,512,5.0,0.85,1000.0,1000.0,300.0,16.0,0.0,0,0,0,3,200.0,37022,14851,0.40114,16.883242,77.387249,97.542762,35.752325,52978,2516840,31.383845,3.567302,0.0,0.0,0.0,0.0,0.0,0,0,0,0,0,0,0.0,0,2.851282,8.679487,18.187179,22296.131007,0.599211,0,7936,0,3905,21963,-
AODV,A_N20_pi010|AODV,20,20,19,0.1,512,5.0,0.85,1000.0,1000.0,300.0,16.0,0.0,0,0,0,3,200.0,37022,18959,0.512101,21.553389,28.18132,132.917259,55.371454,24933,1185262,11.577244,1.315101,0.0,0.0,0.0,0.0,0.0,0,0,0,0,0,0,0.0,0,2.328205,8.379487,18.317949,20034.119132,0.448895,0,3294,0,981,17161,-
AODV,A_N20_pi010|AODV,3,20,19,0.1,512,5.0,0.85,1000.0,1000.0,300.0,16.0,0.0,0,0,0,3,200.0,37022,8694,0.234833,12.51936,2.944751,7.229756,6.126929,5838,278266,5.927161,0.671498,0.0,0.0,0.0,0.0,0.0,0,0,0,0,0,0,0.0,0,2.187179,8.523077,17.974359,26622.900406,0.079871,0,648,0,64,26708,-
AODV,A_N20_pi010|AODV,4,20,19,0.1,512,5.0,0.85,1000.0,1000.0,300.0,16.0,0.0,0,0,0,3,200.0,37022,22834,0.616768,25.958653,43.122336,45.447694,23.709988,40283,1916662,15.54425,1.764167,0.0,0.0,0.0,0.0,0.0,0,0,0,0,0,0,0.0,0,2.65641,9.266667,18.551282,21721.695025,0.882232,1,4676,0,2768,13914,-
AODV,A_N20_pi010|AODV,5,20,19,0.1,512,5.0,0.85,1000.0,1000.0,300.0,16.0,0.0,0,0,0,3,200.0,37022,25855,0.698369,29.393053,27.037377,28.111408,10.258231,13611,634850,4.547082,0.526436,0.0,0.0,0.0,0.0,0.0,0,0,0,0,0,0,0.0,0,2.448718,9.497436,18.620513,25315.804661,0.611717,0,1216,0,1056,9777,-
AODV,A_N20_pi010|AODV,6,20,19,0.1,512,5.0,0.85,1000.0,1000.0,300.0,16.0,0.0,0,0,0,3,200.0,37022,24216,0.654098,27.529768,39.98831,40.642171,17.308705,43402,2062766,15.774434,1.792286,0.0,0.0,0.0,0.0,0.0,0,0,0,0,0,0,0.0,0,2.653846,9.589744,18.533333,22227.889823,0.7364,0,7369,0,4143,12557,-
AODV,A_N20_pi010|AODV,7,20,19,0.1,512,5.0,0.85,1000.0,1000.0,300.0,16.0,0.0,0,0,0,3,200.0,37022,24945,0.673789,28.358526,11.218142,11.684823,5.211091,8977,424362,3.150353,0.359872,0.0,0.0,0.0,0.0,0.0,0,0,0,0,0,0,0.0,0,2.458974,9.976923,18.689744,22459.172633,0.539409,0,714,0,300,11101,-
AODV,A_N20_pi010|AODV,8,20,19,0.1,512,5.0,0.85,1000.0,1000.0,300.0,16.0,0.0,0,0,0,3,200.0,37022,14550,0.39301,16.541053,8.726576,10.260243,6.742621,8106,384508,4.893827,0.557113,0.0,0.0,0.0,0.0,0.0,0,0,0,0,0,0,0.0,0,2.597436,9.133333,18.505128,24158.272528,0.406596,0,103,0,165,21669,-
AODV,A_N20_pi010|AODV,9,20,19,0.1,512,5.0,0.85,1000.0,1000.0,300.0,16.0,0.0,0,0,0,3,200.0,37022,16556,0.447194,18.821558,27.833858,31.654784,20.359363,47533,2260180,25.280977,2.871044,0.0,0.0,0.0,0.0,0.0,0,0,0,0,0,0,0.0,0,2.220513,8.312821,18.128205,23364.794149,0.607585,0,3927,0,4287,18571,-
QMAODV,A_N20_pi010|QMAODV_eps0.02,1,20,19,0.1,512,5.0,0.85,1000.0,1000.0,300.0,16.0,0.0,0,0,0,3,200.0,37022,18913,0.510858,21.501095,91.921361,136.450207,36.25467,28634,1357896,13.295734,1.513985,0.0,0.0,0.0,0.0,0.0,0,0,0,0,0,0,0.0,0,2.44359,8.884615,18.407692,22539.664836,0.875696,72,4668,0,1813,16451,MaxPaths=3;Alpha0=0.5;Gamma=0.9;Epsilon0=0.02;RewardW1=0.6;RewardW2=0.4;RewardW3=0;RewardW4=0.2;AdaptiveEpsilon=false;AdaptiveAlpha=false;AdaptiveReward=false;Policy=QLearning;UseMacFeedback=true;DelayRef=0.01;HopByHop=true;UseRerrBump=true;
QMAODV,A_N20_pi010|QMAODV_eps0.02,10,20,19,0.1,512,5.0,0.85,1000.0,1000.0,300.0,16.0,0.0,0,0,0,3,200.0,37022,15117,0.408325,17.185642,24.945562,44.246126,20.021709,12398,589520,7.221695,0.820136,0.0,0.0,0.0,0.0,0.0,0,0,0,0,0,0,0.0,0,2.266667,8.910256,18.530769,23279.71399,0.388148,94,1183,0,809,20805,MaxPaths=3;Alpha0=0.5;Gamma=0.9;Epsilon0=0.02;RewardW1=0.6;RewardW2=0.4;RewardW3=0;RewardW4=0.2;AdaptiveEpsilon=false;AdaptiveAlpha=false;AdaptiveReward=false;Policy=QLearning;UseMacFeedback=true;DelayRef=0.01;HopByHop=true;UseRerrBump=true;
QMAODV,A_N20_pi010|QMAODV_eps0.02,11,20,19,0.1,512,5.0,0.85,1000.0,1000.0,300.0,16.0,0.0,0,0,0,3,200.0,37022,16589,0.448085,18.859074,147.001654,171.000493,47.24878,38459,1788700,19.967493,2.318343,0.0,0.0,0.0,0.0,0.0,0,0,0,0,0,0,0.0,0,2.235897,8.123077,18.446154,24281.639952,0.942088,245,9812,0,2983,19638,MaxPaths=3;Alpha0=0.5;Gamma=0.9;Epsilon0=0.02;RewardW1=0.6;RewardW2=0.4;RewardW3=0;RewardW4=0.2;AdaptiveEpsilon=false;AdaptiveAlpha=false;AdaptiveReward=false;Policy=QLearning;UseMacFeedback=true;DelayRef=0.01;HopByHop=true;UseRerrBump=true;
QMAODV,A_N20_pi010|QMAODV_eps0.02,12,20,19,0.1,512,5.0,0.85,1000.0,1000.0,300.0,16.0,0.0,0,0,0,3,200.0,37022,25179,0.680109,28.624547,53.427526,59.29472,26.71174,31520,1477772,10.86864,1.251837,0.0,0.0,0.0,0.0,0.0,0,0,0,0,0,0,0.0,0,2.353846,8.851282,18.789744,24864.637506,1.132003,168,4758,0,2025,11775,MaxPaths=3;Alpha0=0.5;Gamma=0.9;Epsilon0=0.02;RewardW1=0.6;RewardW2=0.4;RewardW3=0;RewardW4=0.2;AdaptiveEpsilon=false;AdaptiveAlpha=false;AdaptiveReward=false;Policy=QLearning;UseMacFeedback=true;DelayRef=0.01;HopByHop=true;UseRerrBump=true;
QMAODV,A_N20_pi010|QMAODV_eps0.02,13,20,19,0.1,512,5.0,0.85,1000.0,1000.0,300.0,16.0,0.0,0,0,0,3,200.0,37022,17384,0.469559,19.762863,133.878438,138.564994,44.642709,35044,1651972,17.597834,2.015877,0.0,0.0,0.0,0.0,0.0,0,0,0,0,0,0,0.0,0,2.353846,9.04359,18.530769,23376.285305,0.849603,188,9049,0,2648,18661,MaxPaths=3;Alpha0=0.5;Gamma=0.9;Epsilon0=0.02;RewardW1=0.6;RewardW2=0.4;RewardW3=0;RewardW4=0.2;AdaptiveEpsilon=false;AdaptiveAlpha=false;AdaptiveReward=false;Policy=QLearning;UseMacFeedback=true;DelayRef=0.01;HopByHop=true;UseRerrBump=true;
QMAODV,A_N20_pi010|QMAODV_eps0.02,14,20,19,0.1,512,5.0,0.85,1000.0,1000.0,300.0,16.0,0.0,0,0,0,3,200.0,37022,19832,0.535681,22.545853,113.591548,136.429532,43.236779,38597,1826888,17.058925,1.946198,0.0,0.0,0.0,0.0,0.0,0,0,0,0,0,0,0.0,0,2.205128,8.733333,18.602564,24764.712314,1.018665,121,10261,0,2715,17032,MaxPaths=3;Alpha0=0.5;Gamma=0.9;Epsilon0=0.02;RewardW1=0.6;RewardW2=0.4;RewardW3=0;RewardW4=0.2;AdaptiveEpsilon=false;AdaptiveAlpha=false;AdaptiveReward=false;Policy=QLearning;UseMacFeedback=true;DelayRef=0.01;HopByHop=true;UseRerrBump=true;
QMAODV,A_N20_pi010|QMAODV_eps0.02,15,20,19,0.1,512,5.0,0.85,1000.0,1000.0,300.0,16.0,0.0,0,0,0,3,200.0,37022,14500,0.391659,16.484211,272.369354,346.564889,79.793539,52969,2507646,32.02613,3.653034,0.0,0.0,0.0,0.0,0.0,0,0,0,0,0,0,0.0,0,1.969231,8.435897,18.364103,24698.448431,0.969505,133,9134,0,3845,21225,MaxPaths=3;Alpha0=0.5;Gamma=0.9;Epsilon0=0.02;RewardW1=0.6;RewardW2=0.4;RewardW3=0;RewardW4=0.2;AdaptiveEpsilon=false;AdaptiveAlpha=false;AdaptiveReward=false;Policy=QLearning;UseMacFeedback=true;DelayRef=0.01;HopByHop=true;UseRerrBump=true;
QMAODV,A_N20_pi010|QMAODV_eps0.02,16,20,19,0.1,512,5.0,0.85,1000.0,1000.0,300.0,16.0,0.0,0,0,0,3,200.0,37022,18948,0.511804,21.540884,138.208438,170.045147,43.385446,29631,1376048,13.448581,1.563806,0.0,0.0,0.0,0.0,0.0,0,0,0,0,0,0,0.0,0,1.825641,8.146154,18.448718,24356.530873,0.77562,257,6949,0,2790,17376,MaxPaths=3;Alpha0=0.5;Gamma=0.9;Epsilon0=0.02;RewardW1=0.6;RewardW2=0.4;RewardW3=0;RewardW4=0.2;AdaptiveEpsilon=false;AdaptiveAlpha=false;AdaptiveReward=false;Policy=QLearning;UseMacFeedback=true;DelayRef=0.01;HopByHop=true;UseRerrBump=true;
QMAODV,A_N20_pi010|QMAODV_eps0.02,17,20,19,0.1,512,5.0,0.85,1000.0,1000.0,300.0,16.0,0.0,0,0,0,3,200.0,37022,17121,0.462455,20.5452,17.332702,36.704016,6.984899,7049,334934,3.622733,0.411717,0.0,0.0,0.0,0.0,0.0,0,0,0,0,0,0,0.0,0,2.333333,8.448718,18.497436,22738.691762,0.446761,12,2075,0,130,19458,MaxPaths=3;Alpha0=0.5;Gamma=0.9;Epsilon0=0.02;RewardW1=0.6;RewardW2=0.4;RewardW3=0;RewardW4=0.2;AdaptiveEpsilon=false;AdaptiveAlpha=false;AdaptiveReward=false;Policy=QLearning;UseMacFeedback=true;DelayRef=0.01;HopByHop=true;UseRerrBump=true;
QMAODV,A_N20_pi010|QMAODV_eps0.02,18,20,19,0.1,512,5.0,0.85,1000.0,1000.0,300.0,16.0,0.0,0,0,0,3,200.0,37022,22481,0.607234,25.557347,91.945238,136.669865,34.001911,20437,963680,7.938226,0.909079,0.0,0.0,0.0,0.0,0.0,0,0,0,0,0,0,0.0,0,1.984615,7.946154,18.264103,21730.452487,0.98012,50,5376,0,1238,13903,MaxPaths=3;Alpha0=0.5;Gamma=0.9;Epsilon0=0.02;RewardW1=0.6;RewardW2=0.4;RewardW3=0;RewardW4=0.2;AdaptiveEpsilon=false;AdaptiveAlpha=false;AdaptiveReward=false;Policy=QLearning;UseMacFeedback=true;DelayRef=0.01;HopByHop=true;UseRerrBump=true;
QMAODV,A_N20_pi010|QMAODV_eps0.02,19,20,19,0.1,512,5.0,0.85,1000.0,1000.0,300.0,16.0,0.0,0,0,0,3,200.0,37022,23805,0.642996,27.062526,95.376729,154.703583,32.394807,17649,836610,6.508203,0.741399,0.0,0.0,0.0,0.0,0.0,0,0,0,0,0,0,0.0,0,2.046154,7.533333,18.041026,19133.814224,1.013208,34,10050,0,746,13030,MaxPaths=3;Alpha0=0.5;Gamma=0.9;Epsilon0=0.02;RewardW1=0.6;RewardW2=0.4;RewardW3=0;RewardW4=0.2;AdaptiveEpsilon=false;AdaptiveAlpha=false;AdaptiveReward=false;Policy=QLearning;UseMacFeedback=true;DelayRef=0.01;HopByHop=true;UseRerrBump=true;
QMAODV,A_N20_pi010|QMAODV_eps0.02,2,20,19,0.1,512,5.0,0.85,1000.0,1000.0,300.0,16.0,0.0,0,0,0,3,200.0,37022,8367,0.226001,9.511958,25.038173,73.761636,21.44999,9778,466112,10.316366,1.168639,0.0,0.0,0.0,0.0,0.0,0,0,0,0,0,0,0.0,0,2.851282,8.679487,18.187179,22296.131007,0.182567,11,2386,0,328,27666,MaxPaths=3;Alpha0=0.5;Gamma=0.9;Epsilon0=0.02;RewardW1=0.6;RewardW2=0.4;RewardW3=0;RewardW4=0.2;AdaptiveEpsilon=false;AdaptiveAlpha=false;AdaptiveReward=false;Policy=QLearning;UseMacFeedback=true;DelayRef=0.01;HopByHop=true;UseRerrBump=true;
QMAODV,A_N20_pi010|QMAODV_eps0.02,20,20,19,0.1,512,5.0,0.85,1000.0,1000.0,300.0,16.0,0.0,0,0,0,3,200.0,37022,18274,0.493598,20.774653,63.099356,86.223418,29.791288,27444,1276024,12.930981,1.501806,0.0,0.0,0.0,0.0,0.0,0,0,0,0,0,0,0.0,0,2.328205,8.379487,18.317949,20034.119132,0.614959,34,5971,0,1527,17525,MaxPaths=3;Alpha0=0.5;Gamma=0.9;Epsilon0=0.02;RewardW1=0.6;RewardW2=0.4;RewardW3=0;RewardW4=0.2;AdaptiveEpsilon=false;AdaptiveAlpha=false;AdaptiveReward=false;Policy=QLearning;UseMacFeedback=true;DelayRef=0.01;HopByHop=true;UseRerrBump=true;
QMAODV,A_N20_pi010|QMAODV_eps0.02,3,20,19,0.1,512,5.0,0.85,1000.0,1000.0,300.0,16.0,0.0,0,0,0,3,200.0,37022,14840,0.400843,16.870737,40.193478,51.348956,25.768149,29865,1396602,17.427898,2.012466,0.0,0.0,0.0,0.0,0.0,0,0,0,0,0,0,0.0,0,2.187179,8.523077,17.974359,26622.900406,0.519394,74,5072,0,1754,21560,MaxPaths=3;Alpha0=0.5;Gamma=0.9;Epsilon0=0.02;RewardW1=0.6;RewardW2=0.4;RewardW3=0;RewardW4=0.2;AdaptiveEpsilon=false;AdaptiveAlpha=false;AdaptiveReward=false;Policy=QLearning;UseMacFeedback=true;DelayRef=0.01;HopByHop=true;UseRerrBump=true;
QMAODV,A_N20_pi010|QMAODV_eps0.02,4,20,19,0.1,512,5.0,0.85,1000.0,1000.0,300.0,16.0,0.0,0,0,0,3,200.0,37022,14324,0.386905,16.284126,108.788707,119.206199,52.193182,41368,1948746,25.194002,2.88802,0.0,0.0,0.0,0.0,0.0,0,0,0,0,0,0,0.0,0,2.65641,9.266667,18.551282,21721.695025,0.756928,97,7860,0,2850,21708,MaxPaths=3;Alpha0=0.5;Gamma=0.9;Epsilon0=0.02;RewardW1=0.6;RewardW2=0.4;RewardW3=0;RewardW4=0.2;AdaptiveEpsilon=false;AdaptiveAlpha=false;AdaptiveReward=false;Policy=QLearning;UseMacFeedback=true;DelayRef=0.01;HopByHop=true;UseRerrBump=true;
QMAODV,A_N20_pi010|QMAODV_eps0.02,5,20,19,0.1,512,5.0,0.85,1000.0,1000.0,300.0,16.0,0.0,0,0,0,3,200.0,37022,24063,0.649965,27.355832,33.324385,38.262371,9.265628,9241,434356,3.342738,0.384034,0.0,0.0,0.0,0.0,0.0,0,0,0,0,0,0,0.0,0,2.448718,9.497436,18.620513,25315.804661,0.659743,6,1056,0,333,11967,MaxPaths=3;Alpha0=0.5;Gamma=0.9;Epsilon0=0.02;RewardW1=0.6;RewardW2=0.4;RewardW3=0;RewardW4=0.2;AdaptiveEpsilon=false;AdaptiveAlpha=false;AdaptiveReward=false;Policy=QLearning;UseMacFeedback=true;DelayRef=0.01;HopByHop=true;UseRerrBump=true;
QMAODV,A_N20_pi010|QMAODV_eps0.02,6,20,19,0.1,512,5.0,0.85,1000.0,1000.0,300.0,16.0,0.0,0,0,0,3,200.0,37022,20646,0.557668,23.471242,59.037634,73.262534,21.723299,28138,1335302,11.977049,1.362879,0.0,0.0,0.0,0.0,0.0,0,0,0,0,0,0,0.0,0,2.653846,9.589744,18.533333,22227.889823,0.67757,17,6357,0,3167,16022,MaxPaths=3;Alpha0=0.5;Gamma=0.9;Epsilon0=0.02;RewardW1=0.6;RewardW2=0.4;RewardW3=0;RewardW4=0.2;AdaptiveEpsilon=false;AdaptiveAlpha=false;AdaptiveReward=false;Policy=QLearning;UseMacFeedback=true;DelayRef=0.01;HopByHop=true;UseRerrBump=true;
QMAODV,A_N20_pi010|QMAODV_eps0.02,7,20,19,0.1,512,5.0,0.85,1000.0,1000.0,300.0,16.0,0.0,0,0,0,3,200.0,37022,22697,0.613068,25.802905,95.384177,122.009255,31.693293,26905,1263602,10.309749,1.185399,0.0,0.0,0.0,0.0,0.0,0,0,0,0,0,0,0.0,0,2.458974,9.976923,18.689744,22459.172633,0.891956,57,4747,0,1777,13415,MaxPaths=3;Alpha0=0.5;Gamma=0.9;Epsilon0=0.02;RewardW1=0.6;RewardW2=0.4;RewardW3=0;RewardW4=0.2;AdaptiveEpsilon=false;AdaptiveAlpha=false;AdaptiveReward=false;Policy=QLearning;UseMacFeedback=true;DelayRef=0.01;HopByHop=true;UseRerrBump=true;
QMAODV,A_N20_pi010|QMAODV_eps0.02,8,20,19,0.1,512,5.0,0.85,1000.0,1000.0,300.0,16.0,0.0,0,0,0,3,200.0,37022,11440,0.309005,13.005474,47.797783,120.965755,59.444409,18081,862290,13.958333,1.580507,0.0,0.0,0.0,0.0,0.0,0,0,0,0,0,0,0.0,0,2.597436,9.133333,18.505128,24158.272528,0.320836,7,1719,0,1462,24916,MaxPaths=3;Alpha0=0.5;Gamma=0.9;Epsilon0=0.02;RewardW1=0.6;RewardW2=0.4;RewardW3=0;RewardW4=0.2;AdaptiveEpsilon=false;AdaptiveAlpha=false;AdaptiveReward=false;Policy=QLearning;UseMacFeedback=true;DelayRef=0.01;HopByHop=true;UseRerrBump=true;
QMAODV,A_N20_pi010|QMAODV_eps0.02,9,20,19,0.1,512,5.0,0.85,1000.0,1000.0,300.0,16.0,0.0,0,0,0,3,200.0,37022,13885,0.375047,15.785053,233.232629,238.270297,71.133307,53984,2534538,33.803305,3.887937,0.0,0.0,0.0,0.0,0.0,0,0,0,0,0,0,0.0,0,2.220513,8.312821,18.128205,23364.794149,0.942818,304,9933,0,4668,22463,MaxPaths=3;Alpha0=0.5;Gamma=0.9;Epsilon0=0.02;RewardW1=0.6;RewardW2=0.4;RewardW3=0;RewardW4=0.2;AdaptiveEpsilon=false;AdaptiveAlpha=false;AdaptiveReward=false;Policy=QLearning;UseMacFeedback=true;DelayRef=0.01;HopByHop=true;UseRerrBump=true;
QMAODV,A_N20_pi010|QMAODV_eps0.1,1,20,19,0.1,512,5.0,0.85,1000.0,1000.0,300.0,16.0,0.0,0,0,0,3,200.0,37022,12115,0.327238,13.772842,80.843982,164.944199,61.881083,28674,1363164,20.836796,2.366818,0.0,0.0,0.0,0.0,0.0,0,0,0,0,0,0,0.0,0,2.44359,8.884615,18.407692,22539.664836,0.382934,34,5217,0,2299,23372,MaxPaths=3;Alpha0=0.5;Gamma=0.9;Epsilon0=0.1;RewardW1=0.6;RewardW2=0.4;RewardW3=0;RewardW4=0.2;AdaptiveEpsilon=false;AdaptiveAlpha=false;AdaptiveReward=false;Policy=QLearning;UseMacFeedback=true;DelayRef=0.01;HopByHop=true;UseRerrBump=true;
QMAODV,A_N20_pi010|QMAODV_eps0.1,10,20,19,0.1,512,5.0,0.85,1000.0,1000.0,300.0,16.0,0.0,0,0,0,3,200.0,37022,14502,0.391713,16.486484,88.712535,159.971075,60.168178,24499,1153278,14.726934,1.689353,0.0,0.0,0.0,0.0,0.0,0,0,0,0,0,0,0.0,0,2.266667,8.910256,18.530769,23279.71399,0.479823,230,3451,0,1894,21421,MaxPaths=3;Alpha0=0.5;Gamma=0.9;Epsilon0=0.1;RewardW1=0.6;RewardW2=0.4;RewardW3=0;RewardW4=0.2;AdaptiveEpsilon=false;AdaptiveAlpha=false;AdaptiveReward=false;Policy=QLearning;UseMacFeedback=true;DelayRef=0.01;HopByHop=true;UseRerrBump=true;
QMAODV,A_N20_pi010|QMAODV_eps0.1,11,20,19,0.1,512,5.0,0.85,1000.0,1000.0,300.0,16.0,0.0,0,0,0,3,200.0,37022,17726,0.478796,20.151663,115.002079,148.031615,34.172888,27022,1266214,13.228256,1.524427,0.0,0.0,0.0,0.0,0.0,0,0,0,0,0,0,0.0,0,2.235897,8.123077,18.446154,24281.639952,0.71155,187,6561,0,2185,18687,MaxPaths=3;Alpha0=0.5;Gamma=0.9;Epsilon0=0.1;RewardW1=0.6;RewardW2=0.4;RewardW3=0;RewardW4=0.2;AdaptiveEpsilon=false;AdaptiveAlpha=false;AdaptiveReward=false;Policy=QLearning;UseMacFeedback=true;DelayRef=0.01;HopByHop=true;UseRerrBump=true;
QMAODV,A_N20_pi010|QMAODV_eps0.1,12,20,19,0.1,512,5.0,0.85,1000.0,1000.0,300.0,16.0,0.0,0,0,0,3,200.0,37022,21754,0.587597,24.730863,54.689224,58.60533,21.089918,20826,974550,8.296048,0.957341,0.0,0.0,0.0,0.0,0.0,0,0,0,0,0,0,0.0,0,2.353846,8.851282,18.789744,24864.637506,0.930285,109,2550,0,1324,15188,MaxPaths=3;Alpha0=0.5;Gamma=0.9;Epsilon0=0.1;RewardW1=0.6;RewardW2=0.4;RewardW3=0;RewardW4=0.2;AdaptiveEpsilon=false;AdaptiveAlpha=false;AdaptiveReward=false;Policy=QLearning;UseMacFeedback=true;DelayRef=0.01;HopByHop=true;UseRerrBump=true;
QMAODV,A_N20_pi010|QMAODV_eps0.1,13,20,19,0.1,512,5.0,0.85,1000.0,1000.0,300.0,16.0,0.0,0,0,0,3,200.0,37022,16272,0.439522,18.498695,77.078449,88.939052,35.888894,24463,1160420,13.20628,1.50338,0.0,0.0,0.0,0.0,0.0,0,0,0,0,0,0,0.0,0,2.353846,9.04359,18.530769,23376.285305,0.505834,455,6413,0,1766,19872,MaxPaths=3;Alpha0=0.5;Gamma=0.9;Epsilon0=0.1;RewardW1=0.6;RewardW2=0.4;RewardW3=0;RewardW4=0.2;AdaptiveEpsilon=false;AdaptiveAlpha=false;AdaptiveReward=false;Policy=QLearning;UseMacFeedback=true;DelayRef=0.01;HopByHop=true;UseRerrBump=true;
QMAODV,A_N20_pi010|QMAODV_eps0.1,14,20,19,0.1,512,5.0,0.85,1000.0,1000.0,300.0,16.0,0.0,0,0,0,3,200.0,37022,19880,0.536978,22.600421,112.111878,139.894584,41.624376,34861,1644044,15.314517,1.753571,0.0,0.0,0.0,0.0,0.0,0,0,0,0,0,0,0.0,0,2.205128,8.733333,18.602564,24764.712314,0.830371,107,8987,0,2346,16622,MaxPaths=3;Alpha0=0.5;Gamma=0.9;Epsilon0=0.1;RewardW1=0.6;RewardW2=0.4;RewardW3=0;RewardW4=0.2;AdaptiveEpsilon=false;AdaptiveAlpha=false;AdaptiveReward=false;Policy=QLearning;UseMacFeedback=true;DelayRef=0.01;HopByHop=true;UseRerrBump=true;
QMAODV,A_N20_pi010|QMAODV_eps0.1,15,20,19,0.1,512,5.0,0.85,1000.0,1000.0,300.0,16.0,0.0,0,0,0,3,200.0,37022,11711,0.316325,13.313558,237.693808,278.611543,97.078782,65547,3092822,48.906568,5.597046,0.0,0.0,0.0,0.0,0.0,0,0,0,0,0,0,0.0,0,1.969231,8.435897,18.364103,24698.448431,0.804792,271,12055,0,5446,23806,MaxPaths=3;Alpha0=0.5;Gamma=0.9;Epsilon0=0.1;RewardW1=0.6;RewardW2=0.4;RewardW3=0;RewardW4=0.2;AdaptiveEpsilon=false;AdaptiveAlpha=false;AdaptiveReward=false;Policy=QLearning;UseMacFeedback=true;DelayRef=0.01;HopByHop=true;UseRerrBump=true;
QMAODV,A_N20_pi010|QMAODV_eps0.1,16,20,19,0.1,512,5.0,0.85,1000.0,1000.0,300.0,16.0,0.0,0,0,0,3,200.0,37022,19407,0.524202,22.062695,94.436136,125.652885,40.605288,23467,1090782,10.408444,1.209203,0.0,0.0,0.0,0.0,0.0,0,0,0,0,0,0,0.0,0,1.825641,8.146154,18.448718,24356.530873,0.642645,157,5481,0,1833,17062,MaxPaths=3;Alpha0=0.5;Gamma=0.9;Epsilon0=0.1;RewardW1=0.6;RewardW2=0.4;RewardW3=0;RewardW4=0.2;AdaptiveEpsilon=false;AdaptiveAlpha=false;AdaptiveReward=false;Policy=QLearning;UseMacFeedback=true;DelayRef=0.01;HopByHop=true;UseRerrBump=true;
QMAODV,A_N20_pi010|QMAODV_eps0.1,17,20,19,0.1,512,5.0,0.85,1000.0,1000.0,300.0,16.0,0.0,0,0,0,3,200.0,37022,20050,0.54157,22.793684,111.804844,155.624519,48.977108,35490,1659832,15.330489,1.770075,0.0,0.0,0.0,0.0,0.0,0,0,0,0,0,0,0.0,0,2.333333,8.448718,18.497436,22738.691762,0.901005,132,7096,0,2473,16498,MaxPaths=3;Alpha0=0.5;Gamma=0.9;Epsilon0=0.1;RewardW1=0.6;RewardW2=0.4;RewardW3=0;RewardW4=0.2;AdaptiveEpsilon=false;AdaptiveAlpha=false;AdaptiveReward=false;Policy=QLearning;UseMacFeedback=true;DelayRef=0.01;HopByHop=true;UseRerrBump=true;
QMAODV,A_N20_pi010|QMAODV_eps0.1,18,20,19,0.1,512,5.0,0.85,1000.0,1000.0,300.0,16.0,0.0,0,0,0,3,200.0,37022,19701,0.532143,22.396926,105.1244,138.747378,39.360663,22661,1065542,10.015867,1.150246,0.0,0.0,0.0,0.0,0.0,0,0,0,0,0,0,0.0,0,1.984615,7.946154,18.264103,21730.452487,0.948166,133,6113,0,1458,16291,MaxPaths=3;Alpha0=0.5;Gamma=0.9;Epsilon0=0.1;RewardW1=0.6;RewardW2=0.4;RewardW3=0;RewardW4=0.2;AdaptiveEpsilon=false;AdaptiveAlpha=false;AdaptiveReward=false;Policy=QLearning;UseMacFeedback=true;DelayRef=0.01;HopByHop=true;UseRerrBump=true;
QMAODV,A_N20_pi010|QMAODV_eps0.1,19,20,19,0.1,512,5.0,0.85,1000.0,1000.0,300.0,16.0,0.0,0,0,0,3,200.0,37022,22302,0.602399,25.353853,77.173445,96.230282,19.424654,13452,640334,5.317029,0.603175,0.0,0.0,0.0,0.0,0.0,0,0,0,0,0,0,0.0,0,2.046154,7.533333,18.041026,19133.814224,0.702312,0,8371,0,525,14520,MaxPaths=3;Alpha0=0.5;Gamma=0.9;Epsilon0=0.1;RewardW1=0.6;RewardW2=0.4;RewardW3=0;RewardW4=0.2;AdaptiveEpsilon=false;AdaptiveAlpha=false;AdaptiveReward=false;Policy=QLearning;UseMacFeedback=true;DelayRef=0.01;HopByHop=true;UseRerrBump=true;
QMAODV,A_N20_pi010|QMAODV_eps0.1,2,20,19,0.1,512,5.0,0.85,1000.0,1000.0,300.0,16.0,0.0,0,0,0,3,200.0,37022,8977,0.242477,12.11895,18.928229,49.338729,45.993523,6186,294664,6.078579,0.689094,0.0,0.0,0.0,0.0,0.0,0,0,0,0,0,0,0.0,0,2.851282,8.679487,18.187179,22296.131007,0.211739,20,2131,0,158,27074,MaxPaths=3;Alpha0=0.5;Gamma=0.9;Epsilon0=0.1;RewardW1=0.6;RewardW2=0.4;RewardW3=0;RewardW4=0.2;AdaptiveEpsilon=false;AdaptiveAlpha=false;AdaptiveReward=false;Policy=QLearning;UseMacFeedback=true;DelayRef=0.01;HopByHop=true;UseRerrBump=true;
QMAODV,A_N20_pi010|QMAODV_eps0.1,20,20,19,0.1,512,5.0,0.85,1000.0,1000.0,300.0,16.0,0.0,0,0,0,3,200.0,37022,18105,0.489034,20.582526,127.474093,187.352345,59.842607,47517,2211332,22.618389,2.624524,0.0,0.0,0.0,0.0,0.0,0,0,0,0,0,0,0.0,0,2.328205,8.379487,18.317949,20034.119132,0.705878,97,9178,0,3562,17973,MaxPaths=3;Alpha0=0.5;Gamma=0.9;Epsilon0=0.1;RewardW1=0.6;RewardW2=0.4;RewardW3=0;RewardW4=0.2;AdaptiveEpsilon=false;AdaptiveAlpha=false;AdaptiveReward=false;Policy=QLearning;UseMacFeedback=true;DelayRef=0.01;HopByHop=true;UseRerrBump=true;
QMAODV,A_N20_pi010|QMAODV_eps0.1,3,20,19,0.1,512,5.0,0.85,1000.0,1000.0,300.0,16.0,0.0,0,0,0,3,200.0,37022,15253,0.411998,17.340253,100.472263,115.914179,51.591725,55962,2621698,31.82978,3.668918,0.0,0.0,0.0,0.0,0.0,0,0,0,0,0,0,0.0,0,2.187179,8.523077,17.974359,26622.900406,0.694371,140,14828,0,2999,21358,MaxPaths=3;Alpha0=0.5;Gamma=0.9;Epsilon0=0.1;RewardW1=0.6;RewardW2=0.4;RewardW3=0;RewardW4=0.2;AdaptiveEpsilon=false;AdaptiveAlpha=false;AdaptiveReward=false;Policy=QLearning;UseMacFeedback=true;DelayRef=0.01;HopByHop=true;UseRerrBump=true;
QMAODV,A_N20_pi010|QMAODV_eps0.1,4,20,19,0.1,512,5.0,0.85,1000.0,1000.0,300.0,16.0,0.0,0,0,0,3,200.0,37022,16266,0.43936,19.5192,21.01071,26.104922,12.298938,12809,607584,6.917223,0.787471,0.0,0.0,0.0,0.0,0.0,0,0,0,0,0,0,0.0,0,2.65641,9.266667,18.551282,21721.695025,0.550835,52,3251,0,626,19610,MaxPaths=3;Alpha0=0.5;Gamma=0.9;Epsilon0=0.1;RewardW1=0.6;RewardW2=0.4;RewardW3=0;RewardW4=0.2;AdaptiveEpsilon=false;AdaptiveAlpha=false;AdaptiveReward=false;Policy=QLearning;UseMacFeedback=true;DelayRef=0.01;HopByHop=true;UseRerrBump=true;
QMAODV,A_N20_pi010|QMAODV_eps0.1,5,20,19,0.1,512,5.0,0.85,1000.0,1000.0,300.0,16.0,0.0,0,0,0,3,200.0,37022,22094,0.59678,25.117389,81.145699,112.43185,30.527405,28357,1329802,11.145996,1.283471,0.0,0.0,0.0,0.0,0.0,0,0,0,0,0,0,0.0,0,2.448718,9.497436,18.620513,25315.804661,1.015531,175,5580,0,2419,14674,MaxPaths=3;Alpha0=0.5;Gamma=0.9;Epsilon0=0.1;RewardW1=0.6;RewardW2=0.4;RewardW3=0;RewardW4=0.2;AdaptiveEpsilon=false;AdaptiveAlpha=false;AdaptiveReward=false;Policy=QLearning;UseMacFeedback=true;DelayRef=0.01;HopByHop=true;UseRerrBump=true;
QMAODV,A_N20_pi010|QMAODV_eps0.1,6,20,19,0.1,512,5.0,0.85,1000.0,1000.0,300.0,16.0,0.0,0,0,0,3,200.0,37022,20526,0.554427,23.334821,52.589092,109.920183,26.612049,30059,1416168,12.776641,1.464435,0.0,0.0,0.0,0.0,0.0,0,0,0,0,0,0,0.0,0,2.653846,9.589744,18.533333,22227.889823,0.605721,27,5492,0,2207,15942,MaxPaths=3;Alpha0=0.5;Gamma=0.9;Epsilon0=0.1;RewardW1=0.6;RewardW2=0.4;RewardW3=0;RewardW4=0.2;AdaptiveEpsilon=false;AdaptiveAlpha=false;AdaptiveReward=false;Policy=QLearning;UseMacFeedback=true;DelayRef=0.01;HopByHop=true;UseRerrBump=true;
QMAODV,A_N20_pi010|QMAODV_eps0.1,7,20,19,0.1,512,5.0,0.85,1000.0,1000.0,300.0,16.0,0.0,0,0,0,3,200.0,37022,23241,0.627762,26.421347,81.750283,99.064581,36.096818,32186,1509898,12.030926,1.38488,0.0,0.0,0.0,0.0,0.0,0,0,0,0,0,0,0.0,0,2.458974,9.976923,18.689744,22459.172633,0.966804,81,5124,0,2253,13039,MaxPaths=3;Alpha0=0.5;Gamma=0.9;Epsilon0=0.1;RewardW1=0.6;RewardW2=0.4;RewardW3=0;RewardW4=0.2;AdaptiveEpsilon=false;AdaptiveAlpha=false;AdaptiveReward=false;Policy=QLearning;UseMacFeedback=true;DelayRef=0.01;HopByHop=true;UseRerrBump=true;
QMAODV,A_N20_pi010|QMAODV_eps0.1,8,20,19,0.1,512,5.0,0.85,1000.0,1000.0,300.0,16.0,0.0,0,0,0,3,200.0,37022,11020,0.297661,12.528,73.934913,82.709692,34.418938,42709,2045600,34.37521,3.87559,0.0,0.0,0.0,0.0,0.0,0,0,0,0,0,0,0.0,0,2.597436,9.133333,18.505128,24158.272528,0.51021,69,9938,0,2626,25662,MaxPaths=3;Alpha0=0.5;Gamma=0.9;Epsilon0=0.1;RewardW1=0.6;RewardW2=0.4;RewardW3=0;RewardW4=0.2;AdaptiveEpsilon=false;AdaptiveAlpha=false;AdaptiveReward=false;Policy=QLearning;UseMacFeedback=true;DelayRef=0.01;HopByHop=true;UseRerrBump=true;
QMAODV,A_N20_pi010|QMAODV_eps0.1,9,20,19,0.1,512,5.0,0.85,1000.0,1000.0,300.0,16.0,0.0,0,0,0,3,200.0,37022,15138,0.408892,17.209516,39.47475,38.949976,14.171482,24563,1160894,14.201372,1.622605,0.0,0.0,0.0,0.0,0.0,0,0,0,0,0,0,0.0,0,2.220513,8.312821,18.128205,23364.794149,0.694182,32,2706,0,1541,19985,MaxPaths=3;Alpha0=0.5;Gamma=0.9;Epsilon0=0.1;RewardW1=0.6;RewardW2=0.4;RewardW3=0;RewardW4=0.2;AdaptiveEpsilon=false;AdaptiveAlpha=false;AdaptiveReward=false;Policy=QLearning;UseMacFeedback=true;DelayRef=0.01;HopByHop=true;UseRerrBump=true;
QMAODV,A_N20_pi010|QMAODV,1,20,19,0.1,512,5.0,0.85,1000.0,1000.0,300.0,16.0,0.0,0,0,0,3,200.0,37022,19839,0.535871,22.553811,57.29581,85.5121,36.847689,37445,1777764,16.594362,1.887444,0.0,0.0,0.0,0.0,0.0,0,0,0,0,0,0,0.0,0,2.44359,8.884615,18.407692,22539.664836,0.758549,1,6323,0,2889,16583,MaxPaths=3;Alpha0=0.5;Gamma=0.9;Epsilon0=0.5;RewardW1=0.6;RewardW2=0.4;RewardW3=0;RewardW4=0.2;AdaptiveEpsilon=false;AdaptiveAlpha=false;AdaptiveReward=false;Policy=QLearning;UseMacFeedback=true;DelayRef=0.01;HopByHop=true;UseRerrBump=true;
QMAODV,A_N20_pi010|QMAODV,10,20,19,0.1,512,5.0,0.85,1000.0,1000.0,300.0,16.0,0.0,0,0,0,3,200.0,37022,15348,0.414564,17.448253,65.837898,187.559977,48.181204,16918,802694,9.685108,1.102293,0.0,0.0,0.0,0.0,0.0,0,0,0,0,0,0,0.0,0,2.266667,8.910256,18.530769,23279.71399,0.34809,29,6889,0,884,21215,MaxPaths=3;Alpha0=0.5;Gamma=0.9;Epsilon0=0.5;RewardW1=0.6;RewardW2=0.4;RewardW3=0;RewardW4=0.2;AdaptiveEpsilon=false;AdaptiveAlpha=false;AdaptiveReward=false;Policy=QLearning;UseMacFeedback=true;DelayRef=0.01;HopByHop=true;UseRerrBump=true;
QMAODV,A_N20_pi010|QMAODV,11,20,19,0.1,512,5.0,0.85,1000.0,1000.0,300.0,16.0,0.0,0,0,0,3,200.0,37022,23783,0.642402,28.5396,37.267937,33.678189,13.657728,19422,911978,7.101073,0.816634,0.0,0.0,0.0,0.0,0.0,0,0,0,0,0,0,0.0,0,2.235897,8.123077,18.446154,24281.639952,0.804819,1,3329,0,1136,12991,MaxPaths=3;Alpha0=0.5;Gamma=0.9;Epsilon0=0.5;RewardW1=0.6;RewardW2=0.4;RewardW3=0;RewardW4=0.2;AdaptiveEpsilon=false;AdaptiveAlpha=false;AdaptiveReward=false;Policy=QLearning;UseMacFeedback=true;DelayRef=0.01;HopByHop=true;UseRerrBump=true;
QMAODV,A_N20_pi010|QMAODV,12,20,19,0.1,512,5.0,0.85,1000.0,1000.0,300.0,16.0,0.0,0,0,0,3,200.0,37022,23125,0.624629,26.289474,17.633689,16.584878,7.181806,9676,456568,3.6562,0.418422,0.0,0.0,0.0,0.0,0.0,0,0,0,0,0,0,0.0,0,2.353846,8.851282,18.789744,24864.637506,0.678164,1,1049,0,316,13396,MaxPaths=3;Alpha0=0.5;Gamma=0.9;Epsilon0=0.5;RewardW1=0.6;RewardW2=0.4;RewardW3=0;RewardW4=0.2;AdaptiveEpsilon=false;AdaptiveAlpha=false;AdaptiveReward=false;Policy=QLearning;UseMacFeedback=true;DelayRef=0.01;HopByHop=true;UseRerrBump=true;
QMAODV,A_N20_pi010|QMAODV,13,20,19,0.1,512,5.0,0.85,1000.0,1000.0,300.0,16.0,0.0,0,0,0,3,200.0,37022,14886,0.402085,16.923032,56.02373,65.78699,29.414729,20550,981252,12.206995,1.380492,0.0,0.0,0.0,0.0,0.0,0,0,0,0,0,0,0.0,0,2.353846,9.04359,18.530769,23376.285305,0.417184,29,3576,0,2998,20590,MaxPaths=3;Alpha0=0.5;Gamma=0.9;Epsilon0=0.5;RewardW1=0.6;RewardW2=0.4;RewardW3=0;RewardW4=0.2;AdaptiveEpsilon=false;AdaptiveAlpha=false;AdaptiveReward=false;Policy=QLearning;UseMacFeedback=true;DelayRef=0.01;HopByHop=true;UseRerrBump=true;
QMAODV,A_N20_pi010|QMAODV,14,20,19,0.1,512,5.0,0.85,1000.0,1000.0,300.0,16.0,0.0,0,0,0,3,200.0,37022,17509,0.472935,19.904968,102.671186,127.167122,54.918998,41403,1946186,20.583975,2.36467,0.0,0.0,0.0,0.0,0.0,0,0,0,0,0,0,0.0,0,2.205128,8.733333,18.602564,24764.712314,0.743477,4,11084,0,2649,19126,MaxPaths=3;Alpha0=0.5;Gamma=0.9;Epsilon0=0.5;RewardW1=0.6;RewardW2=0.4;RewardW3=0;RewardW4=0.2;AdaptiveEpsilon=false;AdaptiveAlpha=false;AdaptiveReward=false;Policy=QLearning;UseMacFeedback=true;DelayRef=0.01;HopByHop=true;UseRerrBump=true;
QMAODV,A_N20_pi010|QMAODV,15,20,19,0.1,512,5.0,0.85,1000.0,1000.0,300.0,16.0,0.0,0,0,0,3,200.0,37022,13716,0.370482,15.592926,38.603404,58.895606,32.763804,20089,946882,12.784231,1.46464,0.0,0.0,0.0,0.0,0.0,0,0,0,0,0,0,0.0,0,1.969231,8.435897,18.364103,24698.448431,0.641943,3,2594,0,994,22180,MaxPaths=3;Alpha0=0.5;Gamma=0.9;Epsilon0=0.5;RewardW1=0.6;RewardW2=0.4;RewardW3=0;RewardW4=0.2;AdaptiveEpsilon=false;AdaptiveAlpha=false;AdaptiveReward=false;Policy=QLearning;UseMacFeedback=true;DelayRef=0.01;HopByHop=true;UseRerrBump=true;
QMAODV,A_N20_pi010|QMAODV,16,20,19,0.1,512,5.0,0.85,1000.0,1000.0,300.0,16.0,0.0,0,0,0,3,200.0,37022,21795,0.588704,24.777474,66.338958,64.856588,28.915378,24019,1120810,9.523166,1.102042,0.0,0.0,0.0,0.0,0.0,0,0,0,0,0,0,0.0,0,1.825641,8.146154,18.448718,24356.530873,0.784885,52,4750,0,1282,14577,MaxPaths=3;Alpha0=0.5;Gamma=0.9;Epsilon0=0.5;RewardW1=0.6;RewardW2=0.4;RewardW3=0;RewardW4=0.2;AdaptiveEpsilon=false;AdaptiveAlpha=false;AdaptiveReward=false;Policy=QLearning;UseMacFeedback=true;DelayRef=0.01;HopByHop=true;UseRerrBump=true;
QMAODV,A_N20_pi010|QMAODV,17,20,19,0.1,512,5.0,0.85,1000.0,1000.0,300.0,16.0,0.0,0,0,0,3,200.0,37022,17141,0.462995,20.5692,14.691824,15.867651,6.959118,7343,348564,3.76576,0.428388,0.0,0.0,0.0,0.0,0.0,0,0,0,0,0,0,0.0,0,2.333333,8.448718,18.497436,22738.691762,0.431149,0,1232,0,489,19170,MaxPaths=3;Alpha0=0.5;Gamma=0.9;Epsilon0=0.5;RewardW1=0.6;RewardW2=0.4;RewardW3=0;RewardW4=0.2;AdaptiveEpsilon=false;AdaptiveAlpha=false;AdaptiveReward=false;Policy=QLearning;UseMacFeedback=true;DelayRef=0.01;HopByHop=true;UseRerrBump=true;
QMAODV,A_N20_pi010|QMAODV,18,20,19,0.1,512,5.0,0.85,1000.0,1000.0,300.0,16.0,0.0,0,0,0,3,200.0,37022,21878,0.590946,24.871832,114.751839,152.548168,54.666345,33143,1556646,13.176149,1.514901,0.0,0.0,0.0,0.0,0.0,0,0,0,0,0,0,0.0,0,1.984615,7.946154,18.264103,21730.452487,1.250635,10,7660,0,1779,14916,MaxPaths=3;Alpha0=0.5;Gamma=0.9;Epsilon0=0.5;RewardW1=0.6;RewardW2=0.4;RewardW3=0;RewardW4=0.2;AdaptiveEpsilon=false;AdaptiveAlpha=false;AdaptiveReward=false;Policy=QLearning;UseMacFeedback=true;DelayRef=0.01;HopByHop=true;UseRerrBump=true;
QMAODV,A_N20_pi010|QMAODV,19,20,19,0.1,512,5.0,0.85,1000.0,1000.0,300.0,16.0,0.0,0,0,0,3,200.0,37022,22322,0.602939,25.376589,151.838248,200.216119,45.90739,25569,1198312,9.941297,1.145462,0.0,0.0,0.0,0.0,0.0,0,0,0,0,0,0,0.0,0,2.046154,7.533333,18.041026,19133.814224,0.930771,2,11677,0,1150,14217,MaxPaths=3;Alpha0=0.5;Gamma=0.9;Epsilon0=0.5;RewardW1=0.6;RewardW2=0.4;RewardW3=0;RewardW4=0.2;AdaptiveEpsilon=false;AdaptiveAlpha=false;AdaptiveReward=false;Policy=QLearning;UseMacFeedback=true;DelayRef=0.01;HopByHop=true;UseRerrBump=true;
QMAODV,A_N20_pi010|QMAODV,2,20,19,0.1,512,5.0,0.85,1000.0,1000.0,300.0,16.0,0.0,0,0,0,3,200.0,37022,9498,0.25655,12.068047,4.872848,7.901524,8.620163,5897,280928,5.477332,0.620868,0.0,0.0,0.0,0.0,0.0,0,0,0,0,0,0,0.0,0,2.851282,8.679487,18.187179,22296.131007,0.210848,0,1795,0,473,26481,MaxPaths=3;Alpha0=0.5;Gamma=0.9;Epsilon0=0.5;RewardW1=0.6;RewardW2=0.4;RewardW3=0;RewardW4=0.2;AdaptiveEpsilon=false;AdaptiveAlpha=false;AdaptiveReward=false;Policy=QLearning;UseMacFeedback=true;DelayRef=0.01;HopByHop=true;UseRerrBump=true;
QMAODV,A_N20_pi010|QMAODV,20,20,19,0.1,512,5.0,0.85,1000.0,1000.0,300.0,16.0,0.0,0,0,0,3,200.0,37022,18956,0.51202,21.549979,70.206005,75.224785,37.158529,26567,1242782,12.141001,1.401509,0.0,0.0,0.0,0.0,0.0,0,0,0,0,0,0,0.0,0,2.328205,8.379487,18.317949,20034.119132,0.796742,1,4509,0,1767,17266,MaxPaths=3;Alpha0=0.5;Gamma=0.9;Epsilon0=0.5;RewardW1=0.6;RewardW2=0.4;RewardW3=0;RewardW4=0.2;AdaptiveEpsilon=false;AdaptiveAlpha=false;AdaptiveReward=false;Policy=QLearning;UseMacFeedback=true;DelayRef=0.01;HopByHop=true;UseRerrBump=true;
QMAODV,A_N20_pi010|QMAODV,3,20,19,0.1,512,5.0,0.85,1000.0,1000.0,300.0,16.0,0.0,0,0,0,3,200.0,37022,15012,0.405489,17.066274,91.277839,106.92153,65.798163,59693,2821294,34.802948,3.976352,0.0,0.0,0.0,0.0,0.0,0,0,0,0,0,0,0.0,0,2.187179,8.523077,17.974359,26622.900406,0.686511,1,14917,0,3115,21335,MaxPaths=3;Alpha0=0.5;Gamma=0.9;Epsilon0=0.5;RewardW1=0.6;RewardW2=0.4;RewardW3=0;RewardW4=0.2;AdaptiveEpsilon=false;AdaptiveAlpha=false;AdaptiveReward=false;Policy=QLearning;UseMacFeedback=true;DelayRef=0.01;HopByHop=true;UseRerrBump=true;
QMAODV,A_N20_pi010|QMAODV,4,20,19,0.1,512,5.0,0.85,1000.0,1000.0,300.0,16.0,0.0,0,0,0,3,200.0,37022,11237,0.303522,12.774695,82.244173,98.008724,62.463077,32749,1545056,25.462444,2.91439,0.0,0.0,0.0,0.0,0.0,0,0,0,0,0,0,0.0,0,2.65641,9.266667,18.551282,21721.695025,0.627978,41,6114,0,2660,24406,MaxPaths=3;Alpha0=0.5;Gamma=0.9;Epsilon0=0.5;RewardW1=0.6;RewardW2=0.4;RewardW3=0;RewardW4=0.2;AdaptiveEpsilon=false;AdaptiveAlpha=false;AdaptiveReward=false;Policy=QLearning;UseMacFeedback=true;DelayRef=0.01;HopByHop=true;UseRerrBump=true;
QMAODV,A_N20_pi010|QMAODV,5,20,19,0.1,512,5.0,0.85,1000.0,1000.0,300.0,16.0,0.0,0,0,0,3,200.0,37022,24212,0.65399,27.525221,71.901652,81.301062,38.740934,30613,1432492,10.956398,1.264373,0.0,0.0,0.0,0.0,0.0,0,0,0,0,0,0,0.0,0,2.448718,9.497436,18.620513,25315.804661,1.112041,0,5699,0,2160,12254,MaxPaths=3;Alpha0=0.5;Gamma=0.9;Epsilon0=0.5;RewardW1=0.6;RewardW2=0.4;RewardW3=0;RewardW4=0.2;AdaptiveEpsilon=false;AdaptiveAlpha=false;AdaptiveReward=false;Policy=QLearning;UseMacFeedback=true;DelayRef=0.01;HopByHop=true;UseRerrBump=true;
QMAODV,A_N20_pi010|QMAODV,6,20,19,0.1,512,5.0,0.85,1000.0,1000.0,300.0,16.0,0.0,0,0,0,3,200.0,37022,20296,0.548215,23.073347,31.2446,54.367311,21.044243,33221,1579674,14.413294,1.636825,0.0,0.0,0.0,0.0,0.0,0,0,0,0,0,0,0.0,0,2.653846,9.589744,18.533333,22227.889823,0.457404,0,5262,0,2402,16154,MaxPaths=3;Alpha0=0.5;Gamma=0.9;Epsilon0=0.5;RewardW1=0.6;RewardW2=0.4;RewardW3=0;RewardW4=0.2;AdaptiveEpsilon=false;AdaptiveAlpha=false;AdaptiveReward=false;Policy=QLearning;UseMacFeedback=true;DelayRef=0.01;HopByHop=true;UseRerrBump=true;
QMAODV,A_N20_pi010|QMAODV,7,20,19,0.1,512,5.0,0.85,1000.0,1000.0,300.0,16.0,0.0,0,0,0,3,200.0,37022,24151,0.652342,27.455874,12.496618,13.889065,9.097526,10648,503304,3.859237,0.440893,0.0,0.0,0.0,0.0,0.0,0,0,0,0,0,0,0.0,0,2.458974,9.976923,18.689744,22459.172633,0.610799,0,1684,0,329,11650,MaxPaths=3;Alpha0=0.5;Gamma=0.9;Epsilon0=0.5;RewardW1=0.6;RewardW2=0.4;RewardW3=0;RewardW4=0.2;AdaptiveEpsilon=false;AdaptiveAlpha=false;AdaptiveReward=false;Policy=QLearning;UseMacFeedback=true;DelayRef=0.01;HopByHop=true;UseRerrBump=true;
QMAODV,A_N20_pi010|QMAODV,8,20,19,0.1,512,5.0,0.85,1000.0,1000.0,300.0,16.0,0.0,0,0,0,3,200.0,37022,9399,0.253876,10.685179,201.541271,257.370079,127.853043,80760,3866166,76.173706,8.592403,0.0,0.0,0.0,0.0,0.0,0,0,0,0,0,0,0.0,0,2.597436,9.133333,18.505128,24158.272528,0.539598,7,14799,0,7777,26917,MaxPaths=3;Alpha0=0.5;Gamma=0.9;Epsilon0=0.5;RewardW1=0.6;RewardW2=0.4;RewardW3=0;RewardW4=0.2;AdaptiveEpsilon=false;AdaptiveAlpha=false;AdaptiveReward=false;Policy=QLearning;UseMacFeedback=true;DelayRef=0.01;HopByHop=true;UseRerrBump=true;
QMAODV,A_N20_pi010|QMAODV,9,20,19,0.1,512,5.0,0.85,1000.0,1000.0,300.0,16.0,0.0,0,0,0,3,200.0,37022,13065,0.352898,14.852842,101.113924,108.612189,38.839608,38181,1804032,25.570608,2.922388,0.0,0.0,0.0,0.0,0.0,0,0,0,0,0,0,0.0,0,2.220513,8.312821,18.128205,23364.794149,0.620145,17,5215,0,3045,22116,MaxPaths=3;Alpha0=0.5;Gamma=0.9;Epsilon0=0.5;RewardW1=0.6;RewardW2=0.4;RewardW3=0;RewardW4=0.2;AdaptiveEpsilon=false;AdaptiveAlpha=false;AdaptiveReward=false;Policy=QLearning;UseMacFeedback=true;DelayRef=0.01;HopByHop=true;UseRerrBump=true;
QMAODV,A_N20_pi010|QMAODV_srconly,1,20,19,0.1,512,5.0,0.85,1000.0,1000.0,300.0,16.0,0.0,0,0,0,3,200.0,37022,22330,0.603155,25.385684,40.439002,77.401082,24.203162,19581,933680,7.743113,0.876892,0.0,0.0,0.0,0.0,0.0,0,0,0,0,0,0,0.0,0,2.44359,8.884615,18.407692,22539.664836,0.960402,0,2461,0,1057,14175,MaxPaths=3;Alpha0=0.5;Gamma=0.9;Epsilon0=0.5;RewardW1=0.6;RewardW2=0.4;RewardW3=0;RewardW4=0.2;AdaptiveEpsilon=false;AdaptiveAlpha=false;AdaptiveReward=false;Policy=QLearning;UseMacFeedback=true;DelayRef=0.01;HopByHop=false;UseRerrBump=true;
QMAODV,A_N20_pi010|QMAODV_srconly,10,20,19,0.1,512,5.0,0.85,1000.0,1000.0,300.0,16.0,0.0,0,0,0,3,200.0,37022,17328,0.468046,19.6992,196.230079,240.660901,76.771879,59411,2814432,30.077973,3.428613,0.0,0.0,0.0,0.0,0.0,0,0,0,0,0,0,0.0,0,2.266667,8.910256,18.530769,23279.71399,0.775566,0,9156,0,3889,19182,MaxPaths=3;Alpha0=0.5;Gamma=0.9;Epsilon0=0.5;RewardW1=0.6;RewardW2=0.4;RewardW3=0;RewardW4=0.2;AdaptiveEpsilon=false;AdaptiveAlpha=false;AdaptiveReward=false;Policy=QLearning;UseMacFeedback=true;DelayRef=0.01;HopByHop=false;UseRerrBump=true;
QMAODV,A_N20_pi010|QMAODV_srconly,11,20,19,0.1,512,5.0,0.85,1000.0,1000.0,300.0,16.0,0.0,0,0,0,3,200.0,37022,19940,0.538599,22.668632,25.136821,47.60807,10.878168,11522,548640,5.095286,0.577834,0.0,0.0,0.0,0.0,0.0,0,0,0,0,0,0,0.0,0,2.235897,8.123077,18.446154,24281.639952,0.538085,20,1078,0,1254,16582,MaxPaths=3;Alpha0=0.5;Gamma=0.9;Epsilon0=0.5;RewardW1=0.6;RewardW2=0.4;RewardW3=0;RewardW4=0.2;AdaptiveEpsilon=false;AdaptiveAlpha=false;AdaptiveReward=false;Policy=QLearning;UseMacFeedback=true;DelayRef=0.01;HopByHop=false;UseRerrBump=true;
QMAODV,A_N20_pi010|QMAODV_srconly,12,20,19,0.1,512,5.0,0.85,1000.0,1000.0,300.0,16.0,0.0,0,0,0,3,200.0,37022,29582,0.799038,33.630063,37.818686,38.721672,16.017919,21502,1016364,6.362503,0.726861,0.0,0.0,0.0,0.0,0.0,0,0,0,0,0,0,0.0,0,2.353846,8.851282,18.789744,24864.637506,1.150856,1,1677,0,1213,7409,MaxPaths=3;Alpha0=0.5;Gamma=0.9;Epsilon0=0.5;RewardW1=0.6;RewardW2=0.4;RewardW3=0;RewardW4=0.2;AdaptiveEpsilon=false;AdaptiveAlpha=false;AdaptiveReward=false;Policy=QLearning;UseMacFeedback=true;DelayRef=0.01;HopByHop=false;UseRerrBump=true;
QMAODV,A_N20_pi010|QMAODV_srconly,13,20,19,0.1,512,5.0,0.85,1000.0,1000.0,300.0,16.0,0.0,0,0,0,3,200.0,37022,22443,0.606207,25.514147,150.81508,159.934875,57.715056,53799,2533542,20.905157,2.397139,0.0,0.0,0.0,0.0,0.0,0,0,0,0,0,0,0.0,0,2.353846,9.04359,18.530769,23376.285305,0.956107,3,8651,0,3089,14017,MaxPaths=3;Alpha0=0.5;Gamma=0.9;Epsilon0=0.5;RewardW1=0.6;RewardW2=0.4;RewardW3=0;RewardW4=0.2;AdaptiveEpsilon=false;AdaptiveAlpha=false;AdaptiveReward=false;Policy=QLearning;UseMacFeedback=true;DelayRef=0.01;HopByHop=false;UseRerrBump=true;
QMAODV,A_N20_pi010|QMAODV_srconly,14,20,19,0.1,512,5.0,0.85,1000.0,1000.0,300.0,16.0,0.0,0,0,0,3,200.0,37022,20960,0.56615,23.828211,72.282193,70.182069,27.74726,33120,1561798,13.798752,1.580153,0.0,0.0,0.0,0.0,0.0,0,0,0,0,0,0,0.0,0,2.205128,8.733333,18.602564,24764.712314,0.773081,311,7003,0,3063,15753,MaxPaths=3;Alpha0=0.5;Gamma=0.9;Epsilon0=0.5;RewardW1=0.6;RewardW2=0.4;RewardW3=0;RewardW4=0.2;AdaptiveEpsilon=false;AdaptiveAlpha=false;AdaptiveReward=false;Policy=QLearning;UseMacFeedback=true;DelayRef=0.01;HopByHop=false;UseRerrBump=true;
QMAODV,A_N20_pi010|QMAODV_srconly,15,20,19,0.1,512,5.0,0.85,1000.0,1000.0,300.0,16.0,0.0,0,0,0,3,200.0,37022,17925,0.484172,20.377895,137.036754,184.14745,74.250512,60499,2877268,29.725378,3.375119,0.0,0.0,0.0,0.0,0.0,0,0,0,0,0,0,0.0,0,1.969231,8.435897,18.364103,24698.448431,1.024661,34,7002,0,4641,18605,MaxPaths=3;Alpha0=0.5;Gamma=0.9;Epsilon0=0.5;RewardW1=0.6;RewardW2=0.4;RewardW3=0;RewardW4=0.2;AdaptiveEpsilon=false;AdaptiveAlpha=false;AdaptiveReward=false;Policy=QLearning;UseMacFeedback=true;DelayRef=0.01;HopByHop=false;UseRerrBump=true;
QMAODV,A_N20_pi010|QMAODV_srconly,16,20,19,0.1,512,5.0,0.85,1000.0,1000.0,300.0,16.0,0.0,0,0,0,3,200.0,37022,25227,0.681406,28.679116,141.544743,147.829473,49.112421,40350,1892062,13.88916,1.599477,0.0,0.0,0.0,0.0,0.0,0,0,0,0,0,0,0.0,0,1.825641,8.146154,18.448718,24356.530873,1.114067,6,5819,0,2217,11773,MaxPaths=3;Alpha0=0.5;Gamma=0.9;Epsilon0=0.5;RewardW1=0.6;RewardW2=0.4;RewardW3=0;RewardW4=0.2;AdaptiveEpsilon=false;AdaptiveAlpha=false;AdaptiveReward=false;Policy=QLearning;UseMacFeedback=true;DelayRef=0.01;HopByHop=false;UseRerrBump=true;
QMAODV,A_N20_pi010|QMAODV_srconly,17,20,19,0.1,512,5.0,0.85,1000.0,1000.0,300.0,16.0,0.0,0,0,0,3,200.0,37022,15943,0.430636,19.1316,38.329818,26.302051,5.961582,5607,267572,3.10797,0.35169,0.0,0.0,0.0,0.0,0.0,0,0,0,0,0,0,0.0,0,2.333333,8.448718,18.497436,22738.691762,0.317244,0,1305,0,102,20141,MaxPaths=3;Alpha0=0.5;Gamma=0.9;Epsilon0=0.5;RewardW1=0.6;RewardW2=0.4;RewardW3=0;RewardW4=0.2;AdaptiveEpsilon=false;AdaptiveAlpha=false;AdaptiveReward=false;Policy=QLearning;UseMacFeedback=true;DelayRef=0.01;HopByHop=false;UseRerrBump=true;
QMAODV,A_N20_pi010|QMAODV_srconly,18,20,19,0.1,512,5.0,0.85,1000.0,1000.0,300.0,16.0,0.0,0,0,0,3,200.0,37022,27253,0.73613,30.982358,73.527498,88.498449,29.324167,22147,1047584,7.118374,0.812644,0.0,0.0,0.0,0.0,0.0,0,0,0,0,0,0,0.0,0,1.984615,7.946154,18.264103,21730.452487,1.162282,3,5038,0,976,9674,MaxPaths=3;Alpha0=0.5;Gamma=0.9;Epsilon0=0.5;RewardW1=0.6;RewardW2=0.4;RewardW3=0;RewardW4=0.2;AdaptiveEpsilon=false;AdaptiveAlpha=false;AdaptiveReward=false;Policy=QLearning;UseMacFeedback=true;DelayRef=0.01;HopByHop=false;UseRerrBump=true;
QMAODV,A_N20_pi010|QMAODV_srconly,19,20,19,0.1,512,5.0,0.85,1000.0,1000.0,300.0,16.0,0.0,0,0,0,3,200.0,37022,24064,0.649992,27.356968,130.288905,191.397172,34.476625,22489,1063084,8.180993,0.93455,0.0,0.0,0.0,0.0,0.0,0,0,0,0,0,0,0.0,0,2.046154,7.533333,18.041026,19133.814224,0.855545,37,11142,0,1080,12632,MaxPaths=3;Alpha0=0.5;Gamma=0.9;Epsilon0=0.5;RewardW1=0.6;RewardW2=0.4;RewardW3=0;RewardW4=0.2;AdaptiveEpsilon=false;AdaptiveAlpha=false;AdaptiveReward=false;Policy=QLearning;UseMacFeedback=true;DelayRef=0.01;HopByHop=false;UseRerrBump=true;
QMAODV,A_N20_pi010|QMAODV_srconly,2,20,19,0.1,512,5.0,0.85,1000.0,1000.0,300.0,16.0,0.0,0,0,0,3,200.0,37022,7885,0.212981,10.64475,5.291766,9.15596,12.467079,5473,262182,6.157542,0.694103,0.0,0.0,0.0,0.0,0.0,0,0,0,0,0,0,0.0,0,2.851282,8.679487,18.187179,22296.131007,0.183485,0,2081,0,65,28275,MaxPaths=3;Alpha0=0.5;Gamma=0.9;Epsilon0=0.5;RewardW1=0.6;RewardW2=0.4;RewardW3=0;RewardW4=0.2;AdaptiveEpsilon=false;AdaptiveAlpha=false;AdaptiveReward=false;Policy=QLearning;UseMacFeedback=true;DelayRef=0.01;HopByHop=false;UseRerrBump=true;
QMAODV,A_N20_pi010|QMAODV_srconly,20,20,19,0.1,512,5.0,0.85,1000.0,1000.0,300.0,16.0,0.0,0,0,0,3,200.0,37022,23110,0.624223,26.272421,150.021992,164.785266,57.004666,64402,3025830,24.246598,2.786759,0.0,0.0,0.0,0.0,0.0,0,0,0,0,0,0,0.0,0,2.328205,8.379487,18.317949,20034.119132,0.97596,13,8695,0,4024,13587,MaxPaths=3;Alpha0=0.5;Gamma=0.9;Epsilon0=0.5;RewardW1=0.6;RewardW2=0.4;RewardW3=0;RewardW4=0.2;AdaptiveEpsilon=false;AdaptiveAlpha=false;AdaptiveReward=false;Policy=QLearning;UseMacFeedback=true;DelayRef=0.01;HopByHop=false;UseRerrBump=true;
QMAODV,A_N20_pi010|QMAODV_srconly,3,20,19,0.1,512,5.0,0.85,1000.0,1000.0,300.0,16.0,0.0,0,0,0,3,200.0,37022,18250,0.49295,20.747368,230.839666,252.878267,66.647461,63142,2993636,30.376824,3.459836,0.0,0.0,0.0,0.0,0.0,0,0,0,0,0,0,0.0,0,2.187179,8.523077,17.974359,26622.900406,0.86924,164,12643,0,3598,18444,MaxPaths=3;Alpha0=0.5;Gamma=0.9;Epsilon0=0.5;RewardW1=0.6;RewardW2=0.4;RewardW3=0;RewardW4=0.2;AdaptiveEpsilon=false;AdaptiveAlpha=false;AdaptiveReward=false;Policy=QLearning;UseMacFeedback=true;DelayRef=0.01;HopByHop=false;UseRerrBump=true;
QMAODV,A_N20_pi010|QMAODV_srconly,4,20,19,0.1,512,5.0,0.85,1000.0,1000.0,300.0,16.0,0.0,0,0,0,3,200.0,37022,13815,0.373157,15.705474,74.058369,152.993128,42.090163,27794,1320712,17.703677,2.011871,0.0,0.0,0.0,0.0,0.0,0,0,0,0,0,0,0.0,0,2.65641,9.266667,18.551282,21721.695025,0.442386,0,4373,0,2121,22316,MaxPaths=3;Alpha0=0.5;Gamma=0.9;Epsilon0=0.5;RewardW1=0.6;RewardW2=0.4;RewardW3=0;RewardW4=0.2;AdaptiveEpsilon=false;AdaptiveAlpha=false;AdaptiveReward=false;Policy=QLearning;UseMacFeedback=true;DelayRef=0.01;HopByHop=false;UseRerrBump=true;
QMAODV,A_N20_pi010|QMAODV_srconly,5,20,19,0.1,512,5.0,0.85,1000.0,1000.0,300.0,16.0,0.0,0,0,0,3,200.0,37022,31089,0.839744,35.343284,81.600244,91.034948,22.58314,18638,876190,5.219126,0.599505,0.0,0.0,0.0,0.0,0.0,0,0,0,0,0,0,0.0,0,2.448718,9.497436,18.620513,25315.804661,1.144833,0,2248,0,1015,5587,MaxPaths=3;Alpha0=0.5;Gamma=0.9;Epsilon0=0.5;RewardW1=0.6;RewardW2=0.4;RewardW3=0;RewardW4=0.2;AdaptiveEpsilon=false;AdaptiveAlpha=false;AdaptiveReward=false;Policy=QLearning;UseMacFeedback=true;DelayRef=0.01;HopByHop=false;UseRerrBump=true;
QMAODV,A_N20_pi010|QMAODV_srconly,6,20,19,0.1,512,5.0,0.85,1000.0,1000.0,300.0,16.0,0.0,0,0,0,3,200.0,37022,21985,0.593836,24.993474,42.474906,128.083749,24.0783,18698,887616,7.476613,0.850489,0.0,0.0,0.0,0.0,0.0,0,0,0,0,0,0,0.0,0,2.653846,9.589744,18.533333,22227.889823,0.586894,0,3451,0,704,14247,MaxPaths=3;Alpha0=0.5;Gamma=0.9;Epsilon0=0.5;RewardW1=0.6;RewardW2=0.4;RewardW3=0;RewardW4=0.2;AdaptiveEpsilon=false;AdaptiveAlpha=false;AdaptiveReward=false;Policy=QLearning;UseMacFeedback=true;DelayRef=0.01;HopByHop=false;UseRerrBump=true;
QMAODV,A_N20_pi010|QMAODV_srconly,7,20,19,0.1,512,5.0,0.85,1000.0,1000.0,300.0,16.0,0.0,0,0,0,3,200.0,37022,23019,0.621765,26.168968,34.76759,56.407425,16.811089,11242,530388,4.26691,0.488379,0.0,0.0,0.0,0.0,0.0,0,0,0,0,0,0,0.0,0,2.458974,9.976923,18.689744,22459.172633,0.543839,2,1655,0,382,12766,MaxPaths=3;Alpha0=0.5;Gamma=0.9;Epsilon0=0.5;RewardW1=0.6;RewardW2=0.4;RewardW3=0;RewardW4=0.2;AdaptiveEpsilon=false;AdaptiveAlpha=false;AdaptiveReward=false;Policy=QLearning;UseMacFeedback=true;DelayRef=0.01;HopByHop=false;UseRerrBump=true;
QMAODV,A_N20_pi010|QMAODV_srconly,8,20,19,0.1,512,5.0,0.85,1000.0,1000.0,300.0,16.0,0.0,0,0,0,3,200.0,37022,14391,0.388715,16.360295,192.017147,209.499492,81.405275,85078,4055600,52.187967,5.911889,0.0,0.0,0.0,0.0,0.0,0,0,0,0,0,0,0.0,0,2.597436,9.133333,18.505128,24158.272528,0.749392,2,15550,0,6695,22495,MaxPaths=3;Alpha0=0.5;Gamma=0.9;Epsilon0=0.5;RewardW1=0.6;RewardW2=0.4;RewardW3=0;RewardW4=0.2;AdaptiveEpsilon=false;AdaptiveAlpha=false;AdaptiveReward=false;Policy=QLearning;UseMacFeedback=true;DelayRef=0.01;HopByHop=false;UseRerrBump=true;
QMAODV,A_N20_pi010|QMAODV_srconly,9,20,19,0.1,512,5.0,0.85,1000.0,1000.0,300.0,16.0,0.0,0,0,0,3,200.0,37022,16104,0.434985,18.307705,81.434888,81.39756,25.040693,29440,1399144,16.089216,1.828117,0.0,0.0,0.0,0.0,0.0,0,0,0,0,0,0,0.0,0,2.220513,8.312821,18.128205,23364.794149,0.744881,0,3338,0,2524,19112,MaxPaths=3;Alpha0=0.5;Gamma=0.9;Epsilon0=0.5;RewardW1=0.6;RewardW2=0.4;RewardW3=0;RewardW4=0.2;AdaptiveEpsilon=false;AdaptiveAlpha=false;AdaptiveReward=false;Policy=QLearning;UseMacFeedback=true;DelayRef=0.01;HopByHop=false;UseRerrBump=true;
QSQMAODV,A_N20_pi010|QSQ_FULL,1,20,19,0.1,512,5.0,0.85,1000.0,1000.0,300.0,16.0,0.0,0,0,0,3,200.0,37022,22208,0.59986,25.246989,27.761736,44.192526,27.348778,27633,1318122,10.991384,1.244281,0.072119,0.215881,1.0,0.024399,0.130697,102675,1558,0,14133,4,0,0.0,0,2.44359,8.884615,18.407692,22539.664836,0.990303,2,4117,0,1841,14272,MaxPaths=3;Alpha0=0.5;Gamma=0.9;Epsilon0=0.5;RewardW1=0.6;RewardW2=0.4;RewardW3=0;RewardW4=0.2;AdaptiveEpsilon=false;AdaptiveAlpha=false;AdaptiveReward=false;Policy=QLearning;UseMacFeedback=true;DelayRef=0.01;HopByHop=true;UseRerrBump=true;QueueHighThreshold=0.7;QueueLowThreshold=0.3;QueueRewardWeight=0.1;AdaptiveQueueWeight=true;QueueWeightMax=0.4;QueueWeightKappa=0.2;FailurePenalty=0.5;QueueAwareSelect=true;QueueDrivenExploration=false;QueueSelectBeta=0.5;AckSilenceDecay=true;AckSilenceThreshold=+1.5e+10ns;DecayFactor=0.92;DecayMinTx=3;DecayInterval=+1e+10ns;TrendEpsilon=true;TrendInterval=+1e+09ns;TrendDelta=0.05;TrendWindow=3;TrendBump=0.1;TrendCap=0.5;QueueRefPackets=20;
QSQMAODV,A_N20_pi010|QSQ_FULL,10,20,19,0.1,512,5.0,0.85,1000.0,1000.0,300.0,16.0,0.0,0,0,0,3,200.0,37022,14126,0.381557,16.059032,51.338304,50.990999,35.436881,25495,1196708,15.688276,1.804828,0.100743,0.249636,1.0,0.069832,0.167483,101638,1393,0,6313,5,0,0.0,0,2.266667,8.910256,18.530769,23279.71399,0.425855,41,4364,0,1796,21796,MaxPaths=3;Alpha0=0.5;Gamma=0.9;Epsilon0=0.5;RewardW1=0.6;RewardW2=0.4;RewardW3=0;RewardW4=0.2;AdaptiveEpsilon=false;AdaptiveAlpha=false;AdaptiveReward=false;Policy=QLearning;UseMacFeedback=true;DelayRef=0.01;HopByHop=true;UseRerrBump=true;QueueHighThreshold=0.7;QueueLowThreshold=0.3;QueueRewardWeight=0.1;AdaptiveQueueWeight=true;QueueWeightMax=0.4;QueueWeightKappa=0.2;FailurePenalty=0.5;QueueAwareSelect=true;QueueDrivenExploration=false;QueueSelectBeta=0.5;AckSilenceDecay=true;AckSilenceThreshold=+1.5e+10ns;DecayFactor=0.92;DecayMinTx=3;DecayInterval=+1e+10ns;TrendEpsilon=true;TrendInterval=+1e+09ns;TrendDelta=0.05;TrendWindow=3;TrendBump=0.1;TrendCap=0.5;QueueRefPackets=20;
QSQMAODV,A_N20_pi010|QSQ_FULL,11,20,19,0.1,512,5.0,0.85,1000.0,1000.0,300.0,16.0,0.0,0,0,0,3,200.0,37022,23672,0.639404,28.4064,37.99171,37.462547,17.012499,23490,1101682,8.618418,0.992312,0.060498,0.187535,1.0,0.023725,0.118841,91829,1138,0,10045,0,0,0.0,0,2.235897,8.123077,18.446154,24281.639952,0.876479,1,3665,0,1447,13167,MaxPaths=3;Alpha0=0.5;Gamma=0.9;Epsilon0=0.5;RewardW1=0.6;RewardW2=0.4;RewardW3=0;RewardW4=0.2;AdaptiveEpsilon=false;AdaptiveAlpha=false;AdaptiveReward=false;Policy=QLearning;UseMacFeedback=true;DelayRef=0.01;HopByHop=true;UseRerrBump=true;QueueHighThreshold=0.7;QueueLowThreshold=0.3;QueueRewardWeight=0.1;AdaptiveQueueWeight=true;QueueWeightMax=0.4;QueueWeightKappa=0.2;FailurePenalty=0.5;QueueAwareSelect=true;QueueDrivenExploration=false;QueueSelectBeta=0.5;AckSilenceDecay=true;AckSilenceThreshold=+1.5e+10ns;DecayFactor=0.92;DecayMinTx=3;DecayInterval=+1e+10ns;TrendEpsilon=true;TrendInterval=+1e+09ns;TrendDelta=0.05;TrendWindow=3;TrendBump=0.1;TrendCap=0.5;QueueRefPackets=20;
QSQMAODV,A_N20_pi010|QSQ_FULL,12,20,19,0.1,512,5.0,0.85,1000.0,1000.0,300.0,16.0,0.0,0,0,0,3,200.0,37022,22353,0.603776,25.411832,33.664648,35.445189,23.086494,32802,1557960,12.907042,1.467454,0.071015,0.218448,1.0,0.017741,0.129569,113310,2152,0,5816,5,0,0.0,0,2.353846,8.851282,18.789744,24864.637506,0.983037,0,4075,0,2613,14629,MaxPaths=3;Alpha0=0.5;Gamma=0.9;Epsilon0=0.5;RewardW1=0.6;RewardW2=0.4;RewardW3=0;RewardW4=0.2;AdaptiveEpsilon=false;AdaptiveAlpha=false;AdaptiveReward=false;Policy=QLearning;UseMacFeedback=true;DelayRef=0.01;HopByHop=true;UseRerrBump=true;QueueHighThreshold=0.7;QueueLowThreshold=0.3;QueueRewardWeight=0.1;AdaptiveQueueWeight=true;QueueWeightMax=0.4;QueueWeightKappa=0.2;FailurePenalty=0.5;QueueAwareSelect=true;QueueDrivenExploration=false;QueueSelectBeta=0.5;AckSilenceDecay=true;AckSilenceThreshold=+1.5e+10ns;DecayFactor=0.92;DecayMinTx=3;DecayInterval=+1e+10ns;TrendEpsilon=true;TrendInterval=+1e+09ns;TrendDelta=0.05;TrendWindow=3;TrendBump=0.1;TrendCap=0.5;QueueRefPackets=20;
QSQMAODV,A_N20_pi010|QSQ_FULL,13,20,19,0.1,512,5.0,0.85,1000.0,1000.0,300.0,16.0,0.0,0,0,0,3,200.0,37022,12816,0.346173,14.569768,177.279732,208.542796,80.533133,38838,1824196,26.358776,3.030431,0.078068,0.279961,1.0,0.027098,0.14608,105432,2796,0,7505,0,0,0.0,0,2.353846,9.04359,18.530769,23376.285305,0.568257,4,9201,0,3344,23330,MaxPaths=3;Alpha0=0.5;Gamma=0.9;Epsilon0=0.5;RewardW1=0.6;RewardW2=0.4;RewardW3=0;RewardW4=0.2;AdaptiveEpsilon=false;AdaptiveAlpha=false;AdaptiveReward=false;Policy=QLearning;UseMacFeedback=true;DelayRef=0.01;HopByHop=true;UseRerrBump=true;QueueHighThreshold=0.7;QueueLowThreshold=0.3;QueueRewardWeight=0.1;AdaptiveQueueWeight=true;QueueWeightMax=0.4;QueueWeightKappa=0.2;FailurePenalty=0.5;QueueAwareSelect=true;QueueDrivenExploration=false;QueueSelectBeta=0.5;AckSilenceDecay=true;AckSilenceThreshold=+1.5e+10ns;DecayFactor=0.92;DecayMinTx=3;DecayInterval=+1e+10ns;TrendEpsilon=true;TrendInterval=+1e+09ns;TrendDelta=0.05;TrendWindow=3;TrendBump=0.1;TrendCap=0.5;QueueRefPackets=20;
QSQMAODV,A_N20_pi010|QSQ_FULL,14,20,19,0.1,512,5.0,0.85,1000.0,1000.0,300.0,16.0,0.0,0,0,0,3,200.0,37022,18547,0.500972,21.085011,65.24911,72.029059,40.958523,35787,1683654,16.810685,1.92953,0.104612,0.304366,1.0,0.069966,0.222373,109112,2069,0,6919,4,0,0.0,0,2.205128,8.733333,18.602564,24764.712314,0.759845,185,8714,0,2662,17860,MaxPaths=3;Alpha0=0.5;Gamma=0.9;Epsilon0=0.5;RewardW1=0.6;RewardW2=0.4;RewardW3=0;RewardW4=0.2;AdaptiveEpsilon=false;AdaptiveAlpha=false;AdaptiveReward=false;Policy=QLearning;UseMacFeedback=true;DelayRef=0.01;HopByHop=true;UseRerrBump=true;QueueHighThreshold=0.7;QueueLowThreshold=0.3;QueueRewardWeight=0.1;AdaptiveQueueWeight=true;QueueWeightMax=0.4;QueueWeightKappa=0.2;FailurePenalty=0.5;QueueAwareSelect=true;QueueDrivenExploration=false;QueueSelectBeta=0.5;AckSilenceDecay=true;AckSilenceThreshold=+1.5e+10ns;DecayFactor=0.92;DecayMinTx=3;DecayInterval=+1e+10ns;TrendEpsilon=true;TrendInterval=+1e+09ns;TrendDelta=0.05;TrendWindow=3;TrendBump=0.1;TrendCap=0.5;QueueRefPackets=20;
QSQMAODV,A_N20_pi010|QSQ_FULL,15,20,19,0.1,512,5.0,0.85,1000.0,1000.0,300.0,16.0,0.0,0,0,0,3,200.0,37022,11548,0.311923,13.128253,194.4275,234.701719,116.680553,80427,3825818,61.3513,6.964583,0.134321,0.407861,1.0,0.03531,0.239279,146202,4889,0,16394,5,0,0.0,0,1.969231,8.435897,18.364103,24698.448431,0.805683,7,13077,0,6466,24319,MaxPaths=3;Alpha0=0.5;Gamma=0.9;Epsilon0=0.5;RewardW1=0.6;RewardW2=0.4;RewardW3=0;RewardW4=0.2;AdaptiveEpsilon=false;AdaptiveAlpha=false;AdaptiveReward=false;Policy=QLearning;UseMacFeedback=true;DelayRef=0.01;HopByHop=true;UseRerrBump=true;QueueHighThreshold=0.7;QueueLowThreshold=0.3;QueueRewardWeight=0.1;AdaptiveQueueWeight=true;QueueWeightMax=0.4;QueueWeightKappa=0.2;FailurePenalty=0.5;QueueAwareSelect=true;QueueDrivenExploration=false;QueueSelectBeta=0.5;AckSilenceDecay=true;AckSilenceThreshold=+1.5e+10ns;DecayFactor=0.92;DecayMinTx=3;DecayInterval=+1e+10ns;TrendEpsilon=true;TrendInterval=+1e+09ns;TrendDelta=0.05;TrendWindow=3;TrendBump=0.1;TrendCap=0.5;QueueRefPackets=20;
QSQMAODV,A_N20_pi010|QSQ_FULL,16,20,19,0.1,512,5.0,0.85,1000.0,1000.0,300.0,16.0,0.0,0,0,0,3,200.0,37022,19947,0.538788,22.676589,85.36821,95.245115,45.522245,33475,1561822,14.499739,1.678197,0.054424,0.231599,1.0,0.022636,0.132482,105613,1819,0,9059,3,0,0.0,0,1.825641,8.146154,18.448718,24356.530873,0.896764,4,6433,0,2217,16698,MaxPaths=3;Alpha0=0.5;Gamma=0.9;Epsilon0=0.5;RewardW1=0.6;RewardW2=0.4;RewardW3=0;RewardW4=0.2;AdaptiveEpsilon=false;AdaptiveAlpha=false;AdaptiveReward=false;Policy=QLearning;UseMacFeedback=true;DelayRef=0.01;HopByHop=true;UseRerrBump=true;QueueHighThreshold=0.7;QueueLowThreshold=0.3;QueueRewardWeight=0.1;AdaptiveQueueWeight=true;QueueWeightMax=0.4;QueueWeightKappa=0.2;FailurePenalty=0.5;QueueAwareSelect=true;QueueDrivenExploration=false;QueueSelectBeta=0.5;AckSilenceDecay=true;AckSilenceThreshold=+1.5e+10ns;DecayFactor=0.92;DecayMinTx=3;DecayInterval=+1e+10ns;TrendEpsilon=true;TrendInterval=+1e+09ns;TrendDelta=0.05;TrendWindow=3;TrendBump=0.1;TrendCap=0.5;QueueRefPackets=20;
QSQMAODV,A_N20_pi010|QSQ_FULL,17,20,19,0.1,512,5.0,0.85,1000.0,1000.0,300.0,16.0,0.0,0,0,0,3,200.0,37022,15837,0.427773,19.0044,65.100943,49.281559,11.629299,8162,387000,4.525268,0.515375,0.005268,0.043243,1.0,0.002653,0.022513,55943,178,0,3804,0,0,0.0,0,2.333333,8.448718,18.497436,22738.691762,0.400276,0,1929,0,185,20597,MaxPaths=3;Alpha0=0.5;Gamma=0.9;Epsilon0=0.5;RewardW1=0.6;RewardW2=0.4;RewardW3=0;RewardW4=0.2;AdaptiveEpsilon=false;AdaptiveAlpha=false;AdaptiveReward=false;Policy=QLearning;UseMacFeedback=true;DelayRef=0.01;HopByHop=true;UseRerrBump=true;QueueHighThreshold=0.7;QueueLowThreshold=0.3;QueueRewardWeight=0.1;AdaptiveQueueWeight=true;QueueWeightMax=0.4;QueueWeightKappa=0.2;FailurePenalty=0.5;QueueAwareSelect=true;QueueDrivenExploration=false;QueueSelectBeta=0.5;AckSilenceDecay=true;AckSilenceThreshold=+1.5e+10ns;DecayFactor=0.92;DecayMinTx=3;DecayInterval=+1e+10ns;TrendEpsilon=true;TrendInterval=+1e+09ns;TrendDelta=0.05;TrendWindow=3;TrendBump=0.1;TrendCap=0.5;QueueRefPackets=20;
QSQMAODV,A_N20_pi010|QSQ_FULL,18,20,19,0.1,512,5.0,0.85,1000.0,1000.0,300.0,16.0,0.0,0,0,0,3,200.0,37022,24481,0.661255,27.831032,60.759046,71.978471,30.29793,23533,1101426,8.331677,0.961276,0.033332,0.160107,1.0,0.014011,0.093086,103273,811,0,7395,0,0,0.0,0,1.984615,7.946154,18.264103,21730.452487,1.140808,1,5383,0,950,12067,MaxPaths=3;Alpha0=0.5;Gamma=0.9;Epsilon0=0.5;RewardW1=0.6;RewardW2=0.4;RewardW3=0;RewardW4=0.2;AdaptiveEpsilon=false;AdaptiveAlpha=false;AdaptiveReward=false;Policy=QLearning;UseMacFeedback=true;DelayRef=0.01;HopByHop=true;UseRerrBump=true;QueueHighThreshold=0.7;QueueLowThreshold=0.3;QueueRewardWeight=0.1;AdaptiveQueueWeight=true;QueueWeightMax=0.4;QueueWeightKappa=0.2;FailurePenalty=0.5;QueueAwareSelect=true;QueueDrivenExploration=false;QueueSelectBeta=0.5;AckSilenceDecay=true;AckSilenceThreshold=+1.5e+10ns;DecayFactor=0.92;DecayMinTx=3;DecayInterval=+1e+10ns;TrendEpsilon=true;TrendInterval=+1e+09ns;TrendDelta=0.05;TrendWindow=3;TrendBump=0.1;TrendCap=0.5;QueueRefPackets=20;
QSQMAODV,A_N20_pi010|QSQ_FULL,19,20,19,0.1,512,5.0,0.85,1000.0,1000.0,300.0,16.0,0.0,0,0,0,3,200.0,37022,15671,0.423289,18.8052,27.243015,64.96259,11.484484,6126,292658,3.458358,0.390913,0.003156,0.026643,1.0,0.002184,0.01753,47610,85,0,1994,0,0,0.0,0,2.046154,7.533333,18.041026,19133.814224,0.210199,0,3296,0,87,20020,MaxPaths=3;Alpha0=0.5;Gamma=0.9;Epsilon0=0.5;RewardW1=0.6;RewardW2=0.4;RewardW3=0;RewardW4=0.2;AdaptiveEpsilon=false;AdaptiveAlpha=false;AdaptiveReward=false;Policy=QLearning;UseMacFeedback=true;DelayRef=0.01;HopByHop=true;UseRerrBump=true;QueueHighThreshold=0.7;QueueLowThreshold=0.3;QueueRewardWeight=0.1;AdaptiveQueueWeight=true;QueueWeightMax=0.4;QueueWeightKappa=0.2;FailurePenalty=0.5;QueueAwareSelect=true;QueueDrivenExploration=false;QueueSelectBeta=0.5;AckSilenceDecay=true;AckSilenceThreshold=+1.5e+10ns;DecayFactor=0.92;DecayMinTx=3;DecayInterval=+1e+10ns;TrendEpsilon=true;TrendInterval=+1e+09ns;TrendDelta=0.05;TrendWindow=3;TrendBump=0.1;TrendCap=0.5;QueueRefPackets=20;
QSQMAODV,A_N20_pi010|QSQ_FULL,2,20,19,0.1,512,5.0,0.85,1000.0,1000.0,300.0,16.0,0.0,0,0,0,3,200.0,37022,7847,0.211955,9.970306,3.556285,6.536724,6.502483,5467,261424,6.169473,0.696699,0.001202,0.019213,0.35,0.000743,0.012822,47292,69,0,1248,0,0,0.0,0,2.851282,8.679487,18.187179,22296.131007,0.184107,0,2089,0,71,28258,MaxPaths=3;Alpha0=0.5;Gamma=0.9;Epsilon0=0.5;RewardW1=0.6;RewardW2=0.4;RewardW3=0;RewardW4=0.2;AdaptiveEpsilon=false;AdaptiveAlpha=false;AdaptiveReward=false;Policy=QLearning;UseMacFeedback=true;DelayRef=0.01;HopByHop=true;UseRerrBump=true;QueueHighThreshold=0.7;QueueLowThreshold=0.3;QueueRewardWeight=0.1;AdaptiveQueueWeight=true;QueueWeightMax=0.4;QueueWeightKappa=0.2;FailurePenalty=0.5;QueueAwareSelect=true;QueueDrivenExploration=false;QueueSelectBeta=0.5;AckSilenceDecay=true;AckSilenceThreshold=+1.5e+10ns;DecayFactor=0.92;DecayMinTx=3;DecayInterval=+1e+10ns;TrendEpsilon=true;TrendInterval=+1e+09ns;TrendDelta=0.05;TrendWindow=3;TrendBump=0.1;TrendCap=0.5;QueueRefPackets=20;
QSQMAODV,A_N20_pi010|QSQ_FULL,20,20,19,0.1,512,5.0,0.85,1000.0,1000.0,300.0,16.0,0.0,0,0,0,3,200.0,37022,17712,0.478418,20.135747,115.459825,135.128446,65.376443,54117,2529448,26.446268,3.055386,0.128095,0.361216,1.0,0.057763,0.234249,134147,2716,0,11597,4,0,0.0,0,2.328205,8.379487,18.317949,20034.119132,0.831533,31,9777,0,3664,18714,MaxPaths=3;Alpha0=0.5;Gamma=0.9;Epsilon0=0.5;RewardW1=0.6;RewardW2=0.4;RewardW3=0;RewardW4=0.2;AdaptiveEpsilon=false;AdaptiveAlpha=false;AdaptiveReward=false;Policy=QLearning;UseMacFeedback=true;DelayRef=0.01;HopByHop=true;UseRerrBump=true;QueueHighThreshold=0.7;QueueLowThreshold=0.3;QueueRewardWeight=0.1;AdaptiveQueueWeight=true;QueueWeightMax=0.4;QueueWeightKappa=0.2;FailurePenalty=0.5;QueueAwareSelect=true;QueueDrivenExploration=false;QueueSelectBeta=0.5;AckSilenceDecay=true;AckSilenceThreshold=+1.5e+10ns;DecayFactor=0.92;DecayMinTx=3;DecayInterval=+1e+10ns;TrendEpsilon=true;TrendInterval=+1e+09ns;TrendDelta=0.05;TrendWindow=3;TrendBump=0.1;TrendCap=0.5;QueueRefPackets=20;
QSQMAODV,A_N20_pi010|QSQ_FULL,3,20,19,0.1,512,5.0,0.85,1000.0,1000.0,300.0,16.0,0.0,0,0,0,3,200.0,37022,14598,0.394306,16.595621,29.350482,38.423412,17.435262,27285,1286588,16.321211,1.869092,0.08518,0.220529,1.0,0.059757,0.163097,95107,903,0,9048,3,0,0.0,0,2.187179,8.523077,17.974359,26622.900406,0.561909,63,7552,0,1080,21747,MaxPaths=3;Alpha0=0.5;Gamma=0.9;Epsilon0=0.5;RewardW1=0.6;RewardW2=0.4;RewardW3=0;RewardW4=0.2;AdaptiveEpsilon=false;AdaptiveAlpha=false;AdaptiveReward=false;Policy=QLearning;UseMacFeedback=true;DelayRef=0.01;HopByHop=true;UseRerrBump=true;QueueHighThreshold=0.7;QueueLowThreshold=0.3;QueueRewardWeight=0.1;AdaptiveQueueWeight=true;QueueWeightMax=0.4;QueueWeightKappa=0.2;FailurePenalty=0.5;QueueAwareSelect=true;QueueDrivenExploration=false;QueueSelectBeta=0.5;AckSilenceDecay=true;AckSilenceThreshold=+1.5e+10ns;DecayFactor=0.92;DecayMinTx=3;DecayInterval=+1e+10ns;TrendEpsilon=true;TrendInterval=+1e+09ns;TrendDelta=0.05;TrendWindow=3;TrendBump=0.1;TrendCap=0.5;QueueRefPackets=20;
QSQMAODV,A_N20_pi010|QSQ_FULL,4,20,19,0.1,512,5.0,0.85,1000.0,1000.0,300.0,16.0,0.0,0,0,0,3,200.0,37022,18217,0.492059,21.8604,17.152173,16.47178,6.822476,7746,368728,3.74831,0.425207,0.005729,0.047955,1.0,0.002687,0.028807,65945,204,0,3491,0,0,0.0,0,2.65641,9.266667,18.551282,21721.695025,0.559721,0,2382,0,229,17641,MaxPaths=3;Alpha0=0.5;Gamma=0.9;Epsilon0=0.5;RewardW1=0.6;RewardW2=0.4;RewardW3=0;RewardW4=0.2;AdaptiveEpsilon=false;AdaptiveAlpha=false;AdaptiveReward=false;Policy=QLearning;UseMacFeedback=true;DelayRef=0.01;HopByHop=true;UseRerrBump=true;QueueHighThreshold=0.7;QueueLowThreshold=0.3;QueueRewardWeight=0.1;AdaptiveQueueWeight=true;QueueWeightMax=0.4;QueueWeightKappa=0.2;FailurePenalty=0.5;QueueAwareSelect=true;QueueDrivenExploration=false;QueueSelectBeta=0.5;AckSilenceDecay=true;AckSilenceThreshold=+1.5e+10ns;DecayFactor=0.92;DecayMinTx=3;DecayInterval=+1e+10ns;TrendEpsilon=true;TrendInterval=+1e+09ns;TrendDelta=0.05;TrendWindow=3;TrendBump=0.1;TrendCap=0.5;QueueRefPackets=20;
QSQMAODV,A_N20_pi010|QSQ_FULL,5,20,19,0.1,512,5.0,0.85,1000.0,1000.0,300.0,16.0,0.0,0,0,0,3,200.0,37022,18354,0.495759,20.8656,139.246565,172.675358,77.987985,54575,2569834,25.92869,2.973466,0.114925,0.361049,1.0,0.024737,0.191549,131417,4159,0,12786,8,0,0.0,0,2.448718,9.497436,18.620513,25315.804661,0.972611,1,8568,0,5217,18124,MaxPaths=3;Alpha0=0.5;Gamma=0.9;Epsilon0=0.5;RewardW1=0.6;RewardW2=0.4;RewardW3=0;RewardW4=0.2;AdaptiveEpsilon=false;AdaptiveAlpha=false;AdaptiveReward=false;Policy=QLearning;UseMacFeedback=true;DelayRef=0.01;HopByHop=true;UseRerrBump=true;QueueHighThreshold=0.7;QueueLowThreshold=0.3;QueueRewardWeight=0.1;AdaptiveQueueWeight=true;QueueWeightMax=0.4;QueueWeightKappa=0.2;FailurePenalty=0.5;QueueAwareSelect=true;QueueDrivenExploration=false;QueueSelectBeta=0.5;AckSilenceDecay=true;AckSilenceThreshold=+1.5e+10ns;DecayFactor=0.92;DecayMinTx=3;DecayInterval=+1e+10ns;TrendEpsilon=true;TrendInterval=+1e+09ns;TrendDelta=0.05;TrendWindow=3;TrendBump=0.1;TrendCap=0.5;QueueRefPackets=20;
QSQMAODV,A_N20_pi010|QSQ_FULL,6,20,19,0.1,512,5.0,0.85,1000.0,1000.0,300.0,16.0,0.0,0,0,0,3,200.0,37022,24887,0.672222,28.292589,18.848374,22.697881,10.156491,17278,821628,6.113768,0.694258,0.037168,0.147224,1.0,0.013526,0.086538,77737,645,0,6575,0,0,0.0,0,2.653846,9.589744,18.533333,22227.889823,0.761385,0,3255,0,759,11803,MaxPaths=3;Alpha0=0.5;Gamma=0.9;Epsilon0=0.5;RewardW1=0.6;RewardW2=0.4;RewardW3=0;RewardW4=0.2;AdaptiveEpsilon=false;AdaptiveAlpha=false;AdaptiveReward=false;Policy=QLearning;UseMacFeedback=true;DelayRef=0.01;HopByHop=true;UseRerrBump=true;QueueHighThreshold=0.7;QueueLowThreshold=0.3;QueueRewardWeight=0.1;AdaptiveQueueWeight=true;QueueWeightMax=0.4;QueueWeightKappa=0.2;FailurePenalty=0.5;QueueAwareSelect=true;QueueDrivenExploration=false;QueueSelectBeta=0.5;AckSilenceDecay=true;AckSilenceThreshold=+1.5e+10ns;DecayFactor=0.92;DecayMinTx=3;DecayInterval=+1e+10ns;TrendEpsilon=true;TrendInterval=+1e+09ns;TrendDelta=0.05;TrendWindow=3;TrendBump=0.1;TrendCap=0.5;QueueRefPackets=20;
QSQMAODV,A_N20_pi010|QSQ_FULL,7,20,19,0.1,512,5.0,0.85,1000.0,1000.0,300.0,16.0,0.0,0,0,0,3,200.0,37022,21937,0.59254,24.938905,40.956454,47.496972,21.727564,14511,681020,5.748954,0.661485,0.024856,0.129176,1.0,0.006789,0.065467,84837,659,0,7002,2,0,0.0,0,2.458974,9.976923,18.689744,22459.172633,0.680028,1,2432,0,786,13854,MaxPaths=3;Alpha0=0.5;Gamma=0.9;Epsilon0=0.5;RewardW1=0.6;RewardW2=0.4;RewardW3=0;RewardW4=0.2;AdaptiveEpsilon=false;AdaptiveAlpha=false;AdaptiveReward=false;Policy=QLearning;UseMacFeedback=true;DelayRef=0.01;HopByHop=true;UseRerrBump=true;QueueHighThreshold=0.7;QueueLowThreshold=0.3;QueueRewardWeight=0.1;AdaptiveQueueWeight=true;QueueWeightMax=0.4;QueueWeightKappa=0.2;FailurePenalty=0.5;QueueAwareSelect=true;QueueDrivenExploration=false;QueueSelectBeta=0.5;AckSilenceDecay=true;AckSilenceThreshold=+1.5e+10ns;DecayFactor=0.92;DecayMinTx=3;DecayInterval=+1e+10ns;TrendEpsilon=true;TrendInterval=+1e+09ns;TrendDelta=0.05;TrendWindow=3;TrendBump=0.1;TrendCap=0.5;QueueRefPackets=20;
QSQMAODV,A_N20_pi010|QSQ_FULL,8,20,19,0.1,512,5.0,0.85,1000.0,1000.0,300.0,16.0,0.0,0,0,0,3,200.0,37022,11785,0.318324,13.397684,121.790141,126.986116,59.560494,40788,1952970,30.688257,3.46101,0.085717,0.267219,1.0,0.024121,0.156897,95847,2212,0,15500,4,0,0.0,0,2.597436,9.133333,18.505128,24158.272528,0.581924,0,11198,0,2843,25020,MaxPaths=3;Alpha0=0.5;Gamma=0.9;Epsilon0=0.5;RewardW1=0.6;RewardW2=0.4;RewardW3=0;RewardW4=0.2;AdaptiveEpsilon=false;AdaptiveAlpha=false;AdaptiveReward=false;Policy=QLearning;UseMacFeedback=true;DelayRef=0.01;HopByHop=true;UseRerrBump=true;QueueHighThreshold=0.7;QueueLowThreshold=0.3;QueueRewardWeight=0.1;AdaptiveQueueWeight=true;QueueWeightMax=0.4;QueueWeightKappa=0.2;FailurePenalty=0.5;QueueAwareSelect=true;QueueDrivenExploration=false;QueueSelectBeta=0.5;AckSilenceDecay=true;AckSilenceThreshold=+1.5e+10ns;DecayFactor=0.92;DecayMinTx=3;DecayInterval=+1e+10ns;TrendEpsilon=true;TrendInterval=+1e+09ns;TrendDelta=0.05;TrendWindow=3;TrendBump=0.1;TrendCap=0.5;QueueRefPackets=20;
QSQMAODV,A_N20_pi010|QSQ_FULL,9,20,19,0.1,512,5.0,0.85,1000.0,1000.0,300.0,16.0,0.0,0,0,0,3,200.0,37022,18162,0.490573,20.647326,104.896404,105.257154,41.099989,43352,2047210,20.873966,2.386962,0.079166,0.249088,1.0,0.025771,0.152352,124502,1968,0,7200,2,0,0.0,0,2.220513,8.312821,18.128205,23364.794149,1.075955,1,6423,0,2789,18056,MaxPaths=3;Alpha0=0.5;Gamma=0.9;Epsilon0=0.5;RewardW1=0.6;RewardW2=0.4;RewardW3=0;RewardW4=0.2;AdaptiveEpsilon=false;AdaptiveAlpha=false;AdaptiveReward=false;Policy=QLearning;UseMacFeedback=true;DelayRef=0.01;HopByHop=true;UseRerrBump=true;QueueHighThreshold=0.7;QueueLowThreshold=0.3;QueueRewardWeight=0.1;AdaptiveQueueWeight=true;QueueWeightMax=0.4;QueueWeightKappa=0.2;FailurePenalty=0.5;QueueAwareSelect=true;QueueDrivenExploration=false;QueueSelectBeta=0.5;AckSilenceDecay=true;AckSilenceThreshold=+1.5e+10ns;DecayFactor=0.92;DecayMinTx=3;DecayInterval=+1e+10ns;TrendEpsilon=true;TrendInterval=+1e+09ns;TrendDelta=0.05;TrendWindow=3;TrendBump=0.1;TrendCap=0.5;QueueRefPackets=20;
QSQMAODV,A_N20_pi010|QSQ_QDE,1,20,19,0.1,512,5.0,0.85,1000.0,1000.0,300.0,16.0,0.0,0,0,0,3,200.0,37022,21237,0.573632,24.143116,72.447215,87.778442,30.689655,32164,1524230,13.291181,1.514527,0.074762,0.226188,1.0,0.028509,0.148272,108768,1579,0,12568,1,0,0.0,0,2.44359,8.884615,18.407692,22539.664836,0.937632,28,5873,0,1910,15166,MaxPaths=3;Alpha0=0.5;Gamma=0.9;Epsilon0=0.5;RewardW1=0.6;RewardW2=0.4;RewardW3=0;RewardW4=0.2;AdaptiveEpsilon=false;AdaptiveAlpha=false;AdaptiveReward=false;Policy=QLearning;UseMacFeedback=true;DelayRef=0.01;HopByHop=true;UseRerrBump=true;QueueHighThreshold=0.7;QueueLowThreshold=0.3;QueueRewardWeight=0.1;AdaptiveQueueWeight=true;QueueWeightMax=0.4;QueueWeightKappa=0.2;FailurePenalty=0.5;QueueAwareSelect=true;QueueDrivenExploration=true;QueueSelectBeta=0.5;AckSilenceDecay=true;AckSilenceThreshold=+1.5e+10ns;DecayFactor=0.92;DecayMinTx=3;DecayInterval=+1e+10ns;TrendEpsilon=true;TrendInterval=+1e+09ns;TrendDelta=0.05;TrendWindow=3;TrendBump=0.1;TrendCap=0.5;QueueRefPackets=20;
QSQMAODV,A_N20_pi010|QSQ_QDE,10,20,19,0.1,512,5.0,0.85,1000.0,1000.0,300.0,16.0,0.0,0,0,0,3,200.0,37022,15390,0.415699,17.496,22.799482,27.977231,17.134082,13135,621986,7.484249,0.853476,0.019297,0.102555,1.0,0.010676,0.067368,79207,505,0,5026,0,0,0.0,0,2.266667,8.910256,18.530769,23279.71399,0.438388,65,1107,0,607,20536,MaxPaths=3;Alpha0=0.5;Gamma=0.9;Epsilon0=0.5;RewardW1=0.6;RewardW2=0.4;RewardW3=0;RewardW4=0.2;AdaptiveEpsilon=false;AdaptiveAlpha=false;AdaptiveReward=false;Policy=QLearning;UseMacFeedback=true;DelayRef=0.01;HopByHop=true;UseRerrBump=true;QueueHighThreshold=0.7;QueueLowThreshold=0.3;QueueRewardWeight=0.1;AdaptiveQueueWeight=true;QueueWeightMax=0.4;QueueWeightKappa=0.2;FailurePenalty=0.5;QueueAwareSelect=true;QueueDrivenExploration=true;QueueSelectBeta=0.5;AckSilenceDecay=true;AckSilenceThreshold=+1.5e+10ns;DecayFactor=0.92;DecayMinTx=3;DecayInterval=+1e+10ns;TrendEpsilon=true;TrendInterval=+1e+09ns;TrendDelta=0.05;TrendWindow=3;TrendBump=0.1;TrendCap=0.5;QueueRefPackets=20;
QSQMAODV,A_N20_pi010|QSQ_QDE,11,20,19,0.1,512,5.0,0.85,1000.0,1000.0,300.0,16.0,0.0,0,0,0,3,200.0,37022,17532,0.473556,19.931116,130.024593,145.521794,44.390598,25877,1212112,12.80317,1.475987,0.046633,0.196491,1.0,0.019064,0.118678,106470,1079,0,8479,0,0,0.0,0,2.235897,8.123077,18.446154,24281.639952,0.838501,117,6604,0,1337,18790,MaxPaths=3;Alpha0=0.5;Gamma=0.9;Epsilon0=0.5;RewardW1=0.6;RewardW2=0.4;RewardW3=0;RewardW4=0.2;AdaptiveEpsilon=false;AdaptiveAlpha=false;AdaptiveReward=false;Policy=QLearning;UseMacFeedback=true;DelayRef=0.01;HopByHop=true;UseRerrBump=true;QueueHighThreshold=0.7;QueueLowThreshold=0.3;QueueRewardWeight=0.1;AdaptiveQueueWeight=true;QueueWeightMax=0.4;QueueWeightKappa=0.2;FailurePenalty=0.5;QueueAwareSelect=true;QueueDrivenExploration=true;QueueSelectBeta=0.5;AckSilenceDecay=true;AckSilenceThreshold=+1.5e+10ns;DecayFactor=0.92;DecayMinTx=3;DecayInterval=+1e+10ns;TrendEpsilon=true;TrendInterval=+1e+09ns;TrendDelta=0.05;TrendWindow=3;TrendBump=0.1;TrendCap=0.5;QueueRefPackets=20;
QSQMAODV,A_N20_pi010|QSQ_QDE,12,20,19,0.1,512,5.0,0.85,1000.0,1000.0,300.0,16.0,0.0,0,0,0,3,200.0,37022,22436,0.606018,25.506189,80.50267,103.710865,49.561083,36259,1705068,14.073513,1.616108,0.061842,0.239719,1.0,0.021047,0.144051,116461,1849,0,10869,1,0,0.0,0,2.353846,8.851282,18.789744,24864.637506,1.01021,30,5284,0,2168,13801,MaxPaths=3;Alpha0=0.5;Gamma=0.9;Epsilon0=0.5;RewardW1=0.6;RewardW2=0.4;RewardW3=0;RewardW4=0.2;AdaptiveEpsilon=false;AdaptiveAlpha=false;AdaptiveReward=false;Policy=QLearning;UseMacFeedback=true;DelayRef=0.01;HopByHop=true;UseRerrBump=true;QueueHighThreshold=0.7;QueueLowThreshold=0.3;QueueRewardWeight=0.1;AdaptiveQueueWeight=true;QueueWeightMax=0.4;QueueWeightKappa=0.2;FailurePenalty=0.5;QueueAwareSelect=true;QueueDrivenExploration=true;QueueSelectBeta=0.5;AckSilenceDecay=true;AckSilenceThreshold=+1.5e+10ns;DecayFactor=0.92;DecayMinTx=3;DecayInterval=+1e+10ns;TrendEpsilon=true;TrendInterval=+1e+09ns;TrendDelta=0.05;TrendWindow=3;TrendBump=0.1;TrendCap=0.5;QueueRefPackets=20;
QSQMAODV,A_N20_pi010|QSQ_QDE,13,20,19,0.1,512,5.0,0.85,1000.0,1000.0,300.0,16.0,0.0,0,0,0,3,200.0,37022,14803,0.399843,16.828674,105.95162,109.486851,49.140213,36974,1731880,21.665778,2.497737,0.073783,0.279559,1.0,0.028954,0.166328,131718,2737,0,7784,0,0,0.0,0,2.353846,9.04359,18.530769,23376.285305,0.737859,160,8239,0,3272,21140,MaxPaths=3;Alpha0=0.5;Gamma=0.9;Epsilon0=0.5;RewardW1=0.6;RewardW2=0.4;RewardW3=0;RewardW4=0.2;AdaptiveEpsilon=false;AdaptiveAlpha=false;AdaptiveReward=false;Policy=QLearning;UseMacFeedback=true;DelayRef=0.01;HopByHop=true;UseRerrBump=true;QueueHighThreshold=0.7;QueueLowThreshold=0.3;QueueRewardWeight=0.1;AdaptiveQueueWeight=true;QueueWeightMax=0.4;QueueWeightKappa=0.2;FailurePenalty=0.5;QueueAwareSelect=true;QueueDrivenExploration=true;QueueSelectBeta=0.5;AckSilenceDecay=true;AckSilenceThreshold=+1.5e+10ns;DecayFactor=0.92;DecayMinTx=3;DecayInterval=+1e+10ns;TrendEpsilon=true;TrendInterval=+1e+09ns;TrendDelta=0.05;TrendWindow=3;TrendBump=0.1;TrendCap=0.5;QueueRefPackets=20;
QSQMAODV,A_N20_pi010|QSQ_QDE,14,20,19,0.1,512,5.0,0.85,1000.0,1000.0,300.0,16.0,0.0,0,0,0,3,200.0,37022,17811,0.481092,20.248295,120.724366,149.587697,49.745455,40235,1904934,19.80605,2.258997,0.09467,0.299225,1.0,0.041203,0.20228,103497,2361,0,6887,2,0,0.0,0,2.205128,8.733333,18.602564,24764.712314,0.713792,74,9711,0,2859,18940,MaxPaths=3;Alpha0=0.5;Gamma=0.9;Epsilon0=0.5;RewardW1=0.6;RewardW2=0.4;RewardW3=0;RewardW4=0.2;AdaptiveEpsilon=false;AdaptiveAlpha=false;AdaptiveReward=false;Policy=QLearning;UseMacFeedback=true;DelayRef=0.01;HopByHop=true;UseRerrBump=true;QueueHighThreshold=0.7;QueueLowThreshold=0.3;QueueRewardWeight=0.1;AdaptiveQueueWeight=true;QueueWeightMax=0.4;QueueWeightKappa=0.2;FailurePenalty=0.5;QueueAwareSelect=true;QueueDrivenExploration=true;QueueSelectBeta=0.5;AckSilenceDecay=true;AckSilenceThreshold=+1.5e+10ns;DecayFactor=0.92;DecayMinTx=3;DecayInterval=+1e+10ns;TrendEpsilon=true;TrendInterval=+1e+09ns;TrendDelta=0.05;TrendWindow=3;TrendBump=0.1;TrendCap=0.5;QueueRefPackets=20;
QSQMAODV,A_N20_pi010|QSQ_QDE,15,20,19,0.1,512,5.0,0.85,1000.0,1000.0,300.0,16.0,0.0,0,0,0,3,200.0,37022,11614,0.313705,13.203284,263.046129,344.351244,117.253037,68341,3234706,51.577375,5.884364,0.116775,0.358728,1.0,0.042872,0.228434,152985,4067,0,14157,3,0,0.0,0,1.969231,8.435897,18.364103,24698.448431,0.798687,127,12204,0,5503,24262,MaxPaths=3;Alpha0=0.5;Gamma=0.9;Epsilon0=0.5;RewardW1=0.6;RewardW2=0.4;RewardW3=0;RewardW4=0.2;AdaptiveEpsilon=false;AdaptiveAlpha=false;AdaptiveReward=false;Policy=QLearning;UseMacFeedback=true;DelayRef=0.01;HopByHop=true;UseRerrBump=true;QueueHighThreshold=0.7;QueueLowThreshold=0.3;QueueRewardWeight=0.1;AdaptiveQueueWeight=true;QueueWeightMax=0.4;QueueWeightKappa=0.2;FailurePenalty=0.5;QueueAwareSelect=true;QueueDrivenExploration=true;QueueSelectBeta=0.5;AckSilenceDecay=true;AckSilenceThreshold=+1.5e+10ns;DecayFactor=0.92;DecayMinTx=3;DecayInterval=+1e+10ns;TrendEpsilon=true;TrendInterval=+1e+09ns;TrendDelta=0.05;TrendWindow=3;TrendBump=0.1;TrendCap=0.5;QueueRefPackets=20;
QSQMAODV,A_N20_pi010|QSQ_QDE,16,20,19,0.1,512,5.0,0.85,1000.0,1000.0,300.0,16.0,0.0,0,0,0,3,200.0,37022,19563,0.528416,22.240042,155.659637,175.963785,54.832271,36226,1683156,15.932912,1.851761,0.065722,0.244537,1.0,0.03029,0.152947,119256,1988,0,8540,0,0,0.0,0,1.825641,8.146154,18.448718,24356.530873,1.021582,127,7505,0,2725,16982,MaxPaths=3;Alpha0=0.5;Gamma=0.9;Epsilon0=0.5;RewardW1=0.6;RewardW2=0.4;RewardW3=0;RewardW4=0.2;AdaptiveEpsilon=false;AdaptiveAlpha=false;AdaptiveReward=false;Policy=QLearning;UseMacFeedback=true;DelayRef=0.01;HopByHop=true;UseRerrBump=true;QueueHighThreshold=0.7;QueueLowThreshold=0.3;QueueRewardWeight=0.1;AdaptiveQueueWeight=true;QueueWeightMax=0.4;QueueWeightKappa=0.2;FailurePenalty=0.5;QueueAwareSelect=true;QueueDrivenExploration=true;QueueSelectBeta=0.5;AckSilenceDecay=true;AckSilenceThreshold=+1.5e+10ns;DecayFactor=0.92;DecayMinTx=3;DecayInterval=+1e+10ns;TrendEpsilon=true;TrendInterval=+1e+09ns;TrendDelta=0.05;TrendWindow=3;TrendBump=0.1;TrendCap=0.5;QueueRefPackets=20;
QSQMAODV,A_N20_pi010|QSQ_QDE,17,20,19,0.1,512,5.0,0.85,1000.0,1000.0,300.0,16.0,0.0,0,0,0,3,200.0,37022,18587,0.502053,22.3044,31.437473,25.655369,6.156342,6316,301080,2.999707,0.339807,0.003957,0.036838,1.0,0.003089,0.028333,58052,132,0,1795,0,0,0.0,0,2.333333,8.448718,18.497436,22738.691762,0.457026,12,1754,0,139,17902,MaxPaths=3;Alpha0=0.5;Gamma=0.9;Epsilon0=0.5;RewardW1=0.6;RewardW2=0.4;RewardW3=0;RewardW4=0.2;AdaptiveEpsilon=false;AdaptiveAlpha=false;AdaptiveReward=false;Policy=QLearning;UseMacFeedback=true;DelayRef=0.01;HopByHop=true;UseRerrBump=true;QueueHighThreshold=0.7;QueueLowThreshold=0.3;QueueRewardWeight=0.1;AdaptiveQueueWeight=true;QueueWeightMax=0.4;QueueWeightKappa=0.2;FailurePenalty=0.5;QueueAwareSelect=true;QueueDrivenExploration=true;QueueSelectBeta=0.5;AckSilenceDecay=true;AckSilenceThreshold=+1.5e+10ns;DecayFactor=0.92;DecayMinTx=3;DecayInterval=+1e+10ns;TrendEpsilon=true;TrendInterval=+1e+09ns;TrendDelta=0.05;TrendWindow=3;TrendBump=0.1;TrendCap=0.5;QueueRefPackets=20;
QSQMAODV,A_N20_pi010|QSQ_QDE,18,20,19,0.1,512,5.0,0.85,1000.0,1000.0,300.0,16.0,0.0,0,0,0,3,200.0,37022,25046,0.676517,28.473347,40.322404,46.866491,21.41677,23900,1123464,8.306671,0.954244,0.051461,0.201277,1.0,0.033598,0.13797,120079,1378,0,6690,0,0,0.0,0,1.984615,7.946154,18.264103,21730.452487,1.296445,87,5353,0,1522,11680,MaxPaths=3;Alpha0=0.5;Gamma=0.9;Epsilon0=0.5;RewardW1=0.6;RewardW2=0.4;RewardW3=0;RewardW4=0.2;AdaptiveEpsilon=false;AdaptiveAlpha=false;AdaptiveReward=false;Policy=QLearning;UseMacFeedback=true;DelayRef=0.01;HopByHop=true;UseRerrBump=true;QueueHighThreshold=0.7;QueueLowThreshold=0.3;QueueRewardWeight=0.1;AdaptiveQueueWeight=true;QueueWeightMax=0.4;QueueWeightKappa=0.2;FailurePenalty=0.5;QueueAwareSelect=true;QueueDrivenExploration=true;QueueSelectBeta=0.5;AckSilenceDecay=true;AckSilenceThreshold=+1.5e+10ns;DecayFactor=0.92;DecayMinTx=3;DecayInterval=+1e+10ns;TrendEpsilon=true;TrendInterval=+1e+09ns;TrendDelta=0.05;TrendWindow=3;TrendBump=0.1;TrendCap=0.5;QueueRefPackets=20;
QSQMAODV,A_N20_pi010|QSQ_QDE,19,20,19,0.1,512,5.0,0.85,1000.0,1000.0,300.0,16.0,0.0,0,0,0,3,200.0,37022,24002,0.648317,27.286484,65.212848,94.711903,32.28592,19498,922006,7.113651,0.812349,0.049197,0.18964,1.0,0.024722,0.132949,76170,662,0,4804,0,0,0.0,0,2.046154,7.533333,18.041026,19133.814224,0.934606,5,10698,0,930,12748,MaxPaths=3;Alpha0=0.5;Gamma=0.9;Epsilon0=0.5;RewardW1=0.6;RewardW2=0.4;RewardW3=0;RewardW4=0.2;AdaptiveEpsilon=false;AdaptiveAlpha=false;AdaptiveReward=false;Policy=QLearning;UseMacFeedback=true;DelayRef=0.01;HopByHop=true;UseRerrBump=true;QueueHighThreshold=0.7;QueueLowThreshold=0.3;QueueRewardWeight=0.1;AdaptiveQueueWeight=true;QueueWeightMax=0.4;QueueWeightKappa=0.2;FailurePenalty=0.5;QueueAwareSelect=true;QueueDrivenExploration=true;QueueSelectBeta=0.5;AckSilenceDecay=true;AckSilenceThreshold=+1.5e+10ns;DecayFactor=0.92;DecayMinTx=3;DecayInterval=+1e+10ns;TrendEpsilon=true;TrendInterval=+1e+09ns;TrendDelta=0.05;TrendWindow=3;TrendBump=0.1;TrendCap=0.5;QueueRefPackets=20;
QSQMAODV,A_N20_pi010|QSQ_QDE,2,20,19,0.1,512,5.0,0.85,1000.0,1000.0,300.0,16.0,0.0,0,0,0,3,200.0,37022,9632,0.26017,13.87008,18.232375,15.458078,5.670551,5645,269642,5.184147,0.586067,0.002362,0.023249,1.0,0.001854,0.016547,43460,61,0,1251,0,0,0.0,0,2.851282,8.679487,18.187179,22296.131007,0.243018,0,2089,0,63,26520,MaxPaths=3;Alpha0=0.5;Gamma=0.9;Epsilon0=0.5;RewardW1=0.6;RewardW2=0.4;RewardW3=0;RewardW4=0.2;AdaptiveEpsilon=false;AdaptiveAlpha=false;AdaptiveReward=false;Policy=QLearning;UseMacFeedback=true;DelayRef=0.01;HopByHop=true;UseRerrBump=true;QueueHighThreshold=0.7;QueueLowThreshold=0.3;QueueRewardWeight=0.1;AdaptiveQueueWeight=true;QueueWeightMax=0.4;QueueWeightKappa=0.2;FailurePenalty=0.5;QueueAwareSelect=true;QueueDrivenExploration=true;QueueSelectBeta=0.5;AckSilenceDecay=true;AckSilenceThreshold=+1.5e+10ns;DecayFactor=0.92;DecayMinTx=3;DecayInterval=+1e+10ns;TrendEpsilon=true;TrendInterval=+1e+09ns;TrendDelta=0.05;TrendWindow=3;TrendBump=0.1;TrendCap=0.5;QueueRefPackets=20;
QSQMAODV,A_N20_pi010|QSQ_QDE,20,20,19,0.1,512,5.0,0.85,1000.0,1000.0,300.0,16.0,0.0,0,0,0,3,200.0,37022,16392,0.442764,18.635116,150.805639,176.975082,70.891935,56568,2648362,29.919315,3.450952,0.108137,0.357219,1.0,0.037612,0.222317,139895,2991,0,12242,1,0,0.0,0,2.328205,8.379487,18.317949,20034.119132,0.771028,81,11211,0,3862,19624,MaxPaths=3;Alpha0=0.5;Gamma=0.9;Epsilon0=0.5;RewardW1=0.6;RewardW2=0.4;RewardW3=0;RewardW4=0.2;AdaptiveEpsilon=false;AdaptiveAlpha=false;AdaptiveReward=false;Policy=QLearning;UseMacFeedback=true;DelayRef=0.01;HopByHop=true;UseRerrBump=true;QueueHighThreshold=0.7;QueueLowThreshold=0.3;QueueRewardWeight=0.1;AdaptiveQueueWeight=true;QueueWeightMax=0.4;QueueWeightKappa=0.2;FailurePenalty=0.5;QueueAwareSelect=true;QueueDrivenExploration=true;QueueSelectBeta=0.5;AckSilenceDecay=true;AckSilenceThreshold=+1.5e+10ns;DecayFactor=0.92;DecayMinTx=3;DecayInterval=+1e+10ns;TrendEpsilon=true;TrendInterval=+1e+09ns;TrendDelta=0.05;TrendWindow=3;TrendBump=0.1;TrendCap=0.5;QueueRefPackets=20;
QSQMAODV,A_N20_pi010|QSQ_QDE,3,20,19,0.1,512,5.0,0.85,1000.0,1000.0,300.0,16.0,0.0,0,0,0,3,200.0,37022,16143,0.436038,18.352042,63.57564,76.242824,45.433506,45404,2155816,24.730545,2.812612,0.088459,0.288139,1.0,0.035846,0.181928,103902,1633,0,8498,1,0,0.0,0,2.187179,8.523077,17.974359,26622.900406,0.752769,32,12620,0,2095,20097,MaxPaths=3;Alpha0=0.5;Gamma=0.9;Epsilon0=0.5;RewardW1=0.6;RewardW2=0.4;RewardW3=0;RewardW4=0.2;AdaptiveEpsilon=false;AdaptiveAlpha=false;AdaptiveReward=false;Policy=QLearning;UseMacFeedback=true;DelayRef=0.01;HopByHop=true;UseRerrBump=true;QueueHighThreshold=0.7;QueueLowThreshold=0.3;QueueRewardWeight=0.1;AdaptiveQueueWeight=true;QueueWeightMax=0.4;QueueWeightKappa=0.2;FailurePenalty=0.5;QueueAwareSelect=true;QueueDrivenExploration=true;QueueSelectBeta=0.5;AckSilenceDecay=true;AckSilenceThreshold=+1.5e+10ns;DecayFactor=0.92;DecayMinTx=3;DecayInterval=+1e+10ns;TrendEpsilon=true;TrendInterval=+1e+09ns;TrendDelta=0.05;TrendWindow=3;TrendBump=0.1;TrendCap=0.5;QueueRefPackets=20;
QSQMAODV,A_N20_pi010|QSQ_QDE,4,20,19,0.1,512,5.0,0.85,1000.0,1000.0,300.0,16.0,0.0,0,0,0,3,200.0,37022,14623,0.394981,16.624042,38.921,123.72469,61.282069,16472,779532,9.871967,1.126445,0.038194,0.142421,1.0,0.013225,0.091716,76987,867,0,6814,0,0,0.0,0,2.65641,9.266667,18.551282,21721.695025,0.444087,61,4141,0,1098,21197,MaxPaths=3;Alpha0=0.5;Gamma=0.9;Epsilon0=0.5;RewardW1=0.6;RewardW2=0.4;RewardW3=0;RewardW4=0.2;AdaptiveEpsilon=false;AdaptiveAlpha=false;AdaptiveReward=false;Policy=QLearning;UseMacFeedback=true;DelayRef=0.01;HopByHop=true;UseRerrBump=true;QueueHighThreshold=0.7;QueueLowThreshold=0.3;QueueRewardWeight=0.1;AdaptiveQueueWeight=true;QueueWeightMax=0.4;QueueWeightKappa=0.2;FailurePenalty=0.5;QueueAwareSelect=true;QueueDrivenExploration=true;QueueSelectBeta=0.5;AckSilenceDecay=true;AckSilenceThreshold=+1.5e+10ns;DecayFactor=0.92;DecayMinTx=3;DecayInterval=+1e+10ns;TrendEpsilon=true;TrendInterval=+1e+09ns;TrendDelta=0.05;TrendWindow=3;TrendBump=0.1;TrendCap=0.5;QueueRefPackets=20;
QSQMAODV,A_N20_pi010|QSQ_QDE,5,20,19,0.1,512,5.0,0.85,1000.0,1000.0,300.0,16.0,0.0,0,0,0,3,200.0,37022,27938,0.754632,31.761095,46.442852,49.295377,15.343818,15388,724812,4.804368,0.550791,0.02236,0.127376,1.0,0.009205,0.075301,91041,739,0,4728,0,0,0.0,0,2.448718,9.497436,18.620513,25315.804661,1.011939,15,1972,0,863,8633,MaxPaths=3;Alpha0=0.5;Gamma=0.9;Epsilon0=0.5;RewardW1=0.6;RewardW2=0.4;RewardW3=0;RewardW4=0.2;AdaptiveEpsilon=false;AdaptiveAlpha=false;AdaptiveReward=false;Policy=QLearning;UseMacFeedback=true;DelayRef=0.01;HopByHop=true;UseRerrBump=true;QueueHighThreshold=0.7;QueueLowThreshold=0.3;QueueRewardWeight=0.1;AdaptiveQueueWeight=true;QueueWeightMax=0.4;QueueWeightKappa=0.2;FailurePenalty=0.5;QueueAwareSelect=true;QueueDrivenExploration=true;QueueSelectBeta=0.5;AckSilenceDecay=true;AckSilenceThreshold=+1.5e+10ns;DecayFactor=0.92;DecayMinTx=3;DecayInterval=+1e+10ns;TrendEpsilon=true;TrendInterval=+1e+09ns;TrendDelta=0.05;TrendWindow=3;TrendBump=0.1;TrendCap=0.5;QueueRefPackets=20;
QSQMAODV,A_N20_pi010|QSQ_QDE,6,20,19,0.1,512,5.0,0.85,1000.0,1000.0,300.0,16.0,0.0,0,0,0,3,200.0,37022,19748,0.533413,22.450358,10.623019,72.250394,11.967037,8211,390370,3.660661,0.415789,0.012006,0.06065,1.0,0.004921,0.038753,56114,171,0,3677,0,0,0.0,0,2.653846,9.589744,18.533333,22227.889823,0.455378,1,2439,0,185,16047,MaxPaths=3;Alpha0=0.5;Gamma=0.9;Epsilon0=0.5;RewardW1=0.6;RewardW2=0.4;RewardW3=0;RewardW4=0.2;AdaptiveEpsilon=false;AdaptiveAlpha=false;AdaptiveReward=false;Policy=QLearning;UseMacFeedback=true;DelayRef=0.01;HopByHop=true;UseRerrBump=true;QueueHighThreshold=0.7;QueueLowThreshold=0.3;QueueRewardWeight=0.1;AdaptiveQueueWeight=true;QueueWeightMax=0.4;QueueWeightKappa=0.2;FailurePenalty=0.5;QueueAwareSelect=true;QueueDrivenExploration=true;QueueSelectBeta=0.5;AckSilenceDecay=true;AckSilenceThreshold=+1.5e+10ns;DecayFactor=0.92;DecayMinTx=3;DecayInterval=+1e+10ns;TrendEpsilon=true;TrendInterval=+1e+09ns;TrendDelta=0.05;TrendWindow=3;TrendBump=0.1;TrendCap=0.5;QueueRefPackets=20;
QSQMAODV,A_N20_pi010|QSQ_QDE,7,20,19,0.1,512,5.0,0.85,1000.0,1000.0,300.0,16.0,0.0,0,0,0,3,200.0,37022,23045,0.622468,26.198526,115.154352,141.460474,41.332033,24034,1125574,9.044896,1.042916,0.070914,0.228212,1.0,0.027894,0.147701,99274,1449,0,7849,0,0,0.0,0,2.458974,9.976923,18.689744,22459.172633,0.850521,31,4545,0,1894,12944,MaxPaths=3;Alpha0=0.5;Gamma=0.9;Epsilon0=0.5;RewardW1=0.6;RewardW2=0.4;RewardW3=0;RewardW4=0.2;AdaptiveEpsilon=false;AdaptiveAlpha=false;AdaptiveReward=false;Policy=QLearning;UseMacFeedback=true;DelayRef=0.01;HopByHop=true;UseRerrBump=true;QueueHighThreshold=0.7;QueueLowThreshold=0.3;QueueRewardWeight=0.1;AdaptiveQueueWeight=true;QueueWeightMax=0.4;QueueWeightKappa=0.2;FailurePenalty=0.5;QueueAwareSelect=true;QueueDrivenExploration=true;QueueSelectBeta=0.5;AckSilenceDecay=true;AckSilenceThreshold=+1.5e+10ns;DecayFactor=0.92;DecayMinTx=3;DecayInterval=+1e+10ns;TrendEpsilon=true;TrendInterval=+1e+09ns;TrendDelta=0.05;TrendWindow=3;TrendBump=0.1;TrendCap=0.5;QueueRefPackets=20;
QSQMAODV,A_N20_pi010|QSQ_QDE,8,20,19,0.1,512,5.0,0.85,1000.0,1000.0,300.0,16.0,0.0,0,0,0,3,200.0,37022,8348,0.225488,9.490358,30.853539,75.058391,40.842321,13115,625692,13.879838,1.571035,0.046235,0.120169,1.0,0.015106,0.083278,66852,924,0,8447,1,0,0.0,0,2.597436,9.133333,18.505128,24158.272528,0.200691,40,1091,0,1077,27475,MaxPaths=3;Alpha0=0.5;Gamma=0.9;Epsilon0=0.5;RewardW1=0.6;RewardW2=0.4;RewardW3=0;RewardW4=0.2;AdaptiveEpsilon=false;AdaptiveAlpha=false;AdaptiveReward=false;Policy=QLearning;UseMacFeedback=true;DelayRef=0.01;HopByHop=true;UseRerrBump=true;QueueHighThreshold=0.7;QueueLowThreshold=0.3;QueueRewardWeight=0.1;AdaptiveQueueWeight=true;QueueWeightMax=0.4;QueueWeightKappa=0.2;FailurePenalty=0.5;QueueAwareSelect=true;QueueDrivenExploration=true;QueueSelectBeta=0.5;AckSilenceDecay=true;AckSilenceThreshold=+1.5e+10ns;DecayFactor=0.92;DecayMinTx=3;DecayInterval=+1e+10ns;TrendEpsilon=true;TrendInterval=+1e+09ns;TrendDelta=0.05;TrendWindow=3;TrendBump=0.1;TrendCap=0.5;QueueRefPackets=20;
QSQMAODV,A_N20_pi010|QSQ_QDE,9,20,19,0.1,512,5.0,0.85,1000.0,1000.0,300.0,16.0,0.0,0,0,0,3,200.0,37022,18557,0.501243,21.096379,83.326386,93.286437,27.041763,30206,1433350,14.303777,1.627742,0.063577,0.196166,1.0,0.025656,0.13207,96919,1516,0,4805,1,0,0.0,0,2.220513,8.312821,18.128205,23364.794149,0.898844,10,4661,0,2613,17923,MaxPaths=3;Alpha0=0.5;Gamma=0.9;Epsilon0=0.5;RewardW1=0.6;RewardW2=0.4;RewardW3=0;RewardW4=0.2;AdaptiveEpsilon=false;AdaptiveAlpha=false;AdaptiveReward=false;Policy=QLearning;UseMacFeedback=true;DelayRef=0.01;HopByHop=true;UseRerrBump=true;QueueHighThreshold=0.7;QueueLowThreshold=0.3;QueueRewardWeight=0.1;AdaptiveQueueWeight=true;QueueWeightMax=0.4;QueueWeightKappa=0.2;FailurePenalty=0.5;QueueAwareSelect=true;QueueDrivenExploration=true;QueueSelectBeta=0.5;AckSilenceDecay=true;AckSilenceThreshold=+1.5e+10ns;DecayFactor=0.92;DecayMinTx=3;DecayInterval=+1e+10ns;TrendEpsilon=true;TrendInterval=+1e+09ns;TrendDelta=0.05;TrendWindow=3;TrendBump=0.1;TrendCap=0.5;QueueRefPackets=20;
QSQMAODV,A_N20_pi010|QSQ_QDEonly,1,20,19,0.1,512,5.0,0.85,1000.0,1000.0,300.0,16.0,0.0,0,0,0,3,200.0,37022,22566,0.609529,25.653979,43.944683,62.622074,18.369865,27608,1307158,10.727036,1.223433,0.068554,0.202671,1.0,0.033003,0.148651,100114,1235,0,0,0,0,0.0,0,2.44359,8.884615,18.407692,22539.664836,0.942548,40,4790,0,1587,13827,MaxPaths=3;Alpha0=0.5;Gamma=0.9;Epsilon0=0.5;RewardW1=0.6;RewardW2=0.4;RewardW3=0;RewardW4=0.2;AdaptiveEpsilon=false;AdaptiveAlpha=false;AdaptiveReward=false;Policy=QLearning;UseMacFeedback=true;DelayRef=0.01;HopByHop=true;UseRerrBump=true;QueueHighThreshold=0.7;QueueLowThreshold=0.3;QueueRewardWeight=0;AdaptiveQueueWeight=true;QueueWeightMax=0.4;QueueWeightKappa=0.2;FailurePenalty=0;QueueAwareSelect=false;QueueDrivenExploration=true;QueueSelectBeta=0.5;AckSilenceDecay=false;AckSilenceThreshold=+1.5e+10ns;DecayFactor=0.92;DecayMinTx=3;DecayInterval=+1e+10ns;TrendEpsilon=false;TrendInterval=+1e+09ns;TrendDelta=0.05;TrendWindow=3;TrendBump=0.1;TrendCap=0.5;QueueRefPackets=20;
QSQMAODV,A_N20_pi010|QSQ_QDEonly,10,20,19,0.1,512,5.0,0.85,1000.0,1000.0,300.0,16.0,0.0,0,0,0,3,200.0,37022,15874,0.428772,18.046232,100.44978,119.187807,39.159576,28440,1355058,15.80803,1.791609,0.058193,0.231359,1.0,0.035204,0.175484,100307,1215,0,0,0,0,0.0,0,2.266667,8.910256,18.530769,23279.71399,0.579115,127,5795,0,1518,20885,MaxPaths=3;Alpha0=0.5;Gamma=0.9;Epsilon0=0.5;RewardW1=0.6;RewardW2=0.4;RewardW3=0;RewardW4=0.2;AdaptiveEpsilon=false;AdaptiveAlpha=false;AdaptiveReward=false;Policy=QLearning;UseMacFeedback=true;DelayRef=0.01;HopByHop=true;UseRerrBump=true;QueueHighThreshold=0.7;QueueLowThreshold=0.3;QueueRewardWeight=0;AdaptiveQueueWeight=true;QueueWeightMax=0.4;QueueWeightKappa=0.2;FailurePenalty=0;QueueAwareSelect=false;QueueDrivenExploration=true;QueueSelectBeta=0.5;AckSilenceDecay=false;AckSilenceThreshold=+1.5e+10ns;DecayFactor=0.92;DecayMinTx=3;DecayInterval=+1e+10ns;TrendEpsilon=false;TrendInterval=+1e+09ns;TrendDelta=0.05;TrendWindow=3;TrendBump=0.1;TrendCap=0.5;QueueRefPackets=20;
QSQMAODV,A_N20_pi010|QSQ_QDEonly,11,20,19,0.1,512,5.0,0.85,1000.0,1000.0,300.0,16.0,0.0,0,0,0,3,200.0,37022,18814,0.508184,21.388547,129.29545,144.043263,41.599905,37334,1750388,17.228974,1.984373,0.085075,0.306848,1.0,0.046103,0.235811,130388,2257,0,0,0,0,0.0,0,2.235897,8.123077,18.446154,24281.639952,0.846956,143,8830,0,2964,18144,MaxPaths=3;Alpha0=0.5;Gamma=0.9;Epsilon0=0.5;RewardW1=0.6;RewardW2=0.4;RewardW3=0;RewardW4=0.2;AdaptiveEpsilon=false;AdaptiveAlpha=false;AdaptiveReward=false;Policy=QLearning;UseMacFeedback=true;DelayRef=0.01;HopByHop=true;UseRerrBump=true;QueueHighThreshold=0.7;QueueLowThreshold=0.3;QueueRewardWeight=0;AdaptiveQueueWeight=true;QueueWeightMax=0.4;QueueWeightKappa=0.2;FailurePenalty=0;QueueAwareSelect=false;QueueDrivenExploration=true;QueueSelectBeta=0.5;AckSilenceDecay=false;AckSilenceThreshold=+1.5e+10ns;DecayFactor=0.92;DecayMinTx=3;DecayInterval=+1e+10ns;TrendEpsilon=false;TrendInterval=+1e+09ns;TrendDelta=0.05;TrendWindow=3;TrendBump=0.1;TrendCap=0.5;QueueRefPackets=20;
QSQMAODV,A_N20_pi010|QSQ_QDEonly,12,20,19,0.1,512,5.0,0.85,1000.0,1000.0,300.0,16.0,0.0,0,0,0,3,200.0,37022,24181,0.653152,27.489979,124.502855,138.902487,44.09742,38940,1829648,14.011981,1.610355,0.068561,0.274733,1.0,0.035438,0.203227,136004,2013,0,0,0,0,0.0,0,2.353846,8.851282,18.789744,24864.637506,1.207984,124,5786,0,2426,12486,MaxPaths=3;Alpha0=0.5;Gamma=0.9;Epsilon0=0.5;RewardW1=0.6;RewardW2=0.4;RewardW3=0;RewardW4=0.2;AdaptiveEpsilon=false;AdaptiveAlpha=false;AdaptiveReward=false;Policy=QLearning;UseMacFeedback=true;DelayRef=0.01;HopByHop=true;UseRerrBump=true;QueueHighThreshold=0.7;QueueLowThreshold=0.3;QueueRewardWeight=0;AdaptiveQueueWeight=true;QueueWeightMax=0.4;QueueWeightKappa=0.2;FailurePenalty=0;QueueAwareSelect=false;QueueDrivenExploration=true;QueueSelectBeta=0.5;AckSilenceDecay=false;AckSilenceThreshold=+1.5e+10ns;DecayFactor=0.92;DecayMinTx=3;DecayInterval=+1e+10ns;TrendEpsilon=false;TrendInterval=+1e+09ns;TrendDelta=0.05;TrendWindow=3;TrendBump=0.1;TrendCap=0.5;QueueRefPackets=20;
QSQMAODV,A_N20_pi010|QSQ_QDEonly,13,20,19,0.1,512,5.0,0.85,1000.0,1000.0,300.0,16.0,0.0,0,0,0,3,200.0,37022,17653,0.476825,20.068674,109.416811,105.454284,30.018988,22062,1043916,10.950987,1.249759,0.123288,0.264035,1.0,0.101831,0.224273,89274,1029,0,0,0,0,0.0,0,2.353846,9.04359,18.530769,23376.285305,0.649965,65,7079,0,1435,18776,MaxPaths=3;Alpha0=0.5;Gamma=0.9;Epsilon0=0.5;RewardW1=0.6;RewardW2=0.4;RewardW3=0;RewardW4=0.2;AdaptiveEpsilon=false;AdaptiveAlpha=false;AdaptiveReward=false;Policy=QLearning;UseMacFeedback=true;DelayRef=0.01;HopByHop=true;UseRerrBump=true;QueueHighThreshold=0.7;QueueLowThreshold=0.3;QueueRewardWeight=0;AdaptiveQueueWeight=true;QueueWeightMax=0.4;QueueWeightKappa=0.2;FailurePenalty=0;QueueAwareSelect=false;QueueDrivenExploration=true;QueueSelectBeta=0.5;AckSilenceDecay=false;AckSilenceThreshold=+1.5e+10ns;DecayFactor=0.92;DecayMinTx=3;DecayInterval=+1e+10ns;TrendEpsilon=false;TrendInterval=+1e+09ns;TrendDelta=0.05;TrendWindow=3;TrendBump=0.1;TrendCap=0.5;QueueRefPackets=20;
QSQMAODV,A_N20_pi010|QSQ_QDEonly,14,20,19,0.1,512,5.0,0.85,1000.0,1000.0,300.0,16.0,0.0,0,0,0,3,200.0,37022,19027,0.513938,21.630695,77.342394,91.578685,36.938051,38835,1828040,17.791871,2.041047,0.090586,0.290674,1.0,0.051653,0.223635,106002,1820,0,0,0,0,0.0,0,2.205128,8.733333,18.602564,24764.712314,0.747556,89,10155,0,2300,17727,MaxPaths=3;Alpha0=0.5;Gamma=0.9;Epsilon0=0.5;RewardW1=0.6;RewardW2=0.4;RewardW3=0;RewardW4=0.2;AdaptiveEpsilon=false;AdaptiveAlpha=false;AdaptiveReward=false;Policy=QLearning;UseMacFeedback=true;DelayRef=0.01;HopByHop=true;UseRerrBump=true;QueueHighThreshold=0.7;QueueLowThreshold=0.3;QueueRewardWeight=0;AdaptiveQueueWeight=true;QueueWeightMax=0.4;QueueWeightKappa=0.2;FailurePenalty=0;QueueAwareSelect=false;QueueDrivenExploration=true;QueueSelectBeta=0.5;AckSilenceDecay=false;AckSilenceThreshold=+1.5e+10ns;DecayFactor=0.92;DecayMinTx=3;DecayInterval=+1e+10ns;TrendEpsilon=false;TrendInterval=+1e+09ns;TrendDelta=0.05;TrendWindow=3;TrendBump=0.1;TrendCap=0.5;QueueRefPackets=20;
QSQMAODV,A_N20_pi010|QSQ_QDEonly,15,20,19,0.1,512,5.0,0.85,1000.0,1000.0,300.0,16.0,0.0,0,0,0,3,200.0,37022,12388,0.334612,14.0832,212.972352,255.564115,89.517682,53904,2549038,38.104946,4.351308,0.131231,0.36339,1.0,0.07184,0.274246,134080,3340,0,0,0,0,0.0,0,1.969231,8.435897,18.364103,24698.448431,0.735374,84,8784,0,4420,23265,MaxPaths=3;Alpha0=0.5;Gamma=0.9;Epsilon0=0.5;RewardW1=0.6;RewardW2=0.4;RewardW3=0;RewardW4=0.2;AdaptiveEpsilon=false;AdaptiveAlpha=false;AdaptiveReward=false;Policy=QLearning;UseMacFeedback=true;DelayRef=0.01;HopByHop=true;UseRerrBump=true;QueueHighThreshold=0.7;QueueLowThreshold=0.3;QueueRewardWeight=0;AdaptiveQueueWeight=true;QueueWeightMax=0.4;QueueWeightKappa=0.2;FailurePenalty=0;QueueAwareSelect=false;QueueDrivenExploration=true;QueueSelectBeta=0.5;AckSilenceDecay=false;AckSilenceThreshold=+1.5e+10ns;DecayFactor=0.92;DecayMinTx=3;DecayInterval=+1e+10ns;TrendEpsilon=false;TrendInterval=+1e+09ns;TrendDelta=0.05;TrendWindow=3;TrendBump=0.1;TrendCap=0.5;QueueRefPackets=20;
QSQMAODV,A_N20_pi010|QSQ_QDEonly,16,20,19,0.1,512,5.0,0.85,1000.0,1000.0,300.0,16.0,0.0,0,0,0,3,200.0,37022,20340,0.549403,23.123368,91.304139,105.43371,37.672582,32811,1529424,13.924615,1.613127,0.072049,0.25321,1.0,0.041953,0.194703,113936,1969,0,0,0,0,0.0,0,1.825641,8.146154,18.448718,24356.530873,0.992356,110,7499,0,2534,16359,MaxPaths=3;Alpha0=0.5;Gamma=0.9;Epsilon0=0.5;RewardW1=0.6;RewardW2=0.4;RewardW3=0;RewardW4=0.2;AdaptiveEpsilon=false;AdaptiveAlpha=false;AdaptiveReward=false;Policy=QLearning;UseMacFeedback=true;DelayRef=0.01;HopByHop=true;UseRerrBump=true;QueueHighThreshold=0.7;QueueLowThreshold=0.3;QueueRewardWeight=0;AdaptiveQueueWeight=true;QueueWeightMax=0.4;QueueWeightKappa=0.2;FailurePenalty=0;QueueAwareSelect=false;QueueDrivenExploration=true;QueueSelectBeta=0.5;AckSilenceDecay=false;AckSilenceThreshold=+1.5e+10ns;DecayFactor=0.92;DecayMinTx=3;DecayInterval=+1e+10ns;TrendEpsilon=false;TrendInterval=+1e+09ns;TrendDelta=0.05;TrendWindow=3;TrendBump=0.1;TrendCap=0.5;QueueRefPackets=20;
QSQMAODV,A_N20_pi010|QSQ_QDEonly,17,20,19,0.1,512,5.0,0.85,1000.0,1000.0,300.0,16.0,0.0,0,0,0,3,200.0,37022,17439,0.471044,20.9268,43.369026,38.738599,8.36641,8268,390962,4.151635,0.47411,0.008752,0.05264,1.0,0.006109,0.037909,63360,251,0,0,0,0,0.0,0,2.333333,8.448718,18.497436,22738.691762,0.429744,50,2330,0,274,19095,MaxPaths=3;Alpha0=0.5;Gamma=0.9;Epsilon0=0.5;RewardW1=0.6;RewardW2=0.4;RewardW3=0;RewardW4=0.2;AdaptiveEpsilon=false;AdaptiveAlpha=false;AdaptiveReward=false;Policy=QLearning;UseMacFeedback=true;DelayRef=0.01;HopByHop=true;UseRerrBump=true;QueueHighThreshold=0.7;QueueLowThreshold=0.3;QueueRewardWeight=0;AdaptiveQueueWeight=true;QueueWeightMax=0.4;QueueWeightKappa=0.2;FailurePenalty=0;QueueAwareSelect=false;QueueDrivenExploration=true;QueueSelectBeta=0.5;AckSilenceDecay=false;AckSilenceThreshold=+1.5e+10ns;DecayFactor=0.92;DecayMinTx=3;DecayInterval=+1e+10ns;TrendEpsilon=false;TrendInterval=+1e+09ns;TrendDelta=0.05;TrendWindow=3;TrendBump=0.1;TrendCap=0.5;QueueRefPackets=20;
QSQMAODV,A_N20_pi010|QSQ_QDEonly,18,20,19,0.1,512,5.0,0.85,1000.0,1000.0,300.0,16.0,0.0,0,0,0,3,200.0,37022,22441,0.606153,25.511874,109.119248,139.82397,37.561573,24354,1146344,9.459736,1.085246,0.067462,0.24586,1.0,0.048527,0.196136,111059,1044,0,0,0,0,0.0,0,1.984615,7.946154,18.264103,21730.452487,1.068149,115,5952,0,1224,13869,MaxPaths=3;Alpha0=0.5;Gamma=0.9;Epsilon0=0.5;RewardW1=0.6;RewardW2=0.4;RewardW3=0;RewardW4=0.2;AdaptiveEpsilon=false;AdaptiveAlpha=false;AdaptiveReward=false;Policy=QLearning;UseMacFeedback=true;DelayRef=0.01;HopByHop=true;UseRerrBump=true;QueueHighThreshold=0.7;QueueLowThreshold=0.3;QueueRewardWeight=0;AdaptiveQueueWeight=true;QueueWeightMax=0.4;QueueWeightKappa=0.2;FailurePenalty=0;QueueAwareSelect=false;QueueDrivenExploration=true;QueueSelectBeta=0.5;AckSilenceDecay=false;AckSilenceThreshold=+1.5e+10ns;DecayFactor=0.92;DecayMinTx=3;DecayInterval=+1e+10ns;TrendEpsilon=false;TrendInterval=+1e+09ns;TrendDelta=0.05;TrendWindow=3;TrendBump=0.1;TrendCap=0.5;QueueRefPackets=20;
QSQMAODV,A_N20_pi010|QSQ_QDEonly,19,20,19,0.1,512,5.0,0.85,1000.0,1000.0,300.0,16.0,0.0,0,0,0,3,200.0,37022,23134,0.624872,26.299705,83.732198,125.59862,32.202259,19192,901782,7.218668,0.829601,0.048349,0.184197,1.0,0.031658,0.143239,89474,664,0,0,0,0,0.0,0,2.046154,7.533333,18.041026,19133.814224,0.904111,45,7492,0,848,13754,MaxPaths=3;Alpha0=0.5;Gamma=0.9;Epsilon0=0.5;RewardW1=0.6;RewardW2=0.4;RewardW3=0;RewardW4=0.2;AdaptiveEpsilon=false;AdaptiveAlpha=false;AdaptiveReward=false;Policy=QLearning;UseMacFeedback=true;DelayRef=0.01;HopByHop=true;UseRerrBump=true;QueueHighThreshold=0.7;QueueLowThreshold=0.3;QueueRewardWeight=0;AdaptiveQueueWeight=true;QueueWeightMax=0.4;QueueWeightKappa=0.2;FailurePenalty=0;QueueAwareSelect=false;QueueDrivenExploration=true;QueueSelectBeta=0.5;AckSilenceDecay=false;AckSilenceThreshold=+1.5e+10ns;DecayFactor=0.92;DecayMinTx=3;DecayInterval=+1e+10ns;TrendEpsilon=false;TrendInterval=+1e+09ns;TrendDelta=0.05;TrendWindow=3;TrendBump=0.1;TrendCap=0.5;QueueRefPackets=20;
QSQMAODV,A_N20_pi010|QSQ_QDEonly,2,20,19,0.1,512,5.0,0.85,1000.0,1000.0,300.0,16.0,0.0,0,0,0,3,200.0,37022,9566,0.258387,14.758971,61.155922,93.452306,8.539292,5806,276940,5.361194,0.606941,0.00318,0.026213,1.0,0.002462,0.019053,43164,139,0,0,0,0,0.0,0,2.851282,8.679487,18.187179,22296.131007,0.247799,0,2110,0,141,26442,MaxPaths=3;Alpha0=0.5;Gamma=0.9;Epsilon0=0.5;RewardW1=0.6;RewardW2=0.4;RewardW3=0;RewardW4=0.2;AdaptiveEpsilon=false;AdaptiveAlpha=false;AdaptiveReward=false;Policy=QLearning;UseMacFeedback=true;DelayRef=0.01;HopByHop=true;UseRerrBump=true;QueueHighThreshold=0.7;QueueLowThreshold=0.3;QueueRewardWeight=0;AdaptiveQueueWeight=true;QueueWeightMax=0.4;QueueWeightKappa=0.2;FailurePenalty=0;QueueAwareSelect=false;QueueDrivenExploration=true;QueueSelectBeta=0.5;AckSilenceDecay=false;AckSilenceThreshold=+1.5e+10ns;DecayFactor=0.92;DecayMinTx=3;DecayInterval=+1e+10ns;TrendEpsilon=false;TrendInterval=+1e+09ns;TrendDelta=0.05;TrendWindow=3;TrendBump=0.1;TrendCap=0.5;QueueRefPackets=20;
QSQMAODV,A_N20_pi010|QSQ_QDEonly,20,20,19,0.1,512,5.0,0.85,1000.0,1000.0,300.0,16.0,0.0,0,0,0,3,200.0,37022,23117,0.624413,26.280379,37.012049,73.357765,25.752822,19777,932764,7.472167,0.855518,0.04085,0.150387,1.0,0.022453,0.113188,78427,510,0,0,0,0,0.0,0,2.328205,8.379487,18.317949,20034.119132,0.738939,3,4728,0,572,13104,MaxPaths=3;Alpha0=0.5;Gamma=0.9;Epsilon0=0.5;RewardW1=0.6;RewardW2=0.4;RewardW3=0;RewardW4=0.2;AdaptiveEpsilon=false;AdaptiveAlpha=false;AdaptiveReward=false;Policy=QLearning;UseMacFeedback=true;DelayRef=0.01;HopByHop=true;UseRerrBump=true;QueueHighThreshold=0.7;QueueLowThreshold=0.3;QueueRewardWeight=0;AdaptiveQueueWeight=true;QueueWeightMax=0.4;QueueWeightKappa=0.2;FailurePenalty=0;QueueAwareSelect=false;QueueDrivenExploration=true;QueueSelectBeta=0.5;AckSilenceDecay=false;AckSilenceThreshold=+1.5e+10ns;DecayFactor=0.92;DecayMinTx=3;DecayInterval=+1e+10ns;TrendEpsilon=false;TrendInterval=+1e+09ns;TrendDelta=0.05;TrendWindow=3;TrendBump=0.1;TrendCap=0.5;QueueRefPackets=20;
QSQMAODV,A_N20_pi010|QSQ_QDEonly,3,20,19,0.1,512,5.0,0.85,1000.0,1000.0,300.0,16.0,0.0,0,0,0,3,200.0,37022,15919,0.429988,18.097389,35.044007,43.664783,27.721511,35464,1680140,19.545011,2.227778,0.07682,0.252489,1.0,0.044358,0.191675,93605,1357,0,0,0,0,0.0,0,2.187179,8.523077,17.974359,26622.900406,0.643536,34,10811,0,1741,20274,MaxPaths=3;Alpha0=0.5;Gamma=0.9;Epsilon0=0.5;RewardW1=0.6;RewardW2=0.4;RewardW3=0;RewardW4=0.2;AdaptiveEpsilon=false;AdaptiveAlpha=false;AdaptiveReward=false;Policy=QLearning;UseMacFeedback=true;DelayRef=0.01;HopByHop=true;UseRerrBump=true;QueueHighThreshold=0.7;QueueLowThreshold=0.3;QueueRewardWeight=0;AdaptiveQueueWeight=true;QueueWeightMax=0.4;QueueWeightKappa=0.2;FailurePenalty=0;QueueAwareSelect=false;QueueDrivenExploration=true;QueueSelectBeta=0.5;AckSilenceDecay=false;AckSilenceThreshold=+1.5e+10ns;DecayFactor=0.92;DecayMinTx=3;DecayInterval=+1e+10ns;TrendEpsilon=false;TrendInterval=+1e+09ns;TrendDelta=0.05;TrendWindow=3;TrendBump=0.1;TrendCap=0.5;QueueRefPackets=20;
QSQMAODV,A_N20_pi010|QSQ_QDEonly,4,20,19,0.1,512,5.0,0.85,1000.0,1000.0,300.0,16.0,0.0,0,0,0,3,200.0,37022,10956,0.295932,12.455242,44.135383,79.106859,37.867453,17404,816774,13.805627,1.588536,0.058744,0.170561,1.0,0.040802,0.133514,85130,782,0,0,0,0,0.0,0,2.65641,9.266667,18.551282,21721.695025,0.416347,72,4211,0,886,24769,MaxPaths=3;Alpha0=0.5;Gamma=0.9;Epsilon0=0.5;RewardW1=0.6;RewardW2=0.4;RewardW3=0;RewardW4=0.2;AdaptiveEpsilon=false;AdaptiveAlpha=false;AdaptiveReward=false;Policy=QLearning;UseMacFeedback=true;DelayRef=0.01;HopByHop=true;UseRerrBump=true;QueueHighThreshold=0.7;QueueLowThreshold=0.3;QueueRewardWeight=0;AdaptiveQueueWeight=true;QueueWeightMax=0.4;QueueWeightKappa=0.2;FailurePenalty=0;QueueAwareSelect=false;QueueDrivenExploration=true;QueueSelectBeta=0.5;AckSilenceDecay=false;AckSilenceThreshold=+1.5e+10ns;DecayFactor=0.92;DecayMinTx=3;DecayInterval=+1e+10ns;TrendEpsilon=false;TrendInterval=+1e+09ns;TrendDelta=0.05;TrendWindow=3;TrendBump=0.1;TrendCap=0.5;QueueRefPackets=20;
QSQMAODV,A_N20_pi010|QSQ_QDEonly,5,20,19,0.1,512,5.0,0.85,1000.0,1000.0,300.0,16.0,0.0,0,0,0,3,200.0,37022,29801,0.804954,33.879032,59.925945,63.038888,16.4885,15354,719922,4.473638,0.515218,0.023231,0.125616,1.0,0.014562,0.087756,90544,684,0,0,0,0,0.0,0,2.448718,9.497436,18.620513,25315.804661,1.183972,13,2194,0,803,6815,MaxPaths=3;Alpha0=0.5;Gamma=0.9;Epsilon0=0.5;RewardW1=0.6;RewardW2=0.4;RewardW3=0;RewardW4=0.2;AdaptiveEpsilon=false;AdaptiveAlpha=false;AdaptiveReward=false;Policy=QLearning;UseMacFeedback=true;DelayRef=0.01;HopByHop=true;UseRerrBump=true;QueueHighThreshold=0.7;QueueLowThreshold=0.3;QueueRewardWeight=0;AdaptiveQueueWeight=true;QueueWeightMax=0.4;QueueWeightKappa=0.2;FailurePenalty=0;QueueAwareSelect=false;QueueDrivenExploration=true;QueueSelectBeta=0.5;AckSilenceDecay=false;AckSilenceThreshold=+1.5e+10ns;DecayFactor=0.92;DecayMinTx=3;DecayInterval=+1e+10ns;TrendEpsilon=false;TrendInterval=+1e+09ns;TrendDelta=0.05;TrendWindow=3;TrendBump=0.1;TrendCap=0.5;QueueRefPackets=20;
QSQMAODV,A_N20_pi010|QSQ_QDEonly,6,20,19,0.1,512,5.0,0.85,1000.0,1000.0,300.0,16.0,0.0,0,0,0,3,200.0,37022,25437,0.687078,28.917853,57.504133,54.372182,13.853172,19580,929572,6.767424,0.769745,0.046132,0.162381,1.0,0.020759,0.119214,81622,948,0,0,0,0,0.0,0,2.653846,9.589744,18.533333,22227.889823,0.923397,6,5617,0,1213,11204,MaxPaths=3;Alpha0=0.5;Gamma=0.9;Epsilon0=0.5;RewardW1=0.6;RewardW2=0.4;RewardW3=0;RewardW4=0.2;AdaptiveEpsilon=false;AdaptiveAlpha=false;AdaptiveReward=false;Policy=QLearning;UseMacFeedback=true;DelayRef=0.01;HopByHop=true;UseRerrBump=true;QueueHighThreshold=0.7;QueueLowThreshold=0.3;QueueRewardWeight=0;AdaptiveQueueWeight=true;QueueWeightMax=0.4;QueueWeightKappa=0.2;FailurePenalty=0;QueueAwareSelect=false;QueueDrivenExploration=true;QueueSelectBeta=0.5;AckSilenceDecay=false;AckSilenceThreshold=+1.5e+10ns;DecayFactor=0.92;DecayMinTx=3;DecayInterval=+1e+10ns;TrendEpsilon=false;TrendInterval=+1e+09ns;TrendDelta=0.05;TrendWindow=3;TrendBump=0.1;TrendCap=0.5;QueueRefPackets=20;
QSQMAODV,A_N20_pi010|QSQ_QDEonly,7,20,19,0.1,512,5.0,0.85,1000.0,1000.0,300.0,16.0,0.0,0,0,0,3,200.0,37022,26247,0.708957,29.838695,60.301771,73.525084,25.391628,23102,1092752,7.70989,0.880177,0.055329,0.212501,1.0,0.029526,0.160336,101045,1232,0,0,0,0,0.0,0,2.458974,9.976923,18.689744,22459.172633,0.98617,28,2827,0,1550,9553,MaxPaths=3;Alpha0=0.5;Gamma=0.9;Epsilon0=0.5;RewardW1=0.6;RewardW2=0.4;RewardW3=0;RewardW4=0.2;AdaptiveEpsilon=false;AdaptiveAlpha=false;AdaptiveReward=false;Policy=QLearning;UseMacFeedback=true;DelayRef=0.01;HopByHop=true;UseRerrBump=true;QueueHighThreshold=0.7;QueueLowThreshold=0.3;QueueRewardWeight=0;AdaptiveQueueWeight=true;QueueWeightMax=0.4;QueueWeightKappa=0.2;FailurePenalty=0;QueueAwareSelect=false;QueueDrivenExploration=true;QueueSelectBeta=0.5;AckSilenceDecay=false;AckSilenceThreshold=+1.5e+10ns;DecayFactor=0.92;DecayMinTx=3;DecayInterval=+1e+10ns;TrendEpsilon=false;TrendInterval=+1e+09ns;TrendDelta=0.05;TrendWindow=3;TrendBump=0.1;TrendCap=0.5;QueueRefPackets=20;
QSQMAODV,A_N20_pi010|QSQ_QDEonly,8,20,19,0.1,512,5.0,0.85,1000.0,1000.0,300.0,16.0,0.0,0,0,0,3,200.0,37022,11359,0.306818,12.913389,146.055934,182.420189,82.66387,41554,1996036,32.541271,3.658245,0.121947,0.305086,1.0,0.052837,0.228001,93270,2422,0,0,0,0,0.0,0,2.597436,9.133333,18.505128,24158.272528,0.554427,44,11342,0,3055,25229,MaxPaths=3;Alpha0=0.5;Gamma=0.9;Epsilon0=0.5;RewardW1=0.6;RewardW2=0.4;RewardW3=0;RewardW4=0.2;AdaptiveEpsilon=false;AdaptiveAlpha=false;AdaptiveReward=false;Policy=QLearning;UseMacFeedback=true;DelayRef=0.01;HopByHop=true;UseRerrBump=true;QueueHighThreshold=0.7;QueueLowThreshold=0.3;QueueRewardWeight=0;AdaptiveQueueWeight=true;QueueWeightMax=0.4;QueueWeightKappa=0.2;FailurePenalty=0;QueueAwareSelect=false;QueueDrivenExploration=true;QueueSelectBeta=0.5;AckSilenceDecay=false;AckSilenceThreshold=+1.5e+10ns;DecayFactor=0.92;DecayMinTx=3;DecayInterval=+1e+10ns;TrendEpsilon=false;TrendInterval=+1e+09ns;TrendDelta=0.05;TrendWindow=3;TrendBump=0.1;TrendCap=0.5;QueueRefPackets=20;
QSQMAODV,A_N20_pi010|QSQ_QDEonly,9,20,19,0.1,512,5.0,0.85,1000.0,1000.0,300.0,16.0,0.0,0,0,0,3,200.0,37022,14992,0.404948,17.043537,56.754554,57.505631,25.138749,34170,1616628,19.969021,2.279216,0.076191,0.23903,1.0,0.038469,0.179894,110226,1830,0,0,0,0,0.0,0,2.220513,8.312821,18.128205,23364.794149,0.723786,65,5394,0,2503,20265,MaxPaths=3;Alpha0=0.5;Gamma=0.9;Epsilon0=0.5;RewardW1=0.6;RewardW2=0.4;RewardW3=0;RewardW4=0.2;AdaptiveEpsilon=false;AdaptiveAlpha=false;AdaptiveReward=false;Policy=QLearning;UseMacFeedback=true;DelayRef=0.01;HopByHop=true;UseRerrBump=true;QueueHighThreshold=0.7;QueueLowThreshold=0.3;QueueRewardWeight=0;AdaptiveQueueWeight=true;QueueWeightMax=0.4;QueueWeightKappa=0.2;FailurePenalty=0;QueueAwareSelect=false;QueueDrivenExploration=true;QueueSelectBeta=0.5;AckSilenceDecay=false;AckSilenceThreshold=+1.5e+10ns;DecayFactor=0.92;DecayMinTx=3;DecayInterval=+1e+10ns;TrendEpsilon=false;TrendInterval=+1e+09ns;TrendDelta=0.05;TrendWindow=3;TrendBump=0.1;TrendCap=0.5;QueueRefPackets=20;
AODV,B_N40_pi025|AODV,1,40,39,0.25,512,5.0,0.85,1000.0,1000.0,300.0,16.0,0.0,0,0,0,3,200.0,30324,6306,0.207954,3.492554,28.48711,102.099357,86.097344,69223,3343248,98.179512,10.977323,0.0,0.0,0.0,0.0,0.0,0,0,0,0,0,0,0.0,0,5.021795,18.353846,37.830769,46973.135287,0.090456,0,1083,0,6842,22802,-
AODV,B_N40_pi025|AODV,10,40,39,0.25,512,5.0,0.85,1000.0,1000.0,300.0,16.0,0.0,0,0,0,3,200.0,30324,12626,0.41637,7.370854,6.556413,43.782236,11.842803,19563,924098,13.553719,1.549422,0.0,0.0,0.0,0.0,0.0,0,0,0,0,0,0,0.0,0,4.180769,16.15,37.582051,44499.101968,0.243569,0,23,0,262,16626,-
AODV,B_N40_pi025|AODV,11,40,39,0.25,512,5.0,0.85,1000.0,1000.0,300.0,16.0,0.0,0,0,0,3,200.0,30324,15166,0.500132,8.399631,34.902583,41.996482,35.444735,90486,4364234,53.289693,5.966372,0.0,0.0,0.0,0.0,0.0,0,0,0,0,0,0,0.0,0,4.919231,17.382051,37.766667,43624.080201,0.468935,0,908,0,8088,14423,-
AODV,B_N40_pi025|AODV,12,40,39,0.25,512,5.0,0.85,1000.0,1000.0,300.0,16.0,0.0,0,0,0,3,200.0,30324,11426,0.376797,6.328246,75.005048,88.472629,66.582771,164418,7969624,129.166488,14.389813,0.0,0.0,0.0,0.0,0.0,0,0,0,0,0,0,0.0,0,5.139744,19.394872,38.239744,49553.615743,0.29996,0,2159,0,24552,17753,-
AODV,B_N40_pi025|AODV,13,40,39,0.25,512,5.0,0.85,1000.0,1000.0,300.0,16.0,0.0,0,0,0,3,200.0,30324,11344,0.374093,6.282831,69.398906,107.634561,84.437006,155918,7552954,123.298236,13.744535,0.0,0.0,0.0,0.0,0.0,0,0,0,0,0,0,0.0,0,5.116667,19.062821,38.3,48813.335603,0.312228,0,1741,0,16874,17846,-
AODV,B_N40_pi025|AODV,14,40,39,0.25,512,5.0,0.85,1000.0,1000.0,300.0,16.0,0.0,0,0,0,3,200.0,30324,9944,0.327925,5.652379,38.167332,65.28966,56.74543,101688,4934842,91.900606,10.226066,0.0,0.0,0.0,0.0,0.0,0,0,0,0,0,0,0.0,0,4.50641,16.624359,37.552564,46582.542217,0.367564,217,1565,0,9102,19270,-
AODV,B_N40_pi025|AODV,15,40,39,0.25,512,5.0,0.85,1000.0,1000.0,300.0,16.0,0.0,0,0,0,3,200.0,30324,10644,0.351009,5.895138,63.322949,74.715484,61.158564,192650,9414058,163.786553,18.099399,0.0,0.0,0.0,0.0,0.0,0,0,0,0,0,0,0.0,0,4.205128,17.779487,37.776923,46198.242591,0.327529,0,2956,0,30116,18735,-
AODV,B_N40_pi025|AODV,16,40,39,0.25,512,5.0,0.85,1000.0,1000.0,300.0,16.0,0.0,0,0,0,3,200.0,30324,12439,0.410203,7.070589,14.671602,50.239153,39.883923,66005,3201172,47.657338,5.306295,0.0,0.0,0.0,0.0,0.0,0,0,0,0,0,0,0.0,0,4.392308,17.798718,37.935897,47891.422584,0.392297,0,627,0,6389,16800,-
AODV,B_N40_pi025|AODV,17,40,39,0.25,512,5.0,0.85,1000.0,1000.0,300.0,16.0,0.0,0,0,0,3,200.0,30324,9739,0.321165,5.393908,25.853929,74.968481,65.029087,65673,3149344,59.884162,6.7433,0.0,0.0,0.0,0.0,0.0,0,0,0,0,0,0,0.0,0,4.794872,17.575641,38.305128,42102.914699,0.20027,0,495,0,5417,19425,-
AODV,B_N40_pi025|AODV,18,40,39,0.25,512,5.0,0.85,1000.0,1000.0,300.0,16.0,0.0,0,0,0,3,200.0,30324,14544,0.47962,8.055138,30.656154,38.523891,33.439879,99623,4816182,61.323264,6.849766,0.0,0.0,0.0,0.0,0.0,0,0,0,0,0,0,0.0,0,4.542308,17.075641,37.641026,45453.021689,0.516423,0,1220,0,9409,15016,-
AODV,B_N40_pi025|AODV,19,40,39,0.25,512,5.0,0.85,1000.0,1000.0,300.0,16.0,0.0,0,0,0,3,200.0,30324,11252,0.371059,6.231877,53.838191,83.132415,67.109744,179499,8788226,144.636443,15.952631,0.0,0.0,0.0,0.0,0.0,0,0,0,0,0,0,0.0,0,4.292308,17.108974,38.266667,42351.729677,0.300884,7,3122,0,28704,17938,-
AODV,B_N40_pi025|AODV,2,40,39,0.25,512,5.0,0.85,1000.0,1000.0,300.0,16.0,0.0,0,0,0,3,200.0,30324,11176,0.368553,6.189785,46.420889,107.304966,52.709838,108112,5252352,87.030939,9.673586,0.0,0.0,0.0,0.0,0.0,0,0,0,0,0,0,0.0,0,5.25641,18.221795,37.553846,46473.394556,0.360836,0,1726,0,19338,17917,-
AODV,B_N40_pi025|AODV,20,40,39,0.25,512,5.0,0.85,1000.0,1000.0,300.0,16.0,0.0,0,0,0,3,200.0,30324,12038,0.396979,6.6672,58.169424,81.510522,58.079457,116561,5669408,87.214684,9.682755,0.0,0.0,0.0,0.0,0.0,0,0,0,0,0,0,0.0,0,4.580769,18.165385,38.025641,47717.008467,0.325188,24,1261,0,16016,17284,-
AODV,B_N40_pi025|AODV,3,40,39,0.25,512,5.0,0.85,1000.0,1000.0,300.0,16.0,0.0,0,0,0,3,200.0,30324,10441,0.344315,5.782708,99.680023,105.134939,81.249724,212037,10304800,182.769495,20.308112,0.0,0.0,0.0,0.0,0.0,0,0,0,0,0,0,0.0,0,5.241026,20.371795,38.325641,47166.525338,0.221574,1,2422,0,32023,18802,-
AODV,B_N40_pi025|AODV,4,40,39,0.25,512,5.0,0.85,1000.0,1000.0,300.0,16.0,0.0,0,0,0,3,200.0,30324,11484,0.37871,6.360369,27.041243,44.469949,35.920609,89474,4314250,69.569417,7.791188,0.0,0.0,0.0,0.0,0.0,0,0,0,0,0,0,0.0,0,4.730769,17.823077,38.138462,44585.861062,0.373203,0,1278,0,9693,17850,-
AODV,B_N40_pi025|AODV,5,40,39,0.25,512,5.0,0.85,1000.0,1000.0,300.0,16.0,0.0,0,0,0,3,200.0,30324,9893,0.326243,5.4792,57.312989,151.827047,119.601893,125038,6096326,114.115967,12.639038,0.0,0.0,0.0,0.0,0.0,0,0,0,0,0,0,0.0,0,5.14359,18.726923,38.091026,40699.174161,0.246768,0,2748,0,14057,19192,-
AODV,B_N40_pi025|AODV,6,40,39,0.25,512,5.0,0.85,1000.0,1000.0,300.0,16.0,0.0,0,0,0,3,200.0,30324,12928,0.426329,7.160123,74.120052,87.403818,66.238792,172833,8424480,120.675193,13.368889,0.0,0.0,0.0,0.0,0.0,0,0,0,0,0,0,0.0,0,4.673077,17.975641,37.770513,43873.434179,0.60767,12,2553,0,22878,16314,-
AODV,B_N40_pi025|AODV,7,40,39,0.25,512,5.0,0.85,1000.0,1000.0,300.0,16.0,0.0,0,0,0,3,200.0,30324,9487,0.312855,5.254338,49.620495,65.21814,48.496867,127393,6175300,120.541169,13.428165,0.0,0.0,0.0,0.0,0.0,0,0,0,0,0,0,0.0,0,4.529487,18.334615,38.108974,51157.007543,0.253595,4,1433,0,15520,19676,-
AODV,B_N40_pi025|AODV,8,40,39,0.25,512,5.0,0.85,1000.0,1000.0,300.0,16.0,0.0,0,0,0,3,200.0,30324,12311,0.405982,6.997832,29.389316,56.341823,38.147621,73922,3546996,53.354814,6.004549,0.0,0.0,0.0,0.0,0.0,0,0,0,0,0,0,0.0,0,4.987179,17.914103,37.753846,47125.491912,0.268962,0,717,0,6912,17373,-
AODV,B_N40_pi025|AODV,9,40,39,0.25,512,5.0,0.85,1000.0,1000.0,300.0,16.0,0.0,0,0,0,3,200.0,30324,11779,0.388438,6.523754,59.804912,80.761408,66.835074,215993,10551382,165.885018,18.337125,0.0,0.0,0.0,0.0,0.0,0,0,0,0,0,0,0.0,0,4.867949,17.034615,38.008974,44543.640661,0.46478,13,3730,0,28789,17391,-
QMAODV,B_N40_pi025|QMAODV_eps0.02,1,40,39,0.25,512,5.0,0.85,1000.0,1000.0,300.0,16.0,0.0,0,0,0,3,200.0,30324,6678,0.220222,3.698585,39.767469,77.527202,63.647345,123015,5977568,165.761761,18.420934,0.0,0.0,0.0,0.0,0.0,0,0,0,0,0,0,0.0,0,5.021795,18.353846,37.830769,46973.135287,0.277899,177,3465,0,13742,22550,MaxPaths=3;Alpha0=0.5;Gamma=0.9;Epsilon0=0.02;RewardW1=0.6;RewardW2=0.4;RewardW3=0;RewardW4=0.2;AdaptiveEpsilon=false;AdaptiveAlpha=false;AdaptiveReward=false;Policy=QLearning;UseMacFeedback=true;DelayRef=0.01;HopByHop=true;UseRerrBump=true;
QMAODV,B_N40_pi025|QMAODV_eps0.02,10,40,39,0.25,512,5.0,0.85,1000.0,1000.0,300.0,16.0,0.0,0,0,0,3,200.0,30324,13826,0.455942,7.657477,24.975954,58.080838,57.753838,59404,2866022,38.387445,4.296543,0.0,0.0,0.0,0.0,0.0,0,0,0,0,0,0,0.0,0,4.180769,16.15,37.582051,44499.101968,0.57964,136,1312,0,4132,15416,MaxPaths=3;Alpha0=0.5;Gamma=0.9;Epsilon0=0.02;RewardW1=0.6;RewardW2=0.4;RewardW3=0;RewardW4=0.2;AdaptiveEpsilon=false;AdaptiveAlpha=false;AdaptiveReward=false;Policy=QLearning;UseMacFeedback=true;DelayRef=0.01;HopByHop=true;UseRerrBump=true;
QMAODV,B_N40_pi025|QMAODV_eps0.02,11,40,39,0.25,512,5.0,0.85,1000.0,1000.0,300.0,16.0,0.0,0,0,0,3,200.0,30324,11547,0.380787,6.395262,27.779603,89.261051,72.708445,72610,3512314,56.328788,6.288213,0.0,0.0,0.0,0.0,0.0,0,0,0,0,0,0,0.0,0,4.919231,17.382051,37.766667,43624.080201,0.35833,311,1785,0,5000,17981,MaxPaths=3;Alpha0=0.5;Gamma=0.9;Epsilon0=0.02;RewardW1=0.6;RewardW2=0.4;RewardW3=0;RewardW4=0.2;AdaptiveEpsilon=false;AdaptiveAlpha=false;AdaptiveReward=false;Policy=QLearning;UseMacFeedback=true;DelayRef=0.01;HopByHop=true;UseRerrBump=true;
QMAODV,B_N40_pi025|QMAODV_eps0.02,12,40,39,0.25,512,5.0,0.85,1000.0,1000.0,300.0,16.0,0.0,0,0,0,3,200.0,30324,10169,0.335345,5.780274,27.976113,35.70119,35.464636,50654,2415308,43.984586,4.981217,0.0,0.0,0.0,0.0,0.0,0,0,0,0,0,0,0.0,0,5.139744,19.394872,38.239744,49553.615743,0.343424,58,876,0,2536,18707,MaxPaths=3;Alpha0=0.5;Gamma=0.9;Epsilon0=0.02;RewardW1=0.6;RewardW2=0.4;RewardW3=0;RewardW4=0.2;AdaptiveEpsilon=false;AdaptiveAlpha=false;AdaptiveReward=false;Policy=QLearning;UseMacFeedback=true;DelayRef=0.01;HopByHop=true;UseRerrBump=true;
QMAODV,B_N40_pi025|QMAODV_eps0.02,13,40,39,0.25,512,5.0,0.85,1000.0,1000.0,300.0,16.0,0.0,0,0,0,3,200.0,30324,7979,0.263125,4.419138,68.884349,95.49427,80.091875,133446,6433166,149.307813,16.724652,0.0,0.0,0.0,0.0,0.0,0,0,0,0,0,0,0.0,0,5.116667,19.062821,38.3,48813.335603,0.369641,192,3155,0,14394,21108,MaxPaths=3;Alpha0=0.5;Gamma=0.9;Epsilon0=0.02;RewardW1=0.6;RewardW2=0.4;RewardW3=0;RewardW4=0.2;AdaptiveEpsilon=false;AdaptiveAlpha=false;AdaptiveReward=false;Policy=QLearning;UseMacFeedback=true;DelayRef=0.01;HopByHop=true;UseRerrBump=true;
QMAODV,B_N40_pi025|QMAODV_eps0.02,14,40,39,0.25,512,5.0,0.85,1000.0,1000.0,300.0,16.0,0.0,0,0,0,3,200.0,30324,9181,0.302763,5.084862,57.160995,71.458847,59.69336,154094,7486388,151.004046,16.78401,0.0,0.0,0.0,0.0,0.0,0,0,0,0,0,0,0.0,0,4.50641,16.624359,37.552564,46582.542217,0.580003,296,3845,0,15363,20159,MaxPaths=3;Alpha0=0.5;Gamma=0.9;Epsilon0=0.02;RewardW1=0.6;RewardW2=0.4;RewardW3=0;RewardW4=0.2;AdaptiveEpsilon=false;AdaptiveAlpha=false;AdaptiveReward=false;Policy=QLearning;UseMacFeedback=true;DelayRef=0.01;HopByHop=true;UseRerrBump=true;
QMAODV,B_N40_pi025|QMAODV_eps0.02,15,40,39,0.25,512,5.0,0.85,1000.0,1000.0,300.0,16.0,0.0,0,0,0,3,200.0,30324,9297,0.306589,5.149108,50.579583,65.724655,55.809983,164486,8016348,159.67612,17.692374,0.0,0.0,0.0,0.0,0.0,0,0,0,0,0,0,0.0,0,4.205128,17.779487,37.776923,46198.242591,0.410434,62,3302,0,18747,19648,MaxPaths=3;Alpha0=0.5;Gamma=0.9;Epsilon0=0.02;RewardW1=0.6;RewardW2=0.4;RewardW3=0;RewardW4=0.2;AdaptiveEpsilon=false;AdaptiveAlpha=false;AdaptiveReward=false;Policy=QLearning;UseMacFeedback=true;DelayRef=0.01;HopByHop=true;UseRerrBump=true;
QMAODV,B_N40_pi025|QMAODV_eps0.02,16,40,39,0.25,512,5.0,0.85,1000.0,1000.0,300.0,16.0,0.0,0,0,0,3,200.0,30324,8118,0.267709,4.496123,43.794084,73.779049,54.358847,133259,6493520,148.128074,16.41525,0.0,0.0,0.0,0.0,0.0,0,0,0,0,0,0,0.0,0,4.392308,17.798718,37.935897,47891.422584,0.305764,80,2625,0,15835,21059,MaxPaths=3;Alpha0=0.5;Gamma=0.9;Epsilon0=0.02;RewardW1=0.6;RewardW2=0.4;RewardW3=0;RewardW4=0.2;AdaptiveEpsilon=false;AdaptiveAlpha=false;AdaptiveReward=false;Policy=QLearning;UseMacFeedback=true;DelayRef=0.01;HopByHop=true;UseRerrBump=true;
QMAODV,B_N40_pi025|QMAODV_eps0.02,17,40,39,0.25,512,5.0,0.85,1000.0,1000.0,300.0,16.0,0.0,0,0,0,3,200.0,30324,9375,0.309161,5.192308,56.562172,78.371244,66.588959,112894,5460332,107.85841,12.042027,0.0,0.0,0.0,0.0,0.0,0,0,0,0,0,0,0.0,0,4.794872,17.575641,38.305128,42102.914699,0.522952,213,2549,0,11468,20143,MaxPaths=3;Alpha0=0.5;Gamma=0.9;Epsilon0=0.02;RewardW1=0.6;RewardW2=0.4;RewardW3=0;RewardW4=0.2;AdaptiveEpsilon=false;AdaptiveAlpha=false;AdaptiveReward=false;Policy=QLearning;UseMacFeedback=true;DelayRef=0.01;HopByHop=true;UseRerrBump=true;
QMAODV,B_N40_pi025|QMAODV_eps0.02,18,40,39,0.25,512,5.0,0.85,1000.0,1000.0,300.0,16.0,0.0,0,0,0,3,200.0,30324,6533,0.21544,3.618277,43.550431,108.979469,83.566962,107021,5181088,146.863729,16.381601,0.0,0.0,0.0,0.0,0.0,0,0,0,0,0,0,0.0,0,4.542308,17.075641,37.641026,45453.021689,0.27315,214,3075,0,11241,22885,MaxPaths=3;Alpha0=0.5;Gamma=0.9;Epsilon0=0.02;RewardW1=0.6;RewardW2=0.4;RewardW3=0;RewardW4=0.2;AdaptiveEpsilon=false;AdaptiveAlpha=false;AdaptiveReward=false;Policy=QLearning;UseMacFeedback=true;DelayRef=0.01;HopByHop=true;UseRerrBump=true;
QMAODV,B_N40_pi025|QMAODV_eps0.02,19,40,39,0.25,512,5.0,0.85,1000.0,1000.0,300.0,16.0,0.0,0,0,0,3,200.0,30324,10347,0.341215,5.730646,39.45382,55.845128,50.783534,116022,5634170,100.837423,11.213105,0.0,0.0,0.0,0.0,0.0,0,0,0,0,0,0,0.0,0,4.292308,17.108974,38.266667,42351.729677,0.441498,118,2315,0,13540,18959,MaxPaths=3;Alpha0=0.5;Gamma=0.9;Epsilon0=0.02;RewardW1=0.6;RewardW2=0.4;RewardW3=0;RewardW4=0.2;AdaptiveEpsilon=false;AdaptiveAlpha=false;AdaptiveReward=false;Policy=QLearning;UseMacFeedback=true;DelayRef=0.01;HopByHop=true;UseRerrBump=true;
QMAODV,B_N40_pi025|QMAODV_eps0.02,2,40,39,0.25,512,5.0,0.85,1000.0,1000.0,300.0,16.0,0.0,0,0,0,3,200.0,30324,9373,0.309095,5.1912,40.361218,53.840077,41.477187,87827,4241540,83.801384,9.370212,0.0,0.0,0.0,0.0,0.0,0,0,0,0,0,0,0.0,0,5.25641,18.221795,37.553846,46473.394556,0.512169,60,1659,0,10214,19626,MaxPaths=3;Alpha0=0.5;Gamma=0.9;Epsilon0=0.02;RewardW1=0.6;RewardW2=0.4;RewardW3=0;RewardW4=0.2;AdaptiveEpsilon=false;AdaptiveAlpha=false;AdaptiveReward=false;Policy=QLearning;UseMacFeedback=true;DelayRef=0.01;HopByHop=true;UseRerrBump=true;
QMAODV,B_N40_pi025|QMAODV_eps0.02,20,40,39,0.25,512,5.0,0.85,1000.0,1000.0,300.0,16.0,0.0,0,0,0,3,200.0,30324,8943,0.294915,4.953046,44.10306,58.475858,42.769537,108019,5244394,108.597123,12.078609,0.0,0.0,0.0,0.0,0.0,0,0,0,0,0,0,0.0,0,4.580769,18.165385,38.025641,47717.008467,0.329838,161,1824,0,12560,20375,MaxPaths=3;Alpha0=0.5;Gamma=0.9;Epsilon0=0.02;RewardW1=0.6;RewardW2=0.4;RewardW3=0;RewardW4=0.2;AdaptiveEpsilon=false;AdaptiveAlpha=false;AdaptiveReward=false;Policy=QLearning;UseMacFeedback=true;DelayRef=0.01;HopByHop=true;UseRerrBump=true;
QMAODV,B_N40_pi025|QMAODV_eps0.02,3,40,39,0.25,512,5.0,0.85,1000.0,1000.0,300.0,16.0,0.0,0,0,0,3,200.0,30324,7359,0.242679,4.075754,59.536746,81.882934,76.93167,158763,7703362,193.850865,21.573991,0.0,0.0,0.0,0.0,0.0,0,0,0,0,0,0,0.0,0,5.241026,20.371795,38.325641,47166.525338,0.280108,74,2937,0,17675,21816,MaxPaths=3;Alpha0=0.5;Gamma=0.9;Epsilon0=0.02;RewardW1=0.6;RewardW2=0.4;RewardW3=0;RewardW4=0.2;AdaptiveEpsilon=false;AdaptiveAlpha=false;AdaptiveReward=false;Policy=QLearning;UseMacFeedback=true;DelayRef=0.01;HopByHop=true;UseRerrBump=true;
QMAODV,B_N40_pi025|QMAODV_eps0.02,4,40,39,0.25,512,5.0,0.85,1000.0,1000.0,300.0,16.0,0.0,0,0,0,3,200.0,30324,7663,0.252704,4.244123,30.97202,48.606738,41.734149,102903,4973884,120.199612,13.428553,0.0,0.0,0.0,0.0,0.0,0,0,0,0,0,0,0.0,0,4.730769,17.823077,38.138462,44585.861062,0.322946,103,2254,0,10021,21723,MaxPaths=3;Alpha0=0.5;Gamma=0.9;Epsilon0=0.02;RewardW1=0.6;RewardW2=0.4;RewardW3=0;RewardW4=0.2;AdaptiveEpsilon=false;AdaptiveAlpha=false;AdaptiveReward=false;Policy=QLearning;UseMacFeedback=true;DelayRef=0.01;HopByHop=true;UseRerrBump=true;
QMAODV,B_N40_pi025|QMAODV_eps0.02,5,40,39,0.25,512,5.0,0.85,1000.0,1000.0,300.0,16.0,0.0,0,0,0,3,200.0,30324,7915,0.261014,4.383692,80.428494,83.896338,61.240049,132289,6419280,150.190215,16.713708,0.0,0.0,0.0,0.0,0.0,0,0,0,0,0,0,0.0,0,5.14359,18.726923,38.091026,40699.174161,0.468243,88,3574,0,12470,21146,MaxPaths=3;Alpha0=0.5;Gamma=0.9;Epsilon0=0.02;RewardW1=0.6;RewardW2=0.4;RewardW3=0;RewardW4=0.2;AdaptiveEpsilon=false;AdaptiveAlpha=false;AdaptiveReward=false;Policy=QLearning;UseMacFeedback=true;DelayRef=0.01;HopByHop=true;UseRerrBump=true;
QMAODV,B_N40_pi025|QMAODV_eps0.02,6,40,39,0.25,512,5.0,0.85,1000.0,1000.0,300.0,16.0,0.0,0,0,0,3,200.0,30324,7988,0.263422,4.424123,40.848536,74.639624,50.04961,92838,4516776,104.712068,11.622183,0.0,0.0,0.0,0.0,0.0,0,0,0,0,0,0,0.0,0,4.673077,17.975641,37.770513,43873.434179,0.310051,71,1852,0,12985,21356,MaxPaths=3;Alpha0=0.5;Gamma=0.9;Epsilon0=0.02;RewardW1=0.6;RewardW2=0.4;RewardW3=0;RewardW4=0.2;AdaptiveEpsilon=false;AdaptiveAlpha=false;AdaptiveReward=false;Policy=QLearning;UseMacFeedback=true;DelayRef=0.01;HopByHop=true;UseRerrBump=true;
QMAODV,B_N40_pi025|QMAODV_eps0.02,7,40,39,0.25,512,5.0,0.85,1000.0,1000.0,300.0,16.0,0.0,0,0,0,3,200.0,30324,10161,0.335081,5.627631,63.077355,120.049194,79.785131,124654,6021364,109.739928,12.267887,0.0,0.0,0.0,0.0,0.0,0,0,0,0,0,0,0.0,0,4.529487,18.334615,38.108974,51157.007543,0.516258,101,2518,0,9609,19401,MaxPaths=3;Alpha0=0.5;Gamma=0.9;Epsilon0=0.02;RewardW1=0.6;RewardW2=0.4;RewardW3=0;RewardW4=0.2;AdaptiveEpsilon=false;AdaptiveAlpha=false;AdaptiveReward=false;Policy=QLearning;UseMacFeedback=true;DelayRef=0.01;HopByHop=true;UseRerrBump=true;
QMAODV,B_N40_pi025|QMAODV_eps0.02,8,40,39,0.25,512,5.0,0.85,1000.0,1000.0,300.0,16.0,0.0,0,0,0,3,200.0,30324,9112,0.300488,5.179453,45.130008,83.659553,52.098233,91687,4450280,90.444022,10.062226,0.0,0.0,0.0,0.0,0.0,0,0,0,0,0,0,0.0,0,4.987179,17.914103,37.753846,47125.491912,0.344051,121,1911,0,11222,20260,MaxPaths=3;Alpha0=0.5;Gamma=0.9;Epsilon0=0.02;RewardW1=0.6;RewardW2=0.4;RewardW3=0;RewardW4=0.2;AdaptiveEpsilon=false;AdaptiveAlpha=false;AdaptiveReward=false;Policy=QLearning;UseMacFeedback=true;DelayRef=0.01;HopByHop=true;UseRerrBump=true;
QMAODV,B_N40_pi025|QMAODV_eps0.02,9,40,39,0.25,512,5.0,0.85,1000.0,1000.0,300.0,16.0,0.0,0,0,0,3,200.0,30324,8370,0.276019,4.635692,79.360983,107.414859,93.079427,194230,9463494,209.378601,23.205496,0.0,0.0,0.0,0.0,0.0,0,0,0,0,0,0,0.0,0,4.867949,17.034615,38.008974,44543.640661,0.421448,124,4214,0,24440,20719,MaxPaths=3;Alpha0=0.5;Gamma=0.9;Epsilon0=0.02;RewardW1=0.6;RewardW2=0.4;RewardW3=0;RewardW4=0.2;AdaptiveEpsilon=false;AdaptiveAlpha=false;AdaptiveReward=false;Policy=QLearning;UseMacFeedback=true;DelayRef=0.01;HopByHop=true;UseRerrBump=true;
QMAODV,B_N40_pi025|QMAODV_eps0.1,1,40,39,0.25,512,5.0,0.85,1000.0,1000.0,300.0,16.0,0.0,0,0,0,3,200.0,30324,5523,0.182133,3.058892,105.287627,164.244924,140.477641,227703,11067142,371.079258,41.228137,0.0,0.0,0.0,0.0,0.0,0,0,0,0,0,0,0.0,0,5.021795,18.353846,37.830769,46973.135287,0.381051,136,5255,0,25481,23819,MaxPaths=3;Alpha0=0.5;Gamma=0.9;Epsilon0=0.1;RewardW1=0.6;RewardW2=0.4;RewardW3=0;RewardW4=0.2;AdaptiveEpsilon=false;AdaptiveAlpha=false;AdaptiveReward=false;Policy=QLearning;UseMacFeedback=true;DelayRef=0.01;HopByHop=true;UseRerrBump=true;
QMAODV,B_N40_pi025|QMAODV_eps0.1,10,40,39,0.25,512,5.0,0.85,1000.0,1000.0,300.0,16.0,0.0,0,0,0,3,200.0,30324,11069,0.365024,6.130523,58.155749,70.695093,58.205144,138551,6753342,112.983909,12.51703,0.0,0.0,0.0,0.0,0.0,0,0,0,0,0,0,0.0,0,4.180769,16.15,37.582051,44499.101968,0.533076,113,3187,0,15065,18370,MaxPaths=3;Alpha0=0.5;Gamma=0.9;Epsilon0=0.1;RewardW1=0.6;RewardW2=0.4;RewardW3=0;RewardW4=0.2;AdaptiveEpsilon=false;AdaptiveAlpha=false;AdaptiveReward=false;Policy=QLearning;UseMacFeedback=true;DelayRef=0.01;HopByHop=true;UseRerrBump=true;
QMAODV,B_N40_pi025|QMAODV_eps0.1,11,40,39,0.25,512,5.0,0.85,1000.0,1000.0,300.0,16.0,0.0,0,0,0,3,200.0,30324,13760,0.453766,7.620923,17.050975,33.003453,30.984988,38275,1828666,24.6106,2.781613,0.0,0.0,0.0,0.0,0.0,0,0,0,0,0,0,0.0,0,4.919231,17.382051,37.766667,43624.080201,0.419173,4,273,0,1477,15496,MaxPaths=3;Alpha0=0.5;Gamma=0.9;Epsilon0=0.1;RewardW1=0.6;RewardW2=0.4;RewardW3=0;RewardW4=0.2;AdaptiveEpsilon=false;AdaptiveAlpha=false;AdaptiveReward=false;Policy=QLearning;UseMacFeedback=true;DelayRef=0.01;HopByHop=true;UseRerrBump=true;
QMAODV,B_N40_pi025|QMAODV_eps0.1,12,40,39,0.25,512,5.0,0.85,1000.0,1000.0,300.0,16.0,0.0,0,0,0,3,200.0,30324,10743,0.354274,6.106547,30.150025,33.605554,31.283603,68760,3301460,56.909753,6.400447,0.0,0.0,0.0,0.0,0.0,0,0,0,0,0,0,0.0,0,5.139744,19.394872,38.239744,49553.615743,0.41139,89,1203,0,5941,18600,MaxPaths=3;Alpha0=0.5;Gamma=0.9;Epsilon0=0.1;RewardW1=0.6;RewardW2=0.4;RewardW3=0;RewardW4=0.2;AdaptiveEpsilon=false;AdaptiveAlpha=false;AdaptiveReward=false;Policy=QLearning;UseMacFeedback=true;DelayRef=0.01;HopByHop=true;UseRerrBump=true;
QMAODV,B_N40_pi025|QMAODV_eps0.1,13,40,39,0.25,512,5.0,0.85,1000.0,1000.0,300.0,16.0,0.0,0,0,0,3,200.0,30324,9114,0.300554,5.047754,60.816735,118.565016,93.459494,129935,6307388,128.158308,14.256638,0.0,0.0,0.0,0.0,0.0,0,0,0,0,0,0,0.0,0,5.116667,19.062821,38.3,48813.335603,0.331619,38,2928,0,18090,20135,MaxPaths=3;Alpha0=0.5;Gamma=0.9;Epsilon0=0.1;RewardW1=0.6;RewardW2=0.4;RewardW3=0;RewardW4=0.2;AdaptiveEpsilon=false;AdaptiveAlpha=false;AdaptiveReward=false;Policy=QLearning;UseMacFeedback=true;DelayRef=0.01;HopByHop=true;UseRerrBump=true;
QMAODV,B_N40_pi025|QMAODV_eps0.1,14,40,39,0.25,512,5.0,0.85,1000.0,1000.0,300.0,16.0,0.0,0,0,0,3,200.0,30324,9756,0.321725,5.403323,40.614206,47.87991,41.837345,80017,3872950,73.515064,8.201825,0.0,0.0,0.0,0.0,0.0,0,0,0,0,0,0,0.0,0,4.50641,16.624359,37.552564,46582.542217,0.532911,102,2115,0,5540,19669,MaxPaths=3;Alpha0=0.5;Gamma=0.9;Epsilon0=0.1;RewardW1=0.6;RewardW2=0.4;RewardW3=0;RewardW4=0.2;AdaptiveEpsilon=false;AdaptiveAlpha=false;AdaptiveReward=false;Policy=QLearning;UseMacFeedback=true;DelayRef=0.01;HopByHop=true;UseRerrBump=true;
QMAODV,B_N40_pi025|QMAODV_eps0.1,15,40,39,0.25,512,5.0,0.85,1000.0,1000.0,300.0,16.0,0.0,0,0,0,3,200.0,30324,11831,0.390153,6.552554,18.187507,40.664409,29.918239,55065,2660762,41.64768,4.654298,0.0,0.0,0.0,0.0,0.0,0,0,0,0,0,0,0.0,0,4.205128,17.779487,37.776923,46198.242591,0.370664,25,1275,0,5687,17705,MaxPaths=3;Alpha0=0.5;Gamma=0.9;Epsilon0=0.1;RewardW1=0.6;RewardW2=0.4;RewardW3=0;RewardW4=0.2;AdaptiveEpsilon=false;AdaptiveAlpha=false;AdaptiveReward=false;Policy=QLearning;UseMacFeedback=true;DelayRef=0.01;HopByHop=true;UseRerrBump=true;
QMAODV,B_N40_pi025|QMAODV_eps0.1,16,40,39,0.25,512,5.0,0.85,1000.0,1000.0,300.0,16.0,0.0,0,0,0,3,200.0,30324,11668,0.384778,6.462277,21.186129,38.85847,31.324444,93594,4560662,72.383188,8.021426,0.0,0.0,0.0,0.0,0.0,0,0,0,0,0,0,0.0,0,4.392308,17.798718,37.935897,47891.422584,0.479191,41,1658,0,12566,17714,MaxPaths=3;Alpha0=0.5;Gamma=0.9;Epsilon0=0.1;RewardW1=0.6;RewardW2=0.4;RewardW3=0;RewardW4=0.2;AdaptiveEpsilon=false;AdaptiveAlpha=false;AdaptiveReward=false;Policy=QLearning;UseMacFeedback=true;DelayRef=0.01;HopByHop=true;UseRerrBump=true;
QMAODV,B_N40_pi025|QMAODV_eps0.1,17,40,39,0.25,512,5.0,0.85,1000.0,1000.0,300.0,16.0,0.0,0,0,0,3,200.0,30324,8603,0.283703,4.764738,35.238821,53.367201,54.310769,69846,3352206,72.15842,8.118796,0.0,0.0,0.0,0.0,0.0,0,0,0,0,0,0,0.0,0,4.794872,17.575641,38.305128,42102.914699,0.366442,61,1204,0,5632,20518,MaxPaths=3;Alpha0=0.5;Gamma=0.9;Epsilon0=0.1;RewardW1=0.6;RewardW2=0.4;RewardW3=0;RewardW4=0.2;AdaptiveEpsilon=false;AdaptiveAlpha=false;AdaptiveReward=false;Policy=QLearning;UseMacFeedback=true;DelayRef=0.01;HopByHop=true;UseRerrBump=true;
QMAODV,B_N40_pi025|QMAODV_eps0.1,18,40,39,0.25,512,5.0,0.85,1000.0,1000.0,300.0,16.0,0.0,0,0,0,3,200.0,30324,10017,0.330332,5.547877,30.020944,34.747383,29.698511,95513,4645558,85.882851,9.53509,0.0,0.0,0.0,0.0,0.0,0,0,0,0,0,0,0.0,0,4.542308,17.075641,37.641026,45453.021689,0.425636,54,2280,0,9373,19310,MaxPaths=3;Alpha0=0.5;Gamma=0.9;Epsilon0=0.1;RewardW1=0.6;RewardW2=0.4;RewardW3=0;RewardW4=0.2;AdaptiveEpsilon=false;AdaptiveAlpha=false;AdaptiveReward=false;Policy=QLearning;UseMacFeedback=true;DelayRef=0.01;HopByHop=true;UseRerrBump=true;
QMAODV,B_N40_pi025|QMAODV_eps0.1,19,40,39,0.25,512,5.0,0.85,1000.0,1000.0,300.0,16.0,0.0,0,0,0,3,200.0,30324,15476,0.510355,8.571323,18.859212,22.952723,21.661923,41490,1996072,23.884916,2.680925,0.0,0.0,0.0,0.0,0.0,0,0,0,0,0,0,0.0,0,4.292308,17.108974,38.266667,42351.729677,0.591808,5,764,0,2635,14090,MaxPaths=3;Alpha0=0.5;Gamma=0.9;Epsilon0=0.1;RewardW1=0.6;RewardW2=0.4;RewardW3=0;RewardW4=0.2;AdaptiveEpsilon=false;AdaptiveAlpha=false;AdaptiveReward=false;Policy=QLearning;UseMacFeedback=true;DelayRef=0.01;HopByHop=true;UseRerrBump=true;
QMAODV,B_N40_pi025|QMAODV_eps0.1,2,40,39,0.25,512,5.0,0.85,1000.0,1000.0,300.0,16.0,0.0,0,0,0,3,200.0,30324,9758,0.321791,5.404431,22.370494,44.462455,41.71141,56228,2706322,51.359986,5.762246,0.0,0.0,0.0,0.0,0.0,0,0,0,0,0,0,0.0,0,5.25641,18.221795,37.553846,46473.394556,0.393846,21,839,0,5686,19330,MaxPaths=3;Alpha0=0.5;Gamma=0.9;Epsilon0=0.1;RewardW1=0.6;RewardW2=0.4;RewardW3=0;RewardW4=0.2;AdaptiveEpsilon=false;AdaptiveAlpha=false;AdaptiveReward=false;Policy=QLearning;UseMacFeedback=true;DelayRef=0.01;HopByHop=true;UseRerrBump=true;
QMAODV,B_N40_pi025|QMAODV_eps0.1,20,40,39,0.25,512,5.0,0.85,1000.0,1000.0,300.0,16.0,0.0,0,0,0,3,200.0,30324,7754,0.255705,4.294523,48.06412,95.724444,94.256716,100699,4883694,116.634998,12.986717,0.0,0.0,0.0,0.0,0.0,0,0,0,0,0,0,0.0,0,4.580769,18.165385,38.025641,47717.008467,0.288023,80,1935,0,12955,21410,MaxPaths=3;Alpha0=0.5;Gamma=0.9;Epsilon0=0.1;RewardW1=0.6;RewardW2=0.4;RewardW3=0;RewardW4=0.2;AdaptiveEpsilon=false;AdaptiveAlpha=false;AdaptiveReward=false;Policy=QLearning;UseMacFeedback=true;DelayRef=0.01;HopByHop=true;UseRerrBump=true;
QMAODV,B_N40_pi025|QMAODV_eps0.1,3,40,39,0.25,512,5.0,0.85,1000.0,1000.0,300.0,16.0,0.0,0,0,0,3,200.0,30324,5422,0.178802,3.002954,98.665813,127.699601,112.792644,190597,9280776,316.979384,35.152527,0.0,0.0,0.0,0.0,0.0,0,0,0,0,0,0,0.0,0,5.241026,20.371795,38.325641,47166.525338,0.250923,128,3973,0,27503,23614,MaxPaths=3;Alpha0=0.5;Gamma=0.9;Epsilon0=0.1;RewardW1=0.6;RewardW2=0.4;RewardW3=0;RewardW4=0.2;AdaptiveEpsilon=false;AdaptiveAlpha=false;AdaptiveReward=false;Policy=QLearning;UseMacFeedback=true;DelayRef=0.01;HopByHop=true;UseRerrBump=true;
QMAODV,B_N40_pi025|QMAODV_eps0.1,4,40,39,0.25,512,5.0,0.85,1000.0,1000.0,300.0,16.0,0.0,0,0,0,3,200.0,30324,8248,0.271996,4.568123,30.605698,100.761053,111.574303,71179,3438452,77.200578,8.62985,0.0,0.0,0.0,0.0,0.0,0,0,0,0,0,0,0.0,0,4.730769,17.823077,38.138462,44585.861062,0.400046,40,1633,0,7630,20955,MaxPaths=3;Alpha0=0.5;Gamma=0.9;Epsilon0=0.1;RewardW1=0.6;RewardW2=0.4;RewardW3=0;RewardW4=0.2;AdaptiveEpsilon=false;AdaptiveAlpha=false;AdaptiveReward=false;Policy=QLearning;UseMacFeedback=true;DelayRef=0.01;HopByHop=true;UseRerrBump=true;
QMAODV,B_N40_pi025|QMAODV_eps0.1,5,40,39,0.25,512,5.0,0.85,1000.0,1000.0,300.0,16.0,0.0,0,0,0,3,200.0,30324,8313,0.274139,4.604123,44.802464,77.756026,67.414118,153584,7476388,166.548333,18.475159,0.0,0.0,0.0,0.0,0.0,0,0,0,0,0,0,0.0,0,5.14359,18.726923,38.091026,40699.174161,0.308633,28,4328,0,16191,20904,MaxPaths=3;Alpha0=0.5;Gamma=0.9;Epsilon0=0.1;RewardW1=0.6;RewardW2=0.4;RewardW3=0;RewardW4=0.2;AdaptiveEpsilon=false;AdaptiveAlpha=false;AdaptiveReward=false;Policy=QLearning;UseMacFeedback=true;DelayRef=0.01;HopByHop=true;UseRerrBump=true;
QMAODV,B_N40_pi025|QMAODV_eps0.1,6,40,39,0.25,512,5.0,0.85,1000.0,1000.0,300.0,16.0,0.0,0,0,0,3,200.0,30324,9254,0.305171,5.125292,46.223878,94.385425,85.891399,60082,2891198,57.856823,6.492544,0.0,0.0,0.0,0.0,0.0,0,0,0,0,0,0,0.0,0,4.673077,17.975641,37.770513,43873.434179,0.524568,287,1771,0,3196,20287,MaxPaths=3;Alpha0=0.5;Gamma=0.9;Epsilon0=0.1;RewardW1=0.6;RewardW2=0.4;RewardW3=0;RewardW4=0.2;AdaptiveEpsilon=false;AdaptiveAlpha=false;AdaptiveReward=false;Policy=QLearning;UseMacFeedback=true;DelayRef=0.01;HopByHop=true;UseRerrBump=true;
QMAODV,B_N40_pi025|QMAODV_eps0.1,7,40,39,0.25,512,5.0,0.85,1000.0,1000.0,300.0,16.0,0.0,0,0,0,3,200.0,30324,9497,0.313184,5.259877,97.147637,133.226528,88.377401,164226,7961650,155.246881,17.292408,0.0,0.0,0.0,0.0,0.0,0,0,0,0,0,0,0.0,0,4.529487,18.334615,38.108974,51157.007543,0.58307,90,3141,0,17541,19823,MaxPaths=3;Alpha0=0.5;Gamma=0.9;Epsilon0=0.1;RewardW1=0.6;RewardW2=0.4;RewardW3=0;RewardW4=0.2;AdaptiveEpsilon=false;AdaptiveAlpha=false;AdaptiveReward=false;Policy=QLearning;UseMacFeedback=true;DelayRef=0.01;HopByHop=true;UseRerrBump=true;
QMAODV,B_N40_pi025|QMAODV_eps0.1,8,40,39,0.25,512,5.0,0.85,1000.0,1000.0,300.0,16.0,0.0,0,0,0,3,200.0,30324,6332,0.208812,3.506954,38.38017,93.000186,86.213195,79206,3847482,112.523163,12.508844,0.0,0.0,0.0,0.0,0.0,0,0,0,0,0,0,0.0,0,4.987179,17.914103,37.753846,47125.491912,0.142692,59,1547,0,10981,22987,MaxPaths=3;Alpha0=0.5;Gamma=0.9;Epsilon0=0.1;RewardW1=0.6;RewardW2=0.4;RewardW3=0;RewardW4=0.2;AdaptiveEpsilon=false;AdaptiveAlpha=false;AdaptiveReward=false;Policy=QLearning;UseMacFeedback=true;DelayRef=0.01;HopByHop=true;UseRerrBump=true;
QMAODV,B_N40_pi025|QMAODV_eps0.1,9,40,39,0.25,512,5.0,0.85,1000.0,1000.0,300.0,16.0,0.0,0,0,0,3,200.0,30324,9460,0.311964,5.239385,42.597532,78.203673,59.912751,148071,7207244,141.086133,15.652326,0.0,0.0,0.0,0.0,0.0,0,0,0,0,0,0,0.0,0,4.867949,17.034615,38.008974,44543.640661,0.447467,139,3504,0,18060,19521,MaxPaths=3;Alpha0=0.5;Gamma=0.9;Epsilon0=0.1;RewardW1=0.6;RewardW2=0.4;RewardW3=0;RewardW4=0.2;AdaptiveEpsilon=false;AdaptiveAlpha=false;AdaptiveReward=false;Policy=QLearning;UseMacFeedback=true;DelayRef=0.01;HopByHop=true;UseRerrBump=true;
QMAODV,B_N40_pi025|QMAODV,1,40,39,0.25,512,5.0,0.85,1000.0,1000.0,300.0,16.0,0.0,0,0,0,3,200.0,30324,5961,0.196577,3.301477,58.361158,64.983898,67.348515,194753,9548306,296.62889,32.671196,0.0,0.0,0.0,0.0,0.0,0,0,0,0,0,0,0.0,0,5.021795,18.353846,37.830769,46973.135287,0.335114,2,4479,0,26861,23323,MaxPaths=3;Alpha0=0.5;Gamma=0.9;Epsilon0=0.5;RewardW1=0.6;RewardW2=0.4;RewardW3=0;RewardW4=0.2;AdaptiveEpsilon=false;AdaptiveAlpha=false;AdaptiveReward=false;Policy=QLearning;UseMacFeedback=true;DelayRef=0.01;HopByHop=true;UseRerrBump=true;
QMAODV,B_N40_pi025|QMAODV,10,40,39,0.25,512,5.0,0.85,1000.0,1000.0,300.0,16.0,0.0,0,0,0,3,200.0,30324,11698,0.385767,6.478892,22.80693,64.571025,63.255817,82208,4003814,63.382376,7.027526,0.0,0.0,0.0,0.0,0.0,0,0,0,0,0,0,0.0,0,4.180769,16.15,37.582051,44499.101968,0.355593,1,1738,0,8441,17573,MaxPaths=3;Alpha0=0.5;Gamma=0.9;Epsilon0=0.5;RewardW1=0.6;RewardW2=0.4;RewardW3=0;RewardW4=0.2;AdaptiveEpsilon=false;AdaptiveAlpha=false;AdaptiveReward=false;Policy=QLearning;UseMacFeedback=true;DelayRef=0.01;HopByHop=true;UseRerrBump=true;
QMAODV,B_N40_pi025|QMAODV,11,40,39,0.25,512,5.0,0.85,1000.0,1000.0,300.0,16.0,0.0,0,0,0,3,200.0,30324,12615,0.416007,6.986769,34.943948,54.922116,51.977965,92777,4495220,65.988755,7.354499,0.0,0.0,0.0,0.0,0.0,0,0,0,0,0,0,0.0,0,4.919231,17.382051,37.766667,43624.080201,0.644341,426,1962,0,8008,16870,MaxPaths=3;Alpha0=0.5;Gamma=0.9;Epsilon0=0.5;RewardW1=0.6;RewardW2=0.4;RewardW3=0;RewardW4=0.2;AdaptiveEpsilon=false;AdaptiveAlpha=false;AdaptiveReward=false;Policy=QLearning;UseMacFeedback=true;DelayRef=0.01;HopByHop=true;UseRerrBump=true;
QMAODV,B_N40_pi025|QMAODV,12,40,39,0.25,512,5.0,0.85,1000.0,1000.0,300.0,16.0,0.0,0,0,0,3,200.0,30324,10976,0.361958,6.079015,29.382615,47.080778,44.006165,61495,2987066,50.397264,5.602679,0.0,0.0,0.0,0.0,0.0,0,0,0,0,0,0,0.0,0,5.139744,19.394872,38.239744,49553.615743,0.385338,0,923,0,8242,18522,MaxPaths=3;Alpha0=0.5;Gamma=0.9;Epsilon0=0.5;RewardW1=0.6;RewardW2=0.4;RewardW3=0;RewardW4=0.2;AdaptiveEpsilon=false;AdaptiveAlpha=false;AdaptiveReward=false;Policy=QLearning;UseMacFeedback=true;DelayRef=0.01;HopByHop=true;UseRerrBump=true;
QMAODV,B_N40_pi025|QMAODV,13,40,39,0.25,512,5.0,0.85,1000.0,1000.0,300.0,16.0,0.0,0,0,0,3,200.0,30324,11006,0.362947,6.256042,33.856118,137.296515,68.913854,77287,3753344,63.153162,7.022261,0.0,0.0,0.0,0.0,0.0,0,0,0,0,0,0,0.0,0,5.116667,19.062821,38.3,48813.335603,0.421349,0,1801,0,10900,18438,MaxPaths=3;Alpha0=0.5;Gamma=0.9;Epsilon0=0.5;RewardW1=0.6;RewardW2=0.4;RewardW3=0;RewardW4=0.2;AdaptiveEpsilon=false;AdaptiveAlpha=false;AdaptiveReward=false;Policy=QLearning;UseMacFeedback=true;DelayRef=0.01;HopByHop=true;UseRerrBump=true;
QMAODV,B_N40_pi025|QMAODV,14,40,39,0.25,512,5.0,0.85,1000.0,1000.0,300.0,16.0,0.0,0,0,0,3,200.0,30324,8984,0.296267,4.975754,27.354942,54.544325,46.228084,57156,2779464,57.292471,6.361977,0.0,0.0,0.0,0.0,0.0,0,0,0,0,0,0,0.0,0,4.50641,16.624359,37.552564,46582.542217,0.389032,2,1174,0,4802,20208,MaxPaths=3;Alpha0=0.5;Gamma=0.9;Epsilon0=0.5;RewardW1=0.6;RewardW2=0.4;RewardW3=0;RewardW4=0.2;AdaptiveEpsilon=false;AdaptiveAlpha=false;AdaptiveReward=false;Policy=QLearning;UseMacFeedback=true;DelayRef=0.01;HopByHop=true;UseRerrBump=true;
QMAODV,B_N40_pi025|QMAODV,15,40,39,0.25,512,5.0,0.85,1000.0,1000.0,300.0,16.0,0.0,0,0,0,3,200.0,30324,10516,0.346788,5.824246,34.731036,55.825425,45.861165,113930,5595602,98.537713,10.833967,0.0,0.0,0.0,0.0,0.0,0,0,0,0,0,0,0.0,0,4.205128,17.779487,37.776923,46198.242591,0.25122,0,2118,0,16410,18840,MaxPaths=3;Alpha0=0.5;Gamma=0.9;Epsilon0=0.5;RewardW1=0.6;RewardW2=0.4;RewardW3=0;RewardW4=0.2;AdaptiveEpsilon=false;AdaptiveAlpha=false;AdaptiveReward=false;Policy=QLearning;UseMacFeedback=true;DelayRef=0.01;HopByHop=true;UseRerrBump=true;
QMAODV,B_N40_pi025|QMAODV,16,40,39,0.25,512,5.0,0.85,1000.0,1000.0,300.0,16.0,0.0,0,0,0,3,200.0,30324,8591,0.283307,4.758092,61.779436,82.912189,84.661215,159205,7760040,167.273245,18.531603,0.0,0.0,0.0,0.0,0.0,0,0,0,0,0,0,0.0,0,4.392308,17.798718,37.935897,47891.422584,0.4537,1,3009,0,20645,20937,MaxPaths=3;Alpha0=0.5;Gamma=0.9;Epsilon0=0.5;RewardW1=0.6;RewardW2=0.4;RewardW3=0;RewardW4=0.2;AdaptiveEpsilon=false;AdaptiveAlpha=false;AdaptiveReward=false;Policy=QLearning;UseMacFeedback=true;DelayRef=0.01;HopByHop=true;UseRerrBump=true;
QMAODV,B_N40_pi025|QMAODV,17,40,39,0.25,512,5.0,0.85,1000.0,1000.0,300.0,16.0,0.0,0,0,0,3,200.0,30324,8982,0.296201,4.974646,24.988666,57.748667,52.405371,71663,3501930,72.200574,7.978513,0.0,0.0,0.0,0.0,0.0,0,0,0,0,0,0,0.0,0,4.794872,17.575641,38.305128,42102.914699,0.26385,0,1531,0,10125,20283,MaxPaths=3;Alpha0=0.5;Gamma=0.9;Epsilon0=0.5;RewardW1=0.6;RewardW2=0.4;RewardW3=0;RewardW4=0.2;AdaptiveEpsilon=false;AdaptiveAlpha=false;AdaptiveReward=false;Policy=QLearning;UseMacFeedback=true;DelayRef=0.01;HopByHop=true;UseRerrBump=true;
QMAODV,B_N40_pi025|QMAODV,18,40,39,0.25,512,5.0,0.85,1000.0,1000.0,300.0,16.0,0.0,0,0,0,3,200.0,30324,5887,0.194137,3.260492,33.568099,55.575805,61.223886,127452,6250780,196.628478,21.649737,0.0,0.0,0.0,0.0,0.0,0,0,0,0,0,0,0.0,0,4.542308,17.075641,37.641026,45453.021689,0.197204,1,2935,0,16772,23496,MaxPaths=3;Alpha0=0.5;Gamma=0.9;Epsilon0=0.5;RewardW1=0.6;RewardW2=0.4;RewardW3=0;RewardW4=0.2;AdaptiveEpsilon=false;AdaptiveAlpha=false;AdaptiveReward=false;Policy=QLearning;UseMacFeedback=true;DelayRef=0.01;HopByHop=true;UseRerrBump=true;
QMAODV,B_N40_pi025|QMAODV,19,40,39,0.25,512,5.0,0.85,1000.0,1000.0,300.0,16.0,0.0,0,0,0,3,200.0,30324,12217,0.402882,6.766338,32.3782,107.987745,44.637755,88941,4341894,65.814393,7.280101,0.0,0.0,0.0,0.0,0.0,0,0,0,0,0,0,0.0,0,4.292308,17.108974,38.266667,42351.729677,0.342138,0,1770,0,11190,17368,MaxPaths=3;Alpha0=0.5;Gamma=0.9;Epsilon0=0.5;RewardW1=0.6;RewardW2=0.4;RewardW3=0;RewardW4=0.2;AdaptiveEpsilon=false;AdaptiveAlpha=false;AdaptiveReward=false;Policy=QLearning;UseMacFeedback=true;DelayRef=0.01;HopByHop=true;UseRerrBump=true;
QMAODV,B_N40_pi025|QMAODV,2,40,39,0.25,512,5.0,0.85,1000.0,1000.0,300.0,16.0,0.0,0,0,0,3,200.0,30324,7070,0.233149,3.915692,57.48373,168.558029,80.246229,154464,7578370,198.500969,21.847808,0.0,0.0,0.0,0.0,0.0,0,0,0,0,0,0,0.0,0,5.25641,18.221795,37.553846,46473.394556,0.267181,0,3667,0,28458,22189,MaxPaths=3;Alpha0=0.5;Gamma=0.9;Epsilon0=0.5;RewardW1=0.6;RewardW2=0.4;RewardW3=0;RewardW4=0.2;AdaptiveEpsilon=false;AdaptiveAlpha=false;AdaptiveReward=false;Policy=QLearning;UseMacFeedback=true;DelayRef=0.01;HopByHop=true;UseRerrBump=true;
QMAODV,B_N40_pi025|QMAODV,20,40,39,0.25,512,5.0,0.85,1000.0,1000.0,300.0,16.0,0.0,0,0,0,3,200.0,30324,8074,0.266258,4.471754,62.709089,74.633065,69.391805,166179,8148064,186.883916,20.581992,0.0,0.0,0.0,0.0,0.0,0,0,0,0,0,0,0.0,0,4.580769,18.165385,38.025641,47717.008467,0.376566,17,3075,0,25781,21194,MaxPaths=3;Alpha0=0.5;Gamma=0.9;Epsilon0=0.5;RewardW1=0.6;RewardW2=0.4;RewardW3=0;RewardW4=0.2;AdaptiveEpsilon=false;AdaptiveAlpha=false;AdaptiveReward=false;Policy=QLearning;UseMacFeedback=true;DelayRef=0.01;HopByHop=true;UseRerrBump=true;
QMAODV,B_N40_pi025|QMAODV,3,40,39,0.25,512,5.0,0.85,1000.0,1000.0,300.0,16.0,0.0,0,0,0,3,200.0,30324,6173,0.203568,3.418892,49.261502,60.421988,64.926982,175697,8561440,256.836522,28.462174,0.0,0.0,0.0,0.0,0.0,0,0,0,0,0,0,0.0,0,5.241026,20.371795,38.325641,47166.525338,0.294552,46,3654,0,26384,23089,MaxPaths=3;Alpha0=0.5;Gamma=0.9;Epsilon0=0.5;RewardW1=0.6;RewardW2=0.4;RewardW3=0;RewardW4=0.2;AdaptiveEpsilon=false;AdaptiveAlpha=false;AdaptiveReward=false;Policy=QLearning;UseMacFeedback=true;DelayRef=0.01;HopByHop=true;UseRerrBump=true;
QMAODV,B_N40_pi025|QMAODV,4,40,39,0.25,512,5.0,0.85,1000.0,1000.0,300.0,16.0,0.0,0,0,0,3,200.0,30324,5423,0.178835,3.003508,45.197093,64.297154,69.653688,133367,6475124,221.113228,24.592845,0.0,0.0,0.0,0.0,0.0,0,0,0,0,0,0,0.0,0,4.730769,17.823077,38.138462,44585.861062,0.26817,0,2493,0,14219,23724,MaxPaths=3;Alpha0=0.5;Gamma=0.9;Epsilon0=0.5;RewardW1=0.6;RewardW2=0.4;RewardW3=0;RewardW4=0.2;AdaptiveEpsilon=false;AdaptiveAlpha=false;AdaptiveReward=false;Policy=QLearning;UseMacFeedback=true;DelayRef=0.01;HopByHop=true;UseRerrBump=true;
QMAODV,B_N40_pi025|QMAODV,5,40,39,0.25,512,5.0,0.85,1000.0,1000.0,300.0,16.0,0.0,0,0,0,3,200.0,30324,10368,0.341907,5.742277,22.430544,44.236964,35.125307,84188,4108546,73.383666,8.119985,0.0,0.0,0.0,0.0,0.0,0,0,0,0,0,0,0.0,0,5.14359,18.726923,38.091026,40699.174161,0.400178,2,2732,0,8200,19127,MaxPaths=3;Alpha0=0.5;Gamma=0.9;Epsilon0=0.5;RewardW1=0.6;RewardW2=0.4;RewardW3=0;RewardW4=0.2;AdaptiveEpsilon=false;AdaptiveAlpha=false;AdaptiveReward=false;Policy=QLearning;UseMacFeedback=true;DelayRef=0.01;HopByHop=true;UseRerrBump=true;
QMAODV,B_N40_pi025|QMAODV,6,40,39,0.25,512,5.0,0.85,1000.0,1000.0,300.0,16.0,0.0,0,0,0,3,200.0,30324,7274,0.239876,4.028677,24.581368,69.762369,72.351148,45357,2180606,55.514975,6.235496,0.0,0.0,0.0,0.0,0.0,0,0,0,0,0,0,0.0,0,4.673077,17.975641,37.770513,43873.434179,0.310381,43,974,0,2145,21850,MaxPaths=3;Alpha0=0.5;Gamma=0.9;Epsilon0=0.5;RewardW1=0.6;RewardW2=0.4;RewardW3=0;RewardW4=0.2;AdaptiveEpsilon=false;AdaptiveAlpha=false;AdaptiveReward=false;Policy=QLearning;UseMacFeedback=true;DelayRef=0.01;HopByHop=true;UseRerrBump=true;
QMAODV,B_N40_pi025|QMAODV,7,40,39,0.25,512,5.0,0.85,1000.0,1000.0,300.0,16.0,0.0,0,0,0,3,200.0,30324,8954,0.295278,4.959138,98.513164,141.037126,132.520484,150908,7352302,152.059125,16.853697,0.0,0.0,0.0,0.0,0.0,0,0,0,0,0,0,0.0,0,4.529487,18.334615,38.108974,51157.007543,0.546992,0,3534,0,17156,20567,MaxPaths=3;Alpha0=0.5;Gamma=0.9;Epsilon0=0.5;RewardW1=0.6;RewardW2=0.4;RewardW3=0;RewardW4=0.2;AdaptiveEpsilon=false;AdaptiveAlpha=false;AdaptiveReward=false;Policy=QLearning;UseMacFeedback=true;DelayRef=0.01;HopByHop=true;UseRerrBump=true;
QMAODV,B_N40_pi025|QMAODV,8,40,39,0.25,512,5.0,0.85,1000.0,1000.0,300.0,16.0,0.0,0,0,0,3,200.0,30324,7206,0.237634,4.096042,24.993815,57.766244,50.963461,66180,3227638,82.946259,9.184013,0.0,0.0,0.0,0.0,0.0,0,0,0,0,0,0,0.0,0,4.987179,17.914103,37.753846,47125.491912,0.146913,0,1154,0,10110,22159,MaxPaths=3;Alpha0=0.5;Gamma=0.9;Epsilon0=0.5;RewardW1=0.6;RewardW2=0.4;RewardW3=0;RewardW4=0.2;AdaptiveEpsilon=false;AdaptiveAlpha=false;AdaptiveReward=false;Policy=QLearning;UseMacFeedback=true;DelayRef=0.01;HopByHop=true;UseRerrBump=true;
QMAODV,B_N40_pi025|QMAODV,9,40,39,0.25,512,5.0,0.85,1000.0,1000.0,300.0,16.0,0.0,0,0,0,3,200.0,30324,7525,0.248153,4.167692,49.953051,110.913158,109.964005,81042,3964180,97.555802,10.769701,0.0,0.0,0.0,0.0,0.0,0,0,0,0,0,0,0.0,0,4.867949,17.034615,38.008974,44543.640661,0.235127,2,1571,0,12932,21523,MaxPaths=3;Alpha0=0.5;Gamma=0.9;Epsilon0=0.5;RewardW1=0.6;RewardW2=0.4;RewardW3=0;RewardW4=0.2;AdaptiveEpsilon=false;AdaptiveAlpha=false;AdaptiveReward=false;Policy=QLearning;UseMacFeedback=true;DelayRef=0.01;HopByHop=true;UseRerrBump=true;
QMAODV,B_N40_pi025|QMAODV_srconly,1,40,39,0.25,512,5.0,0.85,1000.0,1000.0,300.0,16.0,0.0,0,0,0,3,200.0,30324,9644,0.318032,5.341292,33.30965,98.576616,76.026903,89738,4360350,83.727937,9.30506,0.0,0.0,0.0,0.0,0.0,0,0,0,0,0,0,0.0,0,5.021795,18.353846,37.830769,46973.135287,0.273645,32,1568,0,13754,19704,MaxPaths=3;Alpha0=0.5;Gamma=0.9;Epsilon0=0.5;RewardW1=0.6;RewardW2=0.4;RewardW3=0;RewardW4=0.2;AdaptiveEpsilon=false;AdaptiveAlpha=false;AdaptiveReward=false;Policy=QLearning;UseMacFeedback=true;DelayRef=0.01;HopByHop=false;UseRerrBump=true;
QMAODV,B_N40_pi025|QMAODV_srconly,10,40,39,0.25,512,5.0,0.85,1000.0,1000.0,300.0,16.0,0.0,0,0,0,3,200.0,30324,10453,0.34471,5.789354,35.588378,62.478008,53.326783,97538,4737414,83.927953,9.331101,0.0,0.0,0.0,0.0,0.0,0,0,0,0,0,0,0.0,0,4.180769,16.15,37.582051,44499.101968,0.324495,0,2022,0,9490,18658,MaxPaths=3;Alpha0=0.5;Gamma=0.9;Epsilon0=0.5;RewardW1=0.6;RewardW2=0.4;RewardW3=0;RewardW4=0.2;AdaptiveEpsilon=false;AdaptiveAlpha=false;AdaptiveReward=false;Policy=QLearning;UseMacFeedback=true;DelayRef=0.01;HopByHop=false;UseRerrBump=true;
QMAODV,B_N40_pi025|QMAODV_srconly,11,40,39,0.25,512,5.0,0.85,1000.0,1000.0,300.0,16.0,0.0,0,0,0,3,200.0,30324,14339,0.47286,7.9416,27.584023,48.586926,46.725345,74556,3591126,46.378641,5.199526,0.0,0.0,0.0,0.0,0.0,0,0,0,0,0,0,0.0,0,4.919231,17.382051,37.766667,43624.080201,0.51606,2,823,0,4157,15231,MaxPaths=3;Alpha0=0.5;Gamma=0.9;Epsilon0=0.5;RewardW1=0.6;RewardW2=0.4;RewardW3=0;RewardW4=0.2;AdaptiveEpsilon=false;AdaptiveAlpha=false;AdaptiveReward=false;Policy=QLearning;UseMacFeedback=true;DelayRef=0.01;HopByHop=false;UseRerrBump=true;
QMAODV,B_N40_pi025|QMAODV_srconly,12,40,39,0.25,512,5.0,0.85,1000.0,1000.0,300.0,16.0,0.0,0,0,0,3,200.0,30324,8455,0.278822,4.806,100.245208,120.708342,91.511344,179050,8705914,190.680816,21.176818,0.0,0.0,0.0,0.0,0.0,0,0,0,0,0,0,0.0,0,5.139744,19.394872,38.239744,49553.615743,0.255144,0,3176,0,25190,20775,MaxPaths=3;Alpha0=0.5;Gamma=0.9;Epsilon0=0.5;RewardW1=0.6;RewardW2=0.4;RewardW3=0;RewardW4=0.2;AdaptiveEpsilon=false;AdaptiveAlpha=false;AdaptiveReward=false;Policy=QLearning;UseMacFeedback=true;DelayRef=0.01;HopByHop=false;UseRerrBump=true;
QMAODV,B_N40_pi025|QMAODV_srconly,13,40,39,0.25,512,5.0,0.85,1000.0,1000.0,300.0,16.0,0.0,0,0,0,3,200.0,30324,13338,0.43985,7.3872,33.465217,53.795101,43.368003,85387,4138698,57.461805,6.401784,0.0,0.0,0.0,0.0,0.0,0,0,0,0,0,0,0.0,0,5.116667,19.062821,38.3,48813.335603,0.469496,0,1200,0,10779,16392,MaxPaths=3;Alpha0=0.5;Gamma=0.9;Epsilon0=0.5;RewardW1=0.6;RewardW2=0.4;RewardW3=0;RewardW4=0.2;AdaptiveEpsilon=false;AdaptiveAlpha=false;AdaptiveReward=false;Policy=QLearning;UseMacFeedback=true;DelayRef=0.01;HopByHop=false;UseRerrBump=true;
QMAODV,B_N40_pi025|QMAODV_srconly,14,40,39,0.25,512,5.0,0.85,1000.0,1000.0,300.0,16.0,0.0,0,0,0,3,200.0,30324,7577,0.249868,4.42333,21.597385,98.922332,45.700707,35869,1717086,41.966331,4.733932,0.0,0.0,0.0,0.0,0.0,0,0,0,0,0,0,0.0,0,4.50641,16.624359,37.552564,46582.542217,0.221475,0,227,0,1033,21551,MaxPaths=3;Alpha0=0.5;Gamma=0.9;Epsilon0=0.5;RewardW1=0.6;RewardW2=0.4;RewardW3=0;RewardW4=0.2;AdaptiveEpsilon=false;AdaptiveAlpha=false;AdaptiveReward=false;Policy=QLearning;UseMacFeedback=true;DelayRef=0.01;HopByHop=false;UseRerrBump=true;
QMAODV,B_N40_pi025|QMAODV_srconly,15,40,39,0.25,512,5.0,0.85,1000.0,1000.0,300.0,16.0,0.0,0,0,0,3,200.0,30324,9960,0.328453,5.516308,43.7935,93.898131,85.498453,131508,6385756,118.729659,13.203614,0.0,0.0,0.0,0.0,0.0,0,0,0,0,0,0,0.0,0,4.205128,17.779487,37.776923,46198.242591,0.277866,15,1935,0,16848,19258,MaxPaths=3;Alpha0=0.5;Gamma=0.9;Epsilon0=0.5;RewardW1=0.6;RewardW2=0.4;RewardW3=0;RewardW4=0.2;AdaptiveEpsilon=false;AdaptiveAlpha=false;AdaptiveReward=false;Policy=QLearning;UseMacFeedback=true;DelayRef=0.01;HopByHop=false;UseRerrBump=true;
QMAODV,B_N40_pi025|QMAODV_srconly,16,40,39,0.25,512,5.0,0.85,1000.0,1000.0,300.0,16.0,0.0,0,0,0,3,200.0,30324,9548,0.314866,5.288123,44.575953,66.453662,53.315606,111544,5440032,105.510404,11.682447,0.0,0.0,0.0,0.0,0.0,0,0,0,0,0,0,0.0,0,4.392308,17.798718,37.935897,47891.422584,0.317933,0,1825,0,14855,19784,MaxPaths=3;Alpha0=0.5;Gamma=0.9;Epsilon0=0.5;RewardW1=0.6;RewardW2=0.4;RewardW3=0;RewardW4=0.2;AdaptiveEpsilon=false;AdaptiveAlpha=false;AdaptiveReward=false;Policy=QLearning;UseMacFeedback=true;DelayRef=0.01;HopByHop=false;UseRerrBump=true;
QMAODV,B_N40_pi025|QMAODV_srconly,17,40,39,0.25,512,5.0,0.85,1000.0,1000.0,300.0,16.0,0.0,0,0,0,3,200.0,30324,10808,0.356417,5.985969,45.240559,56.313486,43.662231,105316,5123448,87.785591,9.744264,0.0,0.0,0.0,0.0,0.0,0,0,0,0,0,0,0.0,0,4.794872,17.575641,38.305128,42102.914699,0.41515,11,1715,0,13340,18738,MaxPaths=3;Alpha0=0.5;Gamma=0.9;Epsilon0=0.5;RewardW1=0.6;RewardW2=0.4;RewardW3=0;RewardW4=0.2;AdaptiveEpsilon=false;AdaptiveAlpha=false;AdaptiveReward=false;Policy=QLearning;UseMacFeedback=true;DelayRef=0.01;HopByHop=false;UseRerrBump=true;
QMAODV,B_N40_pi025|QMAODV_srconly,18,40,39,0.25,512,5.0,0.85,1000.0,1000.0,300.0,16.0,0.0,0,0,0,3,200.0,30324,11924,0.39322,6.604062,37.137306,53.593704,53.426296,83920,4090200,63.522681,7.037907,0.0,0.0,0.0,0.0,0.0,0,0,0,0,0,0,0.0,0,4.542308,17.075641,37.641026,45453.021689,0.384877,37,1466,0,11835,17558,MaxPaths=3;Alpha0=0.5;Gamma=0.9;Epsilon0=0.5;RewardW1=0.6;RewardW2=0.4;RewardW3=0;RewardW4=0.2;AdaptiveEpsilon=false;AdaptiveAlpha=false;AdaptiveReward=false;Policy=QLearning;UseMacFeedback=true;DelayRef=0.01;HopByHop=false;UseRerrBump=true;
QMAODV,B_N40_pi025|QMAODV_srconly,19,40,39,0.25,512,5.0,0.85,1000.0,1000.0,300.0,16.0,0.0,0,0,0,3,200.0,30324,11979,0.395034,6.634523,52.12962,62.353307,57.025439,145521,7092030,109.636772,12.148009,0.0,0.0,0.0,0.0,0.0,0,0,0,0,0,0,0.0,0,4.292308,17.108974,38.266667,42351.729677,0.48549,1,2139,0,17570,17533,MaxPaths=3;Alpha0=0.5;Gamma=0.9;Epsilon0=0.5;RewardW1=0.6;RewardW2=0.4;RewardW3=0;RewardW4=0.2;AdaptiveEpsilon=false;AdaptiveAlpha=false;AdaptiveReward=false;Policy=QLearning;UseMacFeedback=true;DelayRef=0.01;HopByHop=false;UseRerrBump=true;
QMAODV,B_N40_pi025|QMAODV_srconly,2,40,39,0.25,512,5.0,0.85,1000.0,1000.0,300.0,16.0,0.0,0,0,0,3,200.0,30324,10236,0.337554,5.669169,19.580796,54.506768,46.659838,42157,2024956,36.634608,4.118503,0.0,0.0,0.0,0.0,0.0,0,0,0,0,0,0,0.0,0,5.25641,18.221795,37.553846,46473.394556,0.349129,39,331,0,3087,18971,MaxPaths=3;Alpha0=0.5;Gamma=0.9;Epsilon0=0.5;RewardW1=0.6;RewardW2=0.4;RewardW3=0;RewardW4=0.2;AdaptiveEpsilon=false;AdaptiveAlpha=false;AdaptiveReward=false;Policy=QLearning;UseMacFeedback=true;DelayRef=0.01;HopByHop=false;UseRerrBump=true;
QMAODV,B_N40_pi025|QMAODV_srconly,20,40,39,0.25,512,5.0,0.85,1000.0,1000.0,300.0,16.0,0.0,0,0,0,3,200.0,30324,10105,0.333234,5.596615,62.340754,78.427805,64.090172,123824,6029734,110.501475,12.253736,0.0,0.0,0.0,0.0,0.0,0,0,0,0,0,0,0.0,0,4.580769,18.165385,38.025641,47717.008467,0.36918,0,1854,0,17524,19433,MaxPaths=3;Alpha0=0.5;Gamma=0.9;Epsilon0=0.5;RewardW1=0.6;RewardW2=0.4;RewardW3=0;RewardW4=0.2;AdaptiveEpsilon=false;AdaptiveAlpha=false;AdaptiveReward=false;Policy=QLearning;UseMacFeedback=true;DelayRef=0.01;HopByHop=false;UseRerrBump=true;
QMAODV,B_N40_pi025|QMAODV_srconly,3,40,39,0.25,512,5.0,0.85,1000.0,1000.0,300.0,16.0,0.0,0,0,0,3,200.0,30324,8646,0.285121,4.788554,73.495513,104.484907,74.841952,153246,7426790,159.071418,17.724497,0.0,0.0,0.0,0.0,0.0,0,0,0,0,0,0,0.0,0,5.241026,20.371795,38.325641,47166.525338,0.233511,141,2046,0,21715,20544,MaxPaths=3;Alpha0=0.5;Gamma=0.9;Epsilon0=0.5;RewardW1=0.6;RewardW2=0.4;RewardW3=0;RewardW4=0.2;AdaptiveEpsilon=false;AdaptiveAlpha=false;AdaptiveReward=false;Policy=QLearning;UseMacFeedback=true;DelayRef=0.01;HopByHop=false;UseRerrBump=true;
QMAODV,B_N40_pi025|QMAODV_srconly,4,40,39,0.25,512,5.0,0.85,1000.0,1000.0,300.0,16.0,0.0,0,0,0,3,200.0,30324,8957,0.295377,4.9608,38.194601,97.474951,91.249818,91863,4451024,92.024529,10.256001,0.0,0.0,0.0,0.0,0.0,0,0,0,0,0,0,0.0,0,4.730769,17.823077,38.138462,44585.861062,0.41848,7,1230,0,9927,20326,MaxPaths=3;Alpha0=0.5;Gamma=0.9;Epsilon0=0.5;RewardW1=0.6;RewardW2=0.4;RewardW3=0;RewardW4=0.2;AdaptiveEpsilon=false;AdaptiveAlpha=false;AdaptiveReward=false;Policy=QLearning;UseMacFeedback=true;DelayRef=0.01;HopByHop=false;UseRerrBump=true;
QMAODV,B_N40_pi025|QMAODV_srconly,5,40,39,0.25,512,5.0,0.85,1000.0,1000.0,300.0,16.0,0.0,0,0,0,3,200.0,30324,11583,0.381975,6.584021,15.117365,68.415189,106.726399,66772,3266136,52.217906,5.764655,0.0,0.0,0.0,0.0,0.0,0,0,0,0,0,0,0.0,0,5.14359,18.726923,38.091026,40699.174161,0.31269,0,2398,0,7480,17768,MaxPaths=3;Alpha0=0.5;Gamma=0.9;Epsilon0=0.5;RewardW1=0.6;RewardW2=0.4;RewardW3=0;RewardW4=0.2;AdaptiveEpsilon=false;AdaptiveAlpha=false;AdaptiveReward=false;Policy=QLearning;UseMacFeedback=true;DelayRef=0.01;HopByHop=false;UseRerrBump=true;
QMAODV,B_N40_pi025|QMAODV_srconly,6,40,39,0.25,512,5.0,0.85,1000.0,1000.0,300.0,16.0,0.0,0,0,0,3,200.0,30324,10728,0.353779,5.941662,60.083291,69.476814,59.4417,132948,6461776,111.542243,12.392617,0.0,0.0,0.0,0.0,0.0,0,0,0,0,0,0,0.0,0,4.673077,17.975641,37.770513,43873.434179,0.508145,1,2343,0,15055,18767,MaxPaths=3;Alpha0=0.5;Gamma=0.9;Epsilon0=0.5;RewardW1=0.6;RewardW2=0.4;RewardW3=0;RewardW4=0.2;AdaptiveEpsilon=false;AdaptiveAlpha=false;AdaptiveReward=false;Policy=QLearning;UseMacFeedback=true;DelayRef=0.01;HopByHop=false;UseRerrBump=true;
QMAODV,B_N40_pi025|QMAODV_srconly,7,40,39,0.25,512,5.0,0.85,1000.0,1000.0,300.0,16.0,0.0,0,0,0,3,200.0,30324,10621,0.350251,5.8824,24.410062,38.326886,35.445273,64691,3109948,54.224301,6.090858,0.0,0.0,0.0,0.0,0.0,0,0,0,0,0,0,0.0,0,4.529487,18.334615,38.108974,51157.007543,0.260487,0,817,0,4188,18817,MaxPaths=3;Alpha0=0.5;Gamma=0.9;Epsilon0=0.5;RewardW1=0.6;RewardW2=0.4;RewardW3=0;RewardW4=0.2;AdaptiveEpsilon=false;AdaptiveAlpha=false;AdaptiveReward=false;Policy=QLearning;UseMacFeedback=true;DelayRef=0.01;HopByHop=false;UseRerrBump=true;
QMAODV,B_N40_pi025|QMAODV_srconly,8,40,39,0.25,512,5.0,0.85,1000.0,1000.0,300.0,16.0,0.0,0,0,0,3,200.0,30324,7070,0.233149,3.915692,29.256485,75.176615,70.683806,70907,3461430,90.665567,10.029279,0.0,0.0,0.0,0.0,0.0,0,0,0,0,0,0,0.0,0,4.987179,17.914103,37.753846,47125.491912,0.104406,0,925,0,10600,22294,MaxPaths=3;Alpha0=0.5;Gamma=0.9;Epsilon0=0.5;RewardW1=0.6;RewardW2=0.4;RewardW3=0;RewardW4=0.2;AdaptiveEpsilon=false;AdaptiveAlpha=false;AdaptiveReward=false;Policy=QLearning;UseMacFeedback=true;DelayRef=0.01;HopByHop=false;UseRerrBump=true;
QMAODV,B_N40_pi025|QMAODV_srconly,9,40,39,0.25,512,5.0,0.85,1000.0,1000.0,300.0,16.0,0.0,0,0,0,3,200.0,30324,12296,0.405487,6.810092,40.764522,65.672011,62.163277,96552,4697240,70.743271,7.85231,0.0,0.0,0.0,0.0,0.0,0,0,0,0,0,0,0.0,0,4.867949,17.034615,38.008974,44543.640661,0.418349,0,1224,0,13025,16944,MaxPaths=3;Alpha0=0.5;Gamma=0.9;Epsilon0=0.5;RewardW1=0.6;RewardW2=0.4;RewardW3=0;RewardW4=0.2;AdaptiveEpsilon=false;AdaptiveAlpha=false;AdaptiveReward=false;Policy=QLearning;UseMacFeedback=true;DelayRef=0.01;HopByHop=false;UseRerrBump=true;
QSQMAODV,B_N40_pi025|QSQ_FULL,1,40,39,0.25,512,5.0,0.85,1000.0,1000.0,300.0,16.0,0.0,0,0,0,3,200.0,30324,5127,0.169074,2.839569,47.070015,98.943823,101.967085,131155,6408638,231.477436,25.581237,0.271491,0.534343,1.0,0.047666,0.302558,130175,14992,0,44723,26,0,0.0,0,5.021795,18.353846,37.830769,46973.135287,0.186453,1,3397,0,18425,24295,MaxPaths=3;Alpha0=0.5;Gamma=0.9;Epsilon0=0.5;RewardW1=0.6;RewardW2=0.4;RewardW3=0;RewardW4=0.2;AdaptiveEpsilon=false;AdaptiveAlpha=false;AdaptiveReward=false;Policy=QLearning;UseMacFeedback=true;DelayRef=0.01;HopByHop=true;UseRerrBump=true;QueueHighThreshold=0.7;QueueLowThreshold=0.3;QueueRewardWeight=0.1;AdaptiveQueueWeight=true;QueueWeightMax=0.4;QueueWeightKappa=0.2;FailurePenalty=0.5;QueueAwareSelect=true;QueueDrivenExploration=false;QueueSelectBeta=0.5;AckSilenceDecay=true;AckSilenceThreshold=+1.5e+10ns;DecayFactor=0.92;DecayMinTx=3;DecayInterval=+1e+10ns;TrendEpsilon=true;TrendInterval=+1e+09ns;TrendDelta=0.05;TrendWindow=3;TrendBump=0.1;TrendCap=0.5;QueueRefPackets=20;
QSQMAODV,B_N40_pi025|QSQ_FULL,10,40,39,0.25,512,5.0,0.85,1000.0,1000.0,300.0,16.0,0.0,0,0,0,3,200.0,30324,14372,0.473948,7.959877,10.036438,16.15741,16.123531,32553,1554170,20.025693,2.265029,0.017251,0.143291,1.0,0.004334,0.054313,73087,894,0,13174,0,0,0.0,0,4.180769,16.15,37.582051,44499.101968,0.591248,0,323,0,937,14984,MaxPaths=3;Alpha0=0.5;Gamma=0.9;Epsilon0=0.5;RewardW1=0.6;RewardW2=0.4;RewardW3=0;RewardW4=0.2;AdaptiveEpsilon=false;AdaptiveAlpha=false;AdaptiveReward=false;Policy=QLearning;UseMacFeedback=true;DelayRef=0.01;HopByHop=true;UseRerrBump=true;QueueHighThreshold=0.7;QueueLowThreshold=0.3;QueueRewardWeight=0.1;AdaptiveQueueWeight=true;QueueWeightMax=0.4;QueueWeightKappa=0.2;FailurePenalty=0.5;QueueAwareSelect=true;QueueDrivenExploration=false;QueueSelectBeta=0.5;AckSilenceDecay=true;AckSilenceThreshold=+1.5e+10ns;DecayFactor=0.92;DecayMinTx=3;DecayInterval=+1e+10ns;TrendEpsilon=true;TrendInterval=+1e+09ns;TrendDelta=0.05;TrendWindow=3;TrendBump=0.1;TrendCap=0.5;QueueRefPackets=20;
QSQMAODV,B_N40_pi025|QSQ_FULL,11,40,39,0.25,512,5.0,0.85,1000.0,1000.0,300.0,16.0,0.0,0,0,0,3,200.0,30324,12294,0.405421,6.808985,35.309771,54.666507,53.037916,87715,4264214,64.232086,7.134781,0.15732,0.381514,1.0,0.044893,0.210055,118161,6606,0,42362,14,0,0.0,0,4.919231,17.382051,37.766667,43624.080201,0.506332,24,1992,0,8086,17076,MaxPaths=3;Alpha0=0.5;Gamma=0.9;Epsilon0=0.5;RewardW1=0.6;RewardW2=0.4;RewardW3=0;RewardW4=0.2;AdaptiveEpsilon=false;AdaptiveAlpha=false;AdaptiveReward=false;Policy=QLearning;UseMacFeedback=true;DelayRef=0.01;HopByHop=true;UseRerrBump=true;QueueHighThreshold=0.7;QueueLowThreshold=0.3;QueueRewardWeight=0.1;AdaptiveQueueWeight=true;QueueWeightMax=0.4;QueueWeightKappa=0.2;FailurePenalty=0.5;QueueAwareSelect=true;QueueDrivenExploration=false;QueueSelectBeta=0.5;AckSilenceDecay=true;AckSilenceThreshold=+1.5e+10ns;DecayFactor=0.92;DecayMinTx=3;DecayInterval=+1e+10ns;TrendEpsilon=true;TrendInterval=+1e+09ns;TrendDelta=0.05;TrendWindow=3;TrendBump=0.1;TrendCap=0.5;QueueRefPackets=20;
QSQMAODV,B_N40_pi025|QSQ_FULL,12,40,39,0.25,512,5.0,0.85,1000.0,1000.0,300.0,16.0,0.0,0,0,0,3,200.0,30324,7726,0.254782,4.279015,53.99813,101.448496,92.41868,115559,5615684,134.602832,14.957158,0.222119,0.482218,1.0,0.031511,0.234329,112734,12528,0,36582,31,0,0.0,0,5.139744,19.394872,38.239744,49553.615743,0.265104,0,2449,0,15869,21457,MaxPaths=3;Alpha0=0.5;Gamma=0.9;Epsilon0=0.5;RewardW1=0.6;RewardW2=0.4;RewardW3=0;RewardW4=0.2;AdaptiveEpsilon=false;AdaptiveAlpha=false;AdaptiveReward=false;Policy=QLearning;UseMacFeedback=true;DelayRef=0.01;HopByHop=true;UseRerrBump=true;QueueHighThreshold=0.7;QueueLowThreshold=0.3;QueueRewardWeight=0.1;AdaptiveQueueWeight=true;QueueWeightMax=0.4;QueueWeightKappa=0.2;FailurePenalty=0.5;QueueAwareSelect=true;QueueDrivenExploration=false;QueueSelectBeta=0.5;AckSilenceDecay=true;AckSilenceThreshold=+1.5e+10ns;DecayFactor=0.92;DecayMinTx=3;DecayInterval=+1e+10ns;TrendEpsilon=true;TrendInterval=+1e+09ns;TrendDelta=0.05;TrendWindow=3;TrendBump=0.1;TrendCap=0.5;QueueRefPackets=20;
QSQMAODV,B_N40_pi025|QSQ_FULL,13,40,39,0.25,512,5.0,0.85,1000.0,1000.0,300.0,16.0,0.0,0,0,0,3,200.0,30324,10452,0.344677,5.7888,29.004662,59.902474,57.515654,71287,3453262,61.183789,6.820417,0.173125,0.375606,1.0,0.023865,0.18441,91764,7393,0,41973,13,0,0.0,0,5.116667,19.062821,38.3,48813.335603,0.332707,0,1262,0,9531,18877,MaxPaths=3;Alpha0=0.5;Gamma=0.9;Epsilon0=0.5;RewardW1=0.6;RewardW2=0.4;RewardW3=0;RewardW4=0.2;AdaptiveEpsilon=false;AdaptiveAlpha=false;AdaptiveReward=false;Policy=QLearning;UseMacFeedback=true;DelayRef=0.01;HopByHop=true;UseRerrBump=true;QueueHighThreshold=0.7;QueueLowThreshold=0.3;QueueRewardWeight=0.1;AdaptiveQueueWeight=true;QueueWeightMax=0.4;QueueWeightKappa=0.2;FailurePenalty=0.5;QueueAwareSelect=true;QueueDrivenExploration=false;QueueSelectBeta=0.5;AckSilenceDecay=true;AckSilenceThreshold=+1.5e+10ns;DecayFactor=0.92;DecayMinTx=3;DecayInterval=+1e+10ns;TrendEpsilon=true;TrendInterval=+1e+09ns;TrendDelta=0.05;TrendWindow=3;TrendBump=0.1;TrendCap=0.5;QueueRefPackets=20;
QSQMAODV,B_N40_pi025|QSQ_FULL,14,40,39,0.25,512,5.0,0.85,1000.0,1000.0,300.0,16.0,0.0,0,0,0,3,200.0,30324,7408,0.244295,4.102892,54.63033,80.513313,83.576576,172780,8471856,211.779458,23.323434,0.258585,0.518268,1.0,0.050077,0.296668,160829,18255,0,38225,25,0,0.0,0,4.50641,16.624359,37.552564,46582.542217,0.419569,7,4517,0,23997,21880,MaxPaths=3;Alpha0=0.5;Gamma=0.9;Epsilon0=0.5;RewardW1=0.6;RewardW2=0.4;RewardW3=0;RewardW4=0.2;AdaptiveEpsilon=false;AdaptiveAlpha=false;AdaptiveReward=false;Policy=QLearning;UseMacFeedback=true;DelayRef=0.01;HopByHop=true;UseRerrBump=true;QueueHighThreshold=0.7;QueueLowThreshold=0.3;QueueRewardWeight=0.1;AdaptiveQueueWeight=true;QueueWeightMax=0.4;QueueWeightKappa=0.2;FailurePenalty=0.5;QueueAwareSelect=true;QueueDrivenExploration=false;QueueSelectBeta=0.5;AckSilenceDecay=true;AckSilenceThreshold=+1.5e+10ns;DecayFactor=0.92;DecayMinTx=3;DecayInterval=+1e+10ns;TrendEpsilon=true;TrendInterval=+1e+09ns;TrendDelta=0.05;TrendWindow=3;TrendBump=0.1;TrendCap=0.5;QueueRefPackets=20;
QSQMAODV,B_N40_pi025|QSQ_FULL,15,40,39,0.25,512,5.0,0.85,1000.0,1000.0,300.0,16.0,0.0,0,0,0,3,200.0,30324,6849,0.225861,3.793292,49.183338,59.072351,63.006061,170627,8355862,225.928143,24.912688,0.285327,0.575858,1.0,0.10476,0.36403,183201,19029,0,40758,32,0,0.0,0,4.205128,17.779487,37.776923,46198.242591,0.327101,575,3380,0,24433,22146,MaxPaths=3;Alpha0=0.5;Gamma=0.9;Epsilon0=0.5;RewardW1=0.6;RewardW2=0.4;RewardW3=0;RewardW4=0.2;AdaptiveEpsilon=false;AdaptiveAlpha=false;AdaptiveReward=false;Policy=QLearning;UseMacFeedback=true;DelayRef=0.01;HopByHop=true;UseRerrBump=true;QueueHighThreshold=0.7;QueueLowThreshold=0.3;QueueRewardWeight=0.1;AdaptiveQueueWeight=true;QueueWeightMax=0.4;QueueWeightKappa=0.2;FailurePenalty=0.5;QueueAwareSelect=true;QueueDrivenExploration=false;QueueSelectBeta=0.5;AckSilenceDecay=true;AckSilenceThreshold=+1.5e+10ns;DecayFactor=0.92;DecayMinTx=3;DecayInterval=+1e+10ns;TrendEpsilon=true;TrendInterval=+1e+09ns;TrendDelta=0.05;TrendWindow=3;TrendBump=0.1;TrendCap=0.5;QueueRefPackets=20;
QSQMAODV,B_N40_pi025|QSQ_FULL,16,40,39,0.25,512,5.0,0.85,1000.0,1000.0,300.0,16.0,0.0,0,0,0,3,200.0,30324,10948,0.361034,6.5688,20.974274,23.909615,20.13638,84669,4121224,69.710416,7.733741,0.174916,0.370298,1.0,0.034457,0.208266,101817,8494,0,27306,9,0,0.0,0,4.392308,17.798718,37.935897,47891.422584,0.429462,0,1415,0,11123,18514,MaxPaths=3;Alpha0=0.5;Gamma=0.9;Epsilon0=0.5;RewardW1=0.6;RewardW2=0.4;RewardW3=0;RewardW4=0.2;AdaptiveEpsilon=false;AdaptiveAlpha=false;AdaptiveReward=false;Policy=QLearning;UseMacFeedback=true;DelayRef=0.01;HopByHop=true;UseRerrBump=true;QueueHighThreshold=0.7;QueueLowThreshold=0.3;QueueRewardWeight=0.1;AdaptiveQueueWeight=true;QueueWeightMax=0.4;QueueWeightKappa=0.2;FailurePenalty=0.5;QueueAwareSelect=true;QueueDrivenExploration=false;QueueSelectBeta=0.5;AckSilenceDecay=true;AckSilenceThreshold=+1.5e+10ns;DecayFactor=0.92;DecayMinTx=3;DecayInterval=+1e+10ns;TrendEpsilon=true;TrendInterval=+1e+09ns;TrendDelta=0.05;TrendWindow=3;TrendBump=0.1;TrendCap=0.5;QueueRefPackets=20;
QSQMAODV,B_N40_pi025|QSQ_FULL,17,40,39,0.25,512,5.0,0.85,1000.0,1000.0,300.0,16.0,0.0,0,0,0,3,200.0,30324,8280,0.273051,4.585846,24.872838,57.192714,53.995706,77385,3766536,84.239936,9.346014,0.193413,0.393507,1.0,0.031826,0.216804,85728,7694,0,34988,13,0,0.0,0,4.794872,17.575641,38.305128,42102.914699,0.228136,0,1489,0,9885,20908,MaxPaths=3;Alpha0=0.5;Gamma=0.9;Epsilon0=0.5;RewardW1=0.6;RewardW2=0.4;RewardW3=0;RewardW4=0.2;AdaptiveEpsilon=false;AdaptiveAlpha=false;AdaptiveReward=false;Policy=QLearning;UseMacFeedback=true;DelayRef=0.01;HopByHop=true;UseRerrBump=true;QueueHighThreshold=0.7;QueueLowThreshold=0.3;QueueRewardWeight=0.1;AdaptiveQueueWeight=true;QueueWeightMax=0.4;QueueWeightKappa=0.2;FailurePenalty=0.5;QueueAwareSelect=true;QueueDrivenExploration=false;QueueSelectBeta=0.5;AckSilenceDecay=true;AckSilenceThreshold=+1.5e+10ns;DecayFactor=0.92;DecayMinTx=3;DecayInterval=+1e+10ns;TrendEpsilon=true;TrendInterval=+1e+09ns;TrendDelta=0.05;TrendWindow=3;TrendBump=0.1;TrendCap=0.5;QueueRefPackets=20;
QSQMAODV,B_N40_pi025|QSQ_FULL,18,40,39,0.25,512,5.0,0.85,1000.0,1000.0,300.0,16.0,0.0,0,0,0,3,200.0,30324,8047,0.265367,4.574084,14.504018,30.916779,37.492384,53435,2584450,59.475811,6.640363,0.119483,0.290828,1.0,0.018868,0.147072,75798,3647,0,30197,6,0,0.0,0,4.542308,17.075641,37.641026,45453.021689,0.22131,0,1056,0,4350,21250,MaxPaths=3;Alpha0=0.5;Gamma=0.9;Epsilon0=0.5;RewardW1=0.6;RewardW2=0.4;RewardW3=0;RewardW4=0.2;AdaptiveEpsilon=false;AdaptiveAlpha=false;AdaptiveReward=false;Policy=QLearning;UseMacFeedback=true;DelayRef=0.01;HopByHop=true;UseRerrBump=true;QueueHighThreshold=0.7;QueueLowThreshold=0.3;QueueRewardWeight=0.1;AdaptiveQueueWeight=true;QueueWeightMax=0.4;QueueWeightKappa=0.2;FailurePenalty=0.5;QueueAwareSelect=true;QueueDrivenExploration=false;QueueSelectBeta=0.5;AckSilenceDecay=true;AckSilenceThreshold=+1.5e+10ns;DecayFactor=0.92;DecayMinTx=3;DecayInterval=+1e+10ns;TrendEpsilon=true;TrendInterval=+1e+09ns;TrendDelta=0.05;TrendWindow=3;TrendBump=0.1;TrendCap=0.5;QueueRefPackets=20;
QSQMAODV,B_N40_pi025|QSQ_FULL,19,40,39,0.25,512,5.0,0.85,1000.0,1000.0,300.0,16.0,0.0,0,0,0,3,200.0,30324,12690,0.41848,7.028308,36.603072,41.04268,37.423942,97974,4756120,69.406065,7.720567,0.201266,0.43913,1.0,0.032258,0.238666,114246,10076,0,42646,26,0,0.0,0,4.292308,17.108974,38.266667,42351.729677,0.465638,0,1996,0,12296,16731,MaxPaths=3;Alpha0=0.5;Gamma=0.9;Epsilon0=0.5;RewardW1=0.6;RewardW2=0.4;RewardW3=0;RewardW4=0.2;AdaptiveEpsilon=false;AdaptiveAlpha=false;AdaptiveReward=false;Policy=QLearning;UseMacFeedback=true;DelayRef=0.01;HopByHop=true;UseRerrBump=true;QueueHighThreshold=0.7;QueueLowThreshold=0.3;QueueRewardWeight=0.1;AdaptiveQueueWeight=true;QueueWeightMax=0.4;QueueWeightKappa=0.2;FailurePenalty=0.5;QueueAwareSelect=true;QueueDrivenExploration=false;QueueSelectBeta=0.5;AckSilenceDecay=true;AckSilenceThreshold=+1.5e+10ns;DecayFactor=0.92;DecayMinTx=3;DecayInterval=+1e+10ns;TrendEpsilon=true;TrendInterval=+1e+09ns;TrendDelta=0.05;TrendWindow=3;TrendBump=0.1;TrendCap=0.5;QueueRefPackets=20;
QSQMAODV,B_N40_pi025|QSQ_FULL,2,40,39,0.25,512,5.0,0.85,1000.0,1000.0,300.0,16.0,0.0,0,0,0,3,200.0,30324,5420,0.178736,3.001846,77.086862,93.325666,87.359035,181466,8892632,303.834632,33.480812,0.271211,0.542392,1.0,0.044501,0.297106,165602,20527,0,52888,38,0,0.0,0,5.25641,18.221795,37.553846,46473.394556,0.292178,6,4386,0,26361,23706,MaxPaths=3;Alpha0=0.5;Gamma=0.9;Epsilon0=0.5;RewardW1=0.6;RewardW2=0.4;RewardW3=0;RewardW4=0.2;AdaptiveEpsilon=false;AdaptiveAlpha=false;AdaptiveReward=false;Policy=QLearning;UseMacFeedback=true;DelayRef=0.01;HopByHop=true;UseRerrBump=true;QueueHighThreshold=0.7;QueueLowThreshold=0.3;QueueRewardWeight=0.1;AdaptiveQueueWeight=true;QueueWeightMax=0.4;QueueWeightKappa=0.2;FailurePenalty=0.5;QueueAwareSelect=true;QueueDrivenExploration=false;QueueSelectBeta=0.5;AckSilenceDecay=true;AckSilenceThreshold=+1.5e+10ns;DecayFactor=0.92;DecayMinTx=3;DecayInterval=+1e+10ns;TrendEpsilon=true;TrendInterval=+1e+09ns;TrendDelta=0.05;TrendWindow=3;TrendBump=0.1;TrendCap=0.5;QueueRefPackets=20;
QSQMAODV,B_N40_pi025|QSQ_FULL,20,40,39,0.25,512,5.0,0.85,1000.0,1000.0,300.0,16.0,0.0,0,0,0,3,200.0,30324,12227,0.403212,6.771877,32.651192,38.86901,36.88001,96176,4673314,70.780119,7.865871,0.186929,0.420445,1.0,0.063689,0.24123,130869,8446,0,28827,21,0,0.0,0,4.580769,18.165385,38.025641,47717.008467,0.586829,132,1819,0,10478,17239,MaxPaths=3;Alpha0=0.5;Gamma=0.9;Epsilon0=0.5;RewardW1=0.6;RewardW2=0.4;RewardW3=0;RewardW4=0.2;AdaptiveEpsilon=false;AdaptiveAlpha=false;AdaptiveReward=false;Policy=QLearning;UseMacFeedback=true;DelayRef=0.01;HopByHop=true;UseRerrBump=true;QueueHighThreshold=0.7;QueueLowThreshold=0.3;QueueRewardWeight=0.1;AdaptiveQueueWeight=true;QueueWeightMax=0.4;QueueWeightKappa=0.2;FailurePenalty=0.5;QueueAwareSelect=true;QueueDrivenExploration=false;QueueSelectBeta=0.5;AckSilenceDecay=true;AckSilenceThreshold=+1.5e+10ns;DecayFactor=0.92;DecayMinTx=3;DecayInterval=+1e+10ns;TrendEpsilon=true;TrendInterval=+1e+09ns;TrendDelta=0.05;TrendWindow=3;TrendBump=0.1;TrendCap=0.5;QueueRefPackets=20;
QSQMAODV,B_N40_pi025|QSQ_FULL,3,40,39,0.25,512,5.0,0.85,1000.0,1000.0,300.0,16.0,0.0,0,0,0,3,200.0,30324,8707,0.287132,4.822338,46.104355,65.537761,57.42192,146437,7148356,152.035102,16.818307,0.248312,0.51754,1.0,0.037387,0.268762,134027,16726,0,44300,16,0,0.0,0,5.241026,20.371795,38.325641,47166.525338,0.331783,2,3036,0,21527,20434,MaxPaths=3;Alpha0=0.5;Gamma=0.9;Epsilon0=0.5;RewardW1=0.6;RewardW2=0.4;RewardW3=0;RewardW4=0.2;AdaptiveEpsilon=false;AdaptiveAlpha=false;AdaptiveReward=false;Policy=QLearning;UseMacFeedback=true;DelayRef=0.01;HopByHop=true;UseRerrBump=true;QueueHighThreshold=0.7;QueueLowThreshold=0.3;QueueRewardWeight=0.1;AdaptiveQueueWeight=true;QueueWeightMax=0.4;QueueWeightKappa=0.2;FailurePenalty=0.5;QueueAwareSelect=true;QueueDrivenExploration=false;QueueSelectBeta=0.5;AckSilenceDecay=true;AckSilenceThreshold=+1.5e+10ns;DecayFactor=0.92;DecayMinTx=3;DecayInterval=+1e+10ns;TrendEpsilon=true;TrendInterval=+1e+09ns;TrendDelta=0.05;TrendWindow=3;TrendBump=0.1;TrendCap=0.5;QueueRefPackets=20;
QSQMAODV,B_N40_pi025|QSQ_FULL,4,40,39,0.25,512,5.0,0.85,1000.0,1000.0,300.0,16.0,0.0,0,0,0,3,200.0,30324,6065,0.200007,3.359077,22.103068,100.940965,107.743648,84878,4120024,125.798418,13.994724,0.186948,0.397659,1.0,0.030224,0.204465,97388,8037,0,42759,6,0,0.0,0,4.730769,17.823077,38.138462,44585.861062,0.152454,0,1774,0,10507,22982,MaxPaths=3;Alpha0=0.5;Gamma=0.9;Epsilon0=0.5;RewardW1=0.6;RewardW2=0.4;RewardW3=0;RewardW4=0.2;AdaptiveEpsilon=false;AdaptiveAlpha=false;AdaptiveReward=false;Policy=QLearning;UseMacFeedback=true;DelayRef=0.01;HopByHop=true;UseRerrBump=true;QueueHighThreshold=0.7;QueueLowThreshold=0.3;QueueRewardWeight=0.1;AdaptiveQueueWeight=true;QueueWeightMax=0.4;QueueWeightKappa=0.2;FailurePenalty=0.5;QueueAwareSelect=true;QueueDrivenExploration=false;QueueSelectBeta=0.5;AckSilenceDecay=true;AckSilenceThreshold=+1.5e+10ns;DecayFactor=0.92;DecayMinTx=3;DecayInterval=+1e+10ns;TrendEpsilon=true;TrendInterval=+1e+09ns;TrendDelta=0.05;TrendWindow=3;TrendBump=0.1;TrendCap=0.5;QueueRefPackets=20;
QSQMAODV,B_N40_pi025|QSQ_FULL,5,40,39,0.25,512,5.0,0.85,1000.0,1000.0,300.0,16.0,0.0,0,0,0,3,200.0,30324,8617,0.284164,4.898084,34.412188,59.390455,54.289407,120628,5923084,127.2911,13.99884,0.270593,0.499582,1.0,0.045894,0.281463,102710,14096,0,26485,22,0,0.0,0,5.14359,18.726923,38.091026,40699.174161,0.352361,1,3513,0,18274,20666,MaxPaths=3;Alpha0=0.5;Gamma=0.9;Epsilon0=0.5;RewardW1=0.6;RewardW2=0.4;RewardW3=0;RewardW4=0.2;AdaptiveEpsilon=false;AdaptiveAlpha=false;AdaptiveReward=false;Policy=QLearning;UseMacFeedback=true;DelayRef=0.01;HopByHop=true;UseRerrBump=true;QueueHighThreshold=0.7;QueueLowThreshold=0.3;QueueRewardWeight=0.1;AdaptiveQueueWeight=true;QueueWeightMax=0.4;QueueWeightKappa=0.2;FailurePenalty=0.5;QueueAwareSelect=true;QueueDrivenExploration=false;QueueSelectBeta=0.5;AckSilenceDecay=true;AckSilenceThreshold=+1.5e+10ns;DecayFactor=0.92;DecayMinTx=3;DecayInterval=+1e+10ns;TrendEpsilon=true;TrendInterval=+1e+09ns;TrendDelta=0.05;TrendWindow=3;TrendBump=0.1;TrendCap=0.5;QueueRefPackets=20;
QSQMAODV,B_N40_pi025|QSQ_FULL,6,40,39,0.25,512,5.0,0.85,1000.0,1000.0,300.0,16.0,0.0,0,0,0,3,200.0,30324,8270,0.272721,4.580308,77.646753,78.426521,80.429096,193655,9481666,212.3173,23.416566,0.263662,0.546089,1.0,0.046688,0.299888,178022,19403,0,51617,33,0,0.0,0,4.673077,17.975641,37.770513,43873.434179,0.584158,8,3969,0,24606,21104,MaxPaths=3;Alpha0=0.5;Gamma=0.9;Epsilon0=0.5;RewardW1=0.6;RewardW2=0.4;RewardW3=0;RewardW4=0.2;AdaptiveEpsilon=false;AdaptiveAlpha=false;AdaptiveReward=false;Policy=QLearning;UseMacFeedback=true;DelayRef=0.01;HopByHop=true;UseRerrBump=true;QueueHighThreshold=0.7;QueueLowThreshold=0.3;QueueRewardWeight=0.1;AdaptiveQueueWeight=true;QueueWeightMax=0.4;QueueWeightKappa=0.2;FailurePenalty=0.5;QueueAwareSelect=true;QueueDrivenExploration=false;QueueSelectBeta=0.5;AckSilenceDecay=true;AckSilenceThreshold=+1.5e+10ns;DecayFactor=0.92;DecayMinTx=3;DecayInterval=+1e+10ns;TrendEpsilon=true;TrendInterval=+1e+09ns;TrendDelta=0.05;TrendWindow=3;TrendBump=0.1;TrendCap=0.5;QueueRefPackets=20;
QSQMAODV,B_N40_pi025|QSQ_FULL,7,40,39,0.25,512,5.0,0.85,1000.0,1000.0,300.0,16.0,0.0,0,0,0,3,200.0,30324,9344,0.308139,5.175138,27.654605,30.521681,26.845487,96895,4704646,93.239591,10.369756,0.155802,0.392631,1.0,0.024283,0.183678,113700,8361,0,37703,14,0,0.0,0,4.529487,18.334615,38.108974,51157.007543,0.415743,3,1602,0,10083,20032,MaxPaths=3;Alpha0=0.5;Gamma=0.9;Epsilon0=0.5;RewardW1=0.6;RewardW2=0.4;RewardW3=0;RewardW4=0.2;AdaptiveEpsilon=false;AdaptiveAlpha=false;AdaptiveReward=false;Policy=QLearning;UseMacFeedback=true;DelayRef=0.01;HopByHop=true;UseRerrBump=true;QueueHighThreshold=0.7;QueueLowThreshold=0.3;QueueRewardWeight=0.1;AdaptiveQueueWeight=true;QueueWeightMax=0.4;QueueWeightKappa=0.2;FailurePenalty=0.5;QueueAwareSelect=true;QueueDrivenExploration=false;QueueSelectBeta=0.5;AckSilenceDecay=true;AckSilenceThreshold=+1.5e+10ns;DecayFactor=0.92;DecayMinTx=3;DecayInterval=+1e+10ns;TrendEpsilon=true;TrendInterval=+1e+09ns;TrendDelta=0.05;TrendWindow=3;TrendBump=0.1;TrendCap=0.5;QueueRefPackets=20;
QSQMAODV,B_N40_pi025|QSQ_FULL,8,40,39,0.25,512,5.0,0.85,1000.0,1000.0,300.0,16.0,0.0,0,0,0,3,200.0,30324,6493,0.214121,3.596123,27.466042,57.26707,53.25766,72987,3558002,101.476861,11.240875,0.16731,0.369878,1.0,0.024793,0.182869,81734,7927,0,35589,19,0,0.0,0,4.987179,17.914103,37.753846,47125.491912,0.191103,70,1178,0,10179,22897,MaxPaths=3;Alpha0=0.5;Gamma=0.9;Epsilon0=0.5;RewardW1=0.6;RewardW2=0.4;RewardW3=0;RewardW4=0.2;AdaptiveEpsilon=false;AdaptiveAlpha=false;AdaptiveReward=false;Policy=QLearning;UseMacFeedback=true;DelayRef=0.01;HopByHop=true;UseRerrBump=true;QueueHighThreshold=0.7;QueueLowThreshold=0.3;QueueRewardWeight=0.1;AdaptiveQueueWeight=true;QueueWeightMax=0.4;QueueWeightKappa=0.2;FailurePenalty=0.5;QueueAwareSelect=true;QueueDrivenExploration=false;QueueSelectBeta=0.5;AckSilenceDecay=true;AckSilenceThreshold=+1.5e+10ns;DecayFactor=0.92;DecayMinTx=3;DecayInterval=+1e+10ns;TrendEpsilon=true;TrendInterval=+1e+09ns;TrendDelta=0.05;TrendWindow=3;TrendBump=0.1;TrendCap=0.5;QueueRefPackets=20;
QSQMAODV,B_N40_pi025|QSQ_FULL,9,40,39,0.25,512,5.0,0.85,1000.0,1000.0,300.0,16.0,0.0,0,0,0,3,200.0,30324,10338,0.340918,5.725662,44.932633,79.141566,68.039128,132997,6495590,116.355875,12.864867,0.243293,0.484747,1.0,0.04021,0.272831,130522,14795,0,45716,29,0,0.0,0,4.867949,17.034615,38.008974,44543.640661,0.478631,0,3064,0,19235,18913,MaxPaths=3;Alpha0=0.5;Gamma=0.9;Epsilon0=0.5;RewardW1=0.6;RewardW2=0.4;RewardW3=0;RewardW4=0.2;AdaptiveEpsilon=false;AdaptiveAlpha=false;AdaptiveReward=false;Policy=QLearning;UseMacFeedback=true;DelayRef=0.01;HopByHop=true;UseRerrBump=true;QueueHighThreshold=0.7;QueueLowThreshold=0.3;QueueRewardWeight=0.1;AdaptiveQueueWeight=true;QueueWeightMax=0.4;QueueWeightKappa=0.2;FailurePenalty=0.5;QueueAwareSelect=true;QueueDrivenExploration=false;QueueSelectBeta=0.5;AckSilenceDecay=true;AckSilenceThreshold=+1.5e+10ns;DecayFactor=0.92;DecayMinTx=3;DecayInterval=+1e+10ns;TrendEpsilon=true;TrendInterval=+1e+09ns;TrendDelta=0.05;TrendWindow=3;TrendBump=0.1;TrendCap=0.5;QueueRefPackets=20;
QSQMAODV,B_N40_pi025|QSQ_QDE,1,40,39,0.25,512,5.0,0.85,1000.0,1000.0,300.0,16.0,0.0,0,0,0,3,200.0,30324,5581,0.184046,3.091015,111.835764,121.253779,107.162959,197373,9615738,319.06329,35.365168,0.228492,0.498765,1.0,0.045524,0.277359,212807,19230,0,43145,31,0,0.0,0,5.021795,18.353846,37.830769,46973.135287,0.420459,266,4745,0,23987,23547,MaxPaths=3;Alpha0=0.5;Gamma=0.9;Epsilon0=0.5;RewardW1=0.6;RewardW2=0.4;RewardW3=0;RewardW4=0.2;AdaptiveEpsilon=false;AdaptiveAlpha=false;AdaptiveReward=false;Policy=QLearning;UseMacFeedback=true;DelayRef=0.01;HopByHop=true;UseRerrBump=true;QueueHighThreshold=0.7;QueueLowThreshold=0.3;QueueRewardWeight=0.1;AdaptiveQueueWeight=true;QueueWeightMax=0.4;QueueWeightKappa=0.2;FailurePenalty=0.5;QueueAwareSelect=true;QueueDrivenExploration=true;QueueSelectBeta=0.5;AckSilenceDecay=true;AckSilenceThreshold=+1.5e+10ns;DecayFactor=0.92;DecayMinTx=3;DecayInterval=+1e+10ns;TrendEpsilon=true;TrendInterval=+1e+09ns;TrendDelta=0.05;TrendWindow=3;TrendBump=0.1;TrendCap=0.5;QueueRefPackets=20;
QSQMAODV,B_N40_pi025|QSQ_QDE,10,40,39,0.25,512,5.0,0.85,1000.0,1000.0,300.0,16.0,0.0,0,0,0,3,200.0,30324,12122,0.399749,6.713723,24.418221,31.016543,31.732866,112265,5447066,83.213655,9.261261,0.173257,0.40155,1.0,0.048095,0.245568,143675,8750,0,27075,12,0,0.0,0,4.180769,16.15,37.582051,44499.101968,0.488161,140,2678,0,10738,17290,MaxPaths=3;Alpha0=0.5;Gamma=0.9;Epsilon0=0.5;RewardW1=0.6;RewardW2=0.4;RewardW3=0;RewardW4=0.2;AdaptiveEpsilon=false;AdaptiveAlpha=false;AdaptiveReward=false;Policy=QLearning;UseMacFeedback=true;DelayRef=0.01;HopByHop=true;UseRerrBump=true;QueueHighThreshold=0.7;QueueLowThreshold=0.3;QueueRewardWeight=0.1;AdaptiveQueueWeight=true;QueueWeightMax=0.4;QueueWeightKappa=0.2;FailurePenalty=0.5;QueueAwareSelect=true;QueueDrivenExploration=true;QueueSelectBeta=0.5;AckSilenceDecay=true;AckSilenceThreshold=+1.5e+10ns;DecayFactor=0.92;DecayMinTx=3;DecayInterval=+1e+10ns;TrendEpsilon=true;TrendInterval=+1e+09ns;TrendDelta=0.05;TrendWindow=3;TrendBump=0.1;TrendCap=0.5;QueueRefPackets=20;
QSQMAODV,B_N40_pi025|QSQ_QDE,11,40,39,0.25,512,5.0,0.85,1000.0,1000.0,300.0,16.0,0.0,0,0,0,3,200.0,30324,14376,0.47408,7.962092,26.760187,47.756426,42.093847,75136,3628946,46.746455,5.226489,0.121869,0.337843,1.0,0.048413,0.207397,120228,4337,0,35586,9,0,0.0,0,4.919231,17.382051,37.766667,43624.080201,0.56701,225,1330,0,5279,15144,MaxPaths=3;Alpha0=0.5;Gamma=0.9;Epsilon0=0.5;RewardW1=0.6;RewardW2=0.4;RewardW3=0;RewardW4=0.2;AdaptiveEpsilon=false;AdaptiveAlpha=false;AdaptiveReward=false;Policy=QLearning;UseMacFeedback=true;DelayRef=0.01;HopByHop=true;UseRerrBump=true;QueueHighThreshold=0.7;QueueLowThreshold=0.3;QueueRewardWeight=0.1;AdaptiveQueueWeight=true;QueueWeightMax=0.4;QueueWeightKappa=0.2;FailurePenalty=0.5;QueueAwareSelect=true;QueueDrivenExploration=true;QueueSelectBeta=0.5;AckSilenceDecay=true;AckSilenceThreshold=+1.5e+10ns;DecayFactor=0.92;DecayMinTx=3;DecayInterval=+1e+10ns;TrendEpsilon=true;TrendInterval=+1e+09ns;TrendDelta=0.05;TrendWindow=3;TrendBump=0.1;TrendCap=0.5;QueueRefPackets=20;
QSQMAODV,B_N40_pi025|QSQ_QDE,12,40,39,0.25,512,5.0,0.85,1000.0,1000.0,300.0,16.0,0.0,0,0,0,3,200.0,30324,12456,0.410764,7.080253,11.987889,16.212097,16.283536,39933,1911374,28.416679,3.205925,0.073302,0.210134,1.0,0.013242,0.102707,69847,2636,0,9007,4,0,0.0,0,5.139744,19.394872,38.239744,49553.615743,0.347316,3,444,0,3134,16805,MaxPaths=3;Alpha0=0.5;Gamma=0.9;Epsilon0=0.5;RewardW1=0.6;RewardW2=0.4;RewardW3=0;RewardW4=0.2;AdaptiveEpsilon=false;AdaptiveAlpha=false;AdaptiveReward=false;Policy=QLearning;UseMacFeedback=true;DelayRef=0.01;HopByHop=true;UseRerrBump=true;QueueHighThreshold=0.7;QueueLowThreshold=0.3;QueueRewardWeight=0.1;AdaptiveQueueWeight=true;QueueWeightMax=0.4;QueueWeightKappa=0.2;FailurePenalty=0.5;QueueAwareSelect=true;QueueDrivenExploration=true;QueueSelectBeta=0.5;AckSilenceDecay=true;AckSilenceThreshold=+1.5e+10ns;DecayFactor=0.92;DecayMinTx=3;DecayInterval=+1e+10ns;TrendEpsilon=true;TrendInterval=+1e+09ns;TrendDelta=0.05;TrendWindow=3;TrendBump=0.1;TrendCap=0.5;QueueRefPackets=20;
QSQMAODV,B_N40_pi025|QSQ_QDE,13,40,39,0.25,512,5.0,0.85,1000.0,1000.0,300.0,16.0,0.0,0,0,0,3,200.0,30324,8751,0.288583,4.846708,49.572611,108.375243,91.186737,142874,6929800,146.645674,16.326591,0.248995,0.504007,1.0,0.04921,0.294661,148666,14693,0,41084,39,0,0.0,0,5.116667,19.062821,38.3,48813.335603,0.341841,65,3505,0,19015,20630,MaxPaths=3;Alpha0=0.5;Gamma=0.9;Epsilon0=0.5;RewardW1=0.6;RewardW2=0.4;RewardW3=0;RewardW4=0.2;AdaptiveEpsilon=false;AdaptiveAlpha=false;AdaptiveReward=false;Policy=QLearning;UseMacFeedback=true;DelayRef=0.01;HopByHop=true;UseRerrBump=true;QueueHighThreshold=0.7;QueueLowThreshold=0.3;QueueRewardWeight=0.1;AdaptiveQueueWeight=true;QueueWeightMax=0.4;QueueWeightKappa=0.2;FailurePenalty=0.5;QueueAwareSelect=true;QueueDrivenExploration=true;QueueSelectBeta=0.5;AckSilenceDecay=true;AckSilenceThreshold=+1.5e+10ns;DecayFactor=0.92;DecayMinTx=3;DecayInterval=+1e+10ns;TrendEpsilon=true;TrendInterval=+1e+09ns;TrendDelta=0.05;TrendWindow=3;TrendBump=0.1;TrendCap=0.5;QueueRefPackets=20;
QSQMAODV,B_N40_pi025|QSQ_QDE,14,40,39,0.25,512,5.0,0.85,1000.0,1000.0,300.0,16.0,0.0,0,0,0,3,200.0,30324,5871,0.193609,3.251631,60.251172,89.805123,62.758136,86006,4172096,131.597747,14.649293,0.088946,0.301664,1.0,0.020756,0.157494,138757,4775,0,38727,10,0,0.0,0,4.50641,16.624359,37.552564,46582.542217,0.348305,156,2533,0,5524,23295,MaxPaths=3;Alpha0=0.5;Gamma=0.9;Epsilon0=0.5;RewardW1=0.6;RewardW2=0.4;RewardW3=0;RewardW4=0.2;AdaptiveEpsilon=false;AdaptiveAlpha=false;AdaptiveReward=false;Policy=QLearning;UseMacFeedback=true;DelayRef=0.01;HopByHop=true;UseRerrBump=true;QueueHighThreshold=0.7;QueueLowThreshold=0.3;QueueRewardWeight=0.1;AdaptiveQueueWeight=true;QueueWeightMax=0.4;QueueWeightKappa=0.2;FailurePenalty=0.5;QueueAwareSelect=true;QueueDrivenExploration=true;QueueSelectBeta=0.5;AckSilenceDecay=true;AckSilenceThreshold=+1.5e+10ns;DecayFactor=0.92;DecayMinTx=3;DecayInterval=+1e+10ns;TrendEpsilon=true;TrendInterval=+1e+09ns;TrendDelta=0.05;TrendWindow=3;TrendBump=0.1;TrendCap=0.5;QueueRefPackets=20;
QSQMAODV,B_N40_pi025|QSQ_QDE,15,40,39,0.25,512,5.0,0.85,1000.0,1000.0,300.0,16.0,0.0,0,0,0,3,200.0,30324,8257,0.272293,4.693453,70.292472,86.92063,64.587709,168968,8214290,184.2273,20.463607,0.195104,0.487961,1.0,0.036931,0.264353,175363,14739,0,38568,30,0,0.0,0,4.205128,17.779487,37.776923,46198.242591,0.403773,106,3845,0,18302,20724,MaxPaths=3;Alpha0=0.5;Gamma=0.9;Epsilon0=0.5;RewardW1=0.6;RewardW2=0.4;RewardW3=0;RewardW4=0.2;AdaptiveEpsilon=false;AdaptiveAlpha=false;AdaptiveReward=false;Policy=QLearning;UseMacFeedback=true;DelayRef=0.01;HopByHop=true;UseRerrBump=true;QueueHighThreshold=0.7;QueueLowThreshold=0.3;QueueRewardWeight=0.1;AdaptiveQueueWeight=true;QueueWeightMax=0.4;QueueWeightKappa=0.2;FailurePenalty=0.5;QueueAwareSelect=true;QueueDrivenExploration=true;QueueSelectBeta=0.5;AckSilenceDecay=true;AckSilenceThreshold=+1.5e+10ns;DecayFactor=0.92;DecayMinTx=3;DecayInterval=+1e+10ns;TrendEpsilon=true;TrendInterval=+1e+09ns;TrendDelta=0.05;TrendWindow=3;TrendBump=0.1;TrendCap=0.5;QueueRefPackets=20;
QSQMAODV,B_N40_pi025|QSQ_QDE,16,40,39,0.25,512,5.0,0.85,1000.0,1000.0,300.0,16.0,0.0,0,0,0,3,200.0,30324,8854,0.29198,4.903754,33.831183,57.904679,44.589206,133707,6508372,136.125375,15.10131,0.198673,0.46147,1.0,0.040076,0.2606,137706,12834,0,32265,29,0,0.0,0,4.392308,17.798718,37.935897,47891.422584,0.387449,40,2629,0,15998,20397,MaxPaths=3;Alpha0=0.5;Gamma=0.9;Epsilon0=0.5;RewardW1=0.6;RewardW2=0.4;RewardW3=0;RewardW4=0.2;AdaptiveEpsilon=false;AdaptiveAlpha=false;AdaptiveReward=false;Policy=QLearning;UseMacFeedback=true;DelayRef=0.01;HopByHop=true;UseRerrBump=true;QueueHighThreshold=0.7;QueueLowThreshold=0.3;QueueRewardWeight=0.1;AdaptiveQueueWeight=true;QueueWeightMax=0.4;QueueWeightKappa=0.2;FailurePenalty=0.5;QueueAwareSelect=true;QueueDrivenExploration=true;QueueSelectBeta=0.5;AckSilenceDecay=true;AckSilenceThreshold=+1.5e+10ns;DecayFactor=0.92;DecayMinTx=3;DecayInterval=+1e+10ns;TrendEpsilon=true;TrendInterval=+1e+09ns;TrendDelta=0.05;TrendWindow=3;TrendBump=0.1;TrendCap=0.5;QueueRefPackets=20;
QSQMAODV,B_N40_pi025|QSQ_QDE,17,40,39,0.25,512,5.0,0.85,1000.0,1000.0,300.0,16.0,0.0,0,0,0,3,200.0,30324,7465,0.246175,4.134462,20.075399,80.636288,46.375048,70160,3371838,83.645605,9.398526,0.098371,0.290673,1.0,0.020562,0.150521,107129,4166,0,28748,6,0,0.0,0,4.794872,17.575641,38.305128,42102.914699,0.241228,48,1041,0,4958,21536,MaxPaths=3;Alpha0=0.5;Gamma=0.9;Epsilon0=0.5;RewardW1=0.6;RewardW2=0.4;RewardW3=0;RewardW4=0.2;AdaptiveEpsilon=false;AdaptiveAlpha=false;AdaptiveReward=false;Policy=QLearning;UseMacFeedback=true;DelayRef=0.01;HopByHop=true;UseRerrBump=true;QueueHighThreshold=0.7;QueueLowThreshold=0.3;QueueRewardWeight=0.1;AdaptiveQueueWeight=true;QueueWeightMax=0.4;QueueWeightKappa=0.2;FailurePenalty=0.5;QueueAwareSelect=true;QueueDrivenExploration=true;QueueSelectBeta=0.5;AckSilenceDecay=true;AckSilenceThreshold=+1.5e+10ns;DecayFactor=0.92;DecayMinTx=3;DecayInterval=+1e+10ns;TrendEpsilon=true;TrendInterval=+1e+09ns;TrendDelta=0.05;TrendWindow=3;TrendBump=0.1;TrendCap=0.5;QueueRefPackets=20;
QSQMAODV,B_N40_pi025|QSQ_QDE,18,40,39,0.25,512,5.0,0.85,1000.0,1000.0,300.0,16.0,0.0,0,0,0,3,200.0,30324,7147,0.235688,3.958338,63.070147,88.13473,81.048191,157248,7619616,197.43109,22.001959,0.158275,0.439711,1.0,0.035963,0.237598,192707,10954,0,42740,20,0,0.0,0,4.542308,17.075641,37.641026,45453.021689,0.443411,143,4063,0,12908,22116,MaxPaths=3;Alpha0=0.5;Gamma=0.9;Epsilon0=0.5;RewardW1=0.6;RewardW2=0.4;RewardW3=0;RewardW4=0.2;AdaptiveEpsilon=false;AdaptiveAlpha=false;AdaptiveReward=false;Policy=QLearning;UseMacFeedback=true;DelayRef=0.01;HopByHop=true;UseRerrBump=true;QueueHighThreshold=0.7;QueueLowThreshold=0.3;QueueRewardWeight=0.1;AdaptiveQueueWeight=true;QueueWeightMax=0.4;QueueWeightKappa=0.2;FailurePenalty=0.5;QueueAwareSelect=true;QueueDrivenExploration=true;QueueSelectBeta=0.5;AckSilenceDecay=true;AckSilenceThreshold=+1.5e+10ns;DecayFactor=0.92;DecayMinTx=3;DecayInterval=+1e+10ns;TrendEpsilon=true;TrendInterval=+1e+09ns;TrendDelta=0.05;TrendWindow=3;TrendBump=0.1;TrendCap=0.5;QueueRefPackets=20;
QSQMAODV,B_N40_pi025|QSQ_QDE,19,40,39,0.25,512,5.0,0.85,1000.0,1000.0,300.0,16.0,0.0,0,0,0,3,200.0,30324,10003,0.329871,5.540123,20.517676,44.645778,37.566386,78821,3835440,71.005365,7.879736,0.171577,0.386771,1.0,0.03417,0.223817,94801,7671,0,20464,17,0,0.0,0,4.292308,17.108974,38.266667,42351.729677,0.224377,30,1427,0,9460,19168,MaxPaths=3;Alpha0=0.5;Gamma=0.9;Epsilon0=0.5;RewardW1=0.6;RewardW2=0.4;RewardW3=0;RewardW4=0.2;AdaptiveEpsilon=false;AdaptiveAlpha=false;AdaptiveReward=false;Policy=QLearning;UseMacFeedback=true;DelayRef=0.01;HopByHop=true;UseRerrBump=true;QueueHighThreshold=0.7;QueueLowThreshold=0.3;QueueRewardWeight=0.1;AdaptiveQueueWeight=true;QueueWeightMax=0.4;QueueWeightKappa=0.2;FailurePenalty=0.5;QueueAwareSelect=true;QueueDrivenExploration=true;QueueSelectBeta=0.5;AckSilenceDecay=true;AckSilenceThreshold=+1.5e+10ns;DecayFactor=0.92;DecayMinTx=3;DecayInterval=+1e+10ns;TrendEpsilon=true;TrendInterval=+1e+09ns;TrendDelta=0.05;TrendWindow=3;TrendBump=0.1;TrendCap=0.5;QueueRefPackets=20;
QSQMAODV,B_N40_pi025|QSQ_QDE,2,40,39,0.25,512,5.0,0.85,1000.0,1000.0,300.0,16.0,0.0,0,0,0,3,200.0,30324,8172,0.26949,4.526031,71.263715,81.698741,62.914018,152381,7418514,168.110486,18.646721,0.188074,0.45023,1.0,0.038102,0.246633,175427,13760,0,43430,28,0,0.0,0,5.25641,18.221795,37.553846,46473.394556,0.483775,203,3183,0,17049,20949,MaxPaths=3;Alpha0=0.5;Gamma=0.9;Epsilon0=0.5;RewardW1=0.6;RewardW2=0.4;RewardW3=0;RewardW4=0.2;AdaptiveEpsilon=false;AdaptiveAlpha=false;AdaptiveReward=false;Policy=QLearning;UseMacFeedback=true;DelayRef=0.01;HopByHop=true;UseRerrBump=true;QueueHighThreshold=0.7;QueueLowThreshold=0.3;QueueRewardWeight=0.1;AdaptiveQueueWeight=true;QueueWeightMax=0.4;QueueWeightKappa=0.2;FailurePenalty=0.5;QueueAwareSelect=true;QueueDrivenExploration=true;QueueSelectBeta=0.5;AckSilenceDecay=true;AckSilenceThreshold=+1.5e+10ns;DecayFactor=0.92;DecayMinTx=3;DecayInterval=+1e+10ns;TrendEpsilon=true;TrendInterval=+1e+09ns;TrendDelta=0.05;TrendWindow=3;TrendBump=0.1;TrendCap=0.5;QueueRefPackets=20;
QSQMAODV,B_N40_pi025|QSQ_QDE,20,40,39,0.25,512,5.0,0.85,1000.0,1000.0,300.0,16.0,0.0,0,0,0,3,200.0,30324,8777,0.289441,4.861108,30.236616,44.89574,44.016556,92102,4490996,94.755147,10.493563,0.169161,0.395613,1.0,0.029463,0.211504,103221,9222,0,20168,17,0,0.0,0,4.580769,18.165385,38.025641,47717.008467,0.29109,9,1552,0,11479,20554,MaxPaths=3;Alpha0=0.5;Gamma=0.9;Epsilon0=0.5;RewardW1=0.6;RewardW2=0.4;RewardW3=0;RewardW4=0.2;AdaptiveEpsilon=false;AdaptiveAlpha=false;AdaptiveReward=false;Policy=QLearning;UseMacFeedback=true;DelayRef=0.01;HopByHop=true;UseRerrBump=true;QueueHighThreshold=0.7;QueueLowThreshold=0.3;QueueRewardWeight=0.1;AdaptiveQueueWeight=true;QueueWeightMax=0.4;QueueWeightKappa=0.2;FailurePenalty=0.5;QueueAwareSelect=true;QueueDrivenExploration=true;QueueSelectBeta=0.5;AckSilenceDecay=true;AckSilenceThreshold=+1.5e+10ns;DecayFactor=0.92;DecayMinTx=3;DecayInterval=+1e+10ns;TrendEpsilon=true;TrendInterval=+1e+09ns;TrendDelta=0.05;TrendWindow=3;TrendBump=0.1;TrendCap=0.5;QueueRefPackets=20;
QSQMAODV,B_N40_pi025|QSQ_QDE,3,40,39,0.25,512,5.0,0.85,1000.0,1000.0,300.0,16.0,0.0,0,0,0,3,200.0,30324,5071,0.167227,2.808554,71.048382,80.513755,77.203407,195107,9498710,346.878401,38.475054,0.229674,0.528541,1.0,0.038005,0.268612,173433,18727,0,44812,47,0,0.0,0,5.241026,20.371795,38.325641,47166.525338,0.288715,126,3274,0,23118,23891,MaxPaths=3;Alpha0=0.5;Gamma=0.9;Epsilon0=0.5;RewardW1=0.6;RewardW2=0.4;RewardW3=0;RewardW4=0.2;AdaptiveEpsilon=false;AdaptiveAlpha=false;AdaptiveReward=false;Policy=QLearning;UseMacFeedback=true;DelayRef=0.01;HopByHop=true;UseRerrBump=true;QueueHighThreshold=0.7;QueueLowThreshold=0.3;QueueRewardWeight=0.1;AdaptiveQueueWeight=true;QueueWeightMax=0.4;QueueWeightKappa=0.2;FailurePenalty=0.5;QueueAwareSelect=true;QueueDrivenExploration=true;QueueSelectBeta=0.5;AckSilenceDecay=true;AckSilenceThreshold=+1.5e+10ns;DecayFactor=0.92;DecayMinTx=3;DecayInterval=+1e+10ns;TrendEpsilon=true;TrendInterval=+1e+09ns;TrendDelta=0.05;TrendWindow=3;TrendBump=0.1;TrendCap=0.5;QueueRefPackets=20;
QSQMAODV,B_N40_pi025|QSQ_QDE,4,40,39,0.25,512,5.0,0.85,1000.0,1000.0,300.0,16.0,0.0,0,0,0,3,200.0,30324,6228,0.205382,3.449354,71.597717,93.50778,92.335055,200247,9745332,289.77057,32.152697,0.281765,0.553991,1.0,0.099707,0.354607,218053,19519,0,50421,32,0,0.0,0,4.730769,17.823077,38.138462,44585.861062,0.348997,378,4794,0,24792,22916,MaxPaths=3;Alpha0=0.5;Gamma=0.9;Epsilon0=0.5;RewardW1=0.6;RewardW2=0.4;RewardW3=0;RewardW4=0.2;AdaptiveEpsilon=false;AdaptiveAlpha=false;AdaptiveReward=false;Policy=QLearning;UseMacFeedback=true;DelayRef=0.01;HopByHop=true;UseRerrBump=true;QueueHighThreshold=0.7;QueueLowThreshold=0.3;QueueRewardWeight=0.1;AdaptiveQueueWeight=true;QueueWeightMax=0.4;QueueWeightKappa=0.2;FailurePenalty=0.5;QueueAwareSelect=true;QueueDrivenExploration=true;QueueSelectBeta=0.5;AckSilenceDecay=true;AckSilenceThreshold=+1.5e+10ns;DecayFactor=0.92;DecayMinTx=3;DecayInterval=+1e+10ns;TrendEpsilon=true;TrendInterval=+1e+09ns;TrendDelta=0.05;TrendWindow=3;TrendBump=0.1;TrendCap=0.5;QueueRefPackets=20;
QSQMAODV,B_N40_pi025|QSQ_QDE,5,40,39,0.25,512,5.0,0.85,1000.0,1000.0,300.0,16.0,0.0,0,0,0,3,200.0,30324,9461,0.311997,5.377832,32.237182,56.576332,51.007592,89781,4369638,85.529249,9.489589,0.132624,0.343994,1.0,0.02966,0.185936,108901,6259,0,25177,16,0,0.0,0,5.14359,18.726923,38.091026,40699.174161,0.443807,68,2620,0,7847,19588,MaxPaths=3;Alpha0=0.5;Gamma=0.9;Epsilon0=0.5;RewardW1=0.6;RewardW2=0.4;RewardW3=0;RewardW4=0.2;AdaptiveEpsilon=false;AdaptiveAlpha=false;AdaptiveReward=false;Policy=QLearning;UseMacFeedback=true;DelayRef=0.01;HopByHop=true;UseRerrBump=true;QueueHighThreshold=0.7;QueueLowThreshold=0.3;QueueRewardWeight=0.1;AdaptiveQueueWeight=true;QueueWeightMax=0.4;QueueWeightKappa=0.2;FailurePenalty=0.5;QueueAwareSelect=true;QueueDrivenExploration=true;QueueSelectBeta=0.5;AckSilenceDecay=true;AckSilenceThreshold=+1.5e+10ns;DecayFactor=0.92;DecayMinTx=3;DecayInterval=+1e+10ns;TrendEpsilon=true;TrendInterval=+1e+09ns;TrendDelta=0.05;TrendWindow=3;TrendBump=0.1;TrendCap=0.5;QueueRefPackets=20;
QSQMAODV,B_N40_pi025|QSQ_QDE,6,40,39,0.25,512,5.0,0.85,1000.0,1000.0,300.0,16.0,0.0,0,0,0,3,200.0,30324,7980,0.263158,4.536,25.293383,31.122254,27.739049,44152,2115954,49.103175,5.532832,0.03287,0.182347,1.0,0.008914,0.085109,90285,1565,0,16877,3,0,0.0,0,4.673077,17.975641,37.770513,43873.434179,0.309194,59,688,0,1683,21213,MaxPaths=3;Alpha0=0.5;Gamma=0.9;Epsilon0=0.5;RewardW1=0.6;RewardW2=0.4;RewardW3=0;RewardW4=0.2;AdaptiveEpsilon=false;AdaptiveAlpha=false;AdaptiveReward=false;Policy=QLearning;UseMacFeedback=true;DelayRef=0.01;HopByHop=true;UseRerrBump=true;QueueHighThreshold=0.7;QueueLowThreshold=0.3;QueueRewardWeight=0.1;AdaptiveQueueWeight=true;QueueWeightMax=0.4;QueueWeightKappa=0.2;FailurePenalty=0.5;QueueAwareSelect=true;QueueDrivenExploration=true;QueueSelectBeta=0.5;AckSilenceDecay=true;AckSilenceThreshold=+1.5e+10ns;DecayFactor=0.92;DecayMinTx=3;DecayInterval=+1e+10ns;TrendEpsilon=true;TrendInterval=+1e+09ns;TrendDelta=0.05;TrendWindow=3;TrendBump=0.1;TrendCap=0.5;QueueRefPackets=20;
QSQMAODV,B_N40_pi025|QSQ_QDE,7,40,39,0.25,512,5.0,0.85,1000.0,1000.0,300.0,16.0,0.0,0,0,0,3,200.0,30324,9358,0.3086,5.182892,63.175684,83.133751,59.738976,141090,6849976,135.553972,15.07694,0.171104,0.438918,1.0,0.036118,0.240787,161277,11333,0,46363,19,0,0.0,0,4.529487,18.334615,38.108974,51157.007543,0.49169,186,3025,0,14262,20099,MaxPaths=3;Alpha0=0.5;Gamma=0.9;Epsilon0=0.5;RewardW1=0.6;RewardW2=0.4;RewardW3=0;RewardW4=0.2;AdaptiveEpsilon=false;AdaptiveAlpha=false;AdaptiveReward=false;Policy=QLearning;UseMacFeedback=true;DelayRef=0.01;HopByHop=true;UseRerrBump=true;QueueHighThreshold=0.7;QueueLowThreshold=0.3;QueueRewardWeight=0.1;AdaptiveQueueWeight=true;QueueWeightMax=0.4;QueueWeightKappa=0.2;FailurePenalty=0.5;QueueAwareSelect=true;QueueDrivenExploration=true;QueueSelectBeta=0.5;AckSilenceDecay=true;AckSilenceThreshold=+1.5e+10ns;DecayFactor=0.92;DecayMinTx=3;DecayInterval=+1e+10ns;TrendEpsilon=true;TrendInterval=+1e+09ns;TrendDelta=0.05;TrendWindow=3;TrendBump=0.1;TrendCap=0.5;QueueRefPackets=20;
QSQMAODV,B_N40_pi025|QSQ_QDE,8,40,39,0.25,512,5.0,0.85,1000.0,1000.0,300.0,16.0,0.0,0,0,0,3,200.0,30324,7665,0.25277,4.245231,54.388935,99.457127,76.491759,110575,5408740,130.674301,14.425962,0.24824,0.469452,1.0,0.040547,0.269208,104968,14019,0,34979,25,0,0.0,0,4.987179,17.914103,37.753846,47125.491912,0.285912,29,2323,0,18496,21590,MaxPaths=3;Alpha0=0.5;Gamma=0.9;Epsilon0=0.5;RewardW1=0.6;RewardW2=0.4;RewardW3=0;RewardW4=0.2;AdaptiveEpsilon=false;AdaptiveAlpha=false;AdaptiveReward=false;Policy=QLearning;UseMacFeedback=true;DelayRef=0.01;HopByHop=true;UseRerrBump=true;QueueHighThreshold=0.7;QueueLowThreshold=0.3;QueueRewardWeight=0.1;AdaptiveQueueWeight=true;QueueWeightMax=0.4;QueueWeightKappa=0.2;FailurePenalty=0.5;QueueAwareSelect=true;QueueDrivenExploration=true;QueueSelectBeta=0.5;AckSilenceDecay=true;AckSilenceThreshold=+1.5e+10ns;DecayFactor=0.92;DecayMinTx=3;DecayInterval=+1e+10ns;TrendEpsilon=true;TrendInterval=+1e+09ns;TrendDelta=0.05;TrendWindow=3;TrendBump=0.1;TrendCap=0.5;QueueRefPackets=20;
QSQMAODV,B_N40_pi025|QSQ_QDE,9,40,39,0.25,512,5.0,0.85,1000.0,1000.0,300.0,16.0,0.0,0,0,0,3,200.0,30324,9373,0.309095,5.1912,51.464505,84.707844,76.922114,139712,6803762,134.423976,14.905793,0.24071,0.511128,1.0,0.1031,0.341579,183008,13061,0,38118,24,0,0.0,0,4.867949,17.034615,38.008974,44543.640661,0.409181,619,3113,0,16366,19824,MaxPaths=3;Alpha0=0.5;Gamma=0.9;Epsilon0=0.5;RewardW1=0.6;RewardW2=0.4;RewardW3=0;RewardW4=0.2;AdaptiveEpsilon=false;AdaptiveAlpha=false;AdaptiveReward=false;Policy=QLearning;UseMacFeedback=true;DelayRef=0.01;HopByHop=true;UseRerrBump=true;QueueHighThreshold=0.7;QueueLowThreshold=0.3;QueueRewardWeight=0.1;AdaptiveQueueWeight=true;QueueWeightMax=0.4;QueueWeightKappa=0.2;FailurePenalty=0.5;QueueAwareSelect=true;QueueDrivenExploration=true;QueueSelectBeta=0.5;AckSilenceDecay=true;AckSilenceThreshold=+1.5e+10ns;DecayFactor=0.92;DecayMinTx=3;DecayInterval=+1e+10ns;TrendEpsilon=true;TrendInterval=+1e+09ns;TrendDelta=0.05;TrendWindow=3;TrendBump=0.1;TrendCap=0.5;QueueRefPackets=20;
QSQMAODV,B_N40_pi025|QSQ_QDEonly,1,40,39,0.25,512,5.0,0.85,1000.0,1000.0,300.0,16.0,0.0,0,0,0,3,200.0,30324,6361,0.209768,3.523015,64.159096,111.807378,113.617659,149687,7258480,211.313152,23.531992,0.187621,0.466495,1.0,0.048882,0.283235,180338,13363,0,0,0,0,0.0,0,5.021795,18.353846,37.830769,46973.135287,0.360342,154,4232,0,15839,22775,MaxPaths=3;Alpha0=0.5;Gamma=0.9;Epsilon0=0.5;RewardW1=0.6;RewardW2=0.4;RewardW3=0;RewardW4=0.2;AdaptiveEpsilon=false;AdaptiveAlpha=false;AdaptiveReward=false;Policy=QLearning;UseMacFeedback=true;DelayRef=0.01;HopByHop=true;UseRerrBump=true;QueueHighThreshold=0.7;QueueLowThreshold=0.3;QueueRewardWeight=0;AdaptiveQueueWeight=true;QueueWeightMax=0.4;QueueWeightKappa=0.2;FailurePenalty=0;QueueAwareSelect=false;QueueDrivenExploration=true;QueueSelectBeta=0.5;AckSilenceDecay=false;AckSilenceThreshold=+1.5e+10ns;DecayFactor=0.92;DecayMinTx=3;DecayInterval=+1e+10ns;TrendEpsilon=false;TrendInterval=+1e+09ns;TrendDelta=0.05;TrendWindow=3;TrendBump=0.1;TrendCap=0.5;QueueRefPackets=20;
QSQMAODV,B_N40_pi025|QSQ_QDEonly,10,40,39,0.25,512,5.0,0.85,1000.0,1000.0,300.0,16.0,0.0,0,0,0,3,200.0,30324,8512,0.280702,4.714338,34.382182,78.242295,61.083268,83868,4043254,87.964138,9.852914,0.114718,0.335605,1.0,0.041764,0.206718,125573,5036,0,0,0,0,0.0,0,4.180769,16.15,37.582051,44499.101968,0.350448,102,2147,0,5924,20572,MaxPaths=3;Alpha0=0.5;Gamma=0.9;Epsilon0=0.5;RewardW1=0.6;RewardW2=0.4;RewardW3=0;RewardW4=0.2;AdaptiveEpsilon=false;AdaptiveAlpha=false;AdaptiveReward=false;Policy=QLearning;UseMacFeedback=true;DelayRef=0.01;HopByHop=true;UseRerrBump=true;QueueHighThreshold=0.7;QueueLowThreshold=0.3;QueueRewardWeight=0;AdaptiveQueueWeight=true;QueueWeightMax=0.4;QueueWeightKappa=0.2;FailurePenalty=0;QueueAwareSelect=false;QueueDrivenExploration=true;QueueSelectBeta=0.5;AckSilenceDecay=false;AckSilenceThreshold=+1.5e+10ns;DecayFactor=0.92;DecayMinTx=3;DecayInterval=+1e+10ns;TrendEpsilon=false;TrendInterval=+1e+09ns;TrendDelta=0.05;TrendWindow=3;TrendBump=0.1;TrendCap=0.5;QueueRefPackets=20;
QSQMAODV,B_N40_pi025|QSQ_QDEonly,11,40,39,0.25,512,5.0,0.85,1000.0,1000.0,300.0,16.0,0.0,0,0,0,3,200.0,30324,7860,0.259201,4.353231,43.027546,66.88819,53.695701,123194,6006722,141.52111,15.673537,0.191742,0.426465,1.0,0.04832,0.267913,140191,11686,0,0,0,0,0.0,0,4.919231,17.382051,37.766667,43624.080201,0.330926,129,2406,0,14824,21355,MaxPaths=3;Alpha0=0.5;Gamma=0.9;Epsilon0=0.5;RewardW1=0.6;RewardW2=0.4;RewardW3=0;RewardW4=0.2;AdaptiveEpsilon=false;AdaptiveAlpha=false;AdaptiveReward=false;Policy=QLearning;UseMacFeedback=true;DelayRef=0.01;HopByHop=true;UseRerrBump=true;QueueHighThreshold=0.7;QueueLowThreshold=0.3;QueueRewardWeight=0;AdaptiveQueueWeight=true;QueueWeightMax=0.4;QueueWeightKappa=0.2;FailurePenalty=0;QueueAwareSelect=false;QueueDrivenExploration=true;QueueSelectBeta=0.5;AckSilenceDecay=false;AckSilenceThreshold=+1.5e+10ns;DecayFactor=0.92;DecayMinTx=3;DecayInterval=+1e+10ns;TrendEpsilon=false;TrendInterval=+1e+09ns;TrendDelta=0.05;TrendWindow=3;TrendBump=0.1;TrendCap=0.5;QueueRefPackets=20;
QSQMAODV,B_N40_pi025|QSQ_QDEonly,12,40,39,0.25,512,5.0,0.85,1000.0,1000.0,300.0,16.0,0.0,0,0,0,3,200.0,30324,5576,0.183881,3.088246,103.782058,146.333685,131.029179,191891,9316856,309.423189,34.413737,0.200825,0.509362,1.0,0.050345,0.294835,196083,16632,0,0,0,0,0.0,0,5.139744,19.394872,38.239744,49553.615743,0.358396,104,3870,0,19842,23445,MaxPaths=3;Alpha0=0.5;Gamma=0.9;Epsilon0=0.5;RewardW1=0.6;RewardW2=0.4;RewardW3=0;RewardW4=0.2;AdaptiveEpsilon=false;AdaptiveAlpha=false;AdaptiveReward=false;Policy=QLearning;UseMacFeedback=true;DelayRef=0.01;HopByHop=true;UseRerrBump=true;QueueHighThreshold=0.7;QueueLowThreshold=0.3;QueueRewardWeight=0;AdaptiveQueueWeight=true;QueueWeightMax=0.4;QueueWeightKappa=0.2;FailurePenalty=0;QueueAwareSelect=false;QueueDrivenExploration=true;QueueSelectBeta=0.5;AckSilenceDecay=false;AckSilenceThreshold=+1.5e+10ns;DecayFactor=0.92;DecayMinTx=3;DecayInterval=+1e+10ns;TrendEpsilon=false;TrendInterval=+1e+09ns;TrendDelta=0.05;TrendWindow=3;TrendBump=0.1;TrendCap=0.5;QueueRefPackets=20;
QSQMAODV,B_N40_pi025|QSQ_QDEonly,13,40,39,0.25,512,5.0,0.85,1000.0,1000.0,300.0,16.0,0.0,0,0,0,3,200.0,30324,9878,0.325749,5.470892,47.218508,77.175282,62.37549,100011,4826242,90.478692,10.12462,0.163743,0.402968,1.0,0.040622,0.237167,130185,8891,0,0,0,0,0.0,0,5.116667,19.062821,38.3,48813.335603,0.483577,29,2124,0,11290,19261,MaxPaths=3;Alpha0=0.5;Gamma=0.9;Epsilon0=0.5;RewardW1=0.6;RewardW2=0.4;RewardW3=0;RewardW4=0.2;AdaptiveEpsilon=false;AdaptiveAlpha=false;AdaptiveReward=false;Policy=QLearning;UseMacFeedback=true;DelayRef=0.01;HopByHop=true;UseRerrBump=true;QueueHighThreshold=0.7;QueueLowThreshold=0.3;QueueRewardWeight=0;AdaptiveQueueWeight=true;QueueWeightMax=0.4;QueueWeightKappa=0.2;FailurePenalty=0;QueueAwareSelect=false;QueueDrivenExploration=true;QueueSelectBeta=0.5;AckSilenceDecay=false;AckSilenceThreshold=+1.5e+10ns;DecayFactor=0.92;DecayMinTx=3;DecayInterval=+1e+10ns;TrendEpsilon=false;TrendInterval=+1e+09ns;TrendDelta=0.05;TrendWindow=3;TrendBump=0.1;TrendCap=0.5;QueueRefPackets=20;
QSQMAODV,B_N40_pi025|QSQ_QDEonly,14,40,39,0.25,512,5.0,0.85,1000.0,1000.0,300.0,16.0,0.0,0,0,0,3,200.0,30324,9235,0.304544,5.114769,43.358582,54.284202,47.828744,88603,4275574,85.736109,9.594261,0.073157,0.305467,1.0,0.02284,0.171858,145989,4065,0,0,0,0,0.0,0,4.50641,16.624359,37.552564,46582.542217,0.62284,153,2144,0,4595,20206,MaxPaths=3;Alpha0=0.5;Gamma=0.9;Epsilon0=0.5;RewardW1=0.6;RewardW2=0.4;RewardW3=0;RewardW4=0.2;AdaptiveEpsilon=false;AdaptiveAlpha=false;AdaptiveReward=false;Policy=QLearning;UseMacFeedback=true;DelayRef=0.01;HopByHop=true;UseRerrBump=true;QueueHighThreshold=0.7;QueueLowThreshold=0.3;QueueRewardWeight=0;AdaptiveQueueWeight=true;QueueWeightMax=0.4;QueueWeightKappa=0.2;FailurePenalty=0;QueueAwareSelect=false;QueueDrivenExploration=true;QueueSelectBeta=0.5;AckSilenceDecay=false;AckSilenceThreshold=+1.5e+10ns;DecayFactor=0.92;DecayMinTx=3;DecayInterval=+1e+10ns;TrendEpsilon=false;TrendInterval=+1e+09ns;TrendDelta=0.05;TrendWindow=3;TrendBump=0.1;TrendCap=0.5;QueueRefPackets=20;
QSQMAODV,B_N40_pi025|QSQ_QDEonly,15,40,39,0.25,512,5.0,0.85,1000.0,1000.0,300.0,16.0,0.0,0,0,0,3,200.0,30324,9999,0.329739,5.537908,27.722257,55.648065,48.125849,102921,5013620,92.8541,10.293129,0.179716,0.421755,1.0,0.04491,0.263962,121933,10292,0,0,0,0,0.0,0,4.205128,17.779487,37.776923,46198.242591,0.373335,103,2218,0,12838,18896,MaxPaths=3;Alpha0=0.5;Gamma=0.9;Epsilon0=0.5;RewardW1=0.6;RewardW2=0.4;RewardW3=0;RewardW4=0.2;AdaptiveEpsilon=false;AdaptiveAlpha=false;AdaptiveReward=false;Policy=QLearning;UseMacFeedback=true;DelayRef=0.01;HopByHop=true;UseRerrBump=true;QueueHighThreshold=0.7;QueueLowThreshold=0.3;QueueRewardWeight=0;AdaptiveQueueWeight=true;QueueWeightMax=0.4;QueueWeightKappa=0.2;FailurePenalty=0;QueueAwareSelect=false;QueueDrivenExploration=true;QueueSelectBeta=0.5;AckSilenceDecay=false;AckSilenceThreshold=+1.5e+10ns;DecayFactor=0.92;DecayMinTx=3;DecayInterval=+1e+10ns;TrendEpsilon=false;TrendInterval=+1e+09ns;TrendDelta=0.05;TrendWindow=3;TrendBump=0.1;TrendCap=0.5;QueueRefPackets=20;
QSQMAODV,B_N40_pi025|QSQ_QDEonly,16,40,39,0.25,512,5.0,0.85,1000.0,1000.0,300.0,16.0,0.0,0,0,0,3,200.0,30324,10934,0.360572,6.055754,25.971554,39.651689,27.306363,108371,5304320,89.837341,9.911377,0.231768,0.445654,1.0,0.055667,0.282471,106261,12009,0,0,0,0,0.0,0,4.392308,17.798718,37.935897,47891.422584,0.442488,13,2172,0,16080,18367,MaxPaths=3;Alpha0=0.5;Gamma=0.9;Epsilon0=0.5;RewardW1=0.6;RewardW2=0.4;RewardW3=0;RewardW4=0.2;AdaptiveEpsilon=false;AdaptiveAlpha=false;AdaptiveReward=false;Policy=QLearning;UseMacFeedback=true;DelayRef=0.01;HopByHop=true;UseRerrBump=true;QueueHighThreshold=0.7;QueueLowThreshold=0.3;QueueRewardWeight=0;AdaptiveQueueWeight=true;QueueWeightMax=0.4;QueueWeightKappa=0.2;FailurePenalty=0;QueueAwareSelect=false;QueueDrivenExploration=true;QueueSelectBeta=0.5;AckSilenceDecay=false;AckSilenceThreshold=+1.5e+10ns;DecayFactor=0.92;DecayMinTx=3;DecayInterval=+1e+10ns;TrendEpsilon=false;TrendInterval=+1e+09ns;TrendDelta=0.05;TrendWindow=3;TrendBump=0.1;TrendCap=0.5;QueueRefPackets=20;
QSQMAODV,B_N40_pi025|QSQ_QDEonly,17,40,39,0.25,512,5.0,0.85,1000.0,1000.0,300.0,16.0,0.0,0,0,0,3,200.0,30324,10578,0.348833,6.175265,16.043125,36.428499,39.785597,42935,2050098,35.890317,4.058896,0.03947,0.204317,1.0,0.011913,0.103834,85637,1714,0,0,0,0,0.0,0,4.794872,17.575641,38.305128,42102.914699,0.421514,53,535,0,1854,18578,MaxPaths=3;Alpha0=0.5;Gamma=0.9;Epsilon0=0.5;RewardW1=0.6;RewardW2=0.4;RewardW3=0;RewardW4=0.2;AdaptiveEpsilon=false;AdaptiveAlpha=false;AdaptiveReward=false;Policy=QLearning;UseMacFeedback=true;DelayRef=0.01;HopByHop=true;UseRerrBump=true;QueueHighThreshold=0.7;QueueLowThreshold=0.3;QueueRewardWeight=0;AdaptiveQueueWeight=true;QueueWeightMax=0.4;QueueWeightKappa=0.2;FailurePenalty=0;QueueAwareSelect=false;QueueDrivenExploration=true;QueueSelectBeta=0.5;AckSilenceDecay=false;AckSilenceThreshold=+1.5e+10ns;DecayFactor=0.92;DecayMinTx=3;DecayInterval=+1e+10ns;TrendEpsilon=false;TrendInterval=+1e+09ns;TrendDelta=0.05;TrendWindow=3;TrendBump=0.1;TrendCap=0.5;QueueRefPackets=20;
QSQMAODV,B_N40_pi025|QSQ_QDEonly,18,40,39,0.25,512,5.0,0.85,1000.0,1000.0,300.0,16.0,0.0,0,0,0,3,200.0,30324,6566,0.216528,3.636554,64.423413,90.204365,82.730349,155213,7541414,212.695423,23.638897,0.195749,0.47119,1.0,0.048571,0.281785,162493,12950,0,0,0,0,0.0,0,4.542308,17.075641,37.641026,45453.021689,0.340292,126,3985,0,15731,22872,MaxPaths=3;Alpha0=0.5;Gamma=0.9;Epsilon0=0.5;RewardW1=0.6;RewardW2=0.4;RewardW3=0;RewardW4=0.2;AdaptiveEpsilon=false;AdaptiveAlpha=false;AdaptiveReward=false;Policy=QLearning;UseMacFeedback=true;DelayRef=0.01;HopByHop=true;UseRerrBump=true;QueueHighThreshold=0.7;QueueLowThreshold=0.3;QueueRewardWeight=0;AdaptiveQueueWeight=true;QueueWeightMax=0.4;QueueWeightKappa=0.2;FailurePenalty=0;QueueAwareSelect=false;QueueDrivenExploration=true;QueueSelectBeta=0.5;AckSilenceDecay=false;AckSilenceThreshold=+1.5e+10ns;DecayFactor=0.92;DecayMinTx=3;DecayInterval=+1e+10ns;TrendEpsilon=false;TrendInterval=+1e+09ns;TrendDelta=0.05;TrendWindow=3;TrendBump=0.1;TrendCap=0.5;QueueRefPackets=20;
QSQMAODV,B_N40_pi025|QSQ_QDEonly,19,40,39,0.25,512,5.0,0.85,1000.0,1000.0,300.0,16.0,0.0,0,0,0,3,200.0,30324,13023,0.429462,7.212738,44.529589,57.319081,55.38807,134850,6541668,93.021577,10.354757,0.197399,0.45729,1.0,0.048428,0.285275,149494,12061,0,0,0,0,0.0,0,4.292308,17.108974,38.266667,42351.729677,0.602262,82,2857,0,14885,16217,MaxPaths=3;Alpha0=0.5;Gamma=0.9;Epsilon0=0.5;RewardW1=0.6;RewardW2=0.4;RewardW3=0;RewardW4=0.2;AdaptiveEpsilon=false;AdaptiveAlpha=false;AdaptiveReward=false;Policy=QLearning;UseMacFeedback=true;DelayRef=0.01;HopByHop=true;UseRerrBump=true;QueueHighThreshold=0.7;QueueLowThreshold=0.3;QueueRewardWeight=0;AdaptiveQueueWeight=true;QueueWeightMax=0.4;QueueWeightKappa=0.2;FailurePenalty=0;QueueAwareSelect=false;QueueDrivenExploration=true;QueueSelectBeta=0.5;AckSilenceDecay=false;AckSilenceThreshold=+1.5e+10ns;DecayFactor=0.92;DecayMinTx=3;DecayInterval=+1e+10ns;TrendEpsilon=false;TrendInterval=+1e+09ns;TrendDelta=0.05;TrendWindow=3;TrendBump=0.1;TrendCap=0.5;QueueRefPackets=20;
QSQMAODV,B_N40_pi025|QSQ_QDEonly,2,40,39,0.25,512,5.0,0.85,1000.0,1000.0,300.0,16.0,0.0,0,0,0,3,200.0,30324,6834,0.225366,3.784985,91.486251,121.989717,89.692458,143391,6961482,188.639645,20.982002,0.197913,0.465495,1.0,0.049055,0.280781,161272,13379,0,0,0,0,0.0,0,5.25641,18.221795,37.553846,46473.394556,0.41792,158,2982,0,16656,22251,MaxPaths=3;Alpha0=0.5;Gamma=0.9;Epsilon0=0.5;RewardW1=0.6;RewardW2=0.4;RewardW3=0;RewardW4=0.2;AdaptiveEpsilon=false;AdaptiveAlpha=false;AdaptiveReward=false;Policy=QLearning;UseMacFeedback=true;DelayRef=0.01;HopByHop=true;UseRerrBump=true;QueueHighThreshold=0.7;QueueLowThreshold=0.3;QueueRewardWeight=0;AdaptiveQueueWeight=true;QueueWeightMax=0.4;QueueWeightKappa=0.2;FailurePenalty=0;QueueAwareSelect=false;QueueDrivenExploration=true;QueueSelectBeta=0.5;AckSilenceDecay=false;AckSilenceThreshold=+1.5e+10ns;DecayFactor=0.92;DecayMinTx=3;DecayInterval=+1e+10ns;TrendEpsilon=false;TrendInterval=+1e+09ns;TrendDelta=0.05;TrendWindow=3;TrendBump=0.1;TrendCap=0.5;QueueRefPackets=20;
QSQMAODV,B_N40_pi025|QSQ_QDEonly,20,40,39,0.25,512,5.0,0.85,1000.0,1000.0,300.0,16.0,0.0,0,0,0,3,200.0,30324,8044,0.265268,4.455138,33.893902,71.064529,64.397255,122325,5963296,137.284196,15.206987,0.174728,0.434667,1.0,0.040129,0.254283,132631,11279,0,0,0,0,0.0,0,4.580769,18.165385,38.025641,47717.008467,0.330398,71,2527,0,13803,21368,MaxPaths=3;Alpha0=0.5;Gamma=0.9;Epsilon0=0.5;RewardW1=0.6;RewardW2=0.4;RewardW3=0;RewardW4=0.2;AdaptiveEpsilon=false;AdaptiveAlpha=false;AdaptiveReward=false;Policy=QLearning;UseMacFeedback=true;DelayRef=0.01;HopByHop=true;UseRerrBump=true;QueueHighThreshold=0.7;QueueLowThreshold=0.3;QueueRewardWeight=0;AdaptiveQueueWeight=true;QueueWeightMax=0.4;QueueWeightKappa=0.2;FailurePenalty=0;QueueAwareSelect=false;QueueDrivenExploration=true;QueueSelectBeta=0.5;AckSilenceDecay=false;AckSilenceThreshold=+1.5e+10ns;DecayFactor=0.92;DecayMinTx=3;DecayInterval=+1e+10ns;TrendEpsilon=false;TrendInterval=+1e+09ns;TrendDelta=0.05;TrendWindow=3;TrendBump=0.1;TrendCap=0.5;QueueRefPackets=20;
QSQMAODV,B_N40_pi025|QSQ_QDEonly,3,40,39,0.25,512,5.0,0.85,1000.0,1000.0,300.0,16.0,0.0,0,0,0,3,200.0,30324,6713,0.221376,3.717969,64.645944,90.250208,82.729856,164416,7984638,220.264661,24.492179,0.205629,0.499293,1.0,0.047527,0.285794,163254,16304,0,0,0,0,0.0,0,5.241026,20.371795,38.325641,47166.525338,0.304182,126,3207,0,19919,22290,MaxPaths=3;Alpha0=0.5;Gamma=0.9;Epsilon0=0.5;RewardW1=0.6;RewardW2=0.4;RewardW3=0;RewardW4=0.2;AdaptiveEpsilon=false;AdaptiveAlpha=false;AdaptiveReward=false;Policy=QLearning;UseMacFeedback=true;DelayRef=0.01;HopByHop=true;UseRerrBump=true;QueueHighThreshold=0.7;QueueLowThreshold=0.3;QueueRewardWeight=0;AdaptiveQueueWeight=true;QueueWeightMax=0.4;QueueWeightKappa=0.2;FailurePenalty=0;QueueAwareSelect=false;QueueDrivenExploration=true;QueueSelectBeta=0.5;AckSilenceDecay=false;AckSilenceThreshold=+1.5e+10ns;DecayFactor=0.92;DecayMinTx=3;DecayInterval=+1e+10ns;TrendEpsilon=false;TrendInterval=+1e+09ns;TrendDelta=0.05;TrendWindow=3;TrendBump=0.1;TrendCap=0.5;QueueRefPackets=20;
QSQMAODV,B_N40_pi025|QSQ_QDEonly,4,40,39,0.25,512,5.0,0.85,1000.0,1000.0,300.0,16.0,0.0,0,0,0,3,200.0,30324,6652,0.219364,3.781137,46.834704,163.520133,133.888761,153105,7435748,207.003964,23.016386,0.217929,0.488654,1.0,0.058712,0.307323,165254,14495,0,0,0,0,0.0,0,4.730769,17.823077,38.138462,44585.861062,0.407895,53,3700,0,17895,22672,MaxPaths=3;Alpha0=0.5;Gamma=0.9;Epsilon0=0.5;RewardW1=0.6;RewardW2=0.4;RewardW3=0;RewardW4=0.2;AdaptiveEpsilon=false;AdaptiveAlpha=false;AdaptiveReward=false;Policy=QLearning;UseMacFeedback=true;DelayRef=0.01;HopByHop=true;UseRerrBump=true;QueueHighThreshold=0.7;QueueLowThreshold=0.3;QueueRewardWeight=0;AdaptiveQueueWeight=true;QueueWeightMax=0.4;QueueWeightKappa=0.2;FailurePenalty=0;QueueAwareSelect=false;QueueDrivenExploration=true;QueueSelectBeta=0.5;AckSilenceDecay=false;AckSilenceThreshold=+1.5e+10ns;DecayFactor=0.92;DecayMinTx=3;DecayInterval=+1e+10ns;TrendEpsilon=false;TrendInterval=+1e+09ns;TrendDelta=0.05;TrendWindow=3;TrendBump=0.1;TrendCap=0.5;QueueRefPackets=20;
QSQMAODV,B_N40_pi025|QSQ_QDEonly,5,40,39,0.25,512,5.0,0.85,1000.0,1000.0,300.0,16.0,0.0,0,0,0,3,200.0,30324,11575,0.381711,6.757297,19.757464,58.472888,33.562421,77425,3774162,60.381761,6.688985,0.136328,0.345728,1.0,0.034367,0.195903,90473,5701,0,0,0,0,0.0,0,5.14359,18.726923,38.091026,40699.174161,0.417326,25,2666,0,7023,17489,MaxPaths=3;Alpha0=0.5;Gamma=0.9;Epsilon0=0.5;RewardW1=0.6;RewardW2=0.4;RewardW3=0;RewardW4=0.2;AdaptiveEpsilon=false;AdaptiveAlpha=false;AdaptiveReward=false;Policy=QLearning;UseMacFeedback=true;DelayRef=0.01;HopByHop=true;UseRerrBump=true;QueueHighThreshold=0.7;QueueLowThreshold=0.3;QueueRewardWeight=0;AdaptiveQueueWeight=true;QueueWeightMax=0.4;QueueWeightKappa=0.2;FailurePenalty=0;QueueAwareSelect=false;QueueDrivenExploration=true;QueueSelectBeta=0.5;AckSilenceDecay=false;AckSilenceThreshold=+1.5e+10ns;DecayFactor=0.92;DecayMinTx=3;DecayInterval=+1e+10ns;TrendEpsilon=false;TrendInterval=+1e+09ns;TrendDelta=0.05;TrendWindow=3;TrendBump=0.1;TrendCap=0.5;QueueRefPackets=20;
QSQMAODV,B_N40_pi025|QSQ_QDEonly,6,40,39,0.25,512,5.0,0.85,1000.0,1000.0,300.0,16.0,0.0,0,0,0,3,200.0,30324,9608,0.316845,5.321354,20.653576,29.44867,22.280679,42032,2004530,38.635435,4.374688,0.071392,0.259235,1.0,0.051403,0.181457,123031,1854,0,0,0,0,0.0,0,4.673077,17.975641,37.770513,43873.434179,0.386394,677,439,0,2038,19612,MaxPaths=3;Alpha0=0.5;Gamma=0.9;Epsilon0=0.5;RewardW1=0.6;RewardW2=0.4;RewardW3=0;RewardW4=0.2;AdaptiveEpsilon=false;AdaptiveAlpha=false;AdaptiveReward=false;Policy=QLearning;UseMacFeedback=true;DelayRef=0.01;HopByHop=true;UseRerrBump=true;QueueHighThreshold=0.7;QueueLowThreshold=0.3;QueueRewardWeight=0;AdaptiveQueueWeight=true;QueueWeightMax=0.4;QueueWeightKappa=0.2;FailurePenalty=0;QueueAwareSelect=false;QueueDrivenExploration=true;QueueSelectBeta=0.5;AckSilenceDecay=false;AckSilenceThreshold=+1.5e+10ns;DecayFactor=0.92;DecayMinTx=3;DecayInterval=+1e+10ns;TrendEpsilon=false;TrendInterval=+1e+09ns;TrendDelta=0.05;TrendWindow=3;TrendBump=0.1;TrendCap=0.5;QueueRefPackets=20;
QSQMAODV,B_N40_pi025|QSQ_QDEonly,7,40,39,0.25,512,5.0,0.85,1000.0,1000.0,300.0,16.0,0.0,0,0,0,3,200.0,30324,7176,0.236644,3.9744,69.753549,110.754864,97.480779,137077,6659016,171.8438,19.102146,0.176625,0.452703,1.0,0.060821,0.278039,158868,11480,0,0,0,0,0.0,0,4.529487,18.334615,38.108974,51157.007543,0.272589,305,2073,0,13880,22261,MaxPaths=3;Alpha0=0.5;Gamma=0.9;Epsilon0=0.5;RewardW1=0.6;RewardW2=0.4;RewardW3=0;RewardW4=0.2;AdaptiveEpsilon=false;AdaptiveAlpha=false;AdaptiveReward=false;Policy=QLearning;UseMacFeedback=true;DelayRef=0.01;HopByHop=true;UseRerrBump=true;QueueHighThreshold=0.7;QueueLowThreshold=0.3;QueueRewardWeight=0;AdaptiveQueueWeight=true;QueueWeightMax=0.4;QueueWeightKappa=0.2;FailurePenalty=0;QueueAwareSelect=false;QueueDrivenExploration=true;QueueSelectBeta=0.5;AckSilenceDecay=false;AckSilenceThreshold=+1.5e+10ns;DecayFactor=0.92;DecayMinTx=3;DecayInterval=+1e+10ns;TrendEpsilon=false;TrendInterval=+1e+09ns;TrendDelta=0.05;TrendWindow=3;TrendBump=0.1;TrendCap=0.5;QueueRefPackets=20;
QSQMAODV,B_N40_pi025|QSQ_QDEonly,8,40,39,0.25,512,5.0,0.85,1000.0,1000.0,300.0,16.0,0.0,0,0,0,3,200.0,30324,7020,0.2315,3.888,63.681413,92.506003,80.051395,146663,7119994,187.822993,20.892165,0.215932,0.490965,1.0,0.05194,0.299198,161072,15903,0,0,0,0,0.0,0,4.987179,17.914103,37.753846,47125.491912,0.448457,126,3361,0,19452,22168,MaxPaths=3;Alpha0=0.5;Gamma=0.9;Epsilon0=0.5;RewardW1=0.6;RewardW2=0.4;RewardW3=0;RewardW4=0.2;AdaptiveEpsilon=false;AdaptiveAlpha=false;AdaptiveReward=false;Policy=QLearning;UseMacFeedback=true;DelayRef=0.01;HopByHop=true;UseRerrBump=true;QueueHighThreshold=0.7;QueueLowThreshold=0.3;QueueRewardWeight=0;AdaptiveQueueWeight=true;QueueWeightMax=0.4;QueueWeightKappa=0.2;FailurePenalty=0;QueueAwareSelect=false;QueueDrivenExploration=true;QueueSelectBeta=0.5;AckSilenceDecay=false;AckSilenceThreshold=+1.5e+10ns;DecayFactor=0.92;DecayMinTx=3;DecayInterval=+1e+10ns;TrendEpsilon=false;TrendInterval=+1e+09ns;TrendDelta=0.05;TrendWindow=3;TrendBump=0.1;TrendCap=0.5;QueueRefPackets=20;
QSQMAODV,B_N40_pi025|QSQ_QDEonly,9,40,39,0.25,512,5.0,0.85,1000.0,1000.0,300.0,16.0,0.0,0,0,0,3,200.0,30324,9216,0.303918,5.104246,71.542077,88.569794,81.119344,185169,9019406,181.234849,20.092122,0.223138,0.498114,1.0,0.057504,0.31068,191088,18107,0,0,0,0,0.0,0,4.867949,17.034615,38.008974,44543.640661,0.619839,117,4030,0,22892,19870,MaxPaths=3;Alpha0=0.5;Gamma=0.9;Epsilon0=0.5;RewardW1=0.6;RewardW2=0.4;RewardW3=0;RewardW4=0.2;AdaptiveEpsilon=false;AdaptiveAlpha=false;AdaptiveReward=false;Policy=QLearning;UseMacFeedback=true;DelayRef=0.01;HopByHop=true;UseRerrBump=true;QueueHighThreshold=0.7;QueueLowThreshold=0.3;QueueRewardWeight=0;AdaptiveQueueWeight=true;QueueWeightMax=0.4;QueueWeightKappa=0.2;FailurePenalty=0;QueueAwareSelect=false;QueueDrivenExploration=true;QueueSelectBeta=0.5;AckSilenceDecay=false;AckSilenceThreshold=+1.5e+10ns;DecayFactor=0.92;DecayMinTx=3;DecayInterval=+1e+10ns;TrendEpsilon=false;TrendInterval=+1e+09ns;TrendDelta=0.05;TrendWindow=3;TrendBump=0.1;TrendCap=0.5;QueueRefPackets=20;
AODV,M_N30_r300|AODV,1,30,29,0.1,512,15.0,0.85,1000.0,1000.0,300.0,16.0,300.0,1,0,0,3,200.0,56493,21860,0.386951,16.281931,74.97577,71.776592,15.877385,44055,2075524,17.58263,2.015325,0.0,0.0,0.0,0.0,0.0,0,0,0,0,0,0,0.0,0,3.65641,14.05812,28.249573,35718.64528,0.56807,15,3876,0,2173,33235,-
AODV,M_N30_r300|AODV,10,30,29,0.1,512,15.0,0.85,1000.0,1000.0,300.0,16.0,300.0,1,0,0,3,200.0,56493,35447,0.627458,26.401903,30.099019,33.515545,11.270112,22117,1046358,5.466471,0.623946,0.0,0.0,0.0,0.0,0.0,0,0,0,0,0,0,0.0,0,3.661538,13.504274,28.097436,34337.053143,0.826226,0,2848,0,740,19793,-
AODV,M_N30_r300|AODV,11,30,29,0.1,512,15.0,0.85,1000.0,1000.0,300.0,16.0,300.0,1,0,0,3,200.0,56493,29342,0.519392,21.854731,91.814606,96.793485,27.398618,81605,3862546,24.377558,2.781167,0.0,0.0,0.0,0.0,0.0,0,0,0,0,0,0,0.0,0,3.760684,14.234188,28.411966,31831.023418,1.055688,38,6527,0,3051,26739,-
AODV,M_N30_r300|AODV,12,30,29,0.1,512,15.0,0.85,1000.0,1000.0,300.0,16.0,300.0,1,0,0,3,200.0,56493,38561,0.68258,28.721297,48.350577,45.554343,14.815489,31669,1494648,7.177891,0.82127,0.0,0.0,0.0,0.0,0.0,0,0,0,0,0,0,0.0,0,3.574359,13.316239,28.075214,34300.903184,1.043705,15,4606,0,1085,17049,-
AODV,M_N30_r300|AODV,13,30,29,0.1,512,15.0,0.85,1000.0,1000.0,300.0,16.0,300.0,1,0,0,3,200.0,56493,27883,0.493566,20.768028,21.788661,20.323967,11.522359,23280,1094656,7.270167,0.834917,0.0,0.0,0.0,0.0,0.0,0,0,0,0,0,0,0.0,0,3.560684,13.328205,28.264957,30237.191505,0.64192,0,2341,0,693,26870,-
AODV,M_N30_r300|AODV,14,30,29,0.1,512,15.0,0.85,1000.0,1000.0,300.0,16.0,300.0,1,0,0,3,200.0,56493,38402,0.679766,28.602869,59.485973,65.064194,25.327094,54468,2561662,12.353051,1.418364,0.0,0.0,0.0,0.0,0.0,0,0,0,0,0,0,0.0,0,3.615385,13.796581,28.305983,35684.210039,1.14331,162,3619,0,2566,17623,-
AODV,M_N30_r300|AODV,15,30,29,0.1,512,15.0,0.85,1000.0,1000.0,300.0,16.0,300.0,1,0,0,3,200.0,56493,36670,0.649107,27.312828,49.729251,49.817029,15.494669,39750,1875838,9.473068,1.083992,0.0,0.0,0.0,0.0,0.0,0,0,0,0,0,0,0.0,0,3.687179,13.430769,28.22735,38294.458962,1.210787,0,3701,0,1494,18867,-
AODV,M_N30_r300|AODV,16,30,29,0.1,512,15.0,0.85,1000.0,1000.0,300.0,16.0,300.0,1,0,0,3,200.0,56493,34393,0.608801,25.616855,104.337444,107.877708,18.50669,25649,1208666,6.507924,0.745762,0.0,0.0,0.0,0.0,0.0,0,0,0,0,0,0,0.0,0,3.664957,13.752137,28.441026,36269.185127,0.901634,0,3539,0,828,21342,-
AODV,M_N30_r300|AODV,17,30,29,0.1,512,15.0,0.85,1000.0,1000.0,300.0,16.0,300.0,1,0,0,3,200.0,56493,37413,0.662259,27.866234,14.512366,16.650717,10.571739,28403,1343478,6.649887,0.759175,0.0,0.0,0.0,0.0,0.0,0,0,0,0,0,0,0.0,0,3.757265,13.988034,28.461538,33898.278726,1.049564,1,2528,0,906,18065,-
AODV,M_N30_r300|AODV,18,30,29,0.1,512,15.0,0.85,1000.0,1000.0,300.0,16.0,300.0,1,0,0,3,200.0,56493,34520,0.611049,25.711448,55.756794,55.567987,12.403145,22970,1085024,5.820694,0.665411,0.0,0.0,0.0,0.0,0.0,0,0,0,0,0,0,0.0,0,3.524786,13.791453,28.246154,33349.765461,0.900501,101,4855,0,767,21585,-
AODV,M_N30_r300|AODV,19,30,29,0.1,512,15.0,0.85,1000.0,1000.0,300.0,16.0,300.0,1,0,0,3,200.0,56493,26217,0.464075,19.527145,33.327216,41.488926,11.008162,20775,983000,6.943473,0.792425,0.0,0.0,0.0,0.0,0.0,0,0,0,0,0,0,0.0,0,3.623932,13.547009,28.205128,35735.702045,0.584161,0,2294,0,596,28142,-
AODV,M_N30_r300|AODV,2,30,29,0.1,512,15.0,0.85,1000.0,1000.0,300.0,16.0,300.0,1,0,0,3,200.0,56493,26971,0.477422,20.088745,67.39943,67.689225,21.152568,41862,1984680,13.626982,1.552112,0.0,0.0,0.0,0.0,0.0,0,0,0,0,0,0,0.0,0,3.186325,13.323077,28.280342,34911.284936,0.800524,96,3916,0,1691,27686,-
AODV,M_N30_r300|AODV,20,30,29,0.1,512,15.0,0.85,1000.0,1000.0,300.0,16.0,300.0,1,0,0,3,200.0,56493,38317,0.678261,28.539559,117.806823,119.355469,36.663722,90932,4284000,20.704474,2.37315,0.0,0.0,0.0,0.0,0.0,0,0,0,0,0,0,0.0,0,3.71453,13.8,28.367521,32700.651082,1.645726,60,10545,0,3892,17617,-
AODV,M_N30_r300|AODV,3,30,29,0.1,512,15.0,0.85,1000.0,1000.0,300.0,16.0,300.0,1,0,0,3,200.0,56493,35991,0.637088,26.80709,104.530715,105.446757,31.670058,69775,3295284,16.955288,1.938679,0.0,0.0,0.0,0.0,0.0,0,0,0,0,0,0,0.0,0,3.382906,13.015385,27.988034,36483.388441,1.534774,64,7881,0,3024,19506,-
AODV,M_N30_r300|AODV,4,30,29,0.1,512,15.0,0.85,1000.0,1000.0,300.0,16.0,300.0,1,0,0,3,200.0,56493,21554,0.381534,16.627371,25.416813,24.023274,5.868402,22737,1077982,9.261682,1.054885,0.0,0.0,0.0,0.0,0.0,0,0,0,0,0,0,0.0,0,3.620513,13.870085,28.37265,34911.734277,0.487883,0,3087,0,688,33021,-
AODV,M_N30_r300|AODV,5,30,29,0.1,512,15.0,0.85,1000.0,1000.0,300.0,16.0,300.0,1,0,0,3,200.0,56493,29820,0.527853,23.004,38.151794,35.790506,9.050138,25750,1215022,7.545408,0.863514,0.0,0.0,0.0,0.0,0.0,0,0,0,0,0,0,0.0,0,3.644444,13.374359,28.268376,37519.931912,0.630928,0,2882,0,1263,25517,-
AODV,M_N30_r300|AODV,6,30,29,0.1,512,15.0,0.85,1000.0,1000.0,300.0,16.0,300.0,1,0,0,3,200.0,56493,30062,0.532137,22.391007,21.830496,23.19749,7.52514,21821,1030080,6.345405,0.725867,0.0,0.0,0.0,0.0,0.0,0,0,0,0,0,0,0.0,0,3.844444,13.837607,28.364103,32817.801668,0.609474,0,1742,0,652,24845,-
AODV,M_N30_r300|AODV,7,30,29,0.1,512,15.0,0.85,1000.0,1000.0,300.0,16.0,300.0,1,0,0,3,200.0,56493,27640,0.489264,20.587034,125.542121,127.56457,27.569742,71005,3356062,22.485274,2.568922,0.0,0.0,0.0,0.0,0.0,0,0,0,0,0,0,0.0,0,3.605128,13.716239,28.317949,35911.020594,1.068893,0,8895,0,3517,26989,-
AODV,M_N30_r300|AODV,8,30,29,0.1,512,15.0,0.85,1000.0,1000.0,300.0,16.0,300.0,1,0,0,3,200.0,56493,20966,0.371126,15.616055,62.820522,50.024142,14.693839,27293,1305110,11.52757,1.301774,0.0,0.0,0.0,0.0,0.0,0,0,0,0,0,0,0.0,0,3.403419,13.441026,28.167521,36714.95414,0.404563,28,4914,0,752,33434,-
AODV,M_N30_r300|AODV,9,30,29,0.1,512,15.0,0.85,1000.0,1000.0,300.0,16.0,300.0,1,0,0,3,200.0,56493,27558,0.487813,20.525959,55.720685,56.614862,14.410484,30068,1417092,9.522623,1.091081,0.0,0.0,0.0,0.0,0.0,0,0,0,0,0,0,0.0,0,3.191453,13.109402,28.179487,31625.692068,0.897332,168,3574,0,1198,26987,-
QMAODV,M_N30_r300|QMAODV_eps0.02,1,30,29,0.1,512,15.0,0.85,1000.0,1000.0,300.0,16.0,300.0,1,0,0,3,200.0,56493,21122,0.373887,15.732248,83.561666,83.770854,22.145263,55811,2627946,23.040274,2.642316,0.0,0.0,0.0,0.0,0.0,0,0,0,0,0,0,0.0,0,3.65641,14.05812,28.249573,35718.64528,0.753244,205,7082,0,3086,33448,MaxPaths=3;Alpha0=0.5;Gamma=0.9;Epsilon0=0.02;RewardW1=0.6;RewardW2=0.4;RewardW3=0;RewardW4=0.2;AdaptiveEpsilon=false;AdaptiveAlpha=false;AdaptiveReward=false;Policy=QLearning;UseMacFeedback=true;DelayRef=0.01;HopByHop=true;UseRerrBump=true;
QMAODV,M_N30_r300|QMAODV_eps0.02,10,30,29,0.1,512,15.0,0.85,1000.0,1000.0,300.0,16.0,300.0,1,0,0,3,200.0,56493,26164,0.463137,19.487669,65.527873,63.737455,10.65432,17949,848782,6.007562,0.686019,0.0,0.0,0.0,0.0,0.0,0,0,0,0,0,0,0.0,0,3.661538,13.504274,28.097436,34337.053143,0.512364,20,3261,0,637,28309,MaxPaths=3;Alpha0=0.5;Gamma=0.9;Epsilon0=0.02;RewardW1=0.6;RewardW2=0.4;RewardW3=0;RewardW4=0.2;AdaptiveEpsilon=false;AdaptiveAlpha=false;AdaptiveReward=false;Policy=QLearning;UseMacFeedback=true;DelayRef=0.01;HopByHop=true;UseRerrBump=true;
QMAODV,M_N30_r300|QMAODV_eps0.02,11,30,29,0.1,512,15.0,0.85,1000.0,1000.0,300.0,16.0,300.0,1,0,0,3,200.0,56493,24046,0.425646,17.910124,116.827925,125.693946,32.552113,58418,2763756,21.284483,2.429427,0.0,0.0,0.0,0.0,0.0,0,0,0,0,0,0,0.0,0,3.760684,14.234188,28.411966,31831.023418,0.972032,289,6685,0,2938,30332,MaxPaths=3;Alpha0=0.5;Gamma=0.9;Epsilon0=0.02;RewardW1=0.6;RewardW2=0.4;RewardW3=0;RewardW4=0.2;AdaptiveEpsilon=false;AdaptiveAlpha=false;AdaptiveReward=false;Policy=QLearning;UseMacFeedback=true;DelayRef=0.01;HopByHop=true;UseRerrBump=true;
QMAODV,M_N30_r300|QMAODV_eps0.02,12,30,29,0.1,512,15.0,0.85,1000.0,1000.0,300.0,16.0,300.0,1,0,0,3,200.0,56493,30667,0.542846,22.841628,128.39323,128.238732,33.898034,38072,1785628,10.782661,1.241465,0.0,0.0,0.0,0.0,0.0,0,0,0,0,0,0,0.0,0,3.574359,13.316239,28.075214,34300.903184,1.112315,381,6630,0,2237,25308,MaxPaths=3;Alpha0=0.5;Gamma=0.9;Epsilon0=0.02;RewardW1=0.6;RewardW2=0.4;RewardW3=0;RewardW4=0.2;AdaptiveEpsilon=false;AdaptiveAlpha=false;AdaptiveReward=false;Policy=QLearning;UseMacFeedback=true;DelayRef=0.01;HopByHop=true;UseRerrBump=true;
QMAODV,M_N30_r300|QMAODV_eps0.02,13,30,29,0.1,512,15.0,0.85,1000.0,1000.0,300.0,16.0,300.0,1,0,0,3,200.0,56493,25873,0.457986,19.270924,63.471018,75.432249,19.330417,20739,978332,7.002381,0.801569,0.0,0.0,0.0,0.0,0.0,0,0,0,0,0,0,0.0,0,3.560684,13.328205,28.264957,30237.191505,0.622272,145,2961,0,870,29312,MaxPaths=3;Alpha0=0.5;Gamma=0.9;Epsilon0=0.02;RewardW1=0.6;RewardW2=0.4;RewardW3=0;RewardW4=0.2;AdaptiveEpsilon=false;AdaptiveAlpha=false;AdaptiveReward=false;Policy=QLearning;UseMacFeedback=true;DelayRef=0.01;HopByHop=true;UseRerrBump=true;
QMAODV,M_N30_r300|QMAODV_eps0.02,14,30,29,0.1,512,15.0,0.85,1000.0,1000.0,300.0,16.0,300.0,1,0,0,3,200.0,56493,31210,0.552458,23.246069,83.575422,89.568283,21.677501,34279,1609864,9.552162,1.098334,0.0,0.0,0.0,0.0,0.0,0,0,0,0,0,0,0.0,0,3.615385,13.796581,28.305983,35684.210039,1.072646,112,4984,0,1724,24034,MaxPaths=3;Alpha0=0.5;Gamma=0.9;Epsilon0=0.02;RewardW1=0.6;RewardW2=0.4;RewardW3=0;RewardW4=0.2;AdaptiveEpsilon=false;AdaptiveAlpha=false;AdaptiveReward=false;Policy=QLearning;UseMacFeedback=true;DelayRef=0.01;HopByHop=true;UseRerrBump=true;
QMAODV,M_N30_r300|QMAODV_eps0.02,15,30,29,0.1,512,15.0,0.85,1000.0,1000.0,300.0,16.0,300.0,1,0,0,3,200.0,56493,29858,0.528526,22.239062,85.678302,90.583733,25.043172,46675,2183124,13.540164,1.563233,0.0,0.0,0.0,0.0,0.0,0,0,0,0,0,0,0.0,0,3.687179,13.430769,28.22735,38294.458962,1.144496,242,7653,0,2530,25710,MaxPaths=3;Alpha0=0.5;Gamma=0.9;Epsilon0=0.02;RewardW1=0.6;RewardW2=0.4;RewardW3=0;RewardW4=0.2;AdaptiveEpsilon=false;AdaptiveAlpha=false;AdaptiveReward=false;Policy=QLearning;UseMacFeedback=true;DelayRef=0.01;HopByHop=true;UseRerrBump=true;
QMAODV,M_N30_r300|QMAODV_eps0.02,16,30,29,0.1,512,15.0,0.85,1000.0,1000.0,300.0,16.0,300.0,1,0,0,3,200.0,56493,22816,0.403873,16.993986,37.442228,38.524638,9.721164,17268,818862,6.646262,0.756837,0.0,0.0,0.0,0.0,0.0,0,0,0,0,0,0,0.0,0,3.664957,13.752137,28.441026,36269.185127,0.471545,92,3071,0,655,31989,MaxPaths=3;Alpha0=0.5;Gamma=0.9;Epsilon0=0.02;RewardW1=0.6;RewardW2=0.4;RewardW3=0;RewardW4=0.2;AdaptiveEpsilon=false;AdaptiveAlpha=false;AdaptiveReward=false;Policy=QLearning;UseMacFeedback=true;DelayRef=0.01;HopByHop=true;UseRerrBump=true;
QMAODV,M_N30_r300|QMAODV_eps0.02,17,30,29,0.1,512,15.0,0.85,1000.0,1000.0,300.0,16.0,300.0,1,0,0,3,200.0,56493,30413,0.53835,22.652441,44.519429,47.122397,12.632444,27912,1320924,8.043125,0.917765,0.0,0.0,0.0,0.0,0.0,0,0,0,0,0,0,0.0,0,3.757265,13.988034,28.461538,33898.278726,0.827642,150,3298,0,1465,24706,MaxPaths=3;Alpha0=0.5;Gamma=0.9;Epsilon0=0.02;RewardW1=0.6;RewardW2=0.4;RewardW3=0;RewardW4=0.2;AdaptiveEpsilon=false;AdaptiveAlpha=false;AdaptiveReward=false;Policy=QLearning;UseMacFeedback=true;DelayRef=0.01;HopByHop=true;UseRerrBump=true;
QMAODV,M_N30_r300|QMAODV_eps0.02,18,30,29,0.1,512,15.0,0.85,1000.0,1000.0,300.0,16.0,300.0,1,0,0,3,200.0,56493,28281,0.500611,21.064469,143.876187,173.290587,36.756142,32818,1539544,10.080999,1.160426,0.0,0.0,0.0,0.0,0.0,0,0,0,0,0,0,0.0,0,3.524786,13.791453,28.246154,33349.765461,0.940046,182,7336,0,1944,27503,MaxPaths=3;Alpha0=0.5;Gamma=0.9;Epsilon0=0.02;RewardW1=0.6;RewardW2=0.4;RewardW3=0;RewardW4=0.2;AdaptiveEpsilon=false;AdaptiveAlpha=false;AdaptiveReward=false;Policy=QLearning;UseMacFeedback=true;DelayRef=0.01;HopByHop=true;UseRerrBump=true;
QMAODV,M_N30_r300|QMAODV_eps0.02,19,30,29,0.1,512,15.0,0.85,1000.0,1000.0,300.0,16.0,300.0,1,0,0,3,200.0,56493,24584,0.435169,18.310841,13.617085,43.531783,15.626322,14714,699370,5.268181,0.598519,0.0,0.0,0.0,0.0,0.0,0,0,0,0,0,0,0.0,0,3.623932,13.547009,28.205128,35735.702045,0.519905,41,1722,0,446,30017,MaxPaths=3;Alpha0=0.5;Gamma=0.9;Epsilon0=0.02;RewardW1=0.6;RewardW2=0.4;RewardW3=0;RewardW4=0.2;AdaptiveEpsilon=false;AdaptiveAlpha=false;AdaptiveReward=false;Policy=QLearning;UseMacFeedback=true;DelayRef=0.01;HopByHop=true;UseRerrBump=true;
QMAODV,M_N30_r300|QMAODV_eps0.02,2,30,29,0.1,512,15.0,0.85,1000.0,1000.0,300.0,16.0,300.0,1,0,0,3,200.0,56493,24582,0.435134,18.309352,167.496539,163.53436,44.08089,62669,2950370,22.226215,2.549386,0.0,0.0,0.0,0.0,0.0,0,0,0,0,0,0,0.0,0,3.186325,13.323077,28.280342,34911.284936,0.990193,293,10061,0,3817,30136,MaxPaths=3;Alpha0=0.5;Gamma=0.9;Epsilon0=0.02;RewardW1=0.6;RewardW2=0.4;RewardW3=0;RewardW4=0.2;AdaptiveEpsilon=false;AdaptiveAlpha=false;AdaptiveReward=false;Policy=QLearning;UseMacFeedback=true;DelayRef=0.01;HopByHop=true;UseRerrBump=true;
QMAODV,M_N30_r300|QMAODV_eps0.02,20,30,29,0.1,512,15.0,0.85,1000.0,1000.0,300.0,16.0,300.0,1,0,0,3,200.0,56493,25199,0.446055,18.76891,112.711898,117.212623,29.897074,54814,2577358,18.940772,2.175245,0.0,0.0,0.0,0.0,0.0,0,0,0,0,0,0,0.0,0,3.71453,13.8,28.367521,32700.651082,0.92592,106,7709,0,2729,30021,MaxPaths=3;Alpha0=0.5;Gamma=0.9;Epsilon0=0.02;RewardW1=0.6;RewardW2=0.4;RewardW3=0;RewardW4=0.2;AdaptiveEpsilon=false;AdaptiveAlpha=false;AdaptiveReward=false;Policy=QLearning;UseMacFeedback=true;DelayRef=0.01;HopByHop=true;UseRerrBump=true;
QMAODV,M_N30_r300|QMAODV_eps0.02,3,30,29,0.1,512,15.0,0.85,1000.0,1000.0,300.0,16.0,300.0,1,0,0,3,200.0,56493,25336,0.44848,18.870952,91.074362,100.173431,27.8206,45594,2151852,15.728257,1.799574,0.0,0.0,0.0,0.0,0.0,0,0,0,0,0,0,0.0,0,3.382906,13.015385,27.988034,36483.388441,0.863169,258,7670,0,2482,30097,MaxPaths=3;Alpha0=0.5;Gamma=0.9;Epsilon0=0.02;RewardW1=0.6;RewardW2=0.4;RewardW3=0;RewardW4=0.2;AdaptiveEpsilon=false;AdaptiveAlpha=false;AdaptiveReward=false;Policy=QLearning;UseMacFeedback=true;DelayRef=0.01;HopByHop=true;UseRerrBump=true;
QMAODV,M_N30_r300|QMAODV_eps0.02,4,30,29,0.1,512,15.0,0.85,1000.0,1000.0,300.0,16.0,300.0,1,0,0,3,200.0,56493,24157,0.427611,17.9928,101.68117,109.588994,25.101218,39006,1834626,14.064062,1.614687,0.0,0.0,0.0,0.0,0.0,0,0,0,0,0,0,0.0,0,3.620513,13.870085,28.37265,34911.734277,0.82127,195,7404,0,1872,30264,MaxPaths=3;Alpha0=0.5;Gamma=0.9;Epsilon0=0.02;RewardW1=0.6;RewardW2=0.4;RewardW3=0;RewardW4=0.2;AdaptiveEpsilon=false;AdaptiveAlpha=false;AdaptiveReward=false;Policy=QLearning;UseMacFeedback=true;DelayRef=0.01;HopByHop=true;UseRerrBump=true;
QMAODV,M_N30_r300|QMAODV_eps0.02,5,30,29,0.1,512,15.0,0.85,1000.0,1000.0,300.0,16.0,300.0,1,0,0,3,200.0,56493,26339,0.466235,19.618014,73.992834,87.761035,22.089628,23637,1112044,7.818599,0.897414,0.0,0.0,0.0,0.0,0.0,0,0,0,0,0,0,0.0,0,3.644444,13.374359,28.268376,37519.931912,0.665622,45,3948,0,1239,28967,MaxPaths=3;Alpha0=0.5;Gamma=0.9;Epsilon0=0.02;RewardW1=0.6;RewardW2=0.4;RewardW3=0;RewardW4=0.2;AdaptiveEpsilon=false;AdaptiveAlpha=false;AdaptiveReward=false;Policy=QLearning;UseMacFeedback=true;DelayRef=0.01;HopByHop=true;UseRerrBump=true;
QMAODV,M_N30_r300|QMAODV_eps0.02,6,30,29,0.1,512,15.0,0.85,1000.0,1000.0,300.0,16.0,300.0,1,0,0,3,200.0,56493,27287,0.483016,20.32411,10.710575,17.802949,7.356326,19153,899806,6.106598,0.701909,0.0,0.0,0.0,0.0,0.0,0,0,0,0,0,0,0.0,0,3.844444,13.837607,28.364103,32817.801668,0.55614,122,1655,0,660,28279,MaxPaths=3;Alpha0=0.5;Gamma=0.9;Epsilon0=0.02;RewardW1=0.6;RewardW2=0.4;RewardW3=0;RewardW4=0.2;AdaptiveEpsilon=false;AdaptiveAlpha=false;AdaptiveReward=false;Policy=QLearning;UseMacFeedback=true;DelayRef=0.01;HopByHop=true;UseRerrBump=true;
QMAODV,M_N30_r300|QMAODV_eps0.02,7,30,29,0.1,512,15.0,0.85,1000.0,1000.0,300.0,16.0,300.0,1,0,0,3,200.0,56493,16532,0.292638,12.753257,35.192302,36.879404,10.253627,24559,1158710,12.979429,1.485543,0.0,0.0,0.0,0.0,0.0,0,0,0,0,0,0,0.0,0,3.605128,13.716239,28.317949,35911.020594,0.384809,117,3871,0,1068,37806,MaxPaths=3;Alpha0=0.5;Gamma=0.9;Epsilon0=0.02;RewardW1=0.6;RewardW2=0.4;RewardW3=0;RewardW4=0.2;AdaptiveEpsilon=false;AdaptiveAlpha=false;AdaptiveReward=false;Policy=QLearning;UseMacFeedback=true;DelayRef=0.01;HopByHop=true;UseRerrBump=true;
QMAODV,M_N30_r300|QMAODV_eps0.02,8,30,29,0.1,512,15.0,0.85,1000.0,1000.0,300.0,16.0,300.0,1,0,0,3,200.0,56493,22476,0.397855,16.740745,201.447873,203.218247,50.774829,65373,3084570,25.414516,2.908569,0.0,0.0,0.0,0.0,0.0,0,0,0,0,0,0,0.0,0,3.403419,13.441026,28.167521,36714.95414,0.90328,262,12991,0,3874,32634,MaxPaths=3;Alpha0=0.5;Gamma=0.9;Epsilon0=0.02;RewardW1=0.6;RewardW2=0.4;RewardW3=0;RewardW4=0.2;AdaptiveEpsilon=false;AdaptiveAlpha=false;AdaptiveReward=false;Policy=QLearning;UseMacFeedback=true;DelayRef=0.01;HopByHop=true;UseRerrBump=true;
QMAODV,M_N30_r300|QMAODV_eps0.02,9,30,29,0.1,512,15.0,0.85,1000.0,1000.0,300.0,16.0,300.0,1,0,0,3,200.0,56493,22581,0.399713,16.818952,168.798662,167.14034,49.17494,59677,2797146,22.939197,2.642797,0.0,0.0,0.0,0.0,0.0,0,0,0,0,0,0,0.0,0,3.191453,13.109402,28.179487,31625.692068,1.044182,296,10055,0,3010,32785,MaxPaths=3;Alpha0=0.5;Gamma=0.9;Epsilon0=0.02;RewardW1=0.6;RewardW2=0.4;RewardW3=0;RewardW4=0.2;AdaptiveEpsilon=false;AdaptiveAlpha=false;AdaptiveReward=false;Policy=QLearning;UseMacFeedback=true;DelayRef=0.01;HopByHop=true;UseRerrBump=true;
QMAODV,M_N30_r300|QMAODV_eps0.1,1,30,29,0.1,512,15.0,0.85,1000.0,1000.0,300.0,16.0,300.0,1,0,0,3,200.0,56493,20466,0.362275,15.243641,66.432033,70.749139,17.366308,28594,1345706,12.176528,1.397146,0.0,0.0,0.0,0.0,0.0,0,0,0,0,0,0,0.0,0,3.65641,14.05812,28.249573,35718.64528,0.626874,57,2915,0,1222,33374,MaxPaths=3;Alpha0=0.5;Gamma=0.9;Epsilon0=0.1;RewardW1=0.6;RewardW2=0.4;RewardW3=0;RewardW4=0.2;AdaptiveEpsilon=false;AdaptiveAlpha=false;AdaptiveReward=false;Policy=QLearning;UseMacFeedback=true;DelayRef=0.01;HopByHop=true;UseRerrBump=true;
QMAODV,M_N30_r300|QMAODV_eps0.1,10,30,29,0.1,512,15.0,0.85,1000.0,1000.0,300.0,16.0,300.0,1,0,0,3,200.0,56493,31374,0.555361,23.368221,90.846027,106.790255,26.505781,27796,1305680,7.706782,0.885957,0.0,0.0,0.0,0.0,0.0,0,0,0,0,0,0,0.0,0,3.661538,13.504274,28.097436,34337.053143,0.862797,128,5358,0,1354,23720,MaxPaths=3;Alpha0=0.5;Gamma=0.9;Epsilon0=0.1;RewardW1=0.6;RewardW2=0.4;RewardW3=0;RewardW4=0.2;AdaptiveEpsilon=false;AdaptiveAlpha=false;AdaptiveReward=false;Policy=QLearning;UseMacFeedback=true;DelayRef=0.01;HopByHop=true;UseRerrBump=true;
QMAODV,M_N30_r300|QMAODV_eps0.1,11,30,29,0.1,512,15.0,0.85,1000.0,1000.0,300.0,16.0,300.0,1,0,0,3,200.0,56493,23590,0.417574,17.570483,126.361408,147.006738,32.244933,67017,3161720,24.819996,2.840907,0.0,0.0,0.0,0.0,0.0,0,0,0,0,0,0,0.0,0,3.760684,14.234188,28.411966,31831.023418,0.848636,219,8238,0,4194,31479,MaxPaths=3;Alpha0=0.5;Gamma=0.9;Epsilon0=0.1;RewardW1=0.6;RewardW2=0.4;RewardW3=0;RewardW4=0.2;AdaptiveEpsilon=false;AdaptiveAlpha=false;AdaptiveReward=false;Policy=QLearning;UseMacFeedback=true;DelayRef=0.01;HopByHop=true;UseRerrBump=true;
QMAODV,M_N30_r300|QMAODV_eps0.1,12,30,29,0.1,512,15.0,0.85,1000.0,1000.0,300.0,16.0,300.0,1,0,0,3,200.0,56493,27478,0.486397,20.466372,89.813243,81.219434,16.658112,21083,1000050,6.739735,0.767268,0.0,0.0,0.0,0.0,0.0,0,0,0,0,0,0,0.0,0,3.574359,13.316239,28.075214,34300.903184,0.631671,82,3268,0,848,27815,MaxPaths=3;Alpha0=0.5;Gamma=0.9;Epsilon0=0.1;RewardW1=0.6;RewardW2=0.4;RewardW3=0;RewardW4=0.2;AdaptiveEpsilon=false;AdaptiveAlpha=false;AdaptiveReward=false;Policy=QLearning;UseMacFeedback=true;DelayRef=0.01;HopByHop=true;UseRerrBump=true;
QMAODV,M_N30_r300|QMAODV_eps0.1,13,30,29,0.1,512,15.0,0.85,1000.0,1000.0,300.0,16.0,300.0,1,0,0,3,200.0,56493,24092,0.42646,17.944386,110.515288,115.658669,53.250798,39697,1866934,14.350345,1.647725,0.0,0.0,0.0,0.0,0.0,0,0,0,0,0,0,0.0,0,3.560684,13.328205,28.264957,30237.191505,0.836157,129,6564,0,2859,30750,MaxPaths=3;Alpha0=0.5;Gamma=0.9;Epsilon0=0.1;RewardW1=0.6;RewardW2=0.4;RewardW3=0;RewardW4=0.2;AdaptiveEpsilon=false;AdaptiveAlpha=false;AdaptiveReward=false;Policy=QLearning;UseMacFeedback=true;DelayRef=0.01;HopByHop=true;UseRerrBump=true;
QMAODV,M_N30_r300|QMAODV_eps0.1,14,30,29,0.1,512,15.0,0.85,1000.0,1000.0,300.0,16.0,300.0,1,0,0,3,200.0,56493,28714,0.508275,21.386979,100.014805,109.207997,42.488154,59336,2779526,17.925996,2.066448,0.0,0.0,0.0,0.0,0.0,0,0,0,0,0,0,0.0,0,3.615385,13.796581,28.305983,35684.210039,1.117572,262,9761,0,3731,27208,MaxPaths=3;Alpha0=0.5;Gamma=0.9;Epsilon0=0.1;RewardW1=0.6;RewardW2=0.4;RewardW3=0;RewardW4=0.2;AdaptiveEpsilon=false;AdaptiveAlpha=false;AdaptiveReward=false;Policy=QLearning;UseMacFeedback=true;DelayRef=0.01;HopByHop=true;UseRerrBump=true;
QMAODV,M_N30_r300|QMAODV_eps0.1,15,30,29,0.1,512,15.0,0.85,1000.0,1000.0,300.0,16.0,300.0,1,0,0,3,200.0,56493,28708,0.508169,21.38251,120.345209,121.937286,35.316232,43088,2023766,13.054601,1.500906,0.0,0.0,0.0,0.0,0.0,0,0,0,0,0,0,0.0,0,3.687179,13.430769,28.22735,38294.458962,1.08617,174,8012,0,2098,26987,MaxPaths=3;Alpha0=0.5;Gamma=0.9;Epsilon0=0.1;RewardW1=0.6;RewardW2=0.4;RewardW3=0;RewardW4=0.2;AdaptiveEpsilon=false;AdaptiveAlpha=false;AdaptiveReward=false;Policy=QLearning;UseMacFeedback=true;DelayRef=0.01;HopByHop=true;UseRerrBump=true;
QMAODV,M_N30_r300|QMAODV_eps0.1,16,30,29,0.1,512,15.0,0.85,1000.0,1000.0,300.0,16.0,300.0,1,0,0,3,200.0,56493,21932,0.388225,16.335559,53.607283,49.597604,8.722781,16002,760086,6.417867,0.729619,0.0,0.0,0.0,0.0,0.0,0,0,0,0,0,0,0.0,0,3.664957,13.752137,28.441026,36269.185127,0.341653,2,3519,0,627,32973,MaxPaths=3;Alpha0=0.5;Gamma=0.9;Epsilon0=0.1;RewardW1=0.6;RewardW2=0.4;RewardW3=0;RewardW4=0.2;AdaptiveEpsilon=false;AdaptiveAlpha=false;AdaptiveReward=false;Policy=QLearning;UseMacFeedback=true;DelayRef=0.01;HopByHop=true;UseRerrBump=true;
QMAODV,M_N30_r300|QMAODV_eps0.1,17,30,29,0.1,512,15.0,0.85,1000.0,1000.0,300.0,16.0,300.0,1,0,0,3,200.0,56493,35181,0.62275,26.203779,65.705872,68.206784,27.18885,45384,2132620,11.225651,1.290014,0.0,0.0,0.0,0.0,0.0,0,0,0,0,0,0,0.0,0,3.757265,13.988034,28.461538,33898.278726,1.318942,205,6599,0,2420,20387,MaxPaths=3;Alpha0=0.5;Gamma=0.9;Epsilon0=0.1;RewardW1=0.6;RewardW2=0.4;RewardW3=0;RewardW4=0.2;AdaptiveEpsilon=false;AdaptiveAlpha=false;AdaptiveReward=false;Policy=QLearning;UseMacFeedback=true;DelayRef=0.01;HopByHop=true;UseRerrBump=true;
QMAODV,M_N30_r300|QMAODV_eps0.1,18,30,29,0.1,512,15.0,0.85,1000.0,1000.0,300.0,16.0,300.0,1,0,0,3,200.0,56493,32448,0.574372,24.168166,89.87679,98.765441,21.384373,29898,1402366,8.003495,0.921413,0.0,0.0,0.0,0.0,0.0,0,0,0,0,0,0,0.0,0,3.524786,13.791453,28.246154,33349.765461,1.168994,140,6665,0,1313,23415,MaxPaths=3;Alpha0=0.5;Gamma=0.9;Epsilon0=0.1;RewardW1=0.6;RewardW2=0.4;RewardW3=0;RewardW4=0.2;AdaptiveEpsilon=false;AdaptiveAlpha=false;AdaptiveReward=false;Policy=QLearning;UseMacFeedback=true;DelayRef=0.01;HopByHop=true;UseRerrBump=true;
QMAODV,M_N30_r300|QMAODV_eps0.1,19,30,29,0.1,512,15.0,0.85,1000.0,1000.0,300.0,16.0,300.0,1,0,0,3,200.0,56493,28008,0.495778,20.861131,79.880746,84.217857,14.98233,19805,935874,6.187875,0.707119,0.0,0.0,0.0,0.0,0.0,0,0,0,0,0,0,0.0,0,3.623932,13.547009,28.205128,35735.702045,0.77514,98,3202,0,762,27085,MaxPaths=3;Alpha0=0.5;Gamma=0.9;Epsilon0=0.1;RewardW1=0.6;RewardW2=0.4;RewardW3=0;RewardW4=0.2;AdaptiveEpsilon=false;AdaptiveAlpha=false;AdaptiveReward=false;Policy=QLearning;UseMacFeedback=true;DelayRef=0.01;HopByHop=true;UseRerrBump=true;
QMAODV,M_N30_r300|QMAODV_eps0.1,2,30,29,0.1,512,15.0,0.85,1000.0,1000.0,300.0,16.0,300.0,1,0,0,3,200.0,56493,23221,0.411042,17.295641,203.32131,213.1203,42.348893,58957,2781460,22.181869,2.538952,0.0,0.0,0.0,0.0,0.0,0,0,0,0,0,0,0.0,0,3.186325,13.323077,28.280342,34911.284936,0.847645,368,9654,0,3557,31583,MaxPaths=3;Alpha0=0.5;Gamma=0.9;Epsilon0=0.1;RewardW1=0.6;RewardW2=0.4;RewardW3=0;RewardW4=0.2;AdaptiveEpsilon=false;AdaptiveAlpha=false;AdaptiveReward=false;Policy=QLearning;UseMacFeedback=true;DelayRef=0.01;HopByHop=true;UseRerrBump=true;
QMAODV,M_N30_r300|QMAODV_eps0.1,20,30,29,0.1,512,15.0,0.85,1000.0,1000.0,300.0,16.0,300.0,1,0,0,3,200.0,56493,26699,0.472607,19.886152,115.816274,118.757024,36.723978,58435,2759680,19.141236,2.188659,0.0,0.0,0.0,0.0,0.0,0,0,0,0,0,0,0.0,0,3.71453,13.8,28.367521,32700.651082,1.177225,226,8158,0,3109,28728,MaxPaths=3;Alpha0=0.5;Gamma=0.9;Epsilon0=0.1;RewardW1=0.6;RewardW2=0.4;RewardW3=0;RewardW4=0.2;AdaptiveEpsilon=false;AdaptiveAlpha=false;AdaptiveReward=false;Policy=QLearning;UseMacFeedback=true;DelayRef=0.01;HopByHop=true;UseRerrBump=true;
QMAODV,M_N30_r300|QMAODV_eps0.1,3,30,29,0.1,512,15.0,0.85,1000.0,1000.0,300.0,16.0,300.0,1,0,0,3,200.0,56493,29304,0.518719,21.826428,166.747539,174.868779,51.238122,70908,3337342,21.090168,2.419738,0.0,0.0,0.0,0.0,0.0,0,0,0,0,0,0,0.0,0,3.382906,13.015385,27.988034,36483.388441,1.452764,246,13024,0,4407,26295,MaxPaths=3;Alpha0=0.5;Gamma=0.9;Epsilon0=0.1;RewardW1=0.6;RewardW2=0.4;RewardW3=0;RewardW4=0.2;AdaptiveEpsilon=false;AdaptiveAlpha=false;AdaptiveReward=false;Policy=QLearning;UseMacFeedback=true;DelayRef=0.01;HopByHop=true;UseRerrBump=true;
QMAODV,M_N30_r300|QMAODV_eps0.1,4,30,29,0.1,512,15.0,0.85,1000.0,1000.0,300.0,16.0,300.0,1,0,0,3,200.0,56493,27052,0.478856,20.149076,185.083169,191.263488,33.654382,43195,2035832,13.936342,1.59674,0.0,0.0,0.0,0.0,0.0,0,0,0,0,0,0,0.0,0,3.620513,13.870085,28.37265,34911.734277,1.08971,157,8089,0,2251,28349,MaxPaths=3;Alpha0=0.5;Gamma=0.9;Epsilon0=0.1;RewardW1=0.6;RewardW2=0.4;RewardW3=0;RewardW4=0.2;AdaptiveEpsilon=false;AdaptiveAlpha=false;AdaptiveReward=false;Policy=QLearning;UseMacFeedback=true;DelayRef=0.01;HopByHop=true;UseRerrBump=true;
QMAODV,M_N30_r300|QMAODV_eps0.1,5,30,29,0.1,512,15.0,0.85,1000.0,1000.0,300.0,16.0,300.0,1,0,0,3,200.0,56493,30321,0.536721,22.583917,109.29759,117.046974,33.476344,43685,2047816,12.507014,1.440751,0.0,0.0,0.0,0.0,0.0,0,0,0,0,0,0,0.0,0,3.644444,13.374359,28.268376,37519.931912,1.071035,168,6881,0,2262,25309,MaxPaths=3;Alpha0=0.5;Gamma=0.9;Epsilon0=0.1;RewardW1=0.6;RewardW2=0.4;RewardW3=0;RewardW4=0.2;AdaptiveEpsilon=false;AdaptiveAlpha=false;AdaptiveReward=false;Policy=QLearning;UseMacFeedback=true;DelayRef=0.01;HopByHop=true;UseRerrBump=true;
QMAODV,M_N30_r300|QMAODV_eps0.1,6,30,29,0.1,512,15.0,0.85,1000.0,1000.0,300.0,16.0,300.0,1,0,0,3,200.0,56493,30176,0.534155,22.475917,50.156722,50.323844,13.948136,27254,1281332,7.863325,0.903168,0.0,0.0,0.0,0.0,0.0,0,0,0,0,0,0,0.0,0,3.844444,13.837607,28.364103,32817.801668,0.841467,61,3073,0,1255,25463,MaxPaths=3;Alpha0=0.5;Gamma=0.9;Epsilon0=0.1;RewardW1=0.6;RewardW2=0.4;RewardW3=0;RewardW4=0.2;AdaptiveEpsilon=false;AdaptiveAlpha=false;AdaptiveReward=false;Policy=QLearning;UseMacFeedback=true;DelayRef=0.01;HopByHop=true;UseRerrBump=true;
QMAODV,M_N30_r300|QMAODV_eps0.1,7,30,29,0.1,512,15.0,0.85,1000.0,1000.0,300.0,16.0,300.0,1,0,0,3,200.0,56493,20458,0.362133,15.237683,130.829,157.896841,41.746987,46594,2193508,19.855567,2.277544,0.0,0.0,0.0,0.0,0.0,0,0,0,0,0,0,0.0,0,3.605128,13.716239,28.317949,35911.020594,0.764927,151,6861,0,2608,33814,MaxPaths=3;Alpha0=0.5;Gamma=0.9;Epsilon0=0.1;RewardW1=0.6;RewardW2=0.4;RewardW3=0;RewardW4=0.2;AdaptiveEpsilon=false;AdaptiveAlpha=false;AdaptiveReward=false;Policy=QLearning;UseMacFeedback=true;DelayRef=0.01;HopByHop=true;UseRerrBump=true;
QMAODV,M_N30_r300|QMAODV_eps0.1,8,30,29,0.1,512,15.0,0.85,1000.0,1000.0,300.0,16.0,300.0,1,0,0,3,200.0,56493,22293,0.394615,16.604441,126.270161,122.757411,30.648604,38689,1838514,15.272308,1.735478,0.0,0.0,0.0,0.0,0.0,0,0,0,0,0,0,0.0,0,3.403419,13.441026,28.167521,36714.95414,0.688705,99,7721,0,2203,32421,MaxPaths=3;Alpha0=0.5;Gamma=0.9;Epsilon0=0.1;RewardW1=0.6;RewardW2=0.4;RewardW3=0;RewardW4=0.2;AdaptiveEpsilon=false;AdaptiveAlpha=false;AdaptiveReward=false;Policy=QLearning;UseMacFeedback=true;DelayRef=0.01;HopByHop=true;UseRerrBump=true;
QMAODV,M_N30_r300|QMAODV_eps0.1,9,30,29,0.1,512,15.0,0.85,1000.0,1000.0,300.0,16.0,300.0,1,0,0,3,200.0,56493,20978,0.371338,15.624993,135.992791,129.847321,23.729424,45606,2135084,18.847646,2.173992,0.0,0.0,0.0,0.0,0.0,0,0,0,0,0,0,0.0,0,3.191453,13.109402,28.179487,31625.692068,0.768272,204,7247,0,2244,34574,MaxPaths=3;Alpha0=0.5;Gamma=0.9;Epsilon0=0.1;RewardW1=0.6;RewardW2=0.4;RewardW3=0;RewardW4=0.2;AdaptiveEpsilon=false;AdaptiveAlpha=false;AdaptiveReward=false;Policy=QLearning;UseMacFeedback=true;DelayRef=0.01;HopByHop=true;UseRerrBump=true;
QMAODV,M_N30_r300|QMAODV,1,30,29,0.1,512,15.0,0.85,1000.0,1000.0,300.0,16.0,300.0,1,0,0,3,200.0,56493,21323,0.377445,15.881959,82.574343,82.09538,27.829834,39889,1882886,16.352417,1.870703,0.0,0.0,0.0,0.0,0.0,0,0,0,0,0,0,0.0,0,3.65641,14.05812,28.249573,35718.64528,0.749686,26,3450,0,1637,32500,MaxPaths=3;Alpha0=0.5;Gamma=0.9;Epsilon0=0.5;RewardW1=0.6;RewardW2=0.4;RewardW3=0;RewardW4=0.2;AdaptiveEpsilon=false;AdaptiveAlpha=false;AdaptiveReward=false;Policy=QLearning;UseMacFeedback=true;DelayRef=0.01;HopByHop=true;UseRerrBump=true;
QMAODV,M_N30_r300|QMAODV,10,30,29,0.1,512,15.0,0.85,1000.0,1000.0,300.0,16.0,300.0,1,0,0,3,200.0,56493,32200,0.569982,23.983448,88.368588,102.136713,32.221807,40721,1910264,10.986105,1.264627,0.0,0.0,0.0,0.0,0.0,0,0,0,0,0,0,0.0,0,3.661538,13.504274,28.097436,34337.053143,1.012763,7,7813,0,1951,23805,MaxPaths=3;Alpha0=0.5;Gamma=0.9;Epsilon0=0.5;RewardW1=0.6;RewardW2=0.4;RewardW3=0;RewardW4=0.2;AdaptiveEpsilon=false;AdaptiveAlpha=false;AdaptiveReward=false;Policy=QLearning;UseMacFeedback=true;DelayRef=0.01;HopByHop=true;UseRerrBump=true;
QMAODV,M_N30_r300|QMAODV,11,30,29,0.1,512,15.0,0.85,1000.0,1000.0,300.0,16.0,300.0,1,0,0,3,200.0,56493,28557,0.505496,21.270041,127.534598,134.962417,62.351464,83334,3926302,25.461112,2.918164,0.0,0.0,0.0,0.0,0.0,0,0,0,0,0,0,0.0,0,3.760684,14.234188,28.411966,31831.023418,1.379251,45,10788,0,4439,26251,MaxPaths=3;Alpha0=0.5;Gamma=0.9;Epsilon0=0.5;RewardW1=0.6;RewardW2=0.4;RewardW3=0;RewardW4=0.2;AdaptiveEpsilon=false;AdaptiveAlpha=false;AdaptiveReward=false;Policy=QLearning;UseMacFeedback=true;DelayRef=0.01;HopByHop=true;UseRerrBump=true;
QMAODV,M_N30_r300|QMAODV,12,30,29,0.1,512,15.0,0.85,1000.0,1000.0,300.0,16.0,300.0,1,0,0,3,200.0,56493,33180,0.587329,24.713379,107.112388,105.264039,32.2129,39603,1868416,10.428058,1.19358,0.0,0.0,0.0,0.0,0.0,0,0,0,0,0,0,0.0,0,3.574359,13.316239,28.075214,34300.903184,1.19151,21,6986,0,1856,22054,MaxPaths=3;Alpha0=0.5;Gamma=0.9;Epsilon0=0.5;RewardW1=0.6;RewardW2=0.4;RewardW3=0;RewardW4=0.2;AdaptiveEpsilon=false;AdaptiveAlpha=false;AdaptiveReward=false;Policy=QLearning;UseMacFeedback=true;DelayRef=0.01;HopByHop=true;UseRerrBump=true;
QMAODV,M_N30_r300|QMAODV,13,30,29,0.1,512,15.0,0.85,1000.0,1000.0,300.0,16.0,300.0,1,0,0,3,200.0,56493,19701,0.348733,14.673848,92.802048,160.102601,76.814516,55002,2604126,24.478227,2.791838,0.0,0.0,0.0,0.0,0.0,0,0,0,0,0,0,0.0,0,3.560684,13.328205,28.264957,30237.191505,0.712371,43,7962,0,4401,34730,MaxPaths=3;Alpha0=0.5;Gamma=0.9;Epsilon0=0.5;RewardW1=0.6;RewardW2=0.4;RewardW3=0;RewardW4=0.2;AdaptiveEpsilon=false;AdaptiveAlpha=false;AdaptiveReward=false;Policy=QLearning;UseMacFeedback=true;DelayRef=0.01;HopByHop=true;UseRerrBump=true;
QMAODV,M_N30_r300|QMAODV,14,30,29,0.1,512,15.0,0.85,1000.0,1000.0,300.0,16.0,300.0,1,0,0,3,200.0,56493,29247,0.51771,21.783972,41.553485,37.780645,12.675099,18634,881046,5.578578,0.637125,0.0,0.0,0.0,0.0,0.0,0,0,0,0,0,0,0.0,0,3.615385,13.796581,28.305983,35684.210039,0.792399,2,1601,0,780,25166,MaxPaths=3;Alpha0=0.5;Gamma=0.9;Epsilon0=0.5;RewardW1=0.6;RewardW2=0.4;RewardW3=0;RewardW4=0.2;AdaptiveEpsilon=false;AdaptiveAlpha=false;AdaptiveReward=false;Policy=QLearning;UseMacFeedback=true;DelayRef=0.01;HopByHop=true;UseRerrBump=true;
QMAODV,M_N30_r300|QMAODV,15,30,29,0.1,512,15.0,0.85,1000.0,1000.0,300.0,16.0,300.0,1,0,0,3,200.0,56493,30552,0.54081,22.755972,92.32946,103.078606,45.937158,59765,2802782,16.988534,1.956173,0.0,0.0,0.0,0.0,0.0,0,0,0,0,0,0,0.0,0,3.687179,13.430769,28.22735,38294.458962,1.36863,48,8636,0,2701,24490,MaxPaths=3;Alpha0=0.5;Gamma=0.9;Epsilon0=0.5;RewardW1=0.6;RewardW2=0.4;RewardW3=0;RewardW4=0.2;AdaptiveEpsilon=false;AdaptiveAlpha=false;AdaptiveReward=false;Policy=QLearning;UseMacFeedback=true;DelayRef=0.01;HopByHop=true;UseRerrBump=true;
QMAODV,M_N30_r300|QMAODV,16,30,29,0.1,512,15.0,0.85,1000.0,1000.0,300.0,16.0,300.0,1,0,0,3,200.0,56493,21742,0.384862,16.194041,90.918615,93.837265,29.391101,27788,1304976,11.114995,1.278079,0.0,0.0,0.0,0.0,0.0,0,0,0,0,0,0,0.0,0,3.664957,13.752137,28.441026,36269.185127,0.48822,0,5217,0,1340,33637,MaxPaths=3;Alpha0=0.5;Gamma=0.9;Epsilon0=0.5;RewardW1=0.6;RewardW2=0.4;RewardW3=0;RewardW4=0.2;AdaptiveEpsilon=false;AdaptiveAlpha=false;AdaptiveReward=false;Policy=QLearning;UseMacFeedback=true;DelayRef=0.01;HopByHop=true;UseRerrBump=true;
QMAODV,M_N30_r300|QMAODV,17,30,29,0.1,512,15.0,0.85,1000.0,1000.0,300.0,16.0,300.0,1,0,0,3,200.0,56493,31582,0.559043,23.523145,85.732658,98.390454,44.318687,45454,2122986,12.448406,1.439238,0.0,0.0,0.0,0.0,0.0,0,0,0,0,0,0,0.0,0,3.757265,13.988034,28.461538,33898.278726,1.241304,7,7203,0,2714,23514,MaxPaths=3;Alpha0=0.5;Gamma=0.9;Epsilon0=0.5;RewardW1=0.6;RewardW2=0.4;RewardW3=0;RewardW4=0.2;AdaptiveEpsilon=false;AdaptiveAlpha=false;AdaptiveReward=false;Policy=QLearning;UseMacFeedback=true;DelayRef=0.01;HopByHop=true;UseRerrBump=true;
QMAODV,M_N30_r300|QMAODV,18,30,29,0.1,512,15.0,0.85,1000.0,1000.0,300.0,16.0,300.0,1,0,0,3,200.0,56493,26298,0.465509,19.587476,109.233054,119.753103,20.134291,19780,936144,6.592136,0.752148,0.0,0.0,0.0,0.0,0.0,0,0,0,0,0,0,0.0,0,3.524786,13.791453,28.246154,33349.765461,0.683784,1,5017,0,766,28318,MaxPaths=3;Alpha0=0.5;Gamma=0.9;Epsilon0=0.5;RewardW1=0.6;RewardW2=0.4;RewardW3=0;RewardW4=0.2;AdaptiveEpsilon=false;AdaptiveAlpha=false;AdaptiveReward=false;Policy=QLearning;UseMacFeedback=true;DelayRef=0.01;HopByHop=true;UseRerrBump=true;
QMAODV,M_N30_r300|QMAODV,19,30,29,0.1,512,15.0,0.85,1000.0,1000.0,300.0,16.0,300.0,1,0,0,3,200.0,56493,23470,0.41545,17.481103,11.205253,11.707299,8.20365,14231,676606,5.33862,0.606349,0.0,0.0,0.0,0.0,0.0,0,0,0,0,0,0,0.0,0,3.623932,13.547009,28.205128,35735.702045,0.443064,0,1500,0,438,31101,MaxPaths=3;Alpha0=0.5;Gamma=0.9;Epsilon0=0.5;RewardW1=0.6;RewardW2=0.4;RewardW3=0;RewardW4=0.2;AdaptiveEpsilon=false;AdaptiveAlpha=false;AdaptiveReward=false;Policy=QLearning;UseMacFeedback=true;DelayRef=0.01;HopByHop=true;UseRerrBump=true;
QMAODV,M_N30_r300|QMAODV,2,30,29,0.1,512,15.0,0.85,1000.0,1000.0,300.0,16.0,300.0,1,0,0,3,200.0,56493,23724,0.419946,17.67029,196.418187,211.556125,69.91158,69085,3247238,25.347343,2.91203,0.0,0.0,0.0,0.0,0.0,0,0,0,0,0,0,0.0,0,3.186325,13.323077,28.280342,34911.284936,1.027278,11,12987,0,4317,32228,MaxPaths=3;Alpha0=0.5;Gamma=0.9;Epsilon0=0.5;RewardW1=0.6;RewardW2=0.4;RewardW3=0;RewardW4=0.2;AdaptiveEpsilon=false;AdaptiveAlpha=false;AdaptiveReward=false;Policy=QLearning;UseMacFeedback=true;DelayRef=0.01;HopByHop=true;UseRerrBump=true;
QMAODV,M_N30_r300|QMAODV,20,30,29,0.1,512,15.0,0.85,1000.0,1000.0,300.0,16.0,300.0,1,0,0,3,200.0,56493,25135,0.444922,18.721241,133.573307,146.992888,68.751003,79416,3732216,27.497558,3.159578,0.0,0.0,0.0,0.0,0.0,0,0,0,0,0,0,0.0,0,3.71453,13.8,28.367521,32700.651082,1.218841,50,13301,0,4689,30787,MaxPaths=3;Alpha0=0.5;Gamma=0.9;Epsilon0=0.5;RewardW1=0.6;RewardW2=0.4;RewardW3=0;RewardW4=0.2;AdaptiveEpsilon=false;AdaptiveAlpha=false;AdaptiveReward=false;Policy=QLearning;UseMacFeedback=true;DelayRef=0.01;HopByHop=true;UseRerrBump=true;
QMAODV,M_N30_r300|QMAODV,3,30,29,0.1,512,15.0,0.85,1000.0,1000.0,300.0,16.0,300.0,1,0,0,3,200.0,56493,21150,0.374383,15.753103,116.451292,126.67897,39.080336,31322,1477164,12.933754,1.480946,0.0,0.0,0.0,0.0,0.0,0,0,0,0,0,0,0.0,0,3.382906,13.015385,27.988034,36483.388441,0.721098,39,5453,0,1866,34600,MaxPaths=3;Alpha0=0.5;Gamma=0.9;Epsilon0=0.5;RewardW1=0.6;RewardW2=0.4;RewardW3=0;RewardW4=0.2;AdaptiveEpsilon=false;AdaptiveAlpha=false;AdaptiveReward=false;Policy=QLearning;UseMacFeedback=true;DelayRef=0.01;HopByHop=true;UseRerrBump=true;
QMAODV,M_N30_r300|QMAODV,4,30,29,0.1,512,15.0,0.85,1000.0,1000.0,300.0,16.0,300.0,1,0,0,3,200.0,56493,21697,0.384065,16.160524,91.934876,94.400038,24.307086,24652,1160130,9.901779,1.136194,0.0,0.0,0.0,0.0,0.0,0,0,0,0,0,0,0.0,0,3.620513,13.870085,28.37265,34911.734277,0.699131,1,3888,0,1068,32583,MaxPaths=3;Alpha0=0.5;Gamma=0.9;Epsilon0=0.5;RewardW1=0.6;RewardW2=0.4;RewardW3=0;RewardW4=0.2;AdaptiveEpsilon=false;AdaptiveAlpha=false;AdaptiveReward=false;Policy=QLearning;UseMacFeedback=true;DelayRef=0.01;HopByHop=true;UseRerrBump=true;
QMAODV,M_N30_r300|QMAODV,5,30,29,0.1,512,15.0,0.85,1000.0,1000.0,300.0,16.0,300.0,1,0,0,3,200.0,56493,28657,0.507266,21.344524,160.004415,159.644272,57.356544,63210,2954240,19.090675,2.205744,0.0,0.0,0.0,0.0,0.0,0,0,0,0,0,0,0.0,0,3.644444,13.374359,28.268376,37519.931912,1.215637,61,10506,0,3718,26400,MaxPaths=3;Alpha0=0.5;Gamma=0.9;Epsilon0=0.5;RewardW1=0.6;RewardW2=0.4;RewardW3=0;RewardW4=0.2;AdaptiveEpsilon=false;AdaptiveAlpha=false;AdaptiveReward=false;Policy=QLearning;UseMacFeedback=true;DelayRef=0.01;HopByHop=true;UseRerrBump=true;
QMAODV,M_N30_r300|QMAODV,6,30,29,0.1,512,15.0,0.85,1000.0,1000.0,300.0,16.0,300.0,1,0,0,3,200.0,56493,31546,0.558405,24.335486,36.025556,39.097657,14.46831,24558,1153808,6.773225,0.778482,0.0,0.0,0.0,0.0,0.0,0,0,0,0,0,0,0.0,0,3.844444,13.837607,28.364103,32817.801668,0.899492,52,2786,0,1054,23721,MaxPaths=3;Alpha0=0.5;Gamma=0.9;Epsilon0=0.5;RewardW1=0.6;RewardW2=0.4;RewardW3=0;RewardW4=0.2;AdaptiveEpsilon=false;AdaptiveAlpha=false;AdaptiveReward=false;Policy=QLearning;UseMacFeedback=true;DelayRef=0.01;HopByHop=true;UseRerrBump=true;
QMAODV,M_N30_r300|QMAODV,7,30,29,0.1,512,15.0,0.85,1000.0,1000.0,300.0,16.0,300.0,1,0,0,3,200.0,56493,16685,0.295346,12.871286,53.833078,55.79872,21.439884,34907,1646656,18.276074,2.092119,0.0,0.0,0.0,0.0,0.0,0,0,0,0,0,0,0.0,0,3.605128,13.716239,28.317949,35911.020594,0.475634,80,4920,0,1548,37688,MaxPaths=3;Alpha0=0.5;Gamma=0.9;Epsilon0=0.5;RewardW1=0.6;RewardW2=0.4;RewardW3=0;RewardW4=0.2;AdaptiveEpsilon=false;AdaptiveAlpha=false;AdaptiveReward=false;Policy=QLearning;UseMacFeedback=true;DelayRef=0.01;HopByHop=true;UseRerrBump=true;
QMAODV,M_N30_r300|QMAODV,8,30,29,0.1,512,15.0,0.85,1000.0,1000.0,300.0,16.0,300.0,1,0,0,3,200.0,56493,25792,0.456552,19.210593,147.323612,144.132902,41.571476,56027,2667658,19.153642,2.172263,0.0,0.0,0.0,0.0,0.0,0,0,0,0,0,0,0.0,0,3.403419,13.441026,28.167521,36714.95414,0.908644,5,11158,0,2387,29335,MaxPaths=3;Alpha0=0.5;Gamma=0.9;Epsilon0=0.5;RewardW1=0.6;RewardW2=0.4;RewardW3=0;RewardW4=0.2;AdaptiveEpsilon=false;AdaptiveAlpha=false;AdaptiveReward=false;Policy=QLearning;UseMacFeedback=true;DelayRef=0.01;HopByHop=true;UseRerrBump=true;
QMAODV,M_N30_r300|QMAODV,9,30,29,0.1,512,15.0,0.85,1000.0,1000.0,300.0,16.0,300.0,1,0,0,3,200.0,56493,26140,0.462712,19.469793,106.033175,109.81326,37.817562,45863,2162198,15.31779,1.754514,0.0,0.0,0.0,0.0,0.0,0,0,0,0,0,0,0.0,0,3.191453,13.109402,28.179487,31625.692068,1.019224,6,5919,0,2623,28522,MaxPaths=3;Alpha0=0.5;Gamma=0.9;Epsilon0=0.5;RewardW1=0.6;RewardW2=0.4;RewardW3=0;RewardW4=0.2;AdaptiveEpsilon=false;AdaptiveAlpha=false;AdaptiveReward=false;Policy=QLearning;UseMacFeedback=true;DelayRef=0.01;HopByHop=true;UseRerrBump=true;
QMAODV,M_N30_r300|QMAODV_srconly,1,30,29,0.1,512,15.0,0.85,1000.0,1000.0,300.0,16.0,300.0,1,0,0,3,200.0,56493,22647,0.400882,16.86811,93.868512,104.133759,24.352298,33848,1603804,13.114352,1.494591,0.0,0.0,0.0,0.0,0.0,0,0,0,0,0,0,0.0,0,3.65641,14.05812,28.249573,35718.64528,0.733383,0,2669,0,1233,31083,MaxPaths=3;Alpha0=0.5;Gamma=0.9;Epsilon0=0.5;RewardW1=0.6;RewardW2=0.4;RewardW3=0;RewardW4=0.2;AdaptiveEpsilon=false;AdaptiveAlpha=false;AdaptiveReward=false;Policy=QLearning;UseMacFeedback=true;DelayRef=0.01;HopByHop=false;UseRerrBump=true;
QMAODV,M_N30_r300|QMAODV_srconly,10,30,29,0.1,512,15.0,0.85,1000.0,1000.0,300.0,16.0,300.0,1,0,0,3,200.0,56493,38054,0.673606,28.343669,86.706386,93.071434,25.866668,34555,1620504,7.885987,0.908052,0.0,0.0,0.0,0.0,0.0,0,0,0,0,0,0,0.0,0,3.661538,13.504274,28.097436,34337.053143,1.195316,20,5208,0,1625,18007,MaxPaths=3;Alpha0=0.5;Gamma=0.9;Epsilon0=0.5;RewardW1=0.6;RewardW2=0.4;RewardW3=0;RewardW4=0.2;AdaptiveEpsilon=false;AdaptiveAlpha=false;AdaptiveReward=false;Policy=QLearning;UseMacFeedback=true;DelayRef=0.01;HopByHop=false;UseRerrBump=true;
QMAODV,M_N30_r300|QMAODV_srconly,11,30,29,0.1,512,15.0,0.85,1000.0,1000.0,300.0,16.0,300.0,1,0,0,3,200.0,56493,31722,0.561521,23.627421,161.752762,161.506082,49.849442,96660,4559318,26.61617,3.047097,0.0,0.0,0.0,0.0,0.0,0,0,0,0,0,0,0.0,0,3.760684,14.234188,28.411966,31831.023418,1.424796,7,10741,0,4903,24235,MaxPaths=3;Alpha0=0.5;Gamma=0.9;Epsilon0=0.5;RewardW1=0.6;RewardW2=0.4;RewardW3=0;RewardW4=0.2;AdaptiveEpsilon=false;AdaptiveAlpha=false;AdaptiveReward=false;Policy=QLearning;UseMacFeedback=true;DelayRef=0.01;HopByHop=false;UseRerrBump=true;
QMAODV,M_N30_r300|QMAODV_srconly,12,30,29,0.1,512,15.0,0.85,1000.0,1000.0,300.0,16.0,300.0,1,0,0,3,200.0,56493,30489,0.539695,22.709048,120.039712,114.860671,22.892347,23742,1127694,6.849428,0.778707,0.0,0.0,0.0,0.0,0.0,0,0,0,0,0,0,0.0,0,3.574359,13.316239,28.075214,34300.903184,0.857717,0,2579,0,1078,25103,MaxPaths=3;Alpha0=0.5;Gamma=0.9;Epsilon0=0.5;RewardW1=0.6;RewardW2=0.4;RewardW3=0;RewardW4=0.2;AdaptiveEpsilon=false;AdaptiveAlpha=false;AdaptiveReward=false;Policy=QLearning;UseMacFeedback=true;DelayRef=0.01;HopByHop=false;UseRerrBump=true;
QMAODV,M_N30_r300|QMAODV_srconly,13,30,29,0.1,512,15.0,0.85,1000.0,1000.0,300.0,16.0,300.0,1,0,0,3,200.0,56493,31416,0.556104,23.399503,62.616146,63.358786,22.654652,33686,1581974,9.325126,1.072256,0.0,0.0,0.0,0.0,0.0,0,0,0,0,0,0,0.0,0,3.560684,13.328205,28.264957,30237.191505,0.935603,80,3686,0,1742,24097,MaxPaths=3;Alpha0=0.5;Gamma=0.9;Epsilon0=0.5;RewardW1=0.6;RewardW2=0.4;RewardW3=0;RewardW4=0.2;AdaptiveEpsilon=false;AdaptiveAlpha=false;AdaptiveReward=false;Policy=QLearning;UseMacFeedback=true;DelayRef=0.01;HopByHop=false;UseRerrBump=true;
QMAODV,M_N30_r300|QMAODV_srconly,14,30,29,0.1,512,15.0,0.85,1000.0,1000.0,300.0,16.0,300.0,1,0,0,3,200.0,56493,30976,0.548316,23.071779,50.717126,51.404511,11.58676,22041,1039372,6.213723,0.711551,0.0,0.0,0.0,0.0,0.0,0,0,0,0,0,0,0.0,0,3.615385,13.796581,28.305983,35684.210039,0.78985,28,1113,0,893,23056,MaxPaths=3;Alpha0=0.5;Gamma=0.9;Epsilon0=0.5;RewardW1=0.6;RewardW2=0.4;RewardW3=0;RewardW4=0.2;AdaptiveEpsilon=false;AdaptiveAlpha=false;AdaptiveReward=false;Policy=QLearning;UseMacFeedback=true;DelayRef=0.01;HopByHop=false;UseRerrBump=true;
QMAODV,M_N30_r300|QMAODV_srconly,15,30,29,0.1,512,15.0,0.85,1000.0,1000.0,300.0,16.0,300.0,1,0,0,3,200.0,56493,32753,0.579771,24.395338,107.597436,106.173171,24.394339,40603,1918046,10.844616,1.239673,0.0,0.0,0.0,0.0,0.0,0,0,0,0,0,0,0.0,0,3.687179,13.430769,28.22735,38294.458962,1.160285,361,4626,0,1670,23204,MaxPaths=3;Alpha0=0.5;Gamma=0.9;Epsilon0=0.5;RewardW1=0.6;RewardW2=0.4;RewardW3=0;RewardW4=0.2;AdaptiveEpsilon=false;AdaptiveAlpha=false;AdaptiveReward=false;Policy=QLearning;UseMacFeedback=true;DelayRef=0.01;HopByHop=false;UseRerrBump=true;
QMAODV,M_N30_r300|QMAODV_srconly,16,30,29,0.1,512,15.0,0.85,1000.0,1000.0,300.0,16.0,300.0,1,0,0,3,200.0,56493,23651,0.418654,17.615917,59.403875,81.024854,12.457278,16588,786680,6.159633,0.701366,0.0,0.0,0.0,0.0,0.0,0,0,0,0,0,0,0.0,0,3.664957,13.752137,28.441026,36269.185127,0.511408,0,2953,0,618,31872,MaxPaths=3;Alpha0=0.5;Gamma=0.9;Epsilon0=0.5;RewardW1=0.6;RewardW2=0.4;RewardW3=0;RewardW4=0.2;AdaptiveEpsilon=false;AdaptiveAlpha=false;AdaptiveReward=false;Policy=QLearning;UseMacFeedback=true;DelayRef=0.01;HopByHop=false;UseRerrBump=true;
QMAODV,M_N30_r300|QMAODV_srconly,17,30,29,0.1,512,15.0,0.85,1000.0,1000.0,300.0,16.0,300.0,1,0,0,3,200.0,56493,32126,0.568672,23.928331,54.954155,73.467673,16.12142,32742,1546060,8.912015,1.019175,0.0,0.0,0.0,0.0,0.0,0,0,0,0,0,0,0.0,0,3.757265,13.988034,28.461538,33898.278726,0.783212,1,4037,0,1477,23121,MaxPaths=3;Alpha0=0.5;Gamma=0.9;Epsilon0=0.5;RewardW1=0.6;RewardW2=0.4;RewardW3=0;RewardW4=0.2;AdaptiveEpsilon=false;AdaptiveAlpha=false;AdaptiveReward=false;Policy=QLearning;UseMacFeedback=true;DelayRef=0.01;HopByHop=false;UseRerrBump=true;
QMAODV,M_N30_r300|QMAODV_srconly,18,30,29,0.1,512,15.0,0.85,1000.0,1000.0,300.0,16.0,300.0,1,0,0,3,200.0,56493,28742,0.508771,21.407834,93.646169,101.809473,15.142002,20043,949304,6.116381,0.697342,0.0,0.0,0.0,0.0,0.0,0,0,0,0,0,0,0.0,0,3.524786,13.791453,28.246154,33349.765461,0.716,1,3163,0,834,26504,MaxPaths=3;Alpha0=0.5;Gamma=0.9;Epsilon0=0.5;RewardW1=0.6;RewardW2=0.4;RewardW3=0;RewardW4=0.2;AdaptiveEpsilon=false;AdaptiveAlpha=false;AdaptiveReward=false;Policy=QLearning;UseMacFeedback=true;DelayRef=0.01;HopByHop=false;UseRerrBump=true;
QMAODV,M_N30_r300|QMAODV_srconly,19,30,29,0.1,512,15.0,0.85,1000.0,1000.0,300.0,16.0,300.0,1,0,0,3,200.0,56493,27905,0.493955,20.784414,17.28668,18.623208,7.864653,17576,832230,5.522905,0.629851,0.0,0.0,0.0,0.0,0.0,0,0,0,0,0,0,0.0,0,3.623932,13.547009,28.205128,35735.702045,0.640805,27,1758,0,673,27299,MaxPaths=3;Alpha0=0.5;Gamma=0.9;Epsilon0=0.5;RewardW1=0.6;RewardW2=0.4;RewardW3=0;RewardW4=0.2;AdaptiveEpsilon=false;AdaptiveAlpha=false;AdaptiveReward=false;Policy=QLearning;UseMacFeedback=true;DelayRef=0.01;HopByHop=false;UseRerrBump=true;
QMAODV,M_N30_r300|QMAODV_srconly,2,30,29,0.1,512,15.0,0.85,1000.0,1000.0,300.0,16.0,300.0,1,0,0,3,200.0,56493,31528,0.558087,23.482924,218.994284,223.22656,48.515296,59524,2812258,16.518286,1.887973,0.0,0.0,0.0,0.0,0.0,0,0,0,0,0,0,0.0,0,3.186325,13.323077,28.280342,34911.284936,1.303754,38,7579,0,2638,24422,MaxPaths=3;Alpha0=0.5;Gamma=0.9;Epsilon0=0.5;RewardW1=0.6;RewardW2=0.4;RewardW3=0;RewardW4=0.2;AdaptiveEpsilon=false;AdaptiveAlpha=false;AdaptiveReward=false;Policy=QLearning;UseMacFeedback=true;DelayRef=0.01;HopByHop=false;UseRerrBump=true;
QMAODV,M_N30_r300|QMAODV_srconly,20,30,29,0.1,512,15.0,0.85,1000.0,1000.0,300.0,16.0,300.0,1,0,0,3,200.0,56493,30160,0.533871,22.464,110.223223,112.066616,36.552421,71805,3391428,20.823681,2.380802,0.0,0.0,0.0,0.0,0.0,0,0,0,0,0,0,0.0,0,3.71453,13.8,28.367521,32700.651082,1.260138,56,10402,0,3309,24895,MaxPaths=3;Alpha0=0.5;Gamma=0.9;Epsilon0=0.5;RewardW1=0.6;RewardW2=0.4;RewardW3=0;RewardW4=0.2;AdaptiveEpsilon=false;AdaptiveAlpha=false;AdaptiveReward=false;Policy=QLearning;UseMacFeedback=true;DelayRef=0.01;HopByHop=false;UseRerrBump=true;
QMAODV,M_N30_r300|QMAODV_srconly,3,30,29,0.1,512,15.0,0.85,1000.0,1000.0,300.0,16.0,300.0,1,0,0,3,200.0,56493,22449,0.397377,16.720634,82.990433,92.194323,20.252063,25065,1184684,9.772637,1.116531,0.0,0.0,0.0,0.0,0.0,0,0,0,0,0,0,0.0,0,3.382906,13.015385,27.988034,36483.388441,0.626432,51,3947,0,1129,33038,MaxPaths=3;Alpha0=0.5;Gamma=0.9;Epsilon0=0.5;RewardW1=0.6;RewardW2=0.4;RewardW3=0;RewardW4=0.2;AdaptiveEpsilon=false;AdaptiveAlpha=false;AdaptiveReward=false;Policy=QLearning;UseMacFeedback=true;DelayRef=0.01;HopByHop=false;UseRerrBump=true;
QMAODV,M_N30_r300|QMAODV_srconly,4,30,29,0.1,512,15.0,0.85,1000.0,1000.0,300.0,16.0,300.0,1,0,0,3,200.0,56493,27254,0.482431,20.299531,77.626098,90.480163,18.924593,28526,1351982,9.186433,1.046672,0.0,0.0,0.0,0.0,0.0,0,0,0,0,0,0,0.0,0,3.620513,13.870085,28.37265,34911.734277,0.914166,6,4190,0,1157,28135,MaxPaths=3;Alpha0=0.5;Gamma=0.9;Epsilon0=0.5;RewardW1=0.6;RewardW2=0.4;RewardW3=0;RewardW4=0.2;AdaptiveEpsilon=false;AdaptiveAlpha=false;AdaptiveReward=false;Policy=QLearning;UseMacFeedback=true;DelayRef=0.01;HopByHop=false;UseRerrBump=true;
QMAODV,M_N30_r300|QMAODV_srconly,5,30,29,0.1,512,15.0,0.85,1000.0,1000.0,300.0,16.0,300.0,1,0,0,3,200.0,56493,37840,0.669817,28.184276,155.742672,160.279754,40.957989,54979,2589614,12.673313,1.452933,0.0,0.0,0.0,0.0,0.0,0,0,0,0,0,0,0.0,0,3.644444,13.374359,28.268376,37519.931912,1.409785,10,7063,0,2747,18228,MaxPaths=3;Alpha0=0.5;Gamma=0.9;Epsilon0=0.5;RewardW1=0.6;RewardW2=0.4;RewardW3=0;RewardW4=0.2;AdaptiveEpsilon=false;AdaptiveAlpha=false;AdaptiveReward=false;Policy=QLearning;UseMacFeedback=true;DelayRef=0.01;HopByHop=false;UseRerrBump=true;
QMAODV,M_N30_r300|QMAODV_srconly,6,30,29,0.1,512,15.0,0.85,1000.0,1000.0,300.0,16.0,300.0,1,0,0,3,200.0,56493,27574,0.488096,21.271371,27.31962,26.1239,7.935452,17564,831540,5.584568,0.636977,0.0,0.0,0.0,0.0,0.0,0,0,0,0,0,0,0.0,0,3.844444,13.837607,28.364103,32817.801668,0.532385,0,2179,0,627,27294,MaxPaths=3;Alpha0=0.5;Gamma=0.9;Epsilon0=0.5;RewardW1=0.6;RewardW2=0.4;RewardW3=0;RewardW4=0.2;AdaptiveEpsilon=false;AdaptiveAlpha=false;AdaptiveReward=false;Policy=QLearning;UseMacFeedback=true;DelayRef=0.01;HopByHop=false;UseRerrBump=true;
QMAODV,M_N30_r300|QMAODV_srconly,7,30,29,0.1,512,15.0,0.85,1000.0,1000.0,300.0,16.0,300.0,1,0,0,3,200.0,56493,14640,0.259147,11.293714,79.579953,80.012036,12.041664,18652,888486,11.238692,1.274044,0.0,0.0,0.0,0.0,0.0,0,0,0,0,0,0,0.0,0,3.605128,13.716239,28.317949,35911.020594,0.296054,0,3613,0,589,39493,MaxPaths=3;Alpha0=0.5;Gamma=0.9;Epsilon0=0.5;RewardW1=0.6;RewardW2=0.4;RewardW3=0;RewardW4=0.2;AdaptiveEpsilon=false;AdaptiveAlpha=false;AdaptiveReward=false;Policy=QLearning;UseMacFeedback=true;DelayRef=0.01;HopByHop=false;UseRerrBump=true;
QMAODV,M_N30_r300|QMAODV_srconly,8,30,29,0.1,512,15.0,0.85,1000.0,1000.0,300.0,16.0,300.0,1,0,0,3,200.0,56493,24919,0.441099,18.560359,178.000768,174.691805,36.768077,42388,2024866,15.047762,1.701031,0.0,0.0,0.0,0.0,0.0,0,0,0,0,0,0,0.0,0,3.403419,13.441026,28.167521,36714.95414,0.881614,0,8062,0,1837,29498,MaxPaths=3;Alpha0=0.5;Gamma=0.9;Epsilon0=0.5;RewardW1=0.6;RewardW2=0.4;RewardW3=0;RewardW4=0.2;AdaptiveEpsilon=false;AdaptiveAlpha=false;AdaptiveReward=false;Policy=QLearning;UseMacFeedback=true;DelayRef=0.01;HopByHop=false;UseRerrBump=true;
QMAODV,M_N30_r300|QMAODV_srconly,9,30,29,0.1,512,15.0,0.85,1000.0,1000.0,300.0,16.0,300.0,1,0,0,3,200.0,56493,29341,0.519374,21.853986,234.748167,242.599448,40.307191,56865,2675548,16.886672,1.938073,0.0,0.0,0.0,0.0,0.0,0,0,0,0,0,0,0.0,0,3.191453,13.109402,28.179487,31625.692068,1.177739,7,6217,0,2168,25916,MaxPaths=3;Alpha0=0.5;Gamma=0.9;Epsilon0=0.5;RewardW1=0.6;RewardW2=0.4;RewardW3=0;RewardW4=0.2;AdaptiveEpsilon=false;AdaptiveAlpha=false;AdaptiveReward=false;Policy=QLearning;UseMacFeedback=true;DelayRef=0.01;HopByHop=false;UseRerrBump=true;
QSQMAODV,M_N30_r300|QSQ_FULL,1,30,29,0.1,512,15.0,0.85,1000.0,1000.0,300.0,16.0,300.0,1,0,0,3,200.0,56493,23286,0.412193,17.344055,88.948686,88.179438,35.616447,51950,2447878,19.467094,2.230954,0.05364,0.19007,1.0,0.026382,0.117685,195424,2234,0,22776,3,0,0.0,0,3.65641,14.05812,28.249573,35718.64528,0.863222,42,5715,0,2346,31490,MaxPaths=3;Alpha0=0.5;Gamma=0.9;Epsilon0=0.5;RewardW1=0.6;RewardW2=0.4;RewardW3=0;RewardW4=0.2;AdaptiveEpsilon=false;AdaptiveAlpha=false;AdaptiveReward=false;Policy=QLearning;UseMacFeedback=true;DelayRef=0.01;HopByHop=true;UseRerrBump=true;QueueHighThreshold=0.7;QueueLowThreshold=0.3;QueueRewardWeight=0.1;AdaptiveQueueWeight=true;QueueWeightMax=0.4;QueueWeightKappa=0.2;FailurePenalty=0.5;QueueAwareSelect=true;QueueDrivenExploration=false;QueueSelectBeta=0.5;AckSilenceDecay=true;AckSilenceThreshold=+1.5e+10ns;DecayFactor=0.92;DecayMinTx=3;DecayInterval=+1e+10ns;TrendEpsilon=true;TrendInterval=+1e+09ns;TrendDelta=0.05;TrendWindow=3;TrendBump=0.1;TrendCap=0.5;QueueRefPackets=20;
QSQMAODV,M_N30_r300|QSQ_FULL,10,30,29,0.1,512,15.0,0.85,1000.0,1000.0,300.0,16.0,300.0,1,0,0,3,200.0,56493,32667,0.578249,24.331283,73.755904,84.726926,27.76046,27885,1310706,7.43023,0.853614,0.030031,0.131146,1.0,0.018287,0.085675,146985,1261,0,11571,1,0,0.0,0,3.661538,13.504274,28.097436,34337.053143,0.929035,70,5905,0,1291,23393,MaxPaths=3;Alpha0=0.5;Gamma=0.9;Epsilon0=0.5;RewardW1=0.6;RewardW2=0.4;RewardW3=0;RewardW4=0.2;AdaptiveEpsilon=false;AdaptiveAlpha=false;AdaptiveReward=false;Policy=QLearning;UseMacFeedback=true;DelayRef=0.01;HopByHop=true;UseRerrBump=true;QueueHighThreshold=0.7;QueueLowThreshold=0.3;QueueRewardWeight=0.1;AdaptiveQueueWeight=true;QueueWeightMax=0.4;QueueWeightKappa=0.2;FailurePenalty=0.5;QueueAwareSelect=true;QueueDrivenExploration=false;QueueSelectBeta=0.5;AckSilenceDecay=true;AckSilenceThreshold=+1.5e+10ns;DecayFactor=0.92;DecayMinTx=3;DecayInterval=+1e+10ns;TrendEpsilon=true;TrendInterval=+1e+09ns;TrendDelta=0.05;TrendWindow=3;TrendBump=0.1;TrendCap=0.5;QueueRefPackets=20;
QSQMAODV,M_N30_r300|QSQ_FULL,11,30,29,0.1,512,15.0,0.85,1000.0,1000.0,300.0,16.0,300.0,1,0,0,3,200.0,56493,19788,0.350273,14.738648,126.403071,136.54565,51.558653,82974,3919432,36.679843,4.193147,0.134009,0.317758,1.0,0.054949,0.207115,223646,4924,0,25905,7,0,0.0,0,3.760684,14.234188,28.411966,31831.023418,0.752996,21,11708,0,5493,35737,MaxPaths=3;Alpha0=0.5;Gamma=0.9;Epsilon0=0.5;RewardW1=0.6;RewardW2=0.4;RewardW3=0;RewardW4=0.2;AdaptiveEpsilon=false;AdaptiveAlpha=false;AdaptiveReward=false;Policy=QLearning;UseMacFeedback=true;DelayRef=0.01;HopByHop=true;UseRerrBump=true;QueueHighThreshold=0.7;QueueLowThreshold=0.3;QueueRewardWeight=0.1;AdaptiveQueueWeight=true;QueueWeightMax=0.4;QueueWeightKappa=0.2;FailurePenalty=0.5;QueueAwareSelect=true;QueueDrivenExploration=false;QueueSelectBeta=0.5;AckSilenceDecay=true;AckSilenceThreshold=+1.5e+10ns;DecayFactor=0.92;DecayMinTx=3;DecayInterval=+1e+10ns;TrendEpsilon=true;TrendInterval=+1e+09ns;TrendDelta=0.05;TrendWindow=3;TrendBump=0.1;TrendCap=0.5;QueueRefPackets=20;
QSQMAODV,M_N30_r300|QSQ_FULL,12,30,29,0.1,512,15.0,0.85,1000.0,1000.0,300.0,16.0,300.0,1,0,0,3,200.0,56493,32865,0.581753,24.478759,127.822764,133.561224,50.582723,51240,2412624,13.594469,1.559105,0.047327,0.203961,1.0,0.020334,0.117487,201255,2568,0,19273,1,0,0.0,0,3.574359,13.316239,28.075214,34300.903184,1.368347,81,9422,0,2675,22556,MaxPaths=3;Alpha0=0.5;Gamma=0.9;Epsilon0=0.5;RewardW1=0.6;RewardW2=0.4;RewardW3=0;RewardW4=0.2;AdaptiveEpsilon=false;AdaptiveAlpha=false;AdaptiveReward=false;Policy=QLearning;UseMacFeedback=true;DelayRef=0.01;HopByHop=true;UseRerrBump=true;QueueHighThreshold=0.7;QueueLowThreshold=0.3;QueueRewardWeight=0.1;AdaptiveQueueWeight=true;QueueWeightMax=0.4;QueueWeightKappa=0.2;FailurePenalty=0.5;QueueAwareSelect=true;QueueDrivenExploration=false;QueueSelectBeta=0.5;AckSilenceDecay=true;AckSilenceThreshold=+1.5e+10ns;DecayFactor=0.92;DecayMinTx=3;DecayInterval=+1e+10ns;TrendEpsilon=true;TrendInterval=+1e+09ns;TrendDelta=0.05;TrendWindow=3;TrendBump=0.1;TrendCap=0.5;QueueRefPackets=20;
QSQMAODV,M_N30_r300|QSQ_FULL,13,30,29,0.1,512,15.0,0.85,1000.0,1000.0,300.0,16.0,300.0,1,0,0,3,200.0,56493,20201,0.357584,15.046262,86.745013,90.600896,45.487878,51212,2421238,22.195803,2.535122,0.084831,0.229725,1.0,0.020499,0.128118,159811,3245,0,25435,6,0,0.0,0,3.560684,13.328205,28.264957,30237.191505,0.566707,22,7168,0,3456,34555,MaxPaths=3;Alpha0=0.5;Gamma=0.9;Epsilon0=0.5;RewardW1=0.6;RewardW2=0.4;RewardW3=0;RewardW4=0.2;AdaptiveEpsilon=false;AdaptiveAlpha=false;AdaptiveReward=false;Policy=QLearning;UseMacFeedback=true;DelayRef=0.01;HopByHop=true;UseRerrBump=true;QueueHighThreshold=0.7;QueueLowThreshold=0.3;QueueRewardWeight=0.1;AdaptiveQueueWeight=true;QueueWeightMax=0.4;QueueWeightKappa=0.2;FailurePenalty=0.5;QueueAwareSelect=true;QueueDrivenExploration=false;QueueSelectBeta=0.5;AckSilenceDecay=true;AckSilenceThreshold=+1.5e+10ns;DecayFactor=0.92;DecayMinTx=3;DecayInterval=+1e+10ns;TrendEpsilon=true;TrendInterval=+1e+09ns;TrendDelta=0.05;TrendWindow=3;TrendBump=0.1;TrendCap=0.5;QueueRefPackets=20;
QSQMAODV,M_N30_r300|QSQ_FULL,14,30,29,0.1,512,15.0,0.85,1000.0,1000.0,300.0,16.0,300.0,1,0,0,3,200.0,56493,28957,0.512577,21.567972,31.728309,32.346436,15.760453,23641,1114682,7.12859,0.816417,0.016127,0.085657,1.0,0.008006,0.047816,137031,902,0,13230,0,0,0.0,0,3.615385,13.796581,28.305983,35684.210039,0.835643,1,2946,0,917,25231,MaxPaths=3;Alpha0=0.5;Gamma=0.9;Epsilon0=0.5;RewardW1=0.6;RewardW2=0.4;RewardW3=0;RewardW4=0.2;AdaptiveEpsilon=false;AdaptiveAlpha=false;AdaptiveReward=false;Policy=QLearning;UseMacFeedback=true;DelayRef=0.01;HopByHop=true;UseRerrBump=true;QueueHighThreshold=0.7;QueueLowThreshold=0.3;QueueRewardWeight=0.1;AdaptiveQueueWeight=true;QueueWeightMax=0.4;QueueWeightKappa=0.2;FailurePenalty=0.5;QueueAwareSelect=true;QueueDrivenExploration=false;QueueSelectBeta=0.5;AckSilenceDecay=true;AckSilenceThreshold=+1.5e+10ns;DecayFactor=0.92;DecayMinTx=3;DecayInterval=+1e+10ns;TrendEpsilon=true;TrendInterval=+1e+09ns;TrendDelta=0.05;TrendWindow=3;TrendBump=0.1;TrendCap=0.5;QueueRefPackets=20;
QSQMAODV,M_N30_r300|QSQ_FULL,15,30,29,0.1,512,15.0,0.85,1000.0,1000.0,300.0,16.0,300.0,1,0,0,3,200.0,56493,31489,0.557396,23.453876,141.224348,140.919991,46.583019,46479,2184176,12.845026,1.476039,0.051805,0.186392,1.0,0.024649,0.11742,197637,2181,0,24561,0,0,0.0,0,3.687179,13.430769,28.22735,38294.458962,1.336006,34,7776,0,2284,23804,MaxPaths=3;Alpha0=0.5;Gamma=0.9;Epsilon0=0.5;RewardW1=0.6;RewardW2=0.4;RewardW3=0;RewardW4=0.2;AdaptiveEpsilon=false;AdaptiveAlpha=false;AdaptiveReward=false;Policy=QLearning;UseMacFeedback=true;DelayRef=0.01;HopByHop=true;UseRerrBump=true;QueueHighThreshold=0.7;QueueLowThreshold=0.3;QueueRewardWeight=0.1;AdaptiveQueueWeight=true;QueueWeightMax=0.4;QueueWeightKappa=0.2;FailurePenalty=0.5;QueueAwareSelect=true;QueueDrivenExploration=false;QueueSelectBeta=0.5;AckSilenceDecay=true;AckSilenceThreshold=+1.5e+10ns;DecayFactor=0.92;DecayMinTx=3;DecayInterval=+1e+10ns;TrendEpsilon=true;TrendInterval=+1e+09ns;TrendDelta=0.05;TrendWindow=3;TrendBump=0.1;TrendCap=0.5;QueueRefPackets=20;
QSQMAODV,M_N30_r300|QSQ_FULL,16,30,29,0.1,512,15.0,0.85,1000.0,1000.0,300.0,16.0,300.0,1,0,0,3,200.0,56493,32750,0.579718,24.393103,141.129029,147.038803,41.460473,41308,1937558,10.95594,1.261313,0.042739,0.172151,1.0,0.021304,0.103814,173736,1982,0,17753,0,0,0.0,0,3.664957,13.752137,28.441026,36269.185127,1.270901,2,9698,0,2167,23384,MaxPaths=3;Alpha0=0.5;Gamma=0.9;Epsilon0=0.5;RewardW1=0.6;RewardW2=0.4;RewardW3=0;RewardW4=0.2;AdaptiveEpsilon=false;AdaptiveAlpha=false;AdaptiveReward=false;Policy=QLearning;UseMacFeedback=true;DelayRef=0.01;HopByHop=true;UseRerrBump=true;QueueHighThreshold=0.7;QueueLowThreshold=0.3;QueueRewardWeight=0.1;AdaptiveQueueWeight=true;QueueWeightMax=0.4;QueueWeightKappa=0.2;FailurePenalty=0.5;QueueAwareSelect=true;QueueDrivenExploration=false;QueueSelectBeta=0.5;AckSilenceDecay=true;AckSilenceThreshold=+1.5e+10ns;DecayFactor=0.92;DecayMinTx=3;DecayInterval=+1e+10ns;TrendEpsilon=true;TrendInterval=+1e+09ns;TrendDelta=0.05;TrendWindow=3;TrendBump=0.1;TrendCap=0.5;QueueRefPackets=20;
QSQMAODV,M_N30_r300|QSQ_FULL,17,30,29,0.1,512,15.0,0.85,1000.0,1000.0,300.0,16.0,300.0,1,0,0,3,200.0,56493,37680,0.666985,28.065103,114.825423,120.429333,43.278735,47518,2235274,10.985659,1.261093,0.052282,0.195767,1.0,0.02428,0.121442,215501,2370,0,25436,1,0,0.0,0,3.757265,13.988034,28.461538,33898.278726,1.751775,17,7465,0,2596,18327,MaxPaths=3;Alpha0=0.5;Gamma=0.9;Epsilon0=0.5;RewardW1=0.6;RewardW2=0.4;RewardW3=0;RewardW4=0.2;AdaptiveEpsilon=false;AdaptiveAlpha=false;AdaptiveReward=false;Policy=QLearning;UseMacFeedback=true;DelayRef=0.01;HopByHop=true;UseRerrBump=true;QueueHighThreshold=0.7;QueueLowThreshold=0.3;QueueRewardWeight=0.1;AdaptiveQueueWeight=true;QueueWeightMax=0.4;QueueWeightKappa=0.2;FailurePenalty=0.5;QueueAwareSelect=true;QueueDrivenExploration=false;QueueSelectBeta=0.5;AckSilenceDecay=true;AckSilenceThreshold=+1.5e+10ns;DecayFactor=0.92;DecayMinTx=3;DecayInterval=+1e+10ns;TrendEpsilon=true;TrendInterval=+1e+09ns;TrendDelta=0.05;TrendWindow=3;TrendBump=0.1;TrendCap=0.5;QueueRefPackets=20;
QSQMAODV,M_N30_r300|QSQ_FULL,18,30,29,0.1,512,15.0,0.85,1000.0,1000.0,300.0,16.0,300.0,1,0,0,3,200.0,56493,29257,0.517887,21.791421,97.172694,108.51376,23.009067,24277,1147224,7.261472,0.829784,0.017445,0.0949,1.0,0.009282,0.053539,138974,970,0,9721,0,0,0.0,0,3.524786,13.791453,28.246154,33349.765461,0.852654,1,5197,0,994,26759,MaxPaths=3;Alpha0=0.5;Gamma=0.9;Epsilon0=0.5;RewardW1=0.6;RewardW2=0.4;RewardW3=0;RewardW4=0.2;AdaptiveEpsilon=false;AdaptiveAlpha=false;AdaptiveReward=false;Policy=QLearning;UseMacFeedback=true;DelayRef=0.01;HopByHop=true;UseRerrBump=true;QueueHighThreshold=0.7;QueueLowThreshold=0.3;QueueRewardWeight=0.1;AdaptiveQueueWeight=true;QueueWeightMax=0.4;QueueWeightKappa=0.2;FailurePenalty=0.5;QueueAwareSelect=true;QueueDrivenExploration=false;QueueSelectBeta=0.5;AckSilenceDecay=true;AckSilenceThreshold=+1.5e+10ns;DecayFactor=0.92;DecayMinTx=3;DecayInterval=+1e+10ns;TrendEpsilon=true;TrendInterval=+1e+09ns;TrendDelta=0.05;TrendWindow=3;TrendBump=0.1;TrendCap=0.5;QueueRefPackets=20;
QSQMAODV,M_N30_r300|QSQ_FULL,19,30,29,0.1,512,15.0,0.85,1000.0,1000.0,300.0,16.0,300.0,1,0,0,3,200.0,56493,26082,0.461686,19.426593,32.302697,36.409859,11.632896,20888,993710,7.055455,0.800859,0.00804,0.063231,1.0,0.003772,0.035223,129062,752,0,9507,0,0,0.0,0,3.623932,13.547009,28.205128,35735.702045,0.714442,12,1965,0,759,28915,MaxPaths=3;Alpha0=0.5;Gamma=0.9;Epsilon0=0.5;RewardW1=0.6;RewardW2=0.4;RewardW3=0;RewardW4=0.2;AdaptiveEpsilon=false;AdaptiveAlpha=false;AdaptiveReward=false;Policy=QLearning;UseMacFeedback=true;DelayRef=0.01;HopByHop=true;UseRerrBump=true;QueueHighThreshold=0.7;QueueLowThreshold=0.3;QueueRewardWeight=0.1;AdaptiveQueueWeight=true;QueueWeightMax=0.4;QueueWeightKappa=0.2;FailurePenalty=0.5;QueueAwareSelect=true;QueueDrivenExploration=false;QueueSelectBeta=0.5;AckSilenceDecay=true;AckSilenceThreshold=+1.5e+10ns;DecayFactor=0.92;DecayMinTx=3;DecayInterval=+1e+10ns;TrendEpsilon=true;TrendInterval=+1e+09ns;TrendDelta=0.05;TrendWindow=3;TrendBump=0.1;TrendCap=0.5;QueueRefPackets=20;
QSQMAODV,M_N30_r300|QSQ_FULL,2,30,29,0.1,512,15.0,0.85,1000.0,1000.0,300.0,16.0,300.0,1,0,0,3,200.0,56493,22337,0.395394,16.637214,136.345511,135.558344,46.464781,40892,1923436,15.946271,1.830685,0.04654,0.169709,1.0,0.026097,0.108829,173787,1801,0,21382,0,0,0.0,0,3.186325,13.323077,28.280342,34911.284936,0.895828,34,7658,0,1910,33136,MaxPaths=3;Alpha0=0.5;Gamma=0.9;Epsilon0=0.5;RewardW1=0.6;RewardW2=0.4;RewardW3=0;RewardW4=0.2;AdaptiveEpsilon=false;AdaptiveAlpha=false;AdaptiveReward=false;Policy=QLearning;UseMacFeedback=true;DelayRef=0.01;HopByHop=true;UseRerrBump=true;QueueHighThreshold=0.7;QueueLowThreshold=0.3;QueueRewardWeight=0.1;AdaptiveQueueWeight=true;QueueWeightMax=0.4;QueueWeightKappa=0.2;FailurePenalty=0.5;QueueAwareSelect=true;QueueDrivenExploration=false;QueueSelectBeta=0.5;AckSilenceDecay=true;AckSilenceThreshold=+1.5e+10ns;DecayFactor=0.92;DecayMinTx=3;DecayInterval=+1e+10ns;TrendEpsilon=true;TrendInterval=+1e+09ns;TrendDelta=0.05;TrendWindow=3;TrendBump=0.1;TrendCap=0.5;QueueRefPackets=20;
QSQMAODV,M_N30_r300|QSQ_FULL,20,30,29,0.1,512,15.0,0.85,1000.0,1000.0,300.0,16.0,300.0,1,0,0,3,200.0,56493,28077,0.497,20.912524,105.384797,117.002209,58.983369,74855,3527892,23.26863,2.666061,0.095139,0.27316,1.0,0.042592,0.173174,230157,3581,0,39121,2,0,0.0,0,3.71453,13.8,28.367521,32700.651082,1.352044,31,11266,0,3847,26865,MaxPaths=3;Alpha0=0.5;Gamma=0.9;Epsilon0=0.5;RewardW1=0.6;RewardW2=0.4;RewardW3=0;RewardW4=0.2;AdaptiveEpsilon=false;AdaptiveAlpha=false;AdaptiveReward=false;Policy=QLearning;UseMacFeedback=true;DelayRef=0.01;HopByHop=true;UseRerrBump=true;QueueHighThreshold=0.7;QueueLowThreshold=0.3;QueueRewardWeight=0.1;AdaptiveQueueWeight=true;QueueWeightMax=0.4;QueueWeightKappa=0.2;FailurePenalty=0.5;QueueAwareSelect=true;QueueDrivenExploration=false;QueueSelectBeta=0.5;AckSilenceDecay=true;AckSilenceThreshold=+1.5e+10ns;DecayFactor=0.92;DecayMinTx=3;DecayInterval=+1e+10ns;TrendEpsilon=true;TrendInterval=+1e+09ns;TrendDelta=0.05;TrendWindow=3;TrendBump=0.1;TrendCap=0.5;QueueRefPackets=20;
QSQMAODV,M_N30_r300|QSQ_FULL,3,30,29,0.1,512,15.0,0.85,1000.0,1000.0,300.0,16.0,300.0,1,0,0,3,200.0,56493,23049,0.407997,17.167531,55.155326,54.982831,17.44104,30992,1470256,11.812644,1.344614,0.055978,0.1549,1.0,0.046804,0.116916,158411,1099,0,14622,0,0,0.0,0,3.382906,13.015385,27.988034,36483.388441,0.661923,197,4749,0,1163,32210,MaxPaths=3;Alpha0=0.5;Gamma=0.9;Epsilon0=0.5;RewardW1=0.6;RewardW2=0.4;RewardW3=0;RewardW4=0.2;AdaptiveEpsilon=false;AdaptiveAlpha=false;AdaptiveReward=false;Policy=QLearning;UseMacFeedback=true;DelayRef=0.01;HopByHop=true;UseRerrBump=true;QueueHighThreshold=0.7;QueueLowThreshold=0.3;QueueRewardWeight=0.1;AdaptiveQueueWeight=true;QueueWeightMax=0.4;QueueWeightKappa=0.2;FailurePenalty=0.5;QueueAwareSelect=true;QueueDrivenExploration=false;QueueSelectBeta=0.5;AckSilenceDecay=true;AckSilenceThreshold=+1.5e+10ns;DecayFactor=0.92;DecayMinTx=3;DecayInterval=+1e+10ns;TrendEpsilon=true;TrendInterval=+1e+09ns;TrendDelta=0.05;TrendWindow=3;TrendBump=0.1;TrendCap=0.5;QueueRefPackets=20;
QSQMAODV,M_N30_r300|QSQ_FULL,4,30,29,0.1,512,15.0,0.85,1000.0,1000.0,300.0,16.0,300.0,1,0,0,3,200.0,56493,17529,0.310286,13.056083,26.540158,31.804006,7.758002,16749,793106,8.378771,0.955502,0.008663,0.051686,1.0,0.005639,0.031447,113437,613,0,9535,0,0,0.0,0,3.620513,13.870085,28.37265,34911.734277,0.418406,1,2510,0,619,36582,MaxPaths=3;Alpha0=0.5;Gamma=0.9;Epsilon0=0.5;RewardW1=0.6;RewardW2=0.4;RewardW3=0;RewardW4=0.2;AdaptiveEpsilon=false;AdaptiveAlpha=false;AdaptiveReward=false;Policy=QLearning;UseMacFeedback=true;DelayRef=0.01;HopByHop=true;UseRerrBump=true;QueueHighThreshold=0.7;QueueLowThreshold=0.3;QueueRewardWeight=0.1;AdaptiveQueueWeight=true;QueueWeightMax=0.4;QueueWeightKappa=0.2;FailurePenalty=0.5;QueueAwareSelect=true;QueueDrivenExploration=false;QueueSelectBeta=0.5;AckSilenceDecay=true;AckSilenceThreshold=+1.5e+10ns;DecayFactor=0.92;DecayMinTx=3;DecayInterval=+1e+10ns;TrendEpsilon=true;TrendInterval=+1e+09ns;TrendDelta=0.05;TrendWindow=3;TrendBump=0.1;TrendCap=0.5;QueueRefPackets=20;
QSQMAODV,M_N30_r300|QSQ_FULL,5,30,29,0.1,512,15.0,0.85,1000.0,1000.0,300.0,16.0,300.0,1,0,0,3,200.0,56493,25652,0.454074,19.106317,155.768332,168.329154,63.918753,77402,3643070,26.299805,3.017387,0.088176,0.286539,1.0,0.029061,0.159588,222222,4415,0,32150,3,0,0.0,0,3.644444,13.374359,28.268376,37519.931912,1.013949,15,13296,0,4757,29852,MaxPaths=3;Alpha0=0.5;Gamma=0.9;Epsilon0=0.5;RewardW1=0.6;RewardW2=0.4;RewardW3=0;RewardW4=0.2;AdaptiveEpsilon=false;AdaptiveAlpha=false;AdaptiveReward=false;Policy=QLearning;UseMacFeedback=true;DelayRef=0.01;HopByHop=true;UseRerrBump=true;QueueHighThreshold=0.7;QueueLowThreshold=0.3;QueueRewardWeight=0.1;AdaptiveQueueWeight=true;QueueWeightMax=0.4;QueueWeightKappa=0.2;FailurePenalty=0.5;QueueAwareSelect=true;QueueDrivenExploration=false;QueueSelectBeta=0.5;AckSilenceDecay=true;AckSilenceThreshold=+1.5e+10ns;DecayFactor=0.92;DecayMinTx=3;DecayInterval=+1e+10ns;TrendEpsilon=true;TrendInterval=+1e+09ns;TrendDelta=0.05;TrendWindow=3;TrendBump=0.1;TrendCap=0.5;QueueRefPackets=20;
QSQMAODV,M_N30_r300|QSQ_FULL,6,30,29,0.1,512,15.0,0.85,1000.0,1000.0,300.0,16.0,300.0,1,0,0,3,200.0,56493,29781,0.527163,22.18171,61.486,66.907236,21.29817,27008,1272238,7.911072,0.906887,0.019348,0.095133,1.0,0.010081,0.054529,158969,1003,0,16424,0,0,0.0,0,3.844444,13.837607,28.364103,32817.801668,0.878038,4,2950,0,1026,25530,MaxPaths=3;Alpha0=0.5;Gamma=0.9;Epsilon0=0.5;RewardW1=0.6;RewardW2=0.4;RewardW3=0;RewardW4=0.2;AdaptiveEpsilon=false;AdaptiveAlpha=false;AdaptiveReward=false;Policy=QLearning;UseMacFeedback=true;DelayRef=0.01;HopByHop=true;UseRerrBump=true;QueueHighThreshold=0.7;QueueLowThreshold=0.3;QueueRewardWeight=0.1;AdaptiveQueueWeight=true;QueueWeightMax=0.4;QueueWeightKappa=0.2;FailurePenalty=0.5;QueueAwareSelect=true;QueueDrivenExploration=false;QueueSelectBeta=0.5;AckSilenceDecay=true;AckSilenceThreshold=+1.5e+10ns;DecayFactor=0.92;DecayMinTx=3;DecayInterval=+1e+10ns;TrendEpsilon=true;TrendInterval=+1e+09ns;TrendDelta=0.05;TrendWindow=3;TrendBump=0.1;TrendCap=0.5;QueueRefPackets=20;
QSQMAODV,M_N30_r300|QSQ_FULL,7,30,29,0.1,512,15.0,0.85,1000.0,1000.0,300.0,16.0,300.0,1,0,0,3,200.0,56493,15961,0.282531,12.312771,78.8989,73.473654,22.723139,32430,1531836,17.772905,2.031828,0.028559,0.119028,1.0,0.015422,0.07436,160816,1278,0,13088,0,0,0.0,0,3.605128,13.716239,28.317949,35911.020594,0.424442,5,4758,0,1321,38674,MaxPaths=3;Alpha0=0.5;Gamma=0.9;Epsilon0=0.5;RewardW1=0.6;RewardW2=0.4;RewardW3=0;RewardW4=0.2;AdaptiveEpsilon=false;AdaptiveAlpha=false;AdaptiveReward=false;Policy=QLearning;UseMacFeedback=true;DelayRef=0.01;HopByHop=true;UseRerrBump=true;QueueHighThreshold=0.7;QueueLowThreshold=0.3;QueueRewardWeight=0.1;AdaptiveQueueWeight=true;QueueWeightMax=0.4;QueueWeightKappa=0.2;FailurePenalty=0.5;QueueAwareSelect=true;QueueDrivenExploration=false;QueueSelectBeta=0.5;AckSilenceDecay=true;AckSilenceThreshold=+1.5e+10ns;DecayFactor=0.92;DecayMinTx=3;DecayInterval=+1e+10ns;TrendEpsilon=true;TrendInterval=+1e+09ns;TrendDelta=0.05;TrendWindow=3;TrendBump=0.1;TrendCap=0.5;QueueRefPackets=20;
QSQMAODV,M_N30_r300|QSQ_FULL,8,30,29,0.1,512,15.0,0.85,1000.0,1000.0,300.0,16.0,300.0,1,0,0,3,200.0,56493,23804,0.421362,17.729876,98.39361,109.532585,24.925322,32134,1535038,11.941955,1.349941,0.042722,0.132376,1.0,0.021932,0.083571,136491,1354,0,17216,2,0,0.0,0,3.403419,13.441026,28.167521,36714.95414,0.706707,1,6588,0,1407,31031,MaxPaths=3;Alpha0=0.5;Gamma=0.9;Epsilon0=0.5;RewardW1=0.6;RewardW2=0.4;RewardW3=0;RewardW4=0.2;AdaptiveEpsilon=false;AdaptiveAlpha=false;AdaptiveReward=false;Policy=QLearning;UseMacFeedback=true;DelayRef=0.01;HopByHop=true;UseRerrBump=true;QueueHighThreshold=0.7;QueueLowThreshold=0.3;QueueRewardWeight=0.1;AdaptiveQueueWeight=true;QueueWeightMax=0.4;QueueWeightKappa=0.2;FailurePenalty=0.5;QueueAwareSelect=true;QueueDrivenExploration=false;QueueSelectBeta=0.5;AckSilenceDecay=true;AckSilenceThreshold=+1.5e+10ns;DecayFactor=0.92;DecayMinTx=3;DecayInterval=+1e+10ns;TrendEpsilon=true;TrendInterval=+1e+09ns;TrendDelta=0.05;TrendWindow=3;TrendBump=0.1;TrendCap=0.5;QueueRefPackets=20;
QSQMAODV,M_N30_r300|QSQ_FULL,9,30,29,0.1,512,15.0,0.85,1000.0,1000.0,300.0,16.0,300.0,1,0,0,3,200.0,56493,25096,0.444232,18.692193,219.09461,199.086561,44.433867,48943,2295962,16.942068,1.950231,0.055966,0.185529,1.0,0.028044,0.118823,171398,2139,0,16180,0,0,0.0,0,3.191453,13.109402,28.179487,31625.692068,0.996885,6,9793,0,2340,30577,MaxPaths=3;Alpha0=0.5;Gamma=0.9;Epsilon0=0.5;RewardW1=0.6;RewardW2=0.4;RewardW3=0;RewardW4=0.2;AdaptiveEpsilon=false;AdaptiveAlpha=false;AdaptiveReward=false;Policy=QLearning;UseMacFeedback=true;DelayRef=0.01;HopByHop=true;UseRerrBump=true;QueueHighThreshold=0.7;QueueLowThreshold=0.3;QueueRewardWeight=0.1;AdaptiveQueueWeight=true;QueueWeightMax=0.4;QueueWeightKappa=0.2;FailurePenalty=0.5;QueueAwareSelect=true;QueueDrivenExploration=false;QueueSelectBeta=0.5;AckSilenceDecay=true;AckSilenceThreshold=+1.5e+10ns;DecayFactor=0.92;DecayMinTx=3;DecayInterval=+1e+10ns;TrendEpsilon=true;TrendInterval=+1e+09ns;TrendDelta=0.05;TrendWindow=3;TrendBump=0.1;TrendCap=0.5;QueueRefPackets=20;
QSQMAODV,M_N30_r300|QSQ_QDE,1,30,29,0.1,512,15.0,0.85,1000.0,1000.0,300.0,16.0,300.0,1,0,0,3,200.0,56493,24247,0.429204,18.059834,128.028467,125.670002,35.802445,56156,2634026,20.117235,2.315998,0.067401,0.203714,1.0,0.040277,0.147409,212775,2194,0,23703,1,0,0.0,0,3.65641,14.05812,28.249573,35718.64528,0.985715,219,7294,0,2325,30798,MaxPaths=3;Alpha0=0.5;Gamma=0.9;Epsilon0=0.5;RewardW1=0.6;RewardW2=0.4;RewardW3=0;RewardW4=0.2;AdaptiveEpsilon=false;AdaptiveAlpha=false;AdaptiveReward=false;Policy=QLearning;UseMacFeedback=true;DelayRef=0.01;HopByHop=true;UseRerrBump=true;QueueHighThreshold=0.7;QueueLowThreshold=0.3;QueueRewardWeight=0.1;AdaptiveQueueWeight=true;QueueWeightMax=0.4;QueueWeightKappa=0.2;FailurePenalty=0.5;QueueAwareSelect=true;QueueDrivenExploration=true;QueueSelectBeta=0.5;AckSilenceDecay=true;AckSilenceThreshold=+1.5e+10ns;DecayFactor=0.92;DecayMinTx=3;DecayInterval=+1e+10ns;TrendEpsilon=true;TrendInterval=+1e+09ns;TrendDelta=0.05;TrendWindow=3;TrendBump=0.1;TrendCap=0.5;QueueRefPackets=20;
QSQMAODV,M_N30_r300|QSQ_QDE,10,30,29,0.1,512,15.0,0.85,1000.0,1000.0,300.0,16.0,300.0,1,0,0,3,200.0,56493,32511,0.575487,24.21509,123.045935,136.164546,34.487661,38273,1797780,10.240295,1.177232,0.045074,0.175224,1.0,0.020487,0.115227,168035,1677,0,16595,2,0,0.0,0,3.661538,13.504274,28.097436,34337.053143,1.039846,138,8239,0,1762,22670,MaxPaths=3;Alpha0=0.5;Gamma=0.9;Epsilon0=0.5;RewardW1=0.6;RewardW2=0.4;RewardW3=0;RewardW4=0.2;AdaptiveEpsilon=false;AdaptiveAlpha=false;AdaptiveReward=false;Policy=QLearning;UseMacFeedback=true;DelayRef=0.01;HopByHop=true;UseRerrBump=true;QueueHighThreshold=0.7;QueueLowThreshold=0.3;QueueRewardWeight=0.1;AdaptiveQueueWeight=true;QueueWeightMax=0.4;QueueWeightKappa=0.2;FailurePenalty=0.5;QueueAwareSelect=true;QueueDrivenExploration=true;QueueSelectBeta=0.5;AckSilenceDecay=true;AckSilenceThreshold=+1.5e+10ns;DecayFactor=0.92;DecayMinTx=3;DecayInterval=+1e+10ns;TrendEpsilon=true;TrendInterval=+1e+09ns;TrendDelta=0.05;TrendWindow=3;TrendBump=0.1;TrendCap=0.5;QueueRefPackets=20;
QSQMAODV,M_N30_r300|QSQ_QDE,11,30,29,0.1,512,15.0,0.85,1000.0,1000.0,300.0,16.0,300.0,1,0,0,3,200.0,56493,25594,0.453047,19.063117,179.60902,196.746688,56.902762,75391,3543418,25.638373,2.945651,0.096644,0.279978,1.0,0.047804,0.193037,243598,3502,0,24184,3,0,0.0,0,3.760684,14.234188,28.411966,31831.023418,1.13083,167,11848,0,3829,29933,MaxPaths=3;Alpha0=0.5;Gamma=0.9;Epsilon0=0.5;RewardW1=0.6;RewardW2=0.4;RewardW3=0;RewardW4=0.2;AdaptiveEpsilon=false;AdaptiveAlpha=false;AdaptiveReward=false;Policy=QLearning;UseMacFeedback=true;DelayRef=0.01;HopByHop=true;UseRerrBump=true;QueueHighThreshold=0.7;QueueLowThreshold=0.3;QueueRewardWeight=0.1;AdaptiveQueueWeight=true;QueueWeightMax=0.4;QueueWeightKappa=0.2;FailurePenalty=0.5;QueueAwareSelect=true;QueueDrivenExploration=true;QueueSelectBeta=0.5;AckSilenceDecay=true;AckSilenceThreshold=+1.5e+10ns;DecayFactor=0.92;DecayMinTx=3;DecayInterval=+1e+10ns;TrendEpsilon=true;TrendInterval=+1e+09ns;TrendDelta=0.05;TrendWindow=3;TrendBump=0.1;TrendCap=0.5;QueueRefPackets=20;
QSQMAODV,M_N30_r300|QSQ_QDE,12,30,29,0.1,512,15.0,0.85,1000.0,1000.0,300.0,16.0,300.0,1,0,0,3,200.0,56493,30319,0.536686,22.582428,131.668148,130.619628,29.654364,34824,1640874,10.022282,1.148587,0.074311,0.204893,1.0,0.058359,0.15498,183715,1482,0,11808,1,0,0.0,0,3.574359,13.316239,28.075214,34300.903184,0.955941,357,6505,0,1544,24962,MaxPaths=3;Alpha0=0.5;Gamma=0.9;Epsilon0=0.5;RewardW1=0.6;RewardW2=0.4;RewardW3=0;RewardW4=0.2;AdaptiveEpsilon=false;AdaptiveAlpha=false;AdaptiveReward=false;Policy=QLearning;UseMacFeedback=true;DelayRef=0.01;HopByHop=true;UseRerrBump=true;QueueHighThreshold=0.7;QueueLowThreshold=0.3;QueueRewardWeight=0.1;AdaptiveQueueWeight=true;QueueWeightMax=0.4;QueueWeightKappa=0.2;FailurePenalty=0.5;QueueAwareSelect=true;QueueDrivenExploration=true;QueueSelectBeta=0.5;AckSilenceDecay=true;AckSilenceThreshold=+1.5e+10ns;DecayFactor=0.92;DecayMinTx=3;DecayInterval=+1e+10ns;TrendEpsilon=true;TrendInterval=+1e+09ns;TrendDelta=0.05;TrendWindow=3;TrendBump=0.1;TrendCap=0.5;QueueRefPackets=20;
QSQMAODV,M_N30_r300|QSQ_QDE,13,30,29,0.1,512,15.0,0.85,1000.0,1000.0,300.0,16.0,300.0,1,0,0,3,200.0,56493,30771,0.544687,22.91909,103.563611,105.729711,36.300193,46917,2193830,13.202847,1.524715,0.056389,0.209797,1.0,0.023933,0.138218,193830,2263,0,13901,0,0,0.0,0,3.560684,13.328205,28.264957,30237.191505,1.178801,102,10362,0,2527,25311,MaxPaths=3;Alpha0=0.5;Gamma=0.9;Epsilon0=0.5;RewardW1=0.6;RewardW2=0.4;RewardW3=0;RewardW4=0.2;AdaptiveEpsilon=false;AdaptiveAlpha=false;AdaptiveReward=false;Policy=QLearning;UseMacFeedback=true;DelayRef=0.01;HopByHop=true;UseRerrBump=true;QueueHighThreshold=0.7;QueueLowThreshold=0.3;QueueRewardWeight=0.1;AdaptiveQueueWeight=true;QueueWeightMax=0.4;QueueWeightKappa=0.2;FailurePenalty=0.5;QueueAwareSelect=true;QueueDrivenExploration=true;QueueSelectBeta=0.5;AckSilenceDecay=true;AckSilenceThreshold=+1.5e+10ns;DecayFactor=0.92;DecayMinTx=3;DecayInterval=+1e+10ns;TrendEpsilon=true;TrendInterval=+1e+09ns;TrendDelta=0.05;TrendWindow=3;TrendBump=0.1;TrendCap=0.5;QueueRefPackets=20;
QSQMAODV,M_N30_r300|QSQ_QDE,14,30,29,0.1,512,15.0,0.85,1000.0,1000.0,300.0,16.0,300.0,1,0,0,3,200.0,56493,28643,0.507019,21.334097,95.53549,102.999159,46.24704,59949,2814060,18.193703,2.092972,0.068311,0.227183,1.0,0.029875,0.149881,216095,3000,0,15706,0,0,0.0,0,3.615385,13.796581,28.305983,35684.210039,1.132955,226,9154,0,3250,27161,MaxPaths=3;Alpha0=0.5;Gamma=0.9;Epsilon0=0.5;RewardW1=0.6;RewardW2=0.4;RewardW3=0;RewardW4=0.2;AdaptiveEpsilon=false;AdaptiveAlpha=false;AdaptiveReward=false;Policy=QLearning;UseMacFeedback=true;DelayRef=0.01;HopByHop=true;UseRerrBump=true;QueueHighThreshold=0.7;QueueLowThreshold=0.3;QueueRewardWeight=0.1;AdaptiveQueueWeight=true;QueueWeightMax=0.4;QueueWeightKappa=0.2;FailurePenalty=0.5;QueueAwareSelect=true;QueueDrivenExploration=true;QueueSelectBeta=0.5;AckSilenceDecay=true;AckSilenceThreshold=+1.5e+10ns;DecayFactor=0.92;DecayMinTx=3;DecayInterval=+1e+10ns;TrendEpsilon=true;TrendInterval=+1e+09ns;TrendDelta=0.05;TrendWindow=3;TrendBump=0.1;TrendCap=0.5;QueueRefPackets=20;
QSQMAODV,M_N30_r300|QSQ_QDE,15,30,29,0.1,512,15.0,0.85,1000.0,1000.0,300.0,16.0,300.0,1,0,0,3,200.0,56493,29252,0.517799,21.787697,142.821209,155.824831,59.78598,58885,2754362,17.436997,2.013025,0.088621,0.253166,1.0,0.052907,0.184834,220260,2783,0,23079,3,0,0.0,0,3.687179,13.430769,28.22735,38294.458962,1.265219,237,11568,0,3169,26264,MaxPaths=3;Alpha0=0.5;Gamma=0.9;Epsilon0=0.5;RewardW1=0.6;RewardW2=0.4;RewardW3=0;RewardW4=0.2;AdaptiveEpsilon=false;AdaptiveAlpha=false;AdaptiveReward=false;Policy=QLearning;UseMacFeedback=true;DelayRef=0.01;HopByHop=true;UseRerrBump=true;QueueHighThreshold=0.7;QueueLowThreshold=0.3;QueueRewardWeight=0.1;AdaptiveQueueWeight=true;QueueWeightMax=0.4;QueueWeightKappa=0.2;FailurePenalty=0.5;QueueAwareSelect=true;QueueDrivenExploration=true;QueueSelectBeta=0.5;AckSilenceDecay=true;AckSilenceThreshold=+1.5e+10ns;DecayFactor=0.92;DecayMinTx=3;DecayInterval=+1e+10ns;TrendEpsilon=true;TrendInterval=+1e+09ns;TrendDelta=0.05;TrendWindow=3;TrendBump=0.1;TrendCap=0.5;QueueRefPackets=20;
QSQMAODV,M_N30_r300|QSQ_QDE,16,30,29,0.1,512,15.0,0.85,1000.0,1000.0,300.0,16.0,300.0,1,0,0,3,200.0,56493,26094,0.461898,19.435531,66.589431,80.169008,18.537028,20994,995166,7.062543,0.804553,0.024701,0.099763,1.0,0.01623,0.072926,131716,743,0,10411,0,0,0.0,0,3.664957,13.752137,28.441026,36269.185127,0.658807,130,5954,0,806,29120,MaxPaths=3;Alpha0=0.5;Gamma=0.9;Epsilon0=0.5;RewardW1=0.6;RewardW2=0.4;RewardW3=0;RewardW4=0.2;AdaptiveEpsilon=false;AdaptiveAlpha=false;AdaptiveReward=false;Policy=QLearning;UseMacFeedback=true;DelayRef=0.01;HopByHop=true;UseRerrBump=true;QueueHighThreshold=0.7;QueueLowThreshold=0.3;QueueRewardWeight=0.1;AdaptiveQueueWeight=true;QueueWeightMax=0.4;QueueWeightKappa=0.2;FailurePenalty=0.5;QueueAwareSelect=true;QueueDrivenExploration=true;QueueSelectBeta=0.5;AckSilenceDecay=true;AckSilenceThreshold=+1.5e+10ns;DecayFactor=0.92;DecayMinTx=3;DecayInterval=+1e+10ns;TrendEpsilon=true;TrendInterval=+1e+09ns;TrendDelta=0.05;TrendWindow=3;TrendBump=0.1;TrendCap=0.5;QueueRefPackets=20;
QSQMAODV,M_N30_r300|QSQ_QDE,17,30,29,0.1,512,15.0,0.85,1000.0,1000.0,300.0,16.0,300.0,1,0,0,3,200.0,56493,30507,0.540014,22.722455,70.401555,82.352448,35.699772,56128,2626678,15.944598,1.83984,0.059622,0.213415,1.0,0.025302,0.139803,223384,2780,0,25491,3,0,0.0,0,3.757265,13.988034,28.461538,33898.278726,1.250367,141,10121,0,2909,24825,MaxPaths=3;Alpha0=0.5;Gamma=0.9;Epsilon0=0.5;RewardW1=0.6;RewardW2=0.4;RewardW3=0;RewardW4=0.2;AdaptiveEpsilon=false;AdaptiveAlpha=false;AdaptiveReward=false;Policy=QLearning;UseMacFeedback=true;DelayRef=0.01;HopByHop=true;UseRerrBump=true;QueueHighThreshold=0.7;QueueLowThreshold=0.3;QueueRewardWeight=0.1;AdaptiveQueueWeight=true;QueueWeightMax=0.4;QueueWeightKappa=0.2;FailurePenalty=0.5;QueueAwareSelect=true;QueueDrivenExploration=true;QueueSelectBeta=0.5;AckSilenceDecay=true;AckSilenceThreshold=+1.5e+10ns;DecayFactor=0.92;DecayMinTx=3;DecayInterval=+1e+10ns;TrendEpsilon=true;TrendInterval=+1e+09ns;TrendDelta=0.05;TrendWindow=3;TrendBump=0.1;TrendCap=0.5;QueueRefPackets=20;
QSQMAODV,M_N30_r300|QSQ_QDE,18,30,29,0.1,512,15.0,0.85,1000.0,1000.0,300.0,16.0,300.0,1,0,0,3,200.0,56493,27694,0.49022,20.627255,78.943964,94.755213,27.250874,27150,1272230,8.507191,0.980357,0.02726,0.124092,1.0,0.014611,0.08201,147494,1067,0,10669,1,0,0.0,0,3.524786,13.791453,28.246154,33349.765461,0.777512,111,6545,0,1086,27722,MaxPaths=3;Alpha0=0.5;Gamma=0.9;Epsilon0=0.5;RewardW1=0.6;RewardW2=0.4;RewardW3=0;RewardW4=0.2;AdaptiveEpsilon=false;AdaptiveAlpha=false;AdaptiveReward=false;Policy=QLearning;UseMacFeedback=true;DelayRef=0.01;HopByHop=true;UseRerrBump=true;QueueHighThreshold=0.7;QueueLowThreshold=0.3;QueueRewardWeight=0.1;AdaptiveQueueWeight=true;QueueWeightMax=0.4;QueueWeightKappa=0.2;FailurePenalty=0.5;QueueAwareSelect=true;QueueDrivenExploration=true;QueueSelectBeta=0.5;AckSilenceDecay=true;AckSilenceThreshold=+1.5e+10ns;DecayFactor=0.92;DecayMinTx=3;DecayInterval=+1e+10ns;TrendEpsilon=true;TrendInterval=+1e+09ns;TrendDelta=0.05;TrendWindow=3;TrendBump=0.1;TrendCap=0.5;QueueRefPackets=20;
QSQMAODV,M_N30_r300|QSQ_QDE,19,30,29,0.1,512,15.0,0.85,1000.0,1000.0,300.0,16.0,300.0,1,0,0,3,200.0,56493,25314,0.448091,18.854566,32.075555,35.217915,15.824332,23887,1129880,8.265665,0.943628,0.019464,0.092237,1.0,0.008181,0.05849,128589,859,0,7335,1,0,0.0,0,3.623932,13.547009,28.205128,35735.702045,0.652541,111,2997,0,866,30055,MaxPaths=3;Alpha0=0.5;Gamma=0.9;Epsilon0=0.5;RewardW1=0.6;RewardW2=0.4;RewardW3=0;RewardW4=0.2;AdaptiveEpsilon=false;AdaptiveAlpha=false;AdaptiveReward=false;Policy=QLearning;UseMacFeedback=true;DelayRef=0.01;HopByHop=true;UseRerrBump=true;QueueHighThreshold=0.7;QueueLowThreshold=0.3;QueueRewardWeight=0.1;AdaptiveQueueWeight=true;QueueWeightMax=0.4;QueueWeightKappa=0.2;FailurePenalty=0.5;QueueAwareSelect=true;QueueDrivenExploration=true;QueueSelectBeta=0.5;AckSilenceDecay=true;AckSilenceThreshold=+1.5e+10ns;DecayFactor=0.92;DecayMinTx=3;DecayInterval=+1e+10ns;TrendEpsilon=true;TrendInterval=+1e+09ns;TrendDelta=0.05;TrendWindow=3;TrendBump=0.1;TrendCap=0.5;QueueRefPackets=20;
QSQMAODV,M_N30_r300|QSQ_QDE,2,30,29,0.1,512,15.0,0.85,1000.0,1000.0,300.0,16.0,300.0,1,0,0,3,200.0,56493,20204,0.357637,15.048497,133.69717,143.00839,26.982148,32872,1549188,14.199498,1.627005,0.030233,0.132219,1.0,0.015102,0.084364,156380,1588,0,19465,1,0,0.0,0,3.186325,13.323077,28.280342,34911.284936,0.561627,93,4375,0,1709,34432,MaxPaths=3;Alpha0=0.5;Gamma=0.9;Epsilon0=0.5;RewardW1=0.6;RewardW2=0.4;RewardW3=0;RewardW4=0.2;AdaptiveEpsilon=false;AdaptiveAlpha=false;AdaptiveReward=false;Policy=QLearning;UseMacFeedback=true;DelayRef=0.01;HopByHop=true;UseRerrBump=true;QueueHighThreshold=0.7;QueueLowThreshold=0.3;QueueRewardWeight=0.1;AdaptiveQueueWeight=true;QueueWeightMax=0.4;QueueWeightKappa=0.2;FailurePenalty=0.5;QueueAwareSelect=true;QueueDrivenExploration=true;QueueSelectBeta=0.5;AckSilenceDecay=true;AckSilenceThreshold=+1.5e+10ns;DecayFactor=0.92;DecayMinTx=3;DecayInterval=+1e+10ns;TrendEpsilon=true;TrendInterval=+1e+09ns;TrendDelta=0.05;TrendWindow=3;TrendBump=0.1;TrendCap=0.5;QueueRefPackets=20;
QSQMAODV,M_N30_r300|QSQ_QDE,20,30,29,0.1,512,15.0,0.85,1000.0,1000.0,300.0,16.0,300.0,1,0,0,3,200.0,56493,25544,0.452162,19.025876,118.247006,132.093989,43.764724,56793,2677116,19.408167,2.22334,0.055058,0.202205,1.0,0.024702,0.12909,220017,2445,0,27253,2,0,0.0,0,3.71453,13.8,28.367521,32700.651082,1.101641,130,9295,0,2582,30335,MaxPaths=3;Alpha0=0.5;Gamma=0.9;Epsilon0=0.5;RewardW1=0.6;RewardW2=0.4;RewardW3=0;RewardW4=0.2;AdaptiveEpsilon=false;AdaptiveAlpha=false;AdaptiveReward=false;Policy=QLearning;UseMacFeedback=true;DelayRef=0.01;HopByHop=true;UseRerrBump=true;QueueHighThreshold=0.7;QueueLowThreshold=0.3;QueueRewardWeight=0.1;AdaptiveQueueWeight=true;QueueWeightMax=0.4;QueueWeightKappa=0.2;FailurePenalty=0.5;QueueAwareSelect=true;QueueDrivenExploration=true;QueueSelectBeta=0.5;AckSilenceDecay=true;AckSilenceThreshold=+1.5e+10ns;DecayFactor=0.92;DecayMinTx=3;DecayInterval=+1e+10ns;TrendEpsilon=true;TrendInterval=+1e+09ns;TrendDelta=0.05;TrendWindow=3;TrendBump=0.1;TrendCap=0.5;QueueRefPackets=20;
QSQMAODV,M_N30_r300|QSQ_QDE,3,30,29,0.1,512,15.0,0.85,1000.0,1000.0,300.0,16.0,300.0,1,0,0,3,200.0,56493,25817,0.456995,19.229214,222.898733,243.276319,56.129209,56164,2655234,19.045977,2.175466,0.077309,0.224292,1.0,0.035461,0.155892,181611,2812,0,22644,2,0,0.0,0,3.382906,13.015385,27.988034,36483.388441,1.092879,93,11785,0,3421,30136,MaxPaths=3;Alpha0=0.5;Gamma=0.9;Epsilon0=0.5;RewardW1=0.6;RewardW2=0.4;RewardW3=0;RewardW4=0.2;AdaptiveEpsilon=false;AdaptiveAlpha=false;AdaptiveReward=false;Policy=QLearning;UseMacFeedback=true;DelayRef=0.01;HopByHop=true;UseRerrBump=true;QueueHighThreshold=0.7;QueueLowThreshold=0.3;QueueRewardWeight=0.1;AdaptiveQueueWeight=true;QueueWeightMax=0.4;QueueWeightKappa=0.2;FailurePenalty=0.5;QueueAwareSelect=true;QueueDrivenExploration=true;QueueSelectBeta=0.5;AckSilenceDecay=true;AckSilenceThreshold=+1.5e+10ns;DecayFactor=0.92;DecayMinTx=3;DecayInterval=+1e+10ns;TrendEpsilon=true;TrendInterval=+1e+09ns;TrendDelta=0.05;TrendWindow=3;TrendBump=0.1;TrendCap=0.5;QueueRefPackets=20;
QSQMAODV,M_N30_r300|QSQ_QDE,4,30,29,0.1,512,15.0,0.85,1000.0,1000.0,300.0,16.0,300.0,1,0,0,3,200.0,56493,17429,0.308516,12.9816,28.0779,35.405978,12.816405,20945,981742,10.431125,1.201733,0.01303,0.069731,1.0,0.006821,0.042921,117159,736,0,7021,0,0,0.0,0,3.620513,13.870085,28.37265,34911.734277,0.35854,42,2578,0,752,36983,MaxPaths=3;Alpha0=0.5;Gamma=0.9;Epsilon0=0.5;RewardW1=0.6;RewardW2=0.4;RewardW3=0;RewardW4=0.2;AdaptiveEpsilon=false;AdaptiveAlpha=false;AdaptiveReward=false;Policy=QLearning;UseMacFeedback=true;DelayRef=0.01;HopByHop=true;UseRerrBump=true;QueueHighThreshold=0.7;QueueLowThreshold=0.3;QueueRewardWeight=0.1;AdaptiveQueueWeight=true;QueueWeightMax=0.4;QueueWeightKappa=0.2;FailurePenalty=0.5;QueueAwareSelect=true;QueueDrivenExploration=true;QueueSelectBeta=0.5;AckSilenceDecay=true;AckSilenceThreshold=+1.5e+10ns;DecayFactor=0.92;DecayMinTx=3;DecayInterval=+1e+10ns;TrendEpsilon=true;TrendInterval=+1e+09ns;TrendDelta=0.05;TrendWindow=3;TrendBump=0.1;TrendCap=0.5;QueueRefPackets=20;
QSQMAODV,M_N30_r300|QSQ_QDE,5,30,29,0.1,512,15.0,0.85,1000.0,1000.0,300.0,16.0,300.0,1,0,0,3,200.0,56493,31176,0.551856,23.220745,133.77736,151.521829,45.097585,51158,2399256,14.251561,1.640942,0.054282,0.207075,1.0,0.025004,0.135684,200082,2472,0,21632,1,0,0.0,0,3.644444,13.374359,28.268376,37519.931912,1.196538,129,8244,0,2673,25080,MaxPaths=3;Alpha0=0.5;Gamma=0.9;Epsilon0=0.5;RewardW1=0.6;RewardW2=0.4;RewardW3=0;RewardW4=0.2;AdaptiveEpsilon=false;AdaptiveAlpha=false;AdaptiveReward=false;Policy=QLearning;UseMacFeedback=true;DelayRef=0.01;HopByHop=true;UseRerrBump=true;QueueHighThreshold=0.7;QueueLowThreshold=0.3;QueueRewardWeight=0.1;AdaptiveQueueWeight=true;QueueWeightMax=0.4;QueueWeightKappa=0.2;FailurePenalty=0.5;QueueAwareSelect=true;QueueDrivenExploration=true;QueueSelectBeta=0.5;AckSilenceDecay=true;AckSilenceThreshold=+1.5e+10ns;DecayFactor=0.92;DecayMinTx=3;DecayInterval=+1e+10ns;TrendEpsilon=true;TrendInterval=+1e+09ns;TrendDelta=0.05;TrendWindow=3;TrendBump=0.1;TrendCap=0.5;QueueRefPackets=20;
QSQMAODV,M_N30_r300|QSQ_QDE,6,30,29,0.1,512,15.0,0.85,1000.0,1000.0,300.0,16.0,300.0,1,0,0,3,200.0,56493,30735,0.54405,22.892276,57.263758,65.10071,27.323149,34430,1611346,9.708717,1.120221,0.035034,0.147754,1.0,0.017591,0.099806,167367,1753,0,12274,0,0,0.0,0,3.844444,13.837607,28.364103,32817.801668,1.061335,121,5137,0,1916,25151,MaxPaths=3;Alpha0=0.5;Gamma=0.9;Epsilon0=0.5;RewardW1=0.6;RewardW2=0.4;RewardW3=0;RewardW4=0.2;AdaptiveEpsilon=false;AdaptiveAlpha=false;AdaptiveReward=false;Policy=QLearning;UseMacFeedback=true;DelayRef=0.01;HopByHop=true;UseRerrBump=true;QueueHighThreshold=0.7;QueueLowThreshold=0.3;QueueRewardWeight=0.1;AdaptiveQueueWeight=true;QueueWeightMax=0.4;QueueWeightKappa=0.2;FailurePenalty=0.5;QueueAwareSelect=true;QueueDrivenExploration=true;QueueSelectBeta=0.5;AckSilenceDecay=true;AckSilenceThreshold=+1.5e+10ns;DecayFactor=0.92;DecayMinTx=3;DecayInterval=+1e+10ns;TrendEpsilon=true;TrendInterval=+1e+09ns;TrendDelta=0.05;TrendWindow=3;TrendBump=0.1;TrendCap=0.5;QueueRefPackets=20;
QSQMAODV,M_N30_r300|QSQ_QDE,7,30,29,0.1,512,15.0,0.85,1000.0,1000.0,300.0,16.0,300.0,1,0,0,3,200.0,56493,23234,0.411272,17.305324,137.588526,178.856132,52.555534,61628,2907742,23.175981,2.652492,0.092289,0.247299,1.0,0.048701,0.174647,201344,2899,0,29819,5,0,0.0,0,3.605128,13.716239,28.317949,35911.020594,0.920716,110,9925,0,3160,31742,MaxPaths=3;Alpha0=0.5;Gamma=0.9;Epsilon0=0.5;RewardW1=0.6;RewardW2=0.4;RewardW3=0;RewardW4=0.2;AdaptiveEpsilon=false;AdaptiveAlpha=false;AdaptiveReward=false;Policy=QLearning;UseMacFeedback=true;DelayRef=0.01;HopByHop=true;UseRerrBump=true;QueueHighThreshold=0.7;QueueLowThreshold=0.3;QueueRewardWeight=0.1;AdaptiveQueueWeight=true;QueueWeightMax=0.4;QueueWeightKappa=0.2;FailurePenalty=0.5;QueueAwareSelect=true;QueueDrivenExploration=true;QueueSelectBeta=0.5;AckSilenceDecay=true;AckSilenceThreshold=+1.5e+10ns;DecayFactor=0.92;DecayMinTx=3;DecayInterval=+1e+10ns;TrendEpsilon=true;TrendInterval=+1e+09ns;TrendDelta=0.05;TrendWindow=3;TrendBump=0.1;TrendCap=0.5;QueueRefPackets=20;
QSQMAODV,M_N30_r300|QSQ_QDE,8,30,29,0.1,512,15.0,0.85,1000.0,1000.0,300.0,16.0,300.0,1,0,0,3,200.0,56493,23725,0.419964,17.671034,174.805404,178.142281,55.955913,63741,3003466,23.443516,2.68666,0.085412,0.249309,1.0,0.048567,0.170821,223601,3355,0,19655,2,0,0.0,0,3.403419,13.441026,28.167521,36714.95414,1.054007,130,12372,0,3594,31490,MaxPaths=3;Alpha0=0.5;Gamma=0.9;Epsilon0=0.5;RewardW1=0.6;RewardW2=0.4;RewardW3=0;RewardW4=0.2;AdaptiveEpsilon=false;AdaptiveAlpha=false;AdaptiveReward=false;Policy=QLearning;UseMacFeedback=true;DelayRef=0.01;HopByHop=true;UseRerrBump=true;QueueHighThreshold=0.7;QueueLowThreshold=0.3;QueueRewardWeight=0.1;AdaptiveQueueWeight=true;QueueWeightMax=0.4;QueueWeightKappa=0.2;FailurePenalty=0.5;QueueAwareSelect=true;QueueDrivenExploration=true;QueueSelectBeta=0.5;AckSilenceDecay=true;AckSilenceThreshold=+1.5e+10ns;DecayFactor=0.92;DecayMinTx=3;DecayInterval=+1e+10ns;TrendEpsilon=true;TrendInterval=+1e+09ns;TrendDelta=0.05;TrendWindow=3;TrendBump=0.1;TrendCap=0.5;QueueRefPackets=20;
QSQMAODV,M_N30_r300|QSQ_QDE,9,30,29,0.1,512,15.0,0.85,1000.0,1000.0,300.0,16.0,300.0,1,0,0,3,200.0,56493,25945,0.45926,19.324552,104.486949,103.606111,36.049077,49620,2324152,16.588881,1.912507,0.068876,0.217689,1.0,0.045155,0.161518,215138,2385,0,17053,2,0,0.0,0,3.191453,13.109402,28.179487,31625.692068,1.043262,256,6892,0,2603,28711,MaxPaths=3;Alpha0=0.5;Gamma=0.9;Epsilon0=0.5;RewardW1=0.6;RewardW2=0.4;RewardW3=0;RewardW4=0.2;AdaptiveEpsilon=false;AdaptiveAlpha=false;AdaptiveReward=false;Policy=QLearning;UseMacFeedback=true;DelayRef=0.01;HopByHop=true;UseRerrBump=true;QueueHighThreshold=0.7;QueueLowThreshold=0.3;QueueRewardWeight=0.1;AdaptiveQueueWeight=true;QueueWeightMax=0.4;QueueWeightKappa=0.2;FailurePenalty=0.5;QueueAwareSelect=true;QueueDrivenExploration=true;QueueSelectBeta=0.5;AckSilenceDecay=true;AckSilenceThreshold=+1.5e+10ns;DecayFactor=0.92;DecayMinTx=3;DecayInterval=+1e+10ns;TrendEpsilon=true;TrendInterval=+1e+09ns;TrendDelta=0.05;TrendWindow=3;TrendBump=0.1;TrendCap=0.5;QueueRefPackets=20;
QSQMAODV,M_N30_r300|QSQ_QDEonly,1,30,29,0.1,512,15.0,0.85,1000.0,1000.0,300.0,16.0,300.0,1,0,0,3,200.0,56493,22941,0.406086,17.08709,104.268143,103.013846,34.957282,62802,2945226,23.774562,2.737544,0.084564,0.244617,1.0,0.051846,0.188168,214654,3306,0,0,0,0,0.0,0,3.65641,14.05812,28.249573,35718.64528,0.935302,181,8197,0,3568,32422,MaxPaths=3;Alpha0=0.5;Gamma=0.9;Epsilon0=0.5;RewardW1=0.6;RewardW2=0.4;RewardW3=0;RewardW4=0.2;AdaptiveEpsilon=false;AdaptiveAlpha=false;AdaptiveReward=false;Policy=QLearning;UseMacFeedback=true;DelayRef=0.01;HopByHop=true;UseRerrBump=true;QueueHighThreshold=0.7;QueueLowThreshold=0.3;QueueRewardWeight=0;AdaptiveQueueWeight=true;QueueWeightMax=0.4;QueueWeightKappa=0.2;FailurePenalty=0;QueueAwareSelect=false;QueueDrivenExploration=true;QueueSelectBeta=0.5;AckSilenceDecay=false;AckSilenceThreshold=+1.5e+10ns;DecayFactor=0.92;DecayMinTx=3;DecayInterval=+1e+10ns;TrendEpsilon=false;TrendInterval=+1e+09ns;TrendDelta=0.05;TrendWindow=3;TrendBump=0.1;TrendCap=0.5;QueueRefPackets=20;
QSQMAODV,M_N30_r300|QSQ_QDEonly,10,30,29,0.1,512,15.0,0.85,1000.0,1000.0,300.0,16.0,300.0,1,0,0,3,200.0,56493,33512,0.593206,24.960662,59.043418,70.372128,15.925098,22977,1081402,5.975759,0.685635,0.02025,0.095688,1.0,0.013552,0.067194,135646,962,0,0,0,0,0.0,0,3.661538,13.504274,28.097436,34337.053143,0.900448,40,3746,0,986,21654,MaxPaths=3;Alpha0=0.5;Gamma=0.9;Epsilon0=0.5;RewardW1=0.6;RewardW2=0.4;RewardW3=0;RewardW4=0.2;AdaptiveEpsilon=false;AdaptiveAlpha=false;AdaptiveReward=false;Policy=QLearning;UseMacFeedback=true;DelayRef=0.01;HopByHop=true;UseRerrBump=true;QueueHighThreshold=0.7;QueueLowThreshold=0.3;QueueRewardWeight=0;AdaptiveQueueWeight=true;QueueWeightMax=0.4;QueueWeightKappa=0.2;FailurePenalty=0;QueueAwareSelect=false;QueueDrivenExploration=true;QueueSelectBeta=0.5;AckSilenceDecay=false;AckSilenceThreshold=+1.5e+10ns;DecayFactor=0.92;DecayMinTx=3;DecayInterval=+1e+10ns;TrendEpsilon=false;TrendInterval=+1e+09ns;TrendDelta=0.05;TrendWindow=3;TrendBump=0.1;TrendCap=0.5;QueueRefPackets=20;
QSQMAODV,M_N30_r300|QSQ_QDEonly,11,30,29,0.1,512,15.0,0.85,1000.0,1000.0,300.0,16.0,300.0,1,0,0,3,200.0,56493,21962,0.388756,16.357903,53.280196,60.11954,21.139677,42591,2011672,16.962565,1.939304,0.054236,0.177078,1.0,0.035284,0.133504,177222,1621,0,0,0,0,0.0,0,3.760684,14.234188,28.411966,31831.023418,0.702583,118,5325,0,1765,32573,MaxPaths=3;Alpha0=0.5;Gamma=0.9;Epsilon0=0.5;RewardW1=0.6;RewardW2=0.4;RewardW3=0;RewardW4=0.2;AdaptiveEpsilon=false;AdaptiveAlpha=false;AdaptiveReward=false;Policy=QLearning;UseMacFeedback=true;DelayRef=0.01;HopByHop=true;UseRerrBump=true;QueueHighThreshold=0.7;QueueLowThreshold=0.3;QueueRewardWeight=0;AdaptiveQueueWeight=true;QueueWeightMax=0.4;QueueWeightKappa=0.2;FailurePenalty=0;QueueAwareSelect=false;QueueDrivenExploration=true;QueueSelectBeta=0.5;AckSilenceDecay=false;AckSilenceThreshold=+1.5e+10ns;DecayFactor=0.92;DecayMinTx=3;DecayInterval=+1e+10ns;TrendEpsilon=false;TrendInterval=+1e+09ns;TrendDelta=0.05;TrendWindow=3;TrendBump=0.1;TrendCap=0.5;QueueRefPackets=20;
QSQMAODV,M_N30_r300|QSQ_QDEonly,12,30,29,0.1,512,15.0,0.85,1000.0,1000.0,300.0,16.0,300.0,1,0,0,3,200.0,56493,29549,0.523056,22.00891,95.453049,83.385651,18.519401,25384,1205712,7.556262,0.859048,0.026167,0.132164,1.0,0.017777,0.101621,143781,1114,0,0,0,0,0.0,0,3.574359,13.316239,28.075214,34300.903184,0.806295,158,3816,0,1147,26301,MaxPaths=3;Alpha0=0.5;Gamma=0.9;Epsilon0=0.5;RewardW1=0.6;RewardW2=0.4;RewardW3=0;RewardW4=0.2;AdaptiveEpsilon=false;AdaptiveAlpha=false;AdaptiveReward=false;Policy=QLearning;UseMacFeedback=true;DelayRef=0.01;HopByHop=true;UseRerrBump=true;QueueHighThreshold=0.7;QueueLowThreshold=0.3;QueueRewardWeight=0;AdaptiveQueueWeight=true;QueueWeightMax=0.4;QueueWeightKappa=0.2;FailurePenalty=0;QueueAwareSelect=false;QueueDrivenExploration=true;QueueSelectBeta=0.5;AckSilenceDecay=false;AckSilenceThreshold=+1.5e+10ns;DecayFactor=0.92;DecayMinTx=3;DecayInterval=+1e+10ns;TrendEpsilon=false;TrendInterval=+1e+09ns;TrendDelta=0.05;TrendWindow=3;TrendBump=0.1;TrendCap=0.5;QueueRefPackets=20;
QSQMAODV,M_N30_r300|QSQ_QDEonly,13,30,29,0.1,512,15.0,0.85,1000.0,1000.0,300.0,16.0,300.0,1,0,0,3,200.0,56493,25657,0.454162,19.110041,57.077548,58.281318,28.317633,33347,1557916,11.24461,1.299723,0.056768,0.183017,1.0,0.038126,0.141518,173570,2008,0,0,0,0,0.0,0,3.560684,13.328205,28.264957,30237.191505,0.778433,140,5854,0,2061,29438,MaxPaths=3;Alpha0=0.5;Gamma=0.9;Epsilon0=0.5;RewardW1=0.6;RewardW2=0.4;RewardW3=0;RewardW4=0.2;AdaptiveEpsilon=false;AdaptiveAlpha=false;AdaptiveReward=false;Policy=QLearning;UseMacFeedback=true;DelayRef=0.01;HopByHop=true;UseRerrBump=true;QueueHighThreshold=0.7;QueueLowThreshold=0.3;QueueRewardWeight=0;AdaptiveQueueWeight=true;QueueWeightMax=0.4;QueueWeightKappa=0.2;FailurePenalty=0;QueueAwareSelect=false;QueueDrivenExploration=true;QueueSelectBeta=0.5;AckSilenceDecay=false;AckSilenceThreshold=+1.5e+10ns;DecayFactor=0.92;DecayMinTx=3;DecayInterval=+1e+10ns;TrendEpsilon=false;TrendInterval=+1e+09ns;TrendDelta=0.05;TrendWindow=3;TrendBump=0.1;TrendCap=0.5;QueueRefPackets=20;
QSQMAODV,M_N30_r300|QSQ_QDEonly,14,30,29,0.1,512,15.0,0.85,1000.0,1000.0,300.0,16.0,300.0,1,0,0,3,200.0,56493,28439,0.503408,21.182152,66.146322,71.083224,30.064035,49748,2338634,15.228397,1.749288,0.06457,0.220658,1.0,0.038638,0.166637,196708,2564,0,0,0,0,0.0,0,3.615385,13.796581,28.305983,35684.210039,1.056768,153,6504,0,2808,27059,MaxPaths=3;Alpha0=0.5;Gamma=0.9;Epsilon0=0.5;RewardW1=0.6;RewardW2=0.4;RewardW3=0;RewardW4=0.2;AdaptiveEpsilon=false;AdaptiveAlpha=false;AdaptiveReward=false;Policy=QLearning;UseMacFeedback=true;DelayRef=0.01;HopByHop=true;UseRerrBump=true;QueueHighThreshold=0.7;QueueLowThreshold=0.3;QueueRewardWeight=0;AdaptiveQueueWeight=true;QueueWeightMax=0.4;QueueWeightKappa=0.2;FailurePenalty=0;QueueAwareSelect=false;QueueDrivenExploration=true;QueueSelectBeta=0.5;AckSilenceDecay=false;AckSilenceThreshold=+1.5e+10ns;DecayFactor=0.92;DecayMinTx=3;DecayInterval=+1e+10ns;TrendEpsilon=false;TrendInterval=+1e+09ns;TrendDelta=0.05;TrendWindow=3;TrendBump=0.1;TrendCap=0.5;QueueRefPackets=20;
QSQMAODV,M_N30_r300|QSQ_QDEonly,15,30,29,0.1,512,15.0,0.85,1000.0,1000.0,300.0,16.0,300.0,1,0,0,3,200.0,56493,28795,0.509709,21.44731,120.127671,127.418525,39.945791,47998,2249060,14.464059,1.666887,0.104395,0.260309,1.0,0.080663,0.212942,213689,2773,0,0,0,0,0.0,0,3.687179,13.430769,28.22735,38294.458962,1.131184,195,7731,0,3009,26415,MaxPaths=3;Alpha0=0.5;Gamma=0.9;Epsilon0=0.5;RewardW1=0.6;RewardW2=0.4;RewardW3=0;RewardW4=0.2;AdaptiveEpsilon=false;AdaptiveAlpha=false;AdaptiveReward=false;Policy=QLearning;UseMacFeedback=true;DelayRef=0.01;HopByHop=true;UseRerrBump=true;QueueHighThreshold=0.7;QueueLowThreshold=0.3;QueueRewardWeight=0;AdaptiveQueueWeight=true;QueueWeightMax=0.4;QueueWeightKappa=0.2;FailurePenalty=0;QueueAwareSelect=false;QueueDrivenExploration=true;QueueSelectBeta=0.5;AckSilenceDecay=false;AckSilenceThreshold=+1.5e+10ns;DecayFactor=0.92;DecayMinTx=3;DecayInterval=+1e+10ns;TrendEpsilon=false;TrendInterval=+1e+09ns;TrendDelta=0.05;TrendWindow=3;TrendBump=0.1;TrendCap=0.5;QueueRefPackets=20;
QSQMAODV,M_N30_r300|QSQ_QDEonly,16,30,29,0.1,512,15.0,0.85,1000.0,1000.0,300.0,16.0,300.0,1,0,0,3,200.0,56493,22746,0.402634,16.941848,46.357869,64.533695,16.044362,17645,834346,6.792778,0.775741,0.014141,0.072378,1.0,0.009613,0.052193,111953,791,0,0,0,0,0.0,0,3.664957,13.752137,28.441026,36269.185127,0.474484,52,3207,0,833,33059,MaxPaths=3;Alpha0=0.5;Gamma=0.9;Epsilon0=0.5;RewardW1=0.6;RewardW2=0.4;RewardW3=0;RewardW4=0.2;AdaptiveEpsilon=false;AdaptiveAlpha=false;AdaptiveReward=false;Policy=QLearning;UseMacFeedback=true;DelayRef=0.01;HopByHop=true;UseRerrBump=true;QueueHighThreshold=0.7;QueueLowThreshold=0.3;QueueRewardWeight=0;AdaptiveQueueWeight=true;QueueWeightMax=0.4;QueueWeightKappa=0.2;FailurePenalty=0;QueueAwareSelect=false;QueueDrivenExploration=true;QueueSelectBeta=0.5;AckSilenceDecay=false;AckSilenceThreshold=+1.5e+10ns;DecayFactor=0.92;DecayMinTx=3;DecayInterval=+1e+10ns;TrendEpsilon=false;TrendInterval=+1e+09ns;TrendDelta=0.05;TrendWindow=3;TrendBump=0.1;TrendCap=0.5;QueueRefPackets=20;
QSQMAODV,M_N30_r300|QSQ_QDEonly,17,30,29,0.1,512,15.0,0.85,1000.0,1000.0,300.0,16.0,300.0,1,0,0,3,200.0,56493,28845,0.510594,21.484552,143.391781,161.59534,50.55255,61863,2886766,18.533066,2.14467,0.111864,0.297282,1.0,0.081807,0.237495,239767,3311,0,0,0,0,0.0,0,3.757265,13.988034,28.461538,33898.278726,1.210734,348,11928,0,3449,27036,MaxPaths=3;Alpha0=0.5;Gamma=0.9;Epsilon0=0.5;RewardW1=0.6;RewardW2=0.4;RewardW3=0;RewardW4=0.2;AdaptiveEpsilon=false;AdaptiveAlpha=false;AdaptiveReward=false;Policy=QLearning;UseMacFeedback=true;DelayRef=0.01;HopByHop=true;UseRerrBump=true;QueueHighThreshold=0.7;QueueLowThreshold=0.3;QueueRewardWeight=0;AdaptiveQueueWeight=true;QueueWeightMax=0.4;QueueWeightKappa=0.2;FailurePenalty=0;QueueAwareSelect=false;QueueDrivenExploration=true;QueueSelectBeta=0.5;AckSilenceDecay=false;AckSilenceThreshold=+1.5e+10ns;DecayFactor=0.92;DecayMinTx=3;DecayInterval=+1e+10ns;TrendEpsilon=false;TrendInterval=+1e+09ns;TrendDelta=0.05;TrendWindow=3;TrendBump=0.1;TrendCap=0.5;QueueRefPackets=20;
QSQMAODV,M_N30_r300|QSQ_QDEonly,18,30,29,0.1,512,15.0,0.85,1000.0,1000.0,300.0,16.0,300.0,1,0,0,3,200.0,56493,30249,0.535447,22.53029,92.279414,97.399097,24.678485,29901,1406228,8.608965,0.988495,0.037054,0.160013,1.0,0.021735,0.121886,168292,1430,0,0,0,0,0.0,0,3.524786,13.791453,28.246154,33349.765461,0.974032,168,5300,0,1467,25526,MaxPaths=3;Alpha0=0.5;Gamma=0.9;Epsilon0=0.5;RewardW1=0.6;RewardW2=0.4;RewardW3=0;RewardW4=0.2;AdaptiveEpsilon=false;AdaptiveAlpha=false;AdaptiveReward=false;Policy=QLearning;UseMacFeedback=true;DelayRef=0.01;HopByHop=true;UseRerrBump=true;QueueHighThreshold=0.7;QueueLowThreshold=0.3;QueueRewardWeight=0;AdaptiveQueueWeight=true;QueueWeightMax=0.4;QueueWeightKappa=0.2;FailurePenalty=0;QueueAwareSelect=false;QueueDrivenExploration=true;QueueSelectBeta=0.5;AckSilenceDecay=false;AckSilenceThreshold=+1.5e+10ns;DecayFactor=0.92;DecayMinTx=3;DecayInterval=+1e+10ns;TrendEpsilon=false;TrendInterval=+1e+09ns;TrendDelta=0.05;TrendWindow=3;TrendBump=0.1;TrendCap=0.5;QueueRefPackets=20;
QSQMAODV,M_N30_r300|QSQ_QDEonly,19,30,29,0.1,512,15.0,0.85,1000.0,1000.0,300.0,16.0,300.0,1,0,0,3,200.0,56493,25338,0.448516,19.546457,67.272596,79.419546,16.162802,23535,1111320,8.122188,0.928842,0.018722,0.10956,1.0,0.011945,0.081208,149924,1005,0,0,0,0,0.0,0,3.623932,13.547009,28.205128,35735.702045,0.708495,159,3827,0,1017,29773,MaxPaths=3;Alpha0=0.5;Gamma=0.9;Epsilon0=0.5;RewardW1=0.6;RewardW2=0.4;RewardW3=0;RewardW4=0.2;AdaptiveEpsilon=false;AdaptiveAlpha=false;AdaptiveReward=false;Policy=QLearning;UseMacFeedback=true;DelayRef=0.01;HopByHop=true;UseRerrBump=true;QueueHighThreshold=0.7;QueueLowThreshold=0.3;QueueRewardWeight=0;AdaptiveQueueWeight=true;QueueWeightMax=0.4;QueueWeightKappa=0.2;FailurePenalty=0;QueueAwareSelect=false;QueueDrivenExploration=true;QueueSelectBeta=0.5;AckSilenceDecay=false;AckSilenceThreshold=+1.5e+10ns;DecayFactor=0.92;DecayMinTx=3;DecayInterval=+1e+10ns;TrendEpsilon=false;TrendInterval=+1e+09ns;TrendDelta=0.05;TrendWindow=3;TrendBump=0.1;TrendCap=0.5;QueueRefPackets=20;
QSQMAODV,M_N30_r300|QSQ_QDEonly,2,30,29,0.1,512,15.0,0.85,1000.0,1000.0,300.0,16.0,300.0,1,0,0,3,200.0,56493,26114,0.462252,19.450428,193.089365,191.448133,53.691027,67648,3183466,22.575275,2.590488,0.094389,0.27296,1.0,0.057638,0.213634,224489,3575,0,0,0,0,0.0,0,3.186325,13.323077,28.280342,34911.284936,1.053033,357,12348,0,3963,28787,MaxPaths=3;Alpha0=0.5;Gamma=0.9;Epsilon0=0.5;RewardW1=0.6;RewardW2=0.4;RewardW3=0;RewardW4=0.2;AdaptiveEpsilon=false;AdaptiveAlpha=false;AdaptiveReward=false;Policy=QLearning;UseMacFeedback=true;DelayRef=0.01;HopByHop=true;UseRerrBump=true;QueueHighThreshold=0.7;QueueLowThreshold=0.3;QueueRewardWeight=0;AdaptiveQueueWeight=true;QueueWeightMax=0.4;QueueWeightKappa=0.2;FailurePenalty=0;QueueAwareSelect=false;QueueDrivenExploration=true;QueueSelectBeta=0.5;AckSilenceDecay=false;AckSilenceThreshold=+1.5e+10ns;DecayFactor=0.92;DecayMinTx=3;DecayInterval=+1e+10ns;TrendEpsilon=false;TrendInterval=+1e+09ns;TrendDelta=0.05;TrendWindow=3;TrendBump=0.1;TrendCap=0.5;QueueRefPackets=20;
QSQMAODV,M_N30_r300|QSQ_QDEonly,20,30,29,0.1,512,15.0,0.85,1000.0,1000.0,300.0,16.0,300.0,1,0,0,3,200.0,56493,24520,0.434036,18.263172,89.741514,91.838001,37.480804,56152,2644332,19.971089,2.290049,0.070434,0.238633,1.0,0.040188,0.180468,224792,3008,0,0,0,0,0.0,0,3.71453,13.8,28.367521,32700.651082,1.071743,196,9631,0,3161,30877,MaxPaths=3;Alpha0=0.5;Gamma=0.9;Epsilon0=0.5;RewardW1=0.6;RewardW2=0.4;RewardW3=0;RewardW4=0.2;AdaptiveEpsilon=false;AdaptiveAlpha=false;AdaptiveReward=false;Policy=QLearning;UseMacFeedback=true;DelayRef=0.01;HopByHop=true;UseRerrBump=true;QueueHighThreshold=0.7;QueueLowThreshold=0.3;QueueRewardWeight=0;AdaptiveQueueWeight=true;QueueWeightMax=0.4;QueueWeightKappa=0.2;FailurePenalty=0;QueueAwareSelect=false;QueueDrivenExploration=true;QueueSelectBeta=0.5;AckSilenceDecay=false;AckSilenceThreshold=+1.5e+10ns;DecayFactor=0.92;DecayMinTx=3;DecayInterval=+1e+10ns;TrendEpsilon=false;TrendInterval=+1e+09ns;TrendDelta=0.05;TrendWindow=3;TrendBump=0.1;TrendCap=0.5;QueueRefPackets=20;
QSQMAODV,M_N30_r300|QSQ_QDEonly,3,30,29,0.1,512,15.0,0.85,1000.0,1000.0,300.0,16.0,300.0,1,0,0,3,200.0,56493,23001,0.407148,17.131779,89.801851,112.775502,33.681342,32554,1535484,12.362458,1.41533,0.044247,0.167302,1.0,0.031037,0.136257,177640,1406,0,0,0,0,0.0,0,3.382906,13.015385,27.988034,36483.388441,0.835236,203,5677,0,1501,32682,MaxPaths=3;Alpha0=0.5;Gamma=0.9;Epsilon0=0.5;RewardW1=0.6;RewardW2=0.4;RewardW3=0;RewardW4=0.2;AdaptiveEpsilon=false;AdaptiveAlpha=false;AdaptiveReward=false;Policy=QLearning;UseMacFeedback=true;DelayRef=0.01;HopByHop=true;UseRerrBump=true;QueueHighThreshold=0.7;QueueLowThreshold=0.3;QueueRewardWeight=0;AdaptiveQueueWeight=true;QueueWeightMax=0.4;QueueWeightKappa=0.2;FailurePenalty=0;QueueAwareSelect=false;QueueDrivenExploration=true;QueueSelectBeta=0.5;AckSilenceDecay=false;AckSilenceThreshold=+1.5e+10ns;DecayFactor=0.92;DecayMinTx=3;DecayInterval=+1e+10ns;TrendEpsilon=false;TrendInterval=+1e+09ns;TrendDelta=0.05;TrendWindow=3;TrendBump=0.1;TrendCap=0.5;QueueRefPackets=20;
QSQMAODV,M_N30_r300|QSQ_QDEonly,4,30,29,0.1,512,15.0,0.85,1000.0,1000.0,300.0,16.0,300.0,1,0,0,3,200.0,56493,24831,0.439541,18.494814,135.560835,146.601569,39.574738,60394,2825106,21.069138,2.432202,0.08023,0.247141,1.0,0.042475,0.187659,187345,2939,0,0,0,0,0.0,0,3.620513,13.870085,28.37265,34911.734277,0.945144,117,11075,0,3176,30854,MaxPaths=3;Alpha0=0.5;Gamma=0.9;Epsilon0=0.5;RewardW1=0.6;RewardW2=0.4;RewardW3=0;RewardW4=0.2;AdaptiveEpsilon=false;AdaptiveAlpha=false;AdaptiveReward=false;Policy=QLearning;UseMacFeedback=true;DelayRef=0.01;HopByHop=true;UseRerrBump=true;QueueHighThreshold=0.7;QueueLowThreshold=0.3;QueueRewardWeight=0;AdaptiveQueueWeight=true;QueueWeightMax=0.4;QueueWeightKappa=0.2;FailurePenalty=0;QueueAwareSelect=false;QueueDrivenExploration=true;QueueSelectBeta=0.5;AckSilenceDecay=false;AckSilenceThreshold=+1.5e+10ns;DecayFactor=0.92;DecayMinTx=3;DecayInterval=+1e+10ns;TrendEpsilon=false;TrendInterval=+1e+09ns;TrendDelta=0.05;TrendWindow=3;TrendBump=0.1;TrendCap=0.5;QueueRefPackets=20;
QSQMAODV,M_N30_r300|QSQ_QDEonly,5,30,29,0.1,512,15.0,0.85,1000.0,1000.0,300.0,16.0,300.0,1,0,0,3,200.0,56493,29268,0.518082,21.799614,105.382472,113.806719,38.487867,55468,2617136,16.559205,1.895176,0.071502,0.251437,1.0,0.04167,0.194968,217821,3132,0,0,0,0,0.0,0,3.644444,13.374359,28.268376,37519.931912,1.122228,332,8844,0,3385,26329,MaxPaths=3;Alpha0=0.5;Gamma=0.9;Epsilon0=0.5;RewardW1=0.6;RewardW2=0.4;RewardW3=0;RewardW4=0.2;AdaptiveEpsilon=false;AdaptiveAlpha=false;AdaptiveReward=false;Policy=QLearning;UseMacFeedback=true;DelayRef=0.01;HopByHop=true;UseRerrBump=true;QueueHighThreshold=0.7;QueueLowThreshold=0.3;QueueRewardWeight=0;AdaptiveQueueWeight=true;QueueWeightMax=0.4;QueueWeightKappa=0.2;FailurePenalty=0;QueueAwareSelect=false;QueueDrivenExploration=true;QueueSelectBeta=0.5;AckSilenceDecay=false;AckSilenceThreshold=+1.5e+10ns;DecayFactor=0.92;DecayMinTx=3;DecayInterval=+1e+10ns;TrendEpsilon=false;TrendInterval=+1e+09ns;TrendDelta=0.05;TrendWindow=3;TrendBump=0.1;TrendCap=0.5;QueueRefPackets=20;
QSQMAODV,M_N30_r300|QSQ_QDEonly,6,30,29,0.1,512,15.0,0.85,1000.0,1000.0,300.0,16.0,300.0,1,0,0,3,200.0,56493,27342,0.483989,20.365076,58.846548,58.619005,21.800894,29122,1363408,9.234254,1.065101,0.071601,0.183394,1.0,0.057727,0.15122,164840,1346,0,0,0,0,0.0,0,3.844444,13.837607,28.364103,32817.801668,0.748199,115,4519,0,1381,27983,MaxPaths=3;Alpha0=0.5;Gamma=0.9;Epsilon0=0.5;RewardW1=0.6;RewardW2=0.4;RewardW3=0;RewardW4=0.2;AdaptiveEpsilon=false;AdaptiveAlpha=false;AdaptiveReward=false;Policy=QLearning;UseMacFeedback=true;DelayRef=0.01;HopByHop=true;UseRerrBump=true;QueueHighThreshold=0.7;QueueLowThreshold=0.3;QueueRewardWeight=0;AdaptiveQueueWeight=true;QueueWeightMax=0.4;QueueWeightKappa=0.2;FailurePenalty=0;QueueAwareSelect=false;QueueDrivenExploration=true;QueueSelectBeta=0.5;AckSilenceDecay=false;AckSilenceThreshold=+1.5e+10ns;DecayFactor=0.92;DecayMinTx=3;DecayInterval=+1e+10ns;TrendEpsilon=false;TrendInterval=+1e+09ns;TrendDelta=0.05;TrendWindow=3;TrendBump=0.1;TrendCap=0.5;QueueRefPackets=20;
QSQMAODV,M_N30_r300|QSQ_QDEonly,7,30,29,0.1,512,15.0,0.85,1000.0,1000.0,300.0,16.0,300.0,1,0,0,3,200.0,56493,22067,0.390615,16.43611,157.904317,166.938135,60.649326,82781,3898738,32.718019,3.751348,0.124407,0.324601,1.0,0.077795,0.253054,227866,4257,0,0,0,0,0.0,0,3.605128,13.716239,28.317949,35911.020594,0.916149,105,13295,0,4791,33233,MaxPaths=3;Alpha0=0.5;Gamma=0.9;Epsilon0=0.5;RewardW1=0.6;RewardW2=0.4;RewardW3=0;RewardW4=0.2;AdaptiveEpsilon=false;AdaptiveAlpha=false;AdaptiveReward=false;Policy=QLearning;UseMacFeedback=true;DelayRef=0.01;HopByHop=true;UseRerrBump=true;QueueHighThreshold=0.7;QueueLowThreshold=0.3;QueueRewardWeight=0;AdaptiveQueueWeight=true;QueueWeightMax=0.4;QueueWeightKappa=0.2;FailurePenalty=0;QueueAwareSelect=false;QueueDrivenExploration=true;QueueSelectBeta=0.5;AckSilenceDecay=false;AckSilenceThreshold=+1.5e+10ns;DecayFactor=0.92;DecayMinTx=3;DecayInterval=+1e+10ns;TrendEpsilon=false;TrendInterval=+1e+09ns;TrendDelta=0.05;TrendWindow=3;TrendBump=0.1;TrendCap=0.5;QueueRefPackets=20;
QSQMAODV,M_N30_r300|QSQ_QDEonly,8,30,29,0.1,512,15.0,0.85,1000.0,1000.0,300.0,16.0,300.0,1,0,0,3,200.0,56493,23260,0.411732,17.32469,148.278603,150.530858,42.015531,64824,3070242,24.443823,2.78693,0.085273,0.25511,1.0,0.050466,0.198212,207326,3233,0,0,0,0,0.0,0,3.403419,13.441026,28.167521,36714.95414,0.846813,171,11811,0,3665,32465,MaxPaths=3;Alpha0=0.5;Gamma=0.9;Epsilon0=0.5;RewardW1=0.6;RewardW2=0.4;RewardW3=0;RewardW4=0.2;AdaptiveEpsilon=false;AdaptiveAlpha=false;AdaptiveReward=false;Policy=QLearning;UseMacFeedback=true;DelayRef=0.01;HopByHop=true;UseRerrBump=true;QueueHighThreshold=0.7;QueueLowThreshold=0.3;QueueRewardWeight=0;AdaptiveQueueWeight=true;QueueWeightMax=0.4;QueueWeightKappa=0.2;FailurePenalty=0;QueueAwareSelect=false;QueueDrivenExploration=true;QueueSelectBeta=0.5;AckSilenceDecay=false;AckSilenceThreshold=+1.5e+10ns;DecayFactor=0.92;DecayMinTx=3;DecayInterval=+1e+10ns;TrendEpsilon=false;TrendInterval=+1e+09ns;TrendDelta=0.05;TrendWindow=3;TrendBump=0.1;TrendCap=0.5;QueueRefPackets=20;
QSQMAODV,M_N30_r300|QSQ_QDEonly,9,30,29,0.1,512,15.0,0.85,1000.0,1000.0,300.0,16.0,300.0,1,0,0,3,200.0,56493,22169,0.39242,16.512083,156.869761,163.102231,31.286355,37529,1772966,14.810187,1.692859,0.061893,0.17332,1.0,0.051736,0.138277,189235,1750,0,0,0,0,0.0,0,3.191453,13.109402,28.179487,31625.692068,0.784947,247,5141,0,1813,32519,MaxPaths=3;Alpha0=0.5;Gamma=0.9;Epsilon0=0.5;RewardW1=0.6;RewardW2=0.4;RewardW3=0;RewardW4=0.2;AdaptiveEpsilon=false;AdaptiveAlpha=false;AdaptiveReward=false;Policy=QLearning;UseMacFeedback=true;DelayRef=0.01;HopByHop=true;UseRerrBump=true;QueueHighThreshold=0.7;QueueLowThreshold=0.3;QueueRewardWeight=0;AdaptiveQueueWeight=true;QueueWeightMax=0.4;QueueWeightKappa=0.2;FailurePenalty=0;QueueAwareSelect=false;QueueDrivenExploration=true;QueueSelectBeta=0.5;AckSilenceDecay=false;AckSilenceThreshold=+1.5e+10ns;DecayFactor=0.92;DecayMinTx=3;DecayInterval=+1e+10ns;TrendEpsilon=false;TrendInterval=+1e+09ns;TrendDelta=0.05;TrendWindow=3;TrendBump=0.1;TrendCap=0.5;QueueRefPackets=20;
